Subject,Run,Trial,Label,Label_Name,Candidate_Windows,Kept_Windows,Removed_Windows,Removed_nan_or_inf,Removed_flat_channel,Removed_amplitude_over_100uV,Split
S001,04,0,-1,Rest,7,7,0,0,0,0,train
S001,04,1,1,Right,7,7,0,0,0,0,train
S001,04,2,-1,Rest,7,7,0,0,0,0,train
S001,04,3,0,Left,7,7,0,0,0,0,train
S001,04,4,-1,Rest,7,7,0,0,0,0,train
S001,04,5,0,Left,7,7,0,0,0,0,train
S001,04,6,-1,Rest,7,7,0,0,0,0,train
S001,04,7,1,Right,7,7,0,0,0,0,train
S001,04,8,-1,Rest,7,7,0,0,0,0,train
S001,04,9,1,Right,7,7,0,0,0,0,train
S001,04,10,-1,Rest,7,7,0,0,0,0,train
S001,04,11,0,Left,7,7,0,0,0,0,train
S001,04,12,-1,Rest,7,0,7,0,0,7,train
S001,04,13,1,Right,7,7,0,0,0,0,train
S001,04,14,-1,Rest,7,7,0,0,0,0,train
S001,04,15,0,Left,7,7,0,0,0,0,train
S001,04,16,-1,Rest,7,7,0,0,0,0,train
S001,04,17,1,Right,7,7,0,0,0,0,train
S001,04,18,-1,Rest,7,7,0,0,0,0,train
S001,04,19,0,Left,7,2,5,0,0,5,train
S001,04,20,-1,Rest,7,7,0,0,0,0,train
S001,04,21,0,Left,7,7,0,0,0,0,train
S001,04,22,-1,Rest,7,7,0,0,0,0,train
S001,04,23,1,Right,7,7,0,0,0,0,train
S001,04,24,-1,Rest,7,7,0,0,0,0,train
S001,04,25,0,Left,7,7,0,0,0,0,train
S001,04,26,-1,Rest,7,7,0,0,0,0,train
S001,04,27,1,Right,7,7,0,0,0,0,train
S001,04,28,-1,Rest,7,7,0,0,0,0,train
S001,04,29,0,Left,7,7,0,0,0,0,train
S001,08,0,-1,Rest,7,7,0,0,0,0,train
S001,08,1,0,Left,7,7,0,0,0,0,train
S001,08,2,-1,Rest,7,7,0,0,0,0,train
S001,08,3,1,Right,7,7,0,0,0,0,train
S001,08,4,-1,Rest,7,7,0,0,0,0,train
S001,08,5,0,Left,7,7,0,0,0,0,train
S001,08,6,-1,Rest,7,7,0,0,0,0,train
S001,08,7,1,Right,7,7,0,0,0,0,train
S001,08,8,-1,Rest,7,7,0,0,0,0,train
S001,08,9,0,Left,7,7,0,0,0,0,train
S001,08,10,-1,Rest,7,7,0,0,0,0,train
S001,08,11,1,Right,7,7,0,0,0,0,train
S001,08,12,-1,Rest,7,2,5,0,0,5,train
S001,08,13,0,Left,7,7,0,0,0,0,train
S001,08,14,-1,Rest,7,0,7,0,0,7,train
S001,08,15,1,Right,7,0,7,0,0,7,train
S001,08,16,-1,Rest,7,7,0,0,0,0,train
S001,08,17,1,Right,7,7,0,0,0,0,train
S001,08,18,-1,Rest,7,7,0,0,0,0,train
S001,08,19,0,Left,7,7,0,0,0,0,train
S001,08,20,-1,Rest,7,7,0,0,0,0,train
S001,08,21,0,Left,7,7,0,0,0,0,train
S001,08,22,-1,Rest,7,7,0,0,0,0,train
S001,08,23,1,Right,7,7,0,0,0,0,train
S001,08,24,-1,Rest,7,7,0,0,0,0,train
S001,08,25,1,Right,7,7,0,0,0,0,train
S001,08,26,-1,Rest,7,7,0,0,0,0,train
S001,08,27,0,Left,7,7,0,0,0,0,train
S001,08,28,-1,Rest,7,7,0,0,0,0,train
S001,08,29,0,Left,7,7,0,0,0,0,train
S001,12,0,-1,Rest,7,7,0,0,0,0,train
S001,12,1,1,Right,7,7,0,0,0,0,train
S001,12,2,-1,Rest,7,7,0,0,0,0,train
S001,12,3,0,Left,7,7,0,0,0,0,train
S001,12,4,-1,Rest,7,7,0,0,0,0,train
S001,12,5,1,Right,7,7,0,0,0,0,train
S001,12,6,-1,Rest,7,7,0,0,0,0,train
S001,12,7,0,Left,7,7,0,0,0,0,train
S001,12,8,-1,Rest,7,7,0,0,0,0,train
S001,12,9,0,Left,7,0,7,0,0,7,train
S001,12,10,-1,Rest,7,0,7,0,0,7,train
S001,12,11,1,Right,7,2,5,0,0,5,train
S001,12,12,-1,Rest,7,7,0,0,0,0,train
S001,12,13,1,Right,7,7,0,0,0,0,train
S001,12,14,-1,Rest,7,7,0,0,0,0,train
S001,12,15,0,Left,7,7,0,0,0,0,train
S001,12,16,-1,Rest,7,7,0,0,0,0,train
S001,12,17,0,Left,7,1,6,0,0,6,train
S001,12,18,-1,Rest,7,1,6,0,0,6,train
S001,12,19,1,Right,7,7,0,0,0,0,train
S001,12,20,-1,Rest,7,7,0,0,0,0,train
S001,12,21,1,Right,7,7,0,0,0,0,train
S001,12,22,-1,Rest,7,7,0,0,0,0,train
S001,12,23,0,Left,7,3,4,0,0,4,train
S001,12,24,-1,Rest,7,7,0,0,0,0,train
S001,12,25,1,Right,7,6,1,0,0,1,train
S001,12,26,-1,Rest,7,7,0,0,0,0,train
S001,12,27,0,Left,7,7,0,0,0,0,train
S001,12,28,-1,Rest,7,7,0,0,0,0,train
S001,12,29,1,Right,7,7,0,0,0,0,train
S002,04,0,-1,Rest,7,7,0,0,0,0,train
S002,04,1,0,Left,7,7,0,0,0,0,train
S002,04,2,-1,Rest,7,7,0,0,0,0,train
S002,04,3,1,Right,7,7,0,0,0,0,train
S002,04,4,-1,Rest,7,7,0,0,0,0,train
S002,04,5,0,Left,7,7,0,0,0,0,train
S002,04,6,-1,Rest,7,7,0,0,0,0,train
S002,04,7,1,Right,7,7,0,0,0,0,train
S002,04,8,-1,Rest,7,7,0,0,0,0,train
S002,04,9,0,Left,7,7,0,0,0,0,train
S002,04,10,-1,Rest,7,7,0,0,0,0,train
S002,04,11,1,Right,7,7,0,0,0,0,train
S002,04,12,-1,Rest,7,7,0,0,0,0,train
S002,04,13,1,Right,7,7,0,0,0,0,train
S002,04,14,-1,Rest,7,7,0,0,0,0,train
S002,04,15,0,Left,7,7,0,0,0,0,train
S002,04,16,-1,Rest,7,7,0,0,0,0,train
S002,04,17,1,Right,7,7,0,0,0,0,train
S002,04,18,-1,Rest,7,7,0,0,0,0,train
S002,04,19,0,Left,7,7,0,0,0,0,train
S002,04,20,-1,Rest,7,7,0,0,0,0,train
S002,04,21,1,Right,7,7,0,0,0,0,train
S002,04,22,-1,Rest,7,7,0,0,0,0,train
S002,04,23,0,Left,7,7,0,0,0,0,train
S002,04,24,-1,Rest,7,7,0,0,0,0,train
S002,04,25,1,Right,7,7,0,0,0,0,train
S002,04,26,-1,Rest,7,7,0,0,0,0,train
S002,04,27,0,Left,7,7,0,0,0,0,train
S002,04,28,-1,Rest,7,7,0,0,0,0,train
S002,04,29,1,Right,7,7,0,0,0,0,train
S002,08,0,-1,Rest,7,7,0,0,0,0,train
S002,08,1,0,Left,7,7,0,0,0,0,train
S002,08,2,-1,Rest,7,7,0,0,0,0,train
S002,08,3,1,Right,7,7,0,0,0,0,train
S002,08,4,-1,Rest,7,7,0,0,0,0,train
S002,08,5,1,Right,7,7,0,0,0,0,train
S002,08,6,-1,Rest,7,7,0,0,0,0,train
S002,08,7,0,Left,7,7,0,0,0,0,train
S002,08,8,-1,Rest,7,7,0,0,0,0,train
S002,08,9,1,Right,7,7,0,0,0,0,train
S002,08,10,-1,Rest,7,7,0,0,0,0,train
S002,08,11,0,Left,7,7,0,0,0,0,train
S002,08,12,-1,Rest,7,7,0,0,0,0,train
S002,08,13,1,Right,7,7,0,0,0,0,train
S002,08,14,-1,Rest,7,7,0,0,0,0,train
S002,08,15,0,Left,7,7,0,0,0,0,train
S002,08,16,-1,Rest,7,7,0,0,0,0,train
S002,08,17,1,Right,7,7,0,0,0,0,train
S002,08,18,-1,Rest,7,7,0,0,0,0,train
S002,08,19,0,Left,7,7,0,0,0,0,train
S002,08,20,-1,Rest,7,7,0,0,0,0,train
S002,08,21,1,Right,7,7,0,0,0,0,train
S002,08,22,-1,Rest,7,7,0,0,0,0,train
S002,08,23,0,Left,7,7,0,0,0,0,train
S002,08,24,-1,Rest,7,7,0,0,0,0,train
S002,08,25,0,Left,7,7,0,0,0,0,train
S002,08,26,-1,Rest,7,7,0,0,0,0,train
S002,08,27,1,Right,7,7,0,0,0,0,train
S002,08,28,-1,Rest,7,7,0,0,0,0,train
S002,08,29,0,Left,7,7,0,0,0,0,train
S002,12,0,-1,Rest,7,7,0,0,0,0,train
S002,12,1,0,Left,7,7,0,0,0,0,train
S002,12,2,-1,Rest,7,7,0,0,0,0,train
S002,12,3,1,Right,7,7,0,0,0,0,train
S002,12,4,-1,Rest,7,7,0,0,0,0,train
S002,12,5,1,Right,7,7,0,0,0,0,train
S002,12,6,-1,Rest,7,7,0,0,0,0,train
S002,12,7,0,Left,7,7,0,0,0,0,train
S002,12,8,-1,Rest,7,7,0,0,0,0,train
S002,12,9,1,Right,7,7,0,0,0,0,train
S002,12,10,-1,Rest,7,7,0,0,0,0,train
S002,12,11,0,Left,7,7,0,0,0,0,train
S002,12,12,-1,Rest,7,7,0,0,0,0,train
S002,12,13,0,Left,7,7,0,0,0,0,train
S002,12,14,-1,Rest,7,7,0,0,0,0,train
S002,12,15,1,Right,7,7,0,0,0,0,train
S002,12,16,-1,Rest,7,7,0,0,0,0,train
S002,12,17,1,Right,7,7,0,0,0,0,train
S002,12,18,-1,Rest,7,7,0,0,0,0,train
S002,12,19,0,Left,7,7,0,0,0,0,train
S002,12,20,-1,Rest,7,7,0,0,0,0,train
S002,12,21,1,Right,7,7,0,0,0,0,train
S002,12,22,-1,Rest,7,7,0,0,0,0,train
S002,12,23,0,Left,7,7,0,0,0,0,train
S002,12,24,-1,Rest,7,7,0,0,0,0,train
S002,12,25,0,Left,7,7,0,0,0,0,train
S002,12,26,-1,Rest,7,7,0,0,0,0,train
S002,12,27,1,Right,7,7,0,0,0,0,train
S002,12,28,-1,Rest,7,7,0,0,0,0,train
S002,12,29,0,Left,7,7,0,0,0,0,train
S003,04,0,-1,Rest,7,7,0,0,0,0,train
S003,04,1,1,Right,7,5,2,0,0,2,train
S003,04,2,-1,Rest,7,7,0,0,0,0,train
S003,04,3,0,Left,7,6,1,0,0,1,train
S003,04,4,-1,Rest,7,7,0,0,0,0,train
S003,04,5,1,Right,7,6,1,0,0,1,train
S003,04,6,-1,Rest,7,0,7,0,0,7,train
S003,04,7,0,Left,7,7,0,0,0,0,train
S003,04,8,-1,Rest,7,2,5,0,0,5,train
S003,04,9,1,Right,7,7,0,0,0,0,train
S003,04,10,-1,Rest,7,7,0,0,0,0,train
S003,04,11,0,Left,7,1,6,0,0,6,train
S003,04,12,-1,Rest,7,0,7,0,0,7,train
S003,04,13,0,Left,7,7,0,0,0,0,train
S003,04,14,-1,Rest,7,7,0,0,0,0,train
S003,04,15,1,Right,7,7,0,0,0,0,train
S003,04,16,-1,Rest,7,6,1,0,0,1,train
S003,04,17,0,Left,7,7,0,0,0,0,train
S003,04,18,-1,Rest,7,5,2,0,0,2,train
S003,04,19,1,Right,7,7,0,0,0,0,train
S003,04,20,-1,Rest,7,7,0,0,0,0,train
S003,04,21,0,Left,7,2,5,0,0,5,train
S003,04,22,-1,Rest,7,6,1,0,0,1,train
S003,04,23,1,Right,7,7,0,0,0,0,train
S003,04,24,-1,Rest,7,0,7,0,0,7,train
S003,04,25,1,Right,7,1,6,0,0,6,train
S003,04,26,-1,Rest,7,7,0,0,0,0,train
S003,04,27,0,Left,7,5,2,0,0,2,train
S003,04,28,-1,Rest,7,4,3,0,0,3,train
S003,04,29,0,Left,7,5,2,0,0,2,train
S003,08,0,-1,Rest,7,7,0,0,0,0,train
S003,08,1,0,Left,7,4,3,0,0,3,train
S003,08,2,-1,Rest,7,6,1,0,0,1,train
S003,08,3,1,Right,7,7,0,0,0,0,train
S003,08,4,-1,Rest,7,3,4,0,0,4,train
S003,08,5,0,Left,7,6,1,0,0,1,train
S003,08,6,-1,Rest,7,7,0,0,0,0,train
S003,08,7,1,Right,7,7,0,0,0,0,train
S003,08,8,-1,Rest,7,7,0,0,0,0,train
S003,08,9,1,Right,7,7,0,0,0,0,train
S003,08,10,-1,Rest,7,7,0,0,0,0,train
S003,08,11,0,Left,7,7,0,0,0,0,train
S003,08,12,-1,Rest,7,7,0,0,0,0,train
S003,08,13,0,Left,7,7,0,0,0,0,train
S003,08,14,-1,Rest,7,7,0,0,0,0,train
S003,08,15,1,Right,7,7,0,0,0,0,train
S003,08,16,-1,Rest,7,7,0,0,0,0,train
S003,08,17,1,Right,7,7,0,0,0,0,train
S003,08,18,-1,Rest,7,7,0,0,0,0,train
S003,08,19,0,Left,7,7,0,0,0,0,train
S003,08,20,-1,Rest,7,7,0,0,0,0,train
S003,08,21,0,Left,7,7,0,0,0,0,train
S003,08,22,-1,Rest,7,7,0,0,0,0,train
S003,08,23,1,Right,7,7,0,0,0,0,train
S003,08,24,-1,Rest,7,7,0,0,0,0,train
S003,08,25,1,Right,7,7,0,0,0,0,train
S003,08,26,-1,Rest,7,7,0,0,0,0,train
S003,08,27,0,Left,7,7,0,0,0,0,train
S003,08,28,-1,Rest,7,7,0,0,0,0,train
S003,08,29,1,Right,7,7,0,0,0,0,train
S003,12,0,-1,Rest,7,7,0,0,0,0,train
S003,12,1,1,Right,7,7,0,0,0,0,train
S003,12,2,-1,Rest,7,7,0,0,0,0,train
S003,12,3,0,Left,7,7,0,0,0,0,train
S003,12,4,-1,Rest,7,2,5,0,0,5,train
S003,12,5,1,Right,7,7,0,0,0,0,train
S003,12,6,-1,Rest,7,7,0,0,0,0,train
S003,12,7,0,Left,7,7,0,0,0,0,train
S003,12,8,-1,Rest,7,7,0,0,0,0,train
S003,12,9,0,Left,7,7,0,0,0,0,train
S003,12,10,-1,Rest,7,7,0,0,0,0,train
S003,12,11,1,Right,7,7,0,0,0,0,train
S003,12,12,-1,Rest,7,7,0,0,0,0,train
S003,12,13,0,Left,7,7,0,0,0,0,train
S003,12,14,-1,Rest,7,7,0,0,0,0,train
S003,12,15,1,Right,7,7,0,0,0,0,train
S003,12,16,-1,Rest,7,7,0,0,0,0,train
S003,12,17,1,Right,7,7,0,0,0,0,train
S003,12,18,-1,Rest,7,7,0,0,0,0,train
S003,12,19,0,Left,7,5,2,0,0,2,train
S003,12,20,-1,Rest,7,7,0,0,0,0,train
S003,12,21,0,Left,7,7,0,0,0,0,train
S003,12,22,-1,Rest,7,7,0,0,0,0,train
S003,12,23,1,Right,7,7,0,0,0,0,train
S003,12,24,-1,Rest,7,0,7,0,0,7,train
S003,12,25,0,Left,7,7,0,0,0,0,train
S003,12,26,-1,Rest,7,0,7,0,0,7,train
S003,12,27,1,Right,7,0,7,0,0,7,train
S003,12,28,-1,Rest,7,7,0,0,0,0,train
S003,12,29,0,Left,7,7,0,0,0,0,train
S004,04,0,-1,Rest,7,7,0,0,0,0,train
S004,04,1,0,Left,7,7,0,0,0,0,train
S004,04,2,-1,Rest,7,7,0,0,0,0,train
S004,04,3,1,Right,7,7,0,0,0,0,train
S004,04,4,-1,Rest,7,7,0,0,0,0,train
S004,04,5,0,Left,7,7,0,0,0,0,train
S004,04,6,-1,Rest,7,7,0,0,0,0,train
S004,04,7,1,Right,7,7,0,0,0,0,train
S004,04,8,-1,Rest,7,7,0,0,0,0,train
S004,04,9,0,Left,7,7,0,0,0,0,train
S004,04,10,-1,Rest,7,7,0,0,0,0,train
S004,04,11,1,Right,7,7,0,0,0,0,train
S004,04,12,-1,Rest,7,7,0,0,0,0,train
S004,04,13,1,Right,7,7,0,0,0,0,train
S004,04,14,-1,Rest,7,7,0,0,0,0,train
S004,04,15,0,Left,7,7,0,0,0,0,train
S004,04,16,-1,Rest,7,7,0,0,0,0,train
S004,04,17,1,Right,7,7,0,0,0,0,train
S004,04,18,-1,Rest,7,7,0,0,0,0,train
S004,04,19,0,Left,7,7,0,0,0,0,train
S004,04,20,-1,Rest,7,7,0,0,0,0,train
S004,04,21,0,Left,7,7,0,0,0,0,train
S004,04,22,-1,Rest,7,7,0,0,0,0,train
S004,04,23,1,Right,7,7,0,0,0,0,train
S004,04,24,-1,Rest,7,7,0,0,0,0,train
S004,04,25,1,Right,7,7,0,0,0,0,train
S004,04,26,-1,Rest,7,7,0,0,0,0,train
S004,04,27,0,Left,7,7,0,0,0,0,train
S004,04,28,-1,Rest,7,7,0,0,0,0,train
S004,04,29,0,Left,7,7,0,0,0,0,train
S004,08,0,-1,Rest,7,7,0,0,0,0,train
S004,08,1,0,Left,7,7,0,0,0,0,train
S004,08,2,-1,Rest,7,7,0,0,0,0,train
S004,08,3,1,Right,7,7,0,0,0,0,train
S004,08,4,-1,Rest,7,7,0,0,0,0,train
S004,08,5,1,Right,7,7,0,0,0,0,train
S004,08,6,-1,Rest,7,7,0,0,0,0,train
S004,08,7,0,Left,7,7,0,0,0,0,train
S004,08,8,-1,Rest,7,7,0,0,0,0,train
S004,08,9,1,Right,7,7,0,0,0,0,train
S004,08,10,-1,Rest,7,7,0,0,0,0,train
S004,08,11,0,Left,7,7,0,0,0,0,train
S004,08,12,-1,Rest,7,7,0,0,0,0,train
S004,08,13,0,Left,7,7,0,0,0,0,train
S004,08,14,-1,Rest,7,7,0,0,0,0,train
S004,08,15,1,Right,7,7,0,0,0,0,train
S004,08,16,-1,Rest,7,7,0,0,0,0,train
S004,08,17,0,Left,7,7,0,0,0,0,train
S004,08,18,-1,Rest,7,7,0,0,0,0,train
S004,08,19,1,Right,7,7,0,0,0,0,train
S004,08,20,-1,Rest,7,7,0,0,0,0,train
S004,08,21,1,Right,7,7,0,0,0,0,train
S004,08,22,-1,Rest,7,7,0,0,0,0,train
S004,08,23,0,Left,7,7,0,0,0,0,train
S004,08,24,-1,Rest,7,7,0,0,0,0,train
S004,08,25,1,Right,7,7,0,0,0,0,train
S004,08,26,-1,Rest,7,7,0,0,0,0,train
S004,08,27,0,Left,7,7,0,0,0,0,train
S004,08,28,-1,Rest,7,7,0,0,0,0,train
S004,08,29,1,Right,7,7,0,0,0,0,train
S004,12,0,-1,Rest,7,7,0,0,0,0,train
S004,12,1,0,Left,7,7,0,0,0,0,train
S004,12,2,-1,Rest,7,7,0,0,0,0,train
S004,12,3,1,Right,7,7,0,0,0,0,train
S004,12,4,-1,Rest,7,7,0,0,0,0,train
S004,12,5,1,Right,7,7,0,0,0,0,train
S004,12,6,-1,Rest,7,7,0,0,0,0,train
S004,12,7,0,Left,7,7,0,0,0,0,train
S004,12,8,-1,Rest,7,7,0,0,0,0,train
S004,12,9,1,Right,7,7,0,0,0,0,train
S004,12,10,-1,Rest,7,7,0,0,0,0,train
S004,12,11,0,Left,7,7,0,0,0,0,train
S004,12,12,-1,Rest,7,7,0,0,0,0,train
S004,12,13,0,Left,7,7,0,0,0,0,train
S004,12,14,-1,Rest,7,7,0,0,0,0,train
S004,12,15,1,Right,7,7,0,0,0,0,train
S004,12,16,-1,Rest,7,7,0,0,0,0,train
S004,12,17,1,Right,7,7,0,0,0,0,train
S004,12,18,-1,Rest,7,7,0,0,0,0,train
S004,12,19,0,Left,7,7,0,0,0,0,train
S004,12,20,-1,Rest,7,7,0,0,0,0,train
S004,12,21,0,Left,7,7,0,0,0,0,train
S004,12,22,-1,Rest,7,7,0,0,0,0,train
S004,12,23,1,Right,7,7,0,0,0,0,train
S004,12,24,-1,Rest,7,7,0,0,0,0,train
S004,12,25,1,Right,7,7,0,0,0,0,train
S004,12,26,-1,Rest,7,7,0,0,0,0,train
S004,12,27,0,Left,7,7,0,0,0,0,train
S004,12,28,-1,Rest,7,7,0,0,0,0,train
S004,12,29,0,Left,7,7,0,0,0,0,train
S005,04,0,-1,Rest,7,7,0,0,0,0,train
S005,04,1,1,Right,7,7,0,0,0,0,train
S005,04,2,-1,Rest,7,7,0,0,0,0,train
S005,04,3,0,Left,7,7,0,0,0,0,train
S005,04,4,-1,Rest,7,7,0,0,0,0,train
S005,04,5,0,Left,7,7,0,0,0,0,train
S005,04,6,-1,Rest,7,7,0,0,0,0,train
S005,04,7,1,Right,7,7,0,0,0,0,train
S005,04,8,-1,Rest,7,7,0,0,0,0,train
S005,04,9,1,Right,7,7,0,0,0,0,train
S005,04,10,-1,Rest,7,7,0,0,0,0,train
S005,04,11,0,Left,7,7,0,0,0,0,train
S005,04,12,-1,Rest,7,7,0,0,0,0,train
S005,04,13,0,Left,7,7,0,0,0,0,train
S005,04,14,-1,Rest,7,7,0,0,0,0,train
S005,04,15,1,Right,7,7,0,0,0,0,train
S005,04,16,-1,Rest,7,7,0,0,0,0,train
S005,04,17,0,Left,7,7,0,0,0,0,train
S005,04,18,-1,Rest,7,7,0,0,0,0,train
S005,04,19,1,Right,7,7,0,0,0,0,train
S005,04,20,-1,Rest,7,7,0,0,0,0,train
S005,04,21,1,Right,7,7,0,0,0,0,train
S005,04,22,-1,Rest,7,7,0,0,0,0,train
S005,04,23,0,Left,7,7,0,0,0,0,train
S005,04,24,-1,Rest,7,7,0,0,0,0,train
S005,04,25,0,Left,7,7,0,0,0,0,train
S005,04,26,-1,Rest,7,7,0,0,0,0,train
S005,04,27,1,Right,7,7,0,0,0,0,train
S005,04,28,-1,Rest,7,7,0,0,0,0,train
S005,04,29,1,Right,7,7,0,0,0,0,train
S005,08,0,-1,Rest,7,7,0,0,0,0,train
S005,08,1,1,Right,7,7,0,0,0,0,train
S005,08,2,-1,Rest,7,7,0,0,0,0,train
S005,08,3,0,Left,7,7,0,0,0,0,train
S005,08,4,-1,Rest,7,7,0,0,0,0,train
S005,08,5,1,Right,7,7,0,0,0,0,train
S005,08,6,-1,Rest,7,7,0,0,0,0,train
S005,08,7,0,Left,7,7,0,0,0,0,train
S005,08,8,-1,Rest,7,7,0,0,0,0,train
S005,08,9,0,Left,7,7,0,0,0,0,train
S005,08,10,-1,Rest,7,7,0,0,0,0,train
S005,08,11,1,Right,7,7,0,0,0,0,train
S005,08,12,-1,Rest,7,7,0,0,0,0,train
S005,08,13,1,Right,7,7,0,0,0,0,train
S005,08,14,-1,Rest,7,7,0,0,0,0,train
S005,08,15,0,Left,7,7,0,0,0,0,train
S005,08,16,-1,Rest,7,7,0,0,0,0,train
S005,08,17,0,Left,7,7,0,0,0,0,train
S005,08,18,-1,Rest,7,7,0,0,0,0,train
S005,08,19,1,Right,7,7,0,0,0,0,train
S005,08,20,-1,Rest,7,7,0,0,0,0,train
S005,08,21,0,Left,7,7,0,0,0,0,train
S005,08,22,-1,Rest,7,7,0,0,0,0,train
S005,08,23,1,Right,7,7,0,0,0,0,train
S005,08,24,-1,Rest,7,7,0,0,0,0,train
S005,08,25,1,Right,7,7,0,0,0,0,train
S005,08,26,-1,Rest,7,7,0,0,0,0,train
S005,08,27,0,Left,7,7,0,0,0,0,train
S005,08,28,-1,Rest,7,7,0,0,0,0,train
S005,08,29,1,Right,7,7,0,0,0,0,train
S005,12,0,-1,Rest,7,7,0,0,0,0,train
S005,12,1,0,Left,7,7,0,0,0,0,train
S005,12,2,-1,Rest,7,7,0,0,0,0,train
S005,12,3,1,Right,7,7,0,0,0,0,train
S005,12,4,-1,Rest,7,7,0,0,0,0,train
S005,12,5,0,Left,7,7,0,0,0,0,train
S005,12,6,-1,Rest,7,7,0,0,0,0,train
S005,12,7,1,Right,7,7,0,0,0,0,train
S005,12,8,-1,Rest,7,7,0,0,0,0,train
S005,12,9,0,Left,7,7,0,0,0,0,train
S005,12,10,-1,Rest,7,7,0,0,0,0,train
S005,12,11,1,Right,7,7,0,0,0,0,train
S005,12,12,-1,Rest,7,7,0,0,0,0,train
S005,12,13,0,Left,7,7,0,0,0,0,train
S005,12,14,-1,Rest,7,7,0,0,0,0,train
S005,12,15,1,Right,7,7,0,0,0,0,train
S005,12,16,-1,Rest,7,7,0,0,0,0,train
S005,12,17,1,Right,7,7,0,0,0,0,train
S005,12,18,-1,Rest,7,7,0,0,0,0,train
S005,12,19,0,Left,7,7,0,0,0,0,train
S005,12,20,-1,Rest,7,7,0,0,0,0,train
S005,12,21,1,Right,7,7,0,0,0,0,train
S005,12,22,-1,Rest,7,7,0,0,0,0,train
S005,12,23,0,Left,7,7,0,0,0,0,train
S005,12,24,-1,Rest,7,7,0,0,0,0,train
S005,12,25,1,Right,7,7,0,0,0,0,train
S005,12,26,-1,Rest,7,7,0,0,0,0,train
S005,12,27,0,Left,7,7,0,0,0,0,train
S005,12,28,-1,Rest,7,7,0,0,0,0,train
S005,12,29,1,Right,7,7,0,0,0,0,train
S006,04,0,-1,Rest,7,7,0,0,0,0,train
S006,04,1,0,Left,7,7,0,0,0,0,train
S006,04,2,-1,Rest,7,7,0,0,0,0,train
S006,04,3,1,Right,7,7,0,0,0,0,train
S006,04,4,-1,Rest,7,7,0,0,0,0,train
S006,04,5,1,Right,7,7,0,0,0,0,train
S006,04,6,-1,Rest,7,7,0,0,0,0,train
S006,04,7,0,Left,7,7,0,0,0,0,train
S006,04,8,-1,Rest,7,7,0,0,0,0,train
S006,04,9,0,Left,7,7,0,0,0,0,train
S006,04,10,-1,Rest,7,7,0,0,0,0,train
S006,04,11,1,Right,7,7,0,0,0,0,train
S006,04,12,-1,Rest,7,7,0,0,0,0,train
S006,04,13,1,Right,7,7,0,0,0,0,train
S006,04,14,-1,Rest,7,7,0,0,0,0,train
S006,04,15,0,Left,7,7,0,0,0,0,train
S006,04,16,-1,Rest,7,7,0,0,0,0,train
S006,04,17,0,Left,7,7,0,0,0,0,train
S006,04,18,-1,Rest,7,7,0,0,0,0,train
S006,04,19,1,Right,7,7,0,0,0,0,train
S006,04,20,-1,Rest,7,7,0,0,0,0,train
S006,04,21,0,Left,7,7,0,0,0,0,train
S006,04,22,-1,Rest,7,7,0,0,0,0,train
S006,04,23,1,Right,7,7,0,0,0,0,train
S006,04,24,-1,Rest,7,7,0,0,0,0,train
S006,04,25,1,Right,7,7,0,0,0,0,train
S006,04,26,-1,Rest,7,7,0,0,0,0,train
S006,04,27,0,Left,7,7,0,0,0,0,train
S006,04,28,-1,Rest,7,7,0,0,0,0,train
S006,04,29,0,Left,7,7,0,0,0,0,train
S006,08,0,-1,Rest,7,7,0,0,0,0,train
S006,08,1,0,Left,7,7,0,0,0,0,train
S006,08,2,-1,Rest,7,7,0,0,0,0,train
S006,08,3,1,Right,7,7,0,0,0,0,train
S006,08,4,-1,Rest,7,7,0,0,0,0,train
S006,08,5,0,Left,7,7,0,0,0,0,train
S006,08,6,-1,Rest,7,7,0,0,0,0,train
S006,08,7,1,Right,7,7,0,0,0,0,train
S006,08,8,-1,Rest,7,7,0,0,0,0,train
S006,08,9,0,Left,7,7,0,0,0,0,train
S006,08,10,-1,Rest,7,7,0,0,0,0,train
S006,08,11,1,Right,7,7,0,0,0,0,train
S006,08,12,-1,Rest,7,7,0,0,0,0,train
S006,08,13,0,Left,7,7,0,0,0,0,train
S006,08,14,-1,Rest,7,7,0,0,0,0,train
S006,08,15,1,Right,7,7,0,0,0,0,train
S006,08,16,-1,Rest,7,7,0,0,0,0,train
S006,08,17,0,Left,7,7,0,0,0,0,train
S006,08,18,-1,Rest,7,7,0,0,0,0,train
S006,08,19,1,Right,7,7,0,0,0,0,train
S006,08,20,-1,Rest,7,7,0,0,0,0,train
S006,08,21,1,Right,7,7,0,0,0,0,train
S006,08,22,-1,Rest,7,7,0,0,0,0,train
S006,08,23,0,Left,7,7,0,0,0,0,train
S006,08,24,-1,Rest,7,7,0,0,0,0,train
S006,08,25,1,Right,7,7,0,0,0,0,train
S006,08,26,-1,Rest,7,7,0,0,0,0,train
S006,08,27,0,Left,7,7,0,0,0,0,train
S006,08,28,-1,Rest,7,7,0,0,0,0,train
S006,08,29,0,Left,7,7,0,0,0,0,train
S006,12,0,-1,Rest,7,7,0,0,0,0,train
S006,12,1,0,Left,7,7,0,0,0,0,train
S006,12,2,-1,Rest,7,7,0,0,0,0,train
S006,12,3,1,Right,7,7,0,0,0,0,train
S006,12,4,-1,Rest,7,7,0,0,0,0,train
S006,12,5,0,Left,7,7,0,0,0,0,train
S006,12,6,-1,Rest,7,7,0,0,0,0,train
S006,12,7,1,Right,7,7,0,0,0,0,train
S006,12,8,-1,Rest,7,7,0,0,0,0,train
S006,12,9,1,Right,7,7,0,0,0,0,train
S006,12,10,-1,Rest,7,7,0,0,0,0,train
S006,12,11,0,Left,7,7,0,0,0,0,train
S006,12,12,-1,Rest,7,7,0,0,0,0,train
S006,12,13,1,Right,7,7,0,0,0,0,train
S006,12,14,-1,Rest,7,7,0,0,0,0,train
S006,12,15,0,Left,7,7,0,0,0,0,train
S006,12,16,-1,Rest,7,7,0,0,0,0,train
S006,12,17,1,Right,7,7,0,0,0,0,train
S006,12,18,-1,Rest,7,7,0,0,0,0,train
S006,12,19,0,Left,7,7,0,0,0,0,train
S006,12,20,-1,Rest,7,7,0,0,0,0,train
S006,12,21,1,Right,7,7,0,0,0,0,train
S006,12,22,-1,Rest,7,7,0,0,0,0,train
S006,12,23,0,Left,7,7,0,0,0,0,train
S006,12,24,-1,Rest,7,7,0,0,0,0,train
S006,12,25,0,Left,7,7,0,0,0,0,train
S006,12,26,-1,Rest,7,7,0,0,0,0,train
S006,12,27,1,Right,7,7,0,0,0,0,train
S006,12,28,-1,Rest,7,7,0,0,0,0,train
S006,12,29,0,Left,7,7,0,0,0,0,train
S008,04,0,-1,Rest,7,7,0,0,0,0,train
S008,04,1,0,Left,7,7,0,0,0,0,train
S008,04,2,-1,Rest,7,7,0,0,0,0,train
S008,04,3,1,Right,7,7,0,0,0,0,train
S008,04,4,-1,Rest,7,7,0,0,0,0,train
S008,04,5,0,Left,7,7,0,0,0,0,train
S008,04,6,-1,Rest,7,7,0,0,0,0,train
S008,04,7,1,Right,7,7,0,0,0,0,train
S008,04,8,-1,Rest,7,7,0,0,0,0,train
S008,04,9,1,Right,7,7,0,0,0,0,train
S008,04,10,-1,Rest,7,7,0,0,0,0,train
S008,04,11,0,Left,7,7,0,0,0,0,train
S008,04,12,-1,Rest,7,7,0,0,0,0,train
S008,04,13,0,Left,7,7,0,0,0,0,train
S008,04,14,-1,Rest,7,7,0,0,0,0,train
S008,04,15,1,Right,7,7,0,0,0,0,train
S008,04,16,-1,Rest,7,7,0,0,0,0,train
S008,04,17,1,Right,7,7,0,0,0,0,train
S008,04,18,-1,Rest,7,7,0,0,0,0,train
S008,04,19,0,Left,7,7,0,0,0,0,train
S008,04,20,-1,Rest,7,7,0,0,0,0,train
S008,04,21,1,Right,7,7,0,0,0,0,train
S008,04,22,-1,Rest,7,7,0,0,0,0,train
S008,04,23,0,Left,7,7,0,0,0,0,train
S008,04,24,-1,Rest,7,7,0,0,0,0,train
S008,04,25,1,Right,7,7,0,0,0,0,train
S008,04,26,-1,Rest,7,7,0,0,0,0,train
S008,04,27,0,Left,7,7,0,0,0,0,train
S008,04,28,-1,Rest,7,7,0,0,0,0,train
S008,04,29,1,Right,7,7,0,0,0,0,train
S008,08,0,-1,Rest,7,7,0,0,0,0,train
S008,08,1,0,Left,7,7,0,0,0,0,train
S008,08,2,-1,Rest,7,7,0,0,0,0,train
S008,08,3,1,Right,7,7,0,0,0,0,train
S008,08,4,-1,Rest,7,7,0,0,0,0,train
S008,08,5,1,Right,7,7,0,0,0,0,train
S008,08,6,-1,Rest,7,7,0,0,0,0,train
S008,08,7,0,Left,7,7,0,0,0,0,train
S008,08,8,-1,Rest,7,7,0,0,0,0,train
S008,08,9,1,Right,7,7,0,0,0,0,train
S008,08,10,-1,Rest,7,7,0,0,0,0,train
S008,08,11,0,Left,7,7,0,0,0,0,train
S008,08,12,-1,Rest,7,7,0,0,0,0,train
S008,08,13,0,Left,7,7,0,0,0,0,train
S008,08,14,-1,Rest,7,7,0,0,0,0,train
S008,08,15,1,Right,7,7,0,0,0,0,train
S008,08,16,-1,Rest,7,7,0,0,0,0,train
S008,08,17,0,Left,7,7,0,0,0,0,train
S008,08,18,-1,Rest,7,7,0,0,0,0,train
S008,08,19,1,Right,7,7,0,0,0,0,train
S008,08,20,-1,Rest,7,7,0,0,0,0,train
S008,08,21,0,Left,7,7,0,0,0,0,train
S008,08,22,-1,Rest,7,7,0,0,0,0,train
S008,08,23,1,Right,7,7,0,0,0,0,train
S008,08,24,-1,Rest,7,7,0,0,0,0,train
S008,08,25,0,Left,7,7,0,0,0,0,train
S008,08,26,-1,Rest,7,7,0,0,0,0,train
S008,08,27,1,Right,7,7,0,0,0,0,train
S008,08,28,-1,Rest,7,7,0,0,0,0,train
S008,08,29,1,Right,7,7,0,0,0,0,train
S008,12,0,-1,Rest,7,7,0,0,0,0,train
S008,12,1,1,Right,7,7,0,0,0,0,train
S008,12,2,-1,Rest,7,7,0,0,0,0,train
S008,12,3,0,Left,7,7,0,0,0,0,train
S008,12,4,-1,Rest,7,7,0,0,0,0,train
S008,12,5,0,Left,7,7,0,0,0,0,train
S008,12,6,-1,Rest,7,7,0,0,0,0,train
S008,12,7,1,Right,7,7,0,0,0,0,train
S008,12,8,-1,Rest,7,7,0,0,0,0,train
S008,12,9,0,Left,7,7,0,0,0,0,train
S008,12,10,-1,Rest,7,7,0,0,0,0,train
S008,12,11,1,Right,7,7,0,0,0,0,train
S008,12,12,-1,Rest,7,7,0,0,0,0,train
S008,12,13,1,Right,7,7,0,0,0,0,train
S008,12,14,-1,Rest,7,7,0,0,0,0,train
S008,12,15,0,Left,7,7,0,0,0,0,train
S008,12,16,-1,Rest,7,7,0,0,0,0,train
S008,12,17,1,Right,7,7,0,0,0,0,train
S008,12,18,-1,Rest,7,7,0,0,0,0,train
S008,12,19,0,Left,7,7,0,0,0,0,train
S008,12,20,-1,Rest,7,7,0,0,0,0,train
S008,12,21,0,Left,7,7,0,0,0,0,train
S008,12,22,-1,Rest,7,7,0,0,0,0,train
S008,12,23,1,Right,7,7,0,0,0,0,train
S008,12,24,-1,Rest,7,4,3,0,0,3,train
S008,12,25,0,Left,7,7,0,0,0,0,train
S008,12,26,-1,Rest,7,7,0,0,0,0,train
S008,12,27,1,Right,7,7,0,0,0,0,train
S008,12,28,-1,Rest,7,7,0,0,0,0,train
S008,12,29,0,Left,7,7,0,0,0,0,train
S010,04,0,-1,Rest,7,7,0,0,0,0,train
S010,04,1,0,Left,7,5,2,0,0,2,train
S010,04,2,-1,Rest,7,7,0,0,0,0,train
S010,04,3,1,Right,7,7,0,0,0,0,train
S010,04,4,-1,Rest,7,7,0,0,0,0,train
S010,04,5,0,Left,7,7,0,0,0,0,train
S010,04,6,-1,Rest,7,7,0,0,0,0,train
S010,04,7,1,Right,7,7,0,0,0,0,train
S010,04,8,-1,Rest,7,7,0,0,0,0,train
S010,04,9,0,Left,7,0,7,0,0,7,train
S010,04,10,-1,Rest,7,7,0,0,0,0,train
S010,04,11,1,Right,7,7,0,0,0,0,train
S010,04,12,-1,Rest,7,2,5,0,0,5,train
S010,04,13,1,Right,7,7,0,0,0,0,train
S010,04,14,-1,Rest,7,7,0,0,0,0,train
S010,04,15,0,Left,7,7,0,0,0,0,train
S010,04,16,-1,Rest,7,7,0,0,0,0,train
S010,04,17,1,Right,7,7,0,0,0,0,train
S010,04,18,-1,Rest,7,7,0,0,0,0,train
S010,04,19,0,Left,7,7,0,0,0,0,train
S010,04,20,-1,Rest,7,7,0,0,0,0,train
S010,04,21,1,Right,7,7,0,0,0,0,train
S010,04,22,-1,Rest,7,0,7,0,0,7,train
S010,04,23,0,Left,7,7,0,0,0,0,train
S010,04,24,-1,Rest,7,7,0,0,0,0,train
S010,04,25,1,Right,7,3,4,0,0,4,train
S010,04,26,-1,Rest,7,4,3,0,0,3,train
S010,04,27,0,Left,7,7,0,0,0,0,train
S010,04,28,-1,Rest,7,7,0,0,0,0,train
S010,04,29,0,Left,7,7,0,0,0,0,train
S010,08,0,-1,Rest,7,7,0,0,0,0,train
S010,08,1,1,Right,7,6,1,0,0,1,train
S010,08,2,-1,Rest,7,7,0,0,0,0,train
S010,08,3,0,Left,7,7,0,0,0,0,train
S010,08,4,-1,Rest,7,2,5,0,0,5,train
S010,08,5,0,Left,7,7,0,0,0,0,train
S010,08,6,-1,Rest,7,7,0,0,0,0,train
S010,08,7,1,Right,7,7,0,0,0,0,train
S010,08,8,-1,Rest,7,4,3,0,0,3,train
S010,08,9,1,Right,7,7,0,0,0,0,train
S010,08,10,-1,Rest,7,1,6,0,0,6,train
S010,08,11,0,Left,7,2,5,0,0,5,train
S010,08,12,-1,Rest,7,0,7,0,0,7,train
S010,08,13,1,Right,7,7,0,0,0,0,train
S010,08,14,-1,Rest,7,7,0,0,0,0,train
S010,08,15,0,Left,7,7,0,0,0,0,train
S010,08,16,-1,Rest,7,7,0,0,0,0,train
S010,08,17,1,Right,7,7,0,0,0,0,train
S010,08,18,-1,Rest,7,7,0,0,0,0,train
S010,08,19,0,Left,7,7,0,0,0,0,train
S010,08,20,-1,Rest,7,7,0,0,0,0,train
S010,08,21,1,Right,7,3,4,0,0,4,train
S010,08,22,-1,Rest,7,7,0,0,0,0,train
S010,08,23,0,Left,7,1,6,0,0,6,train
S010,08,24,-1,Rest,7,5,2,0,0,2,train
S010,08,25,0,Left,7,7,0,0,0,0,train
S010,08,26,-1,Rest,7,7,0,0,0,0,train
S010,08,27,1,Right,7,7,0,0,0,0,train
S010,08,28,-1,Rest,7,7,0,0,0,0,train
S010,08,29,0,Left,7,4,3,0,0,3,train
S010,12,0,-1,Rest,7,7,0,0,0,0,train
S010,12,1,0,Left,7,7,0,0,0,0,train
S010,12,2,-1,Rest,7,7,0,0,0,0,train
S010,12,3,1,Right,7,2,5,0,0,5,train
S010,12,4,-1,Rest,7,7,0,0,0,0,train
S010,12,5,1,Right,7,7,0,0,0,0,train
S010,12,6,-1,Rest,7,7,0,0,0,0,train
S010,12,7,0,Left,7,7,0,0,0,0,train
S010,12,8,-1,Rest,7,1,6,0,0,6,train
S010,12,9,1,Right,7,5,2,0,0,2,train
S010,12,10,-1,Rest,7,7,0,0,0,0,train
S010,12,11,0,Left,7,7,0,0,0,0,train
S010,12,12,-1,Rest,7,7,0,0,0,0,train
S010,12,13,0,Left,7,7,0,0,0,0,train
S010,12,14,-1,Rest,7,7,0,0,0,0,train
S010,12,15,1,Right,7,7,0,0,0,0,train
S010,12,16,-1,Rest,7,7,0,0,0,0,train
S010,12,17,0,Left,7,7,0,0,0,0,train
S010,12,18,-1,Rest,7,7,0,0,0,0,train
S010,12,19,1,Right,7,7,0,0,0,0,train
S010,12,20,-1,Rest,7,7,0,0,0,0,train
S010,12,21,0,Left,7,6,1,0,0,1,train
S010,12,22,-1,Rest,7,7,0,0,0,0,train
S010,12,23,1,Right,7,7,0,0,0,0,train
S010,12,24,-1,Rest,7,7,0,0,0,0,train
S010,12,25,1,Right,7,7,0,0,0,0,train
S010,12,26,-1,Rest,7,7,0,0,0,0,train
S010,12,27,0,Left,7,7,0,0,0,0,train
S010,12,28,-1,Rest,7,3,4,0,0,4,train
S010,12,29,0,Left,7,0,7,0,0,7,train
S011,04,0,-1,Rest,7,7,0,0,0,0,train
S011,04,1,0,Left,7,7,0,0,0,0,train
S011,04,2,-1,Rest,7,7,0,0,0,0,train
S011,04,3,1,Right,7,7,0,0,0,0,train
S011,04,4,-1,Rest,7,7,0,0,0,0,train
S011,04,5,0,Left,7,7,0,0,0,0,train
S011,04,6,-1,Rest,7,7,0,0,0,0,train
S011,04,7,1,Right,7,7,0,0,0,0,train
S011,04,8,-1,Rest,7,7,0,0,0,0,train
S011,04,9,0,Left,7,7,0,0,0,0,train
S011,04,10,-1,Rest,7,7,0,0,0,0,train
S011,04,11,1,Right,7,7,0,0,0,0,train
S011,04,12,-1,Rest,7,7,0,0,0,0,train
S011,04,13,1,Right,7,7,0,0,0,0,train
S011,04,14,-1,Rest,7,7,0,0,0,0,train
S011,04,15,0,Left,7,7,0,0,0,0,train
S011,04,16,-1,Rest,7,7,0,0,0,0,train
S011,04,17,1,Right,7,7,0,0,0,0,train
S011,04,18,-1,Rest,7,7,0,0,0,0,train
S011,04,19,0,Left,7,7,0,0,0,0,train
S011,04,20,-1,Rest,7,7,0,0,0,0,train
S011,04,21,0,Left,7,7,0,0,0,0,train
S011,04,22,-1,Rest,7,7,0,0,0,0,train
S011,04,23,1,Right,7,7,0,0,0,0,train
S011,04,24,-1,Rest,7,7,0,0,0,0,train
S011,04,25,1,Right,7,7,0,0,0,0,train
S011,04,26,-1,Rest,7,7,0,0,0,0,train
S011,04,27,0,Left,7,7,0,0,0,0,train
S011,04,28,-1,Rest,7,7,0,0,0,0,train
S011,04,29,0,Left,7,7,0,0,0,0,train
S011,08,0,-1,Rest,7,7,0,0,0,0,train
S011,08,1,0,Left,7,7,0,0,0,0,train
S011,08,2,-1,Rest,7,7,0,0,0,0,train
S011,08,3,1,Right,7,7,0,0,0,0,train
S011,08,4,-1,Rest,7,7,0,0,0,0,train
S011,08,5,0,Left,7,7,0,0,0,0,train
S011,08,6,-1,Rest,7,7,0,0,0,0,train
S011,08,7,1,Right,7,7,0,0,0,0,train
S011,08,8,-1,Rest,7,7,0,0,0,0,train
S011,08,9,0,Left,7,7,0,0,0,0,train
S011,08,10,-1,Rest,7,7,0,0,0,0,train
S011,08,11,1,Right,7,7,0,0,0,0,train
S011,08,12,-1,Rest,7,7,0,0,0,0,train
S011,08,13,0,Left,7,7,0,0,0,0,train
S011,08,14,-1,Rest,7,7,0,0,0,0,train
S011,08,15,1,Right,7,7,0,0,0,0,train
S011,08,16,-1,Rest,7,7,0,0,0,0,train
S011,08,17,1,Right,7,7,0,0,0,0,train
S011,08,18,-1,Rest,7,7,0,0,0,0,train
S011,08,19,0,Left,7,7,0,0,0,0,train
S011,08,20,-1,Rest,7,7,0,0,0,0,train
S011,08,21,0,Left,7,7,0,0,0,0,train
S011,08,22,-1,Rest,7,7,0,0,0,0,train
S011,08,23,1,Right,7,7,0,0,0,0,train
S011,08,24,-1,Rest,7,7,0,0,0,0,train
S011,08,25,0,Left,7,7,0,0,0,0,train
S011,08,26,-1,Rest,7,7,0,0,0,0,train
S011,08,27,1,Right,7,7,0,0,0,0,train
S011,08,28,-1,Rest,7,7,0,0,0,0,train
S011,08,29,1,Right,7,7,0,0,0,0,train
S011,12,0,-1,Rest,7,7,0,0,0,0,train
S011,12,1,0,Left,7,7,0,0,0,0,train
S011,12,2,-1,Rest,7,7,0,0,0,0,train
S011,12,3,1,Right,7,7,0,0,0,0,train
S011,12,4,-1,Rest,7,7,0,0,0,0,train
S011,12,5,0,Left,7,7,0,0,0,0,train
S011,12,6,-1,Rest,7,7,0,0,0,0,train
S011,12,7,1,Right,7,7,0,0,0,0,train
S011,12,8,-1,Rest,7,7,0,0,0,0,train
S011,12,9,1,Right,7,7,0,0,0,0,train
S011,12,10,-1,Rest,7,7,0,0,0,0,train
S011,12,11,0,Left,7,7,0,0,0,0,train
S011,12,12,-1,Rest,7,7,0,0,0,0,train
S011,12,13,1,Right,7,7,0,0,0,0,train
S011,12,14,-1,Rest,7,7,0,0,0,0,train
S011,12,15,0,Left,7,7,0,0,0,0,train
S011,12,16,-1,Rest,7,7,0,0,0,0,train
S011,12,17,1,Right,7,7,0,0,0,0,train
S011,12,18,-1,Rest,7,7,0,0,0,0,train
S011,12,19,0,Left,7,7,0,0,0,0,train
S011,12,20,-1,Rest,7,7,0,0,0,0,train
S011,12,21,0,Left,7,7,0,0,0,0,train
S011,12,22,-1,Rest,7,7,0,0,0,0,train
S011,12,23,1,Right,7,7,0,0,0,0,train
S011,12,24,-1,Rest,7,7,0,0,0,0,train
S011,12,25,1,Right,7,7,0,0,0,0,train
S011,12,26,-1,Rest,7,7,0,0,0,0,train
S011,12,27,0,Left,7,7,0,0,0,0,train
S011,12,28,-1,Rest,7,7,0,0,0,0,train
S011,12,29,0,Left,7,7,0,0,0,0,train
S016,04,0,-1,Rest,7,7,0,0,0,0,train
S016,04,1,0,Left,7,7,0,0,0,0,train
S016,04,2,-1,Rest,7,7,0,0,0,0,train
S016,04,3,1,Right,7,7,0,0,0,0,train
S016,04,4,-1,Rest,7,7,0,0,0,0,train
S016,04,5,0,Left,7,7,0,0,0,0,train
S016,04,6,-1,Rest,7,7,0,0,0,0,train
S016,04,7,1,Right,7,7,0,0,0,0,train
S016,04,8,-1,Rest,7,7,0,0,0,0,train
S016,04,9,1,Right,7,7,0,0,0,0,train
S016,04,10,-1,Rest,7,7,0,0,0,0,train
S016,04,11,0,Left,7,7,0,0,0,0,train
S016,04,12,-1,Rest,7,7,0,0,0,0,train
S016,04,13,1,Right,7,7,0,0,0,0,train
S016,04,14,-1,Rest,7,7,0,0,0,0,train
S016,04,15,0,Left,7,7,0,0,0,0,train
S016,04,16,-1,Rest,7,7,0,0,0,0,train
S016,04,17,1,Right,7,7,0,0,0,0,train
S016,04,18,-1,Rest,7,7,0,0,0,0,train
S016,04,19,0,Left,7,7,0,0,0,0,train
S016,04,20,-1,Rest,7,7,0,0,0,0,train
S016,04,21,0,Left,7,7,0,0,0,0,train
S016,04,22,-1,Rest,7,7,0,0,0,0,train
S016,04,23,1,Right,7,7,0,0,0,0,train
S016,04,24,-1,Rest,7,7,0,0,0,0,train
S016,04,25,1,Right,7,7,0,0,0,0,train
S016,04,26,-1,Rest,7,7,0,0,0,0,train
S016,04,27,0,Left,7,7,0,0,0,0,train
S016,04,28,-1,Rest,7,7,0,0,0,0,train
S016,04,29,1,Right,7,7,0,0,0,0,train
S016,08,0,-1,Rest,7,7,0,0,0,0,train
S016,08,1,0,Left,7,7,0,0,0,0,train
S016,08,2,-1,Rest,7,7,0,0,0,0,train
S016,08,3,1,Right,7,7,0,0,0,0,train
S016,08,4,-1,Rest,7,7,0,0,0,0,train
S016,08,5,1,Right,7,7,0,0,0,0,train
S016,08,6,-1,Rest,7,7,0,0,0,0,train
S016,08,7,0,Left,7,7,0,0,0,0,train
S016,08,8,-1,Rest,7,7,0,0,0,0,train
S016,08,9,1,Right,7,7,0,0,0,0,train
S016,08,10,-1,Rest,7,7,0,0,0,0,train
S016,08,11,0,Left,7,7,0,0,0,0,train
S016,08,12,-1,Rest,7,7,0,0,0,0,train
S016,08,13,0,Left,7,7,0,0,0,0,train
S016,08,14,-1,Rest,7,7,0,0,0,0,train
S016,08,15,1,Right,7,7,0,0,0,0,train
S016,08,16,-1,Rest,7,7,0,0,0,0,train
S016,08,17,0,Left,7,7,0,0,0,0,train
S016,08,18,-1,Rest,7,7,0,0,0,0,train
S016,08,19,1,Right,7,7,0,0,0,0,train
S016,08,20,-1,Rest,7,7,0,0,0,0,train
S016,08,21,0,Left,7,7,0,0,0,0,train
S016,08,22,-1,Rest,7,7,0,0,0,0,train
S016,08,23,1,Right,7,7,0,0,0,0,train
S016,08,24,-1,Rest,7,7,0,0,0,0,train
S016,08,25,1,Right,7,7,0,0,0,0,train
S016,08,26,-1,Rest,7,7,0,0,0,0,train
S016,08,27,0,Left,7,7,0,0,0,0,train
S016,08,28,-1,Rest,7,7,0,0,0,0,train
S016,08,29,0,Left,7,7,0,0,0,0,train
S016,12,0,-1,Rest,7,7,0,0,0,0,train
S016,12,1,1,Right,7,7,0,0,0,0,train
S016,12,2,-1,Rest,7,2,5,0,0,5,train
S016,12,3,0,Left,7,7,0,0,0,0,train
S016,12,4,-1,Rest,7,7,0,0,0,0,train
S016,12,5,0,Left,7,7,0,0,0,0,train
S016,12,6,-1,Rest,7,7,0,0,0,0,train
S016,12,7,1,Right,7,7,0,0,0,0,train
S016,12,8,-1,Rest,7,7,0,0,0,0,train
S016,12,9,0,Left,7,7,0,0,0,0,train
S016,12,10,-1,Rest,7,7,0,0,0,0,train
S016,12,11,1,Right,7,7,0,0,0,0,train
S016,12,12,-1,Rest,7,7,0,0,0,0,train
S016,12,13,1,Right,7,7,0,0,0,0,train
S016,12,14,-1,Rest,7,7,0,0,0,0,train
S016,12,15,0,Left,7,7,0,0,0,0,train
S016,12,16,-1,Rest,7,7,0,0,0,0,train
S016,12,17,1,Right,7,7,0,0,0,0,train
S016,12,18,-1,Rest,7,7,0,0,0,0,train
S016,12,19,0,Left,7,7,0,0,0,0,train
S016,12,20,-1,Rest,7,7,0,0,0,0,train
S016,12,21,1,Right,7,7,0,0,0,0,train
S016,12,22,-1,Rest,7,7,0,0,0,0,train
S016,12,23,0,Left,7,7,0,0,0,0,train
S016,12,24,-1,Rest,7,7,0,0,0,0,train
S016,12,25,1,Right,7,7,0,0,0,0,train
S016,12,26,-1,Rest,7,7,0,0,0,0,train
S016,12,27,0,Left,7,7,0,0,0,0,train
S016,12,28,-1,Rest,7,7,0,0,0,0,train
S016,12,29,1,Right,7,7,0,0,0,0,train
S017,04,0,-1,Rest,7,7,0,0,0,0,train
S017,04,1,1,Right,7,7,0,0,0,0,train
S017,04,2,-1,Rest,7,7,0,0,0,0,train
S017,04,3,0,Left,7,7,0,0,0,0,train
S017,04,4,-1,Rest,7,3,4,0,0,4,train
S017,04,5,0,Left,7,7,0,0,0,0,train
S017,04,6,-1,Rest,7,7,0,0,0,0,train
S017,04,7,1,Right,7,0,7,0,0,7,train
S017,04,8,-1,Rest,7,7,0,0,0,0,train
S017,04,9,1,Right,7,7,0,0,0,0,train
S017,04,10,-1,Rest,7,0,7,0,0,7,train
S017,04,11,0,Left,7,4,3,0,0,3,train
S017,04,12,-1,Rest,7,2,5,0,0,5,train
S017,04,13,1,Right,7,7,0,0,0,0,train
S017,04,14,-1,Rest,7,3,4,0,0,4,train
S017,04,15,0,Left,7,7,0,0,0,0,train
S017,04,16,-1,Rest,7,0,7,0,0,7,train
S017,04,17,1,Right,7,2,5,0,0,5,train
S017,04,18,-1,Rest,7,2,5,0,0,5,train
S017,04,19,0,Left,7,7,0,0,0,0,train
S017,04,20,-1,Rest,7,0,7,0,0,7,train
S017,04,21,1,Right,7,0,7,0,0,7,train
S017,04,22,-1,Rest,7,7,0,0,0,0,train
S017,04,23,0,Left,7,7,0,0,0,0,train
S017,04,24,-1,Rest,7,6,1,0,0,1,train
S017,04,25,1,Right,7,7,0,0,0,0,train
S017,04,26,-1,Rest,7,5,2,0,0,2,train
S017,04,27,0,Left,7,7,0,0,0,0,train
S017,04,28,-1,Rest,7,5,2,0,0,2,train
S017,04,29,1,Right,7,0,7,0,0,7,train
S017,08,0,-1,Rest,7,2,5,0,0,5,train
S017,08,1,1,Right,7,4,3,0,0,3,train
S017,08,2,-1,Rest,7,1,6,0,0,6,train
S017,08,3,0,Left,7,7,0,0,0,0,train
S017,08,4,-1,Rest,7,2,5,0,0,5,train
S017,08,5,1,Right,7,0,7,0,0,7,train
S017,08,6,-1,Rest,7,0,7,0,0,7,train
S017,08,7,0,Left,7,4,3,0,0,3,train
S017,08,8,-1,Rest,7,0,7,0,0,7,train
S017,08,9,0,Left,7,7,0,0,0,0,train
S017,08,10,-1,Rest,7,2,5,0,0,5,train
S017,08,11,1,Right,7,7,0,0,0,0,train
S017,08,12,-1,Rest,7,1,6,0,0,6,train
S017,08,13,0,Left,7,7,0,0,0,0,train
S017,08,14,-1,Rest,7,0,7,0,0,7,train
S017,08,15,1,Right,7,0,7,0,0,7,train
S017,08,16,-1,Rest,7,0,7,0,0,7,train
S017,08,17,1,Right,7,7,0,0,0,0,train
S017,08,18,-1,Rest,7,0,7,0,0,7,train
S017,08,19,0,Left,7,0,7,0,0,7,train
S017,08,20,-1,Rest,7,0,7,0,0,7,train
S017,08,21,0,Left,7,7,0,0,0,0,train
S017,08,22,-1,Rest,7,3,4,0,0,4,train
S017,08,23,1,Right,7,0,7,0,0,7,train
S017,08,24,-1,Rest,7,0,7,0,0,7,train
S017,08,25,0,Left,7,0,7,0,0,7,train
S017,08,26,-1,Rest,7,0,7,0,0,7,train
S017,08,27,1,Right,7,7,0,0,0,0,train
S017,08,28,-1,Rest,7,0,7,0,0,7,train
S017,08,29,0,Left,7,1,6,0,0,6,train
S017,12,0,-1,Rest,7,0,7,0,0,7,train
S017,12,1,0,Left,7,0,7,0,0,7,train
S017,12,2,-1,Rest,7,0,7,0,0,7,train
S017,12,3,1,Right,7,0,7,0,0,7,train
S017,12,4,-1,Rest,7,0,7,0,0,7,train
S017,12,5,1,Right,7,5,2,0,0,2,train
S017,12,6,-1,Rest,7,0,7,0,0,7,train
S017,12,7,0,Left,7,0,7,0,0,7,train
S017,12,8,-1,Rest,7,0,7,0,0,7,train
S017,12,9,1,Right,7,0,7,0,0,7,train
S017,12,10,-1,Rest,7,0,7,0,0,7,train
S017,12,11,0,Left,7,0,7,0,0,7,train
S017,12,12,-1,Rest,7,0,7,0,0,7,train
S017,12,13,1,Right,7,0,7,0,0,7,train
S017,12,14,-1,Rest,7,0,7,0,0,7,train
S017,12,15,0,Left,7,0,7,0,0,7,train
S017,12,16,-1,Rest,7,0,7,0,0,7,train
S017,12,17,0,Left,7,2,5,0,0,5,train
S017,12,18,-1,Rest,7,0,7,0,0,7,train
S017,12,19,1,Right,7,0,7,0,0,7,train
S017,12,20,-1,Rest,7,0,7,0,0,7,train
S017,12,21,1,Right,7,0,7,0,0,7,train
S017,12,22,-1,Rest,7,0,7,0,0,7,train
S017,12,23,0,Left,7,0,7,0,0,7,train
S017,12,24,-1,Rest,7,0,7,0,0,7,train
S017,12,25,0,Left,7,0,7,0,0,7,train
S017,12,26,-1,Rest,7,0,7,0,0,7,train
S017,12,27,1,Right,7,0,7,0,0,7,train
S017,12,28,-1,Rest,7,0,7,0,0,7,train
S017,12,29,0,Left,7,1,6,0,0,6,train
S018,04,0,-1,Rest,7,7,0,0,0,0,train
S018,04,1,1,Right,7,7,0,0,0,0,train
S018,04,2,-1,Rest,7,7,0,0,0,0,train
S018,04,3,0,Left,7,7,0,0,0,0,train
S018,04,4,-1,Rest,7,7,0,0,0,0,train
S018,04,5,0,Left,7,7,0,0,0,0,train
S018,04,6,-1,Rest,7,7,0,0,0,0,train
S018,04,7,1,Right,7,7,0,0,0,0,train
S018,04,8,-1,Rest,7,7,0,0,0,0,train
S018,04,9,0,Left,7,7,0,0,0,0,train
S018,04,10,-1,Rest,7,7,0,0,0,0,train
S018,04,11,1,Right,7,7,0,0,0,0,train
S018,04,12,-1,Rest,7,7,0,0,0,0,train
S018,04,13,1,Right,7,7,0,0,0,0,train
S018,04,14,-1,Rest,7,7,0,0,0,0,train
S018,04,15,0,Left,7,7,0,0,0,0,train
S018,04,16,-1,Rest,7,7,0,0,0,0,train
S018,04,17,0,Left,7,7,0,0,0,0,train
S018,04,18,-1,Rest,7,7,0,0,0,0,train
S018,04,19,1,Right,7,7,0,0,0,0,train
S018,04,20,-1,Rest,7,7,0,0,0,0,train
S018,04,21,0,Left,7,7,0,0,0,0,train
S018,04,22,-1,Rest,7,7,0,0,0,0,train
S018,04,23,1,Right,7,7,0,0,0,0,train
S018,04,24,-1,Rest,7,7,0,0,0,0,train
S018,04,25,1,Right,7,7,0,0,0,0,train
S018,04,26,-1,Rest,7,7,0,0,0,0,train
S018,04,27,0,Left,7,7,0,0,0,0,train
S018,04,28,-1,Rest,7,7,0,0,0,0,train
S018,04,29,1,Right,7,7,0,0,0,0,train
S018,08,0,-1,Rest,7,7,0,0,0,0,train
S018,08,1,1,Right,7,7,0,0,0,0,train
S018,08,2,-1,Rest,7,7,0,0,0,0,train
S018,08,3,0,Left,7,7,0,0,0,0,train
S018,08,4,-1,Rest,7,7,0,0,0,0,train
S018,08,5,0,Left,7,7,0,0,0,0,train
S018,08,6,-1,Rest,7,7,0,0,0,0,train
S018,08,7,1,Right,7,7,0,0,0,0,train
S018,08,8,-1,Rest,7,7,0,0,0,0,train
S018,08,9,0,Left,7,7,0,0,0,0,train
S018,08,10,-1,Rest,7,7,0,0,0,0,train
S018,08,11,1,Right,7,7,0,0,0,0,train
S018,08,12,-1,Rest,7,7,0,0,0,0,train
S018,08,13,0,Left,7,7,0,0,0,0,train
S018,08,14,-1,Rest,7,7,0,0,0,0,train
S018,08,15,1,Right,7,7,0,0,0,0,train
S018,08,16,-1,Rest,7,7,0,0,0,0,train
S018,08,17,0,Left,7,7,0,0,0,0,train
S018,08,18,-1,Rest,7,7,0,0,0,0,train
S018,08,19,1,Right,7,7,0,0,0,0,train
S018,08,20,-1,Rest,7,7,0,0,0,0,train
S018,08,21,0,Left,7,7,0,0,0,0,train
S018,08,22,-1,Rest,7,7,0,0,0,0,train
S018,08,23,1,Right,7,7,0,0,0,0,train
S018,08,24,-1,Rest,7,7,0,0,0,0,train
S018,08,25,1,Right,7,7,0,0,0,0,train
S018,08,26,-1,Rest,7,7,0,0,0,0,train
S018,08,27,0,Left,7,7,0,0,0,0,train
S018,08,28,-1,Rest,7,7,0,0,0,0,train
S018,08,29,0,Left,7,7,0,0,0,0,train
S018,12,0,-1,Rest,7,7,0,0,0,0,train
S018,12,1,0,Left,7,7,0,0,0,0,train
S018,12,2,-1,Rest,7,7,0,0,0,0,train
S018,12,3,1,Right,7,7,0,0,0,0,train
S018,12,4,-1,Rest,7,7,0,0,0,0,train
S018,12,5,1,Right,7,7,0,0,0,0,train
S018,12,6,-1,Rest,7,7,0,0,0,0,train
S018,12,7,0,Left,7,7,0,0,0,0,train
S018,12,8,-1,Rest,7,7,0,0,0,0,train
S018,12,9,0,Left,7,7,0,0,0,0,train
S018,12,10,-1,Rest,7,7,0,0,0,0,train
S018,12,11,1,Right,7,7,0,0,0,0,train
S018,12,12,-1,Rest,7,7,0,0,0,0,train
S018,12,13,0,Left,7,7,0,0,0,0,train
S018,12,14,-1,Rest,7,7,0,0,0,0,train
S018,12,15,1,Right,7,7,0,0,0,0,train
S018,12,16,-1,Rest,7,7,0,0,0,0,train
S018,12,17,1,Right,7,7,0,0,0,0,train
S018,12,18,-1,Rest,7,7,0,0,0,0,train
S018,12,19,0,Left,7,7,0,0,0,0,train
S018,12,20,-1,Rest,7,7,0,0,0,0,train
S018,12,21,1,Right,7,7,0,0,0,0,train
S018,12,22,-1,Rest,7,7,0,0,0,0,train
S018,12,23,0,Left,7,7,0,0,0,0,train
S018,12,24,-1,Rest,7,7,0,0,0,0,train
S018,12,25,0,Left,7,7,0,0,0,0,train
S018,12,26,-1,Rest,7,7,0,0,0,0,train
S018,12,27,1,Right,7,7,0,0,0,0,train
S018,12,28,-1,Rest,7,7,0,0,0,0,train
S018,12,29,1,Right,7,7,0,0,0,0,train
S019,04,0,-1,Rest,7,7,0,0,0,0,train
S019,04,1,1,Right,7,7,0,0,0,0,train
S019,04,2,-1,Rest,7,7,0,0,0,0,train
S019,04,3,0,Left,7,7,0,0,0,0,train
S019,04,4,-1,Rest,7,7,0,0,0,0,train
S019,04,5,0,Left,7,7,0,0,0,0,train
S019,04,6,-1,Rest,7,7,0,0,0,0,train
S019,04,7,1,Right,7,7,0,0,0,0,train
S019,04,8,-1,Rest,7,7,0,0,0,0,train
S019,04,9,0,Left,7,7,0,0,0,0,train
S019,04,10,-1,Rest,7,7,0,0,0,0,train
S019,04,11,1,Right,7,7,0,0,0,0,train
S019,04,12,-1,Rest,7,7,0,0,0,0,train
S019,04,13,1,Right,7,7,0,0,0,0,train
S019,04,14,-1,Rest,7,7,0,0,0,0,train
S019,04,15,0,Left,7,7,0,0,0,0,train
S019,04,16,-1,Rest,7,7,0,0,0,0,train
S019,04,17,1,Right,7,7,0,0,0,0,train
S019,04,18,-1,Rest,7,7,0,0,0,0,train
S019,04,19,0,Left,7,7,0,0,0,0,train
S019,04,20,-1,Rest,7,7,0,0,0,0,train
S019,04,21,1,Right,7,7,0,0,0,0,train
S019,04,22,-1,Rest,7,7,0,0,0,0,train
S019,04,23,0,Left,7,7,0,0,0,0,train
S019,04,24,-1,Rest,7,7,0,0,0,0,train
S019,04,25,1,Right,7,7,0,0,0,0,train
S019,04,26,-1,Rest,7,7,0,0,0,0,train
S019,04,27,0,Left,7,7,0,0,0,0,train
S019,04,28,-1,Rest,7,7,0,0,0,0,train
S019,04,29,0,Left,7,7,0,0,0,0,train
S019,08,0,-1,Rest,7,7,0,0,0,0,train
S019,08,1,1,Right,7,7,0,0,0,0,train
S019,08,2,-1,Rest,7,7,0,0,0,0,train
S019,08,3,0,Left,7,7,0,0,0,0,train
S019,08,4,-1,Rest,7,7,0,0,0,0,train
S019,08,5,1,Right,7,7,0,0,0,0,train
S019,08,6,-1,Rest,7,7,0,0,0,0,train
S019,08,7,0,Left,7,7,0,0,0,0,train
S019,08,8,-1,Rest,7,7,0,0,0,0,train
S019,08,9,0,Left,7,7,0,0,0,0,train
S019,08,10,-1,Rest,7,7,0,0,0,0,train
S019,08,11,1,Right,7,7,0,0,0,0,train
S019,08,12,-1,Rest,7,3,4,0,0,4,train
S019,08,13,1,Right,7,7,0,0,0,0,train
S019,08,14,-1,Rest,7,7,0,0,0,0,train
S019,08,15,0,Left,7,7,0,0,0,0,train
S019,08,16,-1,Rest,7,7,0,0,0,0,train
S019,08,17,1,Right,7,0,7,0,0,7,train
S019,08,18,-1,Rest,7,7,0,0,0,0,train
S019,08,19,0,Left,7,7,0,0,0,0,train
S019,08,20,-1,Rest,7,2,5,0,0,5,train
S019,08,21,0,Left,7,7,0,0,0,0,train
S019,08,22,-1,Rest,7,3,4,0,0,4,train
S019,08,23,1,Right,7,7,0,0,0,0,train
S019,08,24,-1,Rest,7,7,0,0,0,0,train
S019,08,25,0,Left,7,7,0,0,0,0,train
S019,08,26,-1,Rest,7,7,0,0,0,0,train
S019,08,27,1,Right,7,7,0,0,0,0,train
S019,08,28,-1,Rest,7,7,0,0,0,0,train
S019,08,29,0,Left,7,7,0,0,0,0,train
S019,12,0,-1,Rest,7,7,0,0,0,0,train
S019,12,1,0,Left,7,7,0,0,0,0,train
S019,12,2,-1,Rest,7,7,0,0,0,0,train
S019,12,3,1,Right,7,7,0,0,0,0,train
S019,12,4,-1,Rest,7,7,0,0,0,0,train
S019,12,5,0,Left,7,7,0,0,0,0,train
S019,12,6,-1,Rest,7,7,0,0,0,0,train
S019,12,7,1,Right,7,7,0,0,0,0,train
S019,12,8,-1,Rest,7,7,0,0,0,0,train
S019,12,9,1,Right,7,7,0,0,0,0,train
S019,12,10,-1,Rest,7,7,0,0,0,0,train
S019,12,11,0,Left,7,7,0,0,0,0,train
S019,12,12,-1,Rest,7,7,0,0,0,0,train
S019,12,13,1,Right,7,7,0,0,0,0,train
S019,12,14,-1,Rest,7,7,0,0,0,0,train
S019,12,15,0,Left,7,7,0,0,0,0,train
S019,12,16,-1,Rest,7,7,0,0,0,0,train
S019,12,17,1,Right,7,7,0,0,0,0,train
S019,12,18,-1,Rest,7,7,0,0,0,0,train
S019,12,19,0,Left,7,7,0,0,0,0,train
S019,12,20,-1,Rest,7,7,0,0,0,0,train
S019,12,21,0,Left,7,7,0,0,0,0,train
S019,12,22,-1,Rest,7,7,0,0,0,0,train
S019,12,23,1,Right,7,7,0,0,0,0,train
S019,12,24,-1,Rest,7,4,3,0,0,3,train
S019,12,25,0,Left,7,7,0,0,0,0,train
S019,12,26,-1,Rest,7,7,0,0,0,0,train
S019,12,27,1,Right,7,7,0,0,0,0,train
S019,12,28,-1,Rest,7,7,0,0,0,0,train
S019,12,29,1,Right,7,7,0,0,0,0,train
S021,04,0,-1,Rest,7,7,0,0,0,0,train
S021,04,1,1,Right,7,7,0,0,0,0,train
S021,04,2,-1,Rest,7,7,0,0,0,0,train
S021,04,3,0,Left,7,7,0,0,0,0,train
S021,04,4,-1,Rest,7,7,0,0,0,0,train
S021,04,5,0,Left,7,7,0,0,0,0,train
S021,04,6,-1,Rest,7,7,0,0,0,0,train
S021,04,7,1,Right,7,7,0,0,0,0,train
S021,04,8,-1,Rest,7,7,0,0,0,0,train
S021,04,9,0,Left,7,7,0,0,0,0,train
S021,04,10,-1,Rest,7,7,0,0,0,0,train
S021,04,11,1,Right,7,7,0,0,0,0,train
S021,04,12,-1,Rest,7,7,0,0,0,0,train
S021,04,13,0,Left,7,7,0,0,0,0,train
S021,04,14,-1,Rest,7,7,0,0,0,0,train
S021,04,15,1,Right,7,7,0,0,0,0,train
S021,04,16,-1,Rest,7,7,0,0,0,0,train
S021,04,17,0,Left,7,7,0,0,0,0,train
S021,04,18,-1,Rest,7,7,0,0,0,0,train
S021,04,19,1,Right,7,7,0,0,0,0,train
S021,04,20,-1,Rest,7,7,0,0,0,0,train
S021,04,21,1,Right,7,7,0,0,0,0,train
S021,04,22,-1,Rest,7,7,0,0,0,0,train
S021,04,23,0,Left,7,7,0,0,0,0,train
S021,04,24,-1,Rest,7,7,0,0,0,0,train
S021,04,25,1,Right,7,7,0,0,0,0,train
S021,04,26,-1,Rest,7,7,0,0,0,0,train
S021,04,27,0,Left,7,7,0,0,0,0,train
S021,04,28,-1,Rest,7,7,0,0,0,0,train
S021,04,29,0,Left,7,7,0,0,0,0,train
S021,08,0,-1,Rest,7,7,0,0,0,0,train
S021,08,1,0,Left,7,7,0,0,0,0,train
S021,08,2,-1,Rest,7,7,0,0,0,0,train
S021,08,3,1,Right,7,7,0,0,0,0,train
S021,08,4,-1,Rest,7,7,0,0,0,0,train
S021,08,5,1,Right,7,7,0,0,0,0,train
S021,08,6,-1,Rest,7,7,0,0,0,0,train
S021,08,7,0,Left,7,7,0,0,0,0,train
S021,08,8,-1,Rest,7,7,0,0,0,0,train
S021,08,9,0,Left,7,7,0,0,0,0,train
S021,08,10,-1,Rest,7,7,0,0,0,0,train
S021,08,11,1,Right,7,7,0,0,0,0,train
S021,08,12,-1,Rest,7,7,0,0,0,0,train
S021,08,13,0,Left,7,7,0,0,0,0,train
S021,08,14,-1,Rest,7,7,0,0,0,0,train
S021,08,15,1,Right,7,7,0,0,0,0,train
S021,08,16,-1,Rest,7,7,0,0,0,0,train
S021,08,17,0,Left,7,7,0,0,0,0,train
S021,08,18,-1,Rest,7,7,0,0,0,0,train
S021,08,19,1,Right,7,7,0,0,0,0,train
S021,08,20,-1,Rest,7,7,0,0,0,0,train
S021,08,21,0,Left,7,7,0,0,0,0,train
S021,08,22,-1,Rest,7,7,0,0,0,0,train
S021,08,23,1,Right,7,7,0,0,0,0,train
S021,08,24,-1,Rest,7,7,0,0,0,0,train
S021,08,25,1,Right,7,7,0,0,0,0,train
S021,08,26,-1,Rest,7,7,0,0,0,0,train
S021,08,27,0,Left,7,7,0,0,0,0,train
S021,08,28,-1,Rest,7,7,0,0,0,0,train
S021,08,29,0,Left,7,7,0,0,0,0,train
S021,12,0,-1,Rest,7,7,0,0,0,0,train
S021,12,1,1,Right,7,7,0,0,0,0,train
S021,12,2,-1,Rest,7,7,0,0,0,0,train
S021,12,3,0,Left,7,7,0,0,0,0,train
S021,12,4,-1,Rest,7,7,0,0,0,0,train
S021,12,5,1,Right,7,7,0,0,0,0,train
S021,12,6,-1,Rest,7,7,0,0,0,0,train
S021,12,7,0,Left,7,7,0,0,0,0,train
S021,12,8,-1,Rest,7,7,0,0,0,0,train
S021,12,9,1,Right,7,7,0,0,0,0,train
S021,12,10,-1,Rest,7,7,0,0,0,0,train
S021,12,11,0,Left,7,7,0,0,0,0,train
S021,12,12,-1,Rest,7,7,0,0,0,0,train
S021,12,13,1,Right,7,7,0,0,0,0,train
S021,12,14,-1,Rest,7,7,0,0,0,0,train
S021,12,15,0,Left,7,7,0,0,0,0,train
S021,12,16,-1,Rest,7,7,0,0,0,0,train
S021,12,17,1,Right,7,7,0,0,0,0,train
S021,12,18,-1,Rest,7,7,0,0,0,0,train
S021,12,19,0,Left,7,7,0,0,0,0,train
S021,12,20,-1,Rest,7,4,3,0,0,3,train
S021,12,21,1,Right,7,7,0,0,0,0,train
S021,12,22,-1,Rest,7,7,0,0,0,0,train
S021,12,23,0,Left,7,7,0,0,0,0,train
S021,12,24,-1,Rest,7,7,0,0,0,0,train
S021,12,25,0,Left,7,7,0,0,0,0,train
S021,12,26,-1,Rest,7,7,0,0,0,0,train
S021,12,27,1,Right,7,7,0,0,0,0,train
S021,12,28,-1,Rest,7,7,0,0,0,0,train
S021,12,29,0,Left,7,7,0,0,0,0,train
S022,04,0,-1,Rest,7,7,0,0,0,0,train
S022,04,1,0,Left,7,1,6,0,0,6,train
S022,04,2,-1,Rest,7,7,0,0,0,0,train
S022,04,3,1,Right,7,7,0,0,0,0,train
S022,04,4,-1,Rest,7,7,0,0,0,0,train
S022,04,5,0,Left,7,7,0,0,0,0,train
S022,04,6,-1,Rest,7,7,0,0,0,0,train
S022,04,7,1,Right,7,7,0,0,0,0,train
S022,04,8,-1,Rest,7,7,0,0,0,0,train
S022,04,9,1,Right,7,7,0,0,0,0,train
S022,04,10,-1,Rest,7,7,0,0,0,0,train
S022,04,11,0,Left,7,7,0,0,0,0,train
S022,04,12,-1,Rest,7,3,4,0,0,4,train
S022,04,13,1,Right,7,7,0,0,0,0,train
S022,04,14,-1,Rest,7,7,0,0,0,0,train
S022,04,15,0,Left,7,2,5,0,0,5,train
S022,04,16,-1,Rest,7,7,0,0,0,0,train
S022,04,17,0,Left,7,6,1,0,0,1,train
S022,04,18,-1,Rest,7,3,4,0,0,4,train
S022,04,19,1,Right,7,7,0,0,0,0,train
S022,04,20,-1,Rest,7,7,0,0,0,0,train
S022,04,21,0,Left,7,7,0,0,0,0,train
S022,04,22,-1,Rest,7,7,0,0,0,0,train
S022,04,23,1,Right,7,7,0,0,0,0,train
S022,04,24,-1,Rest,7,7,0,0,0,0,train
S022,04,25,1,Right,7,7,0,0,0,0,train
S022,04,26,-1,Rest,7,7,0,0,0,0,train
S022,04,27,0,Left,7,7,0,0,0,0,train
S022,04,28,-1,Rest,7,7,0,0,0,0,train
S022,04,29,1,Right,7,7,0,0,0,0,train
S022,08,0,-1,Rest,7,7,0,0,0,0,train
S022,08,1,0,Left,7,7,0,0,0,0,train
S022,08,2,-1,Rest,7,7,0,0,0,0,train
S022,08,3,1,Right,7,7,0,0,0,0,train
S022,08,4,-1,Rest,7,7,0,0,0,0,train
S022,08,5,0,Left,7,7,0,0,0,0,train
S022,08,6,-1,Rest,7,7,0,0,0,0,train
S022,08,7,1,Right,7,7,0,0,0,0,train
S022,08,8,-1,Rest,7,7,0,0,0,0,train
S022,08,9,0,Left,7,7,0,0,0,0,train
S022,08,10,-1,Rest,7,7,0,0,0,0,train
S022,08,11,1,Right,7,7,0,0,0,0,train
S022,08,12,-1,Rest,7,7,0,0,0,0,train
S022,08,13,1,Right,7,7,0,0,0,0,train
S022,08,14,-1,Rest,7,7,0,0,0,0,train
S022,08,15,0,Left,7,7,0,0,0,0,train
S022,08,16,-1,Rest,7,7,0,0,0,0,train
S022,08,17,0,Left,7,7,0,0,0,0,train
S022,08,18,-1,Rest,7,7,0,0,0,0,train
S022,08,19,1,Right,7,7,0,0,0,0,train
S022,08,20,-1,Rest,7,7,0,0,0,0,train
S022,08,21,0,Left,7,7,0,0,0,0,train
S022,08,22,-1,Rest,7,7,0,0,0,0,train
S022,08,23,1,Right,7,0,7,0,0,7,train
S022,08,24,-1,Rest,7,7,0,0,0,0,train
S022,08,25,0,Left,7,7,0,0,0,0,train
S022,08,26,-1,Rest,7,7,0,0,0,0,train
S022,08,27,1,Right,7,7,0,0,0,0,train
S022,08,28,-1,Rest,7,7,0,0,0,0,train
S022,08,29,0,Left,7,6,1,0,0,1,train
S022,12,0,-1,Rest,7,7,0,0,0,0,train
S022,12,1,0,Left,7,7,0,0,0,0,train
S022,12,2,-1,Rest,7,7,0,0,0,0,train
S022,12,3,1,Right,7,7,0,0,0,0,train
S022,12,4,-1,Rest,7,7,0,0,0,0,train
S022,12,5,0,Left,7,7,0,0,0,0,train
S022,12,6,-1,Rest,7,7,0,0,0,0,train
S022,12,7,1,Right,7,7,0,0,0,0,train
S022,12,8,-1,Rest,7,7,0,0,0,0,train
S022,12,9,0,Left,7,7,0,0,0,0,train
S022,12,10,-1,Rest,7,7,0,0,0,0,train
S022,12,11,1,Right,7,7,0,0,0,0,train
S022,12,12,-1,Rest,7,7,0,0,0,0,train
S022,12,13,0,Left,7,7,0,0,0,0,train
S022,12,14,-1,Rest,7,7,0,0,0,0,train
S022,12,15,1,Right,7,7,0,0,0,0,train
S022,12,16,-1,Rest,7,7,0,0,0,0,train
S022,12,17,0,Left,7,7,0,0,0,0,train
S022,12,18,-1,Rest,7,7,0,0,0,0,train
S022,12,19,1,Right,7,7,0,0,0,0,train
S022,12,20,-1,Rest,7,7,0,0,0,0,train
S022,12,21,0,Left,7,7,0,0,0,0,train
S022,12,22,-1,Rest,7,7,0,0,0,0,train
S022,12,23,1,Right,7,7,0,0,0,0,train
S022,12,24,-1,Rest,7,7,0,0,0,0,train
S022,12,25,1,Right,7,7,0,0,0,0,train
S022,12,26,-1,Rest,7,7,0,0,0,0,train
S022,12,27,0,Left,7,7,0,0,0,0,train
S022,12,28,-1,Rest,7,7,0,0,0,0,train
S022,12,29,1,Right,7,7,0,0,0,0,train
S024,04,0,-1,Rest,7,4,3,0,0,3,train
S024,04,1,1,Right,7,2,5,0,0,5,train
S024,04,2,-1,Rest,7,0,7,0,0,7,train
S024,04,3,0,Left,7,7,0,0,0,0,train
S024,04,4,-1,Rest,7,7,0,0,0,0,train
S024,04,5,1,Right,7,7,0,0,0,0,train
S024,04,6,-1,Rest,7,7,0,0,0,0,train
S024,04,7,0,Left,7,1,6,0,0,6,train
S024,04,8,-1,Rest,7,7,0,0,0,0,train
S024,04,9,1,Right,7,0,7,0,0,7,train
S024,04,10,-1,Rest,7,1,6,0,0,6,train
S024,04,11,0,Left,7,0,7,0,0,7,train
S024,04,12,-1,Rest,7,0,7,0,0,7,train
S024,04,13,1,Right,7,0,7,0,0,7,train
S024,04,14,-1,Rest,7,7,0,0,0,0,train
S024,04,15,0,Left,7,5,2,0,0,2,train
S024,04,16,-1,Rest,7,7,0,0,0,0,train
S024,04,17,1,Right,7,1,6,0,0,6,train
S024,04,18,-1,Rest,7,7,0,0,0,0,train
S024,04,19,0,Left,7,0,7,0,0,7,train
S024,04,20,-1,Rest,7,4,3,0,0,3,train
S024,04,21,1,Right,7,3,4,0,0,4,train
S024,04,22,-1,Rest,7,0,7,0,0,7,train
S024,04,23,0,Left,7,0,7,0,0,7,train
S024,04,24,-1,Rest,7,7,0,0,0,0,train
S024,04,25,0,Left,7,7,0,0,0,0,train
S024,04,26,-1,Rest,7,7,0,0,0,0,train
S024,04,27,1,Right,7,4,3,0,0,3,train
S024,04,28,-1,Rest,7,2,5,0,0,5,train
S024,04,29,1,Right,7,2,5,0,0,5,train
S024,08,0,-1,Rest,7,4,3,0,0,3,train
S024,08,1,0,Left,7,0,7,0,0,7,train
S024,08,2,-1,Rest,7,0,7,0,0,7,train
S024,08,3,1,Right,7,0,7,0,0,7,train
S024,08,4,-1,Rest,7,0,7,0,0,7,train
S024,08,5,0,Left,7,7,0,0,0,0,train
S024,08,6,-1,Rest,7,3,4,0,0,4,train
S024,08,7,1,Right,7,0,7,0,0,7,train
S024,08,8,-1,Rest,7,0,7,0,0,7,train
S024,08,9,1,Right,7,0,7,0,0,7,train
S024,08,10,-1,Rest,7,0,7,0,0,7,train
S024,08,11,0,Left,7,0,7,0,0,7,train
S024,08,12,-1,Rest,7,0,7,0,0,7,train
S024,08,13,0,Left,7,0,7,0,0,7,train
S024,08,14,-1,Rest,7,0,7,0,0,7,train
S024,08,15,1,Right,7,0,7,0,0,7,train
S024,08,16,-1,Rest,7,0,7,0,0,7,train
S024,08,17,0,Left,7,0,7,0,0,7,train
S024,08,18,-1,Rest,7,0,7,0,0,7,train
S024,08,19,1,Right,7,0,7,0,0,7,train
S024,08,20,-1,Rest,7,0,7,0,0,7,train
S024,08,21,0,Left,7,0,7,0,0,7,train
S024,08,22,-1,Rest,7,0,7,0,0,7,train
S024,08,23,1,Right,7,0,7,0,0,7,train
S024,08,24,-1,Rest,7,0,7,0,0,7,train
S024,08,25,1,Right,7,0,7,0,0,7,train
S024,08,26,-1,Rest,7,0,7,0,0,7,train
S024,08,27,0,Left,7,0,7,0,0,7,train
S024,08,28,-1,Rest,7,0,7,0,0,7,train
S024,08,29,1,Right,7,0,7,0,0,7,train
S024,12,0,-1,Rest,7,0,7,0,0,7,train
S024,12,1,0,Left,7,0,7,0,0,7,train
S024,12,2,-1,Rest,7,7,0,0,0,0,train
S024,12,3,1,Right,7,2,5,0,0,5,train
S024,12,4,-1,Rest,7,0,7,0,0,7,train
S024,12,5,0,Left,7,0,7,0,0,7,train
S024,12,6,-1,Rest,7,0,7,0,0,7,train
S024,12,7,1,Right,7,0,7,0,0,7,train
S024,12,8,-1,Rest,7,0,7,0,0,7,train
S024,12,9,0,Left,7,0,7,0,0,7,train
S024,12,10,-1,Rest,7,0,7,0,0,7,train
S024,12,11,1,Right,7,0,7,0,0,7,train
S024,12,12,-1,Rest,7,0,7,0,0,7,train
S024,12,13,0,Left,7,3,4,0,0,4,train
S024,12,14,-1,Rest,7,0,7,0,0,7,train
S024,12,15,1,Right,7,0,7,0,0,7,train
S024,12,16,-1,Rest,7,0,7,0,0,7,train
S024,12,17,1,Right,7,0,7,0,0,7,train
S024,12,18,-1,Rest,7,0,7,0,0,7,train
S024,12,19,0,Left,7,0,7,0,0,7,train
S024,12,20,-1,Rest,7,0,7,0,0,7,train
S024,12,21,1,Right,7,0,7,0,0,7,train
S024,12,22,-1,Rest,7,1,6,0,0,6,train
S024,12,23,0,Left,7,0,7,0,0,7,train
S024,12,24,-1,Rest,7,0,7,0,0,7,train
S024,12,25,0,Left,7,0,7,0,0,7,train
S024,12,26,-1,Rest,7,0,7,0,0,7,train
S024,12,27,1,Right,7,0,7,0,0,7,train
S024,12,28,-1,Rest,7,0,7,0,0,7,train
S024,12,29,0,Left,7,0,7,0,0,7,train
S025,04,0,-1,Rest,7,7,0,0,0,0,train
S025,04,1,1,Right,7,7,0,0,0,0,train
S025,04,2,-1,Rest,7,7,0,0,0,0,train
S025,04,3,0,Left,7,7,0,0,0,0,train
S025,04,4,-1,Rest,7,7,0,0,0,0,train
S025,04,5,1,Right,7,7,0,0,0,0,train
S025,04,6,-1,Rest,7,7,0,0,0,0,train
S025,04,7,0,Left,7,7,0,0,0,0,train
S025,04,8,-1,Rest,7,7,0,0,0,0,train
S025,04,9,1,Right,7,7,0,0,0,0,train
S025,04,10,-1,Rest,7,7,0,0,0,0,train
S025,04,11,0,Left,7,7,0,0,0,0,train
S025,04,12,-1,Rest,7,7,0,0,0,0,train
S025,04,13,1,Right,7,7,0,0,0,0,train
S025,04,14,-1,Rest,7,7,0,0,0,0,train
S025,04,15,0,Left,7,7,0,0,0,0,train
S025,04,16,-1,Rest,7,7,0,0,0,0,train
S025,04,17,1,Right,7,7,0,0,0,0,train
S025,04,18,-1,Rest,7,7,0,0,0,0,train
S025,04,19,0,Left,7,7,0,0,0,0,train
S025,04,20,-1,Rest,7,7,0,0,0,0,train
S025,04,21,1,Right,7,7,0,0,0,0,train
S025,04,22,-1,Rest,7,7,0,0,0,0,train
S025,04,23,0,Left,7,7,0,0,0,0,train
S025,04,24,-1,Rest,7,7,0,0,0,0,train
S025,04,25,0,Left,7,7,0,0,0,0,train
S025,04,26,-1,Rest,7,7,0,0,0,0,train
S025,04,27,1,Right,7,7,0,0,0,0,train
S025,04,28,-1,Rest,7,7,0,0,0,0,train
S025,04,29,1,Right,7,7,0,0,0,0,train
S025,08,0,-1,Rest,7,7,0,0,0,0,train
S025,08,1,0,Left,7,7,0,0,0,0,train
S025,08,2,-1,Rest,7,7,0,0,0,0,train
S025,08,3,1,Right,7,7,0,0,0,0,train
S025,08,4,-1,Rest,7,7,0,0,0,0,train
S025,08,5,1,Right,7,7,0,0,0,0,train
S025,08,6,-1,Rest,7,7,0,0,0,0,train
S025,08,7,0,Left,7,7,0,0,0,0,train
S025,08,8,-1,Rest,7,7,0,0,0,0,train
S025,08,9,0,Left,7,7,0,0,0,0,train
S025,08,10,-1,Rest,7,7,0,0,0,0,train
S025,08,11,1,Right,7,7,0,0,0,0,train
S025,08,12,-1,Rest,7,7,0,0,0,0,train
S025,08,13,1,Right,7,7,0,0,0,0,train
S025,08,14,-1,Rest,7,7,0,0,0,0,train
S025,08,15,0,Left,7,7,0,0,0,0,train
S025,08,16,-1,Rest,7,7,0,0,0,0,train
S025,08,17,0,Left,7,7,0,0,0,0,train
S025,08,18,-1,Rest,7,7,0,0,0,0,train
S025,08,19,1,Right,7,7,0,0,0,0,train
S025,08,20,-1,Rest,7,7,0,0,0,0,train
S025,08,21,0,Left,7,7,0,0,0,0,train
S025,08,22,-1,Rest,7,7,0,0,0,0,train
S025,08,23,1,Right,7,7,0,0,0,0,train
S025,08,24,-1,Rest,7,7,0,0,0,0,train
S025,08,25,1,Right,7,7,0,0,0,0,train
S025,08,26,-1,Rest,7,7,0,0,0,0,train
S025,08,27,0,Left,7,7,0,0,0,0,train
S025,08,28,-1,Rest,7,7,0,0,0,0,train
S025,08,29,1,Right,7,7,0,0,0,0,train
S025,12,0,-1,Rest,7,7,0,0,0,0,train
S025,12,1,1,Right,7,7,0,0,0,0,train
S025,12,2,-1,Rest,7,7,0,0,0,0,train
S025,12,3,0,Left,7,7,0,0,0,0,train
S025,12,4,-1,Rest,7,7,0,0,0,0,train
S025,12,5,0,Left,7,7,0,0,0,0,train
S025,12,6,-1,Rest,7,7,0,0,0,0,train
S025,12,7,1,Right,7,7,0,0,0,0,train
S025,12,8,-1,Rest,7,7,0,0,0,0,train
S025,12,9,0,Left,7,7,0,0,0,0,train
S025,12,10,-1,Rest,7,7,0,0,0,0,train
S025,12,11,1,Right,7,7,0,0,0,0,train
S025,12,12,-1,Rest,7,7,0,0,0,0,train
S025,12,13,1,Right,7,7,0,0,0,0,train
S025,12,14,-1,Rest,7,7,0,0,0,0,train
S025,12,15,0,Left,7,7,0,0,0,0,train
S025,12,16,-1,Rest,7,7,0,0,0,0,train
S025,12,17,1,Right,7,7,0,0,0,0,train
S025,12,18,-1,Rest,7,7,0,0,0,0,train
S025,12,19,0,Left,7,7,0,0,0,0,train
S025,12,20,-1,Rest,7,7,0,0,0,0,train
S025,12,21,1,Right,7,7,0,0,0,0,train
S025,12,22,-1,Rest,7,7,0,0,0,0,train
S025,12,23,0,Left,7,7,0,0,0,0,train
S025,12,24,-1,Rest,7,7,0,0,0,0,train
S025,12,25,0,Left,7,7,0,0,0,0,train
S025,12,26,-1,Rest,7,7,0,0,0,0,train
S025,12,27,1,Right,7,7,0,0,0,0,train
S025,12,28,-1,Rest,7,7,0,0,0,0,train
S025,12,29,0,Left,7,7,0,0,0,0,train
S026,04,0,-1,Rest,7,7,0,0,0,0,train
S026,04,1,1,Right,7,7,0,0,0,0,train
S026,04,2,-1,Rest,7,7,0,0,0,0,train
S026,04,3,0,Left,7,7,0,0,0,0,train
S026,04,4,-1,Rest,7,7,0,0,0,0,train
S026,04,5,1,Right,7,7,0,0,0,0,train
S026,04,6,-1,Rest,7,7,0,0,0,0,train
S026,04,7,0,Left,7,7,0,0,0,0,train
S026,04,8,-1,Rest,7,7,0,0,0,0,train
S026,04,9,1,Right,7,7,0,0,0,0,train
S026,04,10,-1,Rest,7,7,0,0,0,0,train
S026,04,11,0,Left,7,7,0,0,0,0,train
S026,04,12,-1,Rest,7,7,0,0,0,0,train
S026,04,13,0,Left,7,7,0,0,0,0,train
S026,04,14,-1,Rest,7,7,0,0,0,0,train
S026,04,15,1,Right,7,7,0,0,0,0,train
S026,04,16,-1,Rest,7,7,0,0,0,0,train
S026,04,17,0,Left,7,7,0,0,0,0,train
S026,04,18,-1,Rest,7,7,0,0,0,0,train
S026,04,19,1,Right,7,7,0,0,0,0,train
S026,04,20,-1,Rest,7,7,0,0,0,0,train
S026,04,21,0,Left,7,7,0,0,0,0,train
S026,04,22,-1,Rest,7,7,0,0,0,0,train
S026,04,23,1,Right,7,7,0,0,0,0,train
S026,04,24,-1,Rest,7,7,0,0,0,0,train
S026,04,25,1,Right,7,7,0,0,0,0,train
S026,04,26,-1,Rest,7,7,0,0,0,0,train
S026,04,27,0,Left,7,7,0,0,0,0,train
S026,04,28,-1,Rest,7,7,0,0,0,0,train
S026,04,29,0,Left,7,7,0,0,0,0,train
S026,08,0,-1,Rest,7,7,0,0,0,0,train
S026,08,1,0,Left,7,7,0,0,0,0,train
S026,08,2,-1,Rest,7,7,0,0,0,0,train
S026,08,3,1,Right,7,7,0,0,0,0,train
S026,08,4,-1,Rest,7,7,0,0,0,0,train
S026,08,5,0,Left,7,7,0,0,0,0,train
S026,08,6,-1,Rest,7,7,0,0,0,0,train
S026,08,7,1,Right,7,7,0,0,0,0,train
S026,08,8,-1,Rest,7,7,0,0,0,0,train
S026,08,9,1,Right,7,7,0,0,0,0,train
S026,08,10,-1,Rest,7,7,0,0,0,0,train
S026,08,11,0,Left,7,7,0,0,0,0,train
S026,08,12,-1,Rest,7,7,0,0,0,0,train
S026,08,13,1,Right,7,7,0,0,0,0,train
S026,08,14,-1,Rest,7,7,0,0,0,0,train
S026,08,15,0,Left,7,7,0,0,0,0,train
S026,08,16,-1,Rest,7,7,0,0,0,0,train
S026,08,17,1,Right,7,7,0,0,0,0,train
S026,08,18,-1,Rest,7,7,0,0,0,0,train
S026,08,19,0,Left,7,7,0,0,0,0,train
S026,08,20,-1,Rest,7,7,0,0,0,0,train
S026,08,21,1,Right,7,7,0,0,0,0,train
S026,08,22,-1,Rest,7,7,0,0,0,0,train
S026,08,23,0,Left,7,7,0,0,0,0,train
S026,08,24,-1,Rest,7,7,0,0,0,0,train
S026,08,25,1,Right,7,7,0,0,0,0,train
S026,08,26,-1,Rest,7,7,0,0,0,0,train
S026,08,27,0,Left,7,7,0,0,0,0,train
S026,08,28,-1,Rest,7,7,0,0,0,0,train
S026,08,29,0,Left,7,7,0,0,0,0,train
S026,12,0,-1,Rest,7,7,0,0,0,0,train
S026,12,1,0,Left,7,7,0,0,0,0,train
S026,12,2,-1,Rest,7,7,0,0,0,0,train
S026,12,3,1,Right,7,7,0,0,0,0,train
S026,12,4,-1,Rest,7,7,0,0,0,0,train
S026,12,5,1,Right,7,7,0,0,0,0,train
S026,12,6,-1,Rest,7,7,0,0,0,0,train
S026,12,7,0,Left,7,7,0,0,0,0,train
S026,12,8,-1,Rest,7,7,0,0,0,0,train
S026,12,9,1,Right,7,7,0,0,0,0,train
S026,12,10,-1,Rest,7,7,0,0,0,0,train
S026,12,11,0,Left,7,7,0,0,0,0,train
S026,12,12,-1,Rest,7,7,0,0,0,0,train
S026,12,13,0,Left,7,7,0,0,0,0,train
S026,12,14,-1,Rest,7,7,0,0,0,0,train
S026,12,15,1,Right,7,7,0,0,0,0,train
S026,12,16,-1,Rest,7,7,0,0,0,0,train
S026,12,17,0,Left,7,7,0,0,0,0,train
S026,12,18,-1,Rest,7,7,0,0,0,0,train
S026,12,19,1,Right,7,7,0,0,0,0,train
S026,12,20,-1,Rest,7,7,0,0,0,0,train
S026,12,21,0,Left,7,7,0,0,0,0,train
S026,12,22,-1,Rest,7,7,0,0,0,0,train
S026,12,23,1,Right,7,7,0,0,0,0,train
S026,12,24,-1,Rest,7,7,0,0,0,0,train
S026,12,25,0,Left,7,7,0,0,0,0,train
S026,12,26,-1,Rest,7,7,0,0,0,0,train
S026,12,27,1,Right,7,7,0,0,0,0,train
S026,12,28,-1,Rest,7,7,0,0,0,0,train
S026,12,29,0,Left,7,7,0,0,0,0,train
S027,04,0,-1,Rest,7,7,0,0,0,0,train
S027,04,1,0,Left,7,0,7,0,0,7,train
S027,04,2,-1,Rest,7,7,0,0,0,0,train
S027,04,3,1,Right,7,7,0,0,0,0,train
S027,04,4,-1,Rest,7,7,0,0,0,0,train
S027,04,5,0,Left,7,7,0,0,0,0,train
S027,04,6,-1,Rest,7,7,0,0,0,0,train
S027,04,7,1,Right,7,7,0,0,0,0,train
S027,04,8,-1,Rest,7,7,0,0,0,0,train
S027,04,9,1,Right,7,7,0,0,0,0,train
S027,04,10,-1,Rest,7,5,2,0,0,2,train
S027,04,11,0,Left,7,7,0,0,0,0,train
S027,04,12,-1,Rest,7,7,0,0,0,0,train
S027,04,13,1,Right,7,7,0,0,0,0,train
S027,04,14,-1,Rest,7,2,5,0,0,5,train
S027,04,15,0,Left,7,7,0,0,0,0,train
S027,04,16,-1,Rest,7,7,0,0,0,0,train
S027,04,17,0,Left,7,7,0,0,0,0,train
S027,04,18,-1,Rest,7,7,0,0,0,0,train
S027,04,19,1,Right,7,7,0,0,0,0,train
S027,04,20,-1,Rest,7,1,6,0,0,6,train
S027,04,21,0,Left,7,7,0,0,0,0,train
S027,04,22,-1,Rest,7,3,4,0,0,4,train
S027,04,23,1,Right,7,7,0,0,0,0,train
S027,04,24,-1,Rest,7,7,0,0,0,0,train
S027,04,25,1,Right,7,4,3,0,0,3,train
S027,04,26,-1,Rest,7,7,0,0,0,0,train
S027,04,27,0,Left,7,7,0,0,0,0,train
S027,04,28,-1,Rest,7,7,0,0,0,0,train
S027,04,29,0,Left,7,7,0,0,0,0,train
S027,08,0,-1,Rest,7,7,0,0,0,0,train
S027,08,1,0,Left,7,7,0,0,0,0,train
S027,08,2,-1,Rest,7,7,0,0,0,0,train
S027,08,3,1,Right,7,7,0,0,0,0,train
S027,08,4,-1,Rest,7,4,3,0,0,3,train
S027,08,5,1,Right,7,7,0,0,0,0,train
S027,08,6,-1,Rest,7,7,0,0,0,0,train
S027,08,7,0,Left,7,7,0,0,0,0,train
S027,08,8,-1,Rest,7,7,0,0,0,0,train
S027,08,9,1,Right,7,7,0,0,0,0,train
S027,08,10,-1,Rest,7,3,4,0,0,4,train
S027,08,11,0,Left,7,7,0,0,0,0,train
S027,08,12,-1,Rest,7,3,4,0,0,4,train
S027,08,13,0,Left,7,7,0,0,0,0,train
S027,08,14,-1,Rest,7,0,7,0,0,7,train
S027,08,15,1,Right,7,7,0,0,0,0,train
S027,08,16,-1,Rest,7,7,0,0,0,0,train
S027,08,17,1,Right,7,7,0,0,0,0,train
S027,08,18,-1,Rest,7,7,0,0,0,0,train
S027,08,19,0,Left,7,7,0,0,0,0,train
S027,08,20,-1,Rest,7,7,0,0,0,0,train
S027,08,21,1,Right,7,7,0,0,0,0,train
S027,08,22,-1,Rest,7,6,1,0,0,1,train
S027,08,23,0,Left,7,7,0,0,0,0,train
S027,08,24,-1,Rest,7,7,0,0,0,0,train
S027,08,25,0,Left,7,7,0,0,0,0,train
S027,08,26,-1,Rest,7,7,0,0,0,0,train
S027,08,27,1,Right,7,7,0,0,0,0,train
S027,08,28,-1,Rest,7,7,0,0,0,0,train
S027,08,29,1,Right,7,7,0,0,0,0,train
S027,12,0,-1,Rest,7,7,0,0,0,0,train
S027,12,1,0,Left,7,7,0,0,0,0,train
S027,12,2,-1,Rest,7,7,0,0,0,0,train
S027,12,3,1,Right,7,7,0,0,0,0,train
S027,12,4,-1,Rest,7,7,0,0,0,0,train
S027,12,5,0,Left,7,7,0,0,0,0,train
S027,12,6,-1,Rest,7,7,0,0,0,0,train
S027,12,7,1,Right,7,7,0,0,0,0,train
S027,12,8,-1,Rest,7,7,0,0,0,0,train
S027,12,9,0,Left,7,7,0,0,0,0,train
S027,12,10,-1,Rest,7,7,0,0,0,0,train
S027,12,11,1,Right,7,3,4,0,0,4,train
S027,12,12,-1,Rest,7,7,0,0,0,0,train
S027,12,13,0,Left,7,3,4,0,0,4,train
S027,12,14,-1,Rest,7,7,0,0,0,0,train
S027,12,15,1,Right,7,7,0,0,0,0,train
S027,12,16,-1,Rest,7,7,0,0,0,0,train
S027,12,17,1,Right,7,7,0,0,0,0,train
S027,12,18,-1,Rest,7,7,0,0,0,0,train
S027,12,19,0,Left,7,7,0,0,0,0,train
S027,12,20,-1,Rest,7,7,0,0,0,0,train
S027,12,21,0,Left,7,7,0,0,0,0,train
S027,12,22,-1,Rest,7,4,3,0,0,3,train
S027,12,23,1,Right,7,7,0,0,0,0,train
S027,12,24,-1,Rest,7,7,0,0,0,0,train
S027,12,25,0,Left,7,7,0,0,0,0,train
S027,12,26,-1,Rest,7,3,4,0,0,4,train
S027,12,27,1,Right,7,7,0,0,0,0,train
S027,12,28,-1,Rest,7,0,7,0,0,7,train
S027,12,29,0,Left,7,7,0,0,0,0,train
S028,04,0,-1,Rest,7,7,0,0,0,0,train
S028,04,1,0,Left,7,7,0,0,0,0,train
S028,04,2,-1,Rest,7,7,0,0,0,0,train
S028,04,3,1,Right,7,7,0,0,0,0,train
S028,04,4,-1,Rest,7,7,0,0,0,0,train
S028,04,5,1,Right,7,7,0,0,0,0,train
S028,04,6,-1,Rest,7,7,0,0,0,0,train
S028,04,7,0,Left,7,7,0,0,0,0,train
S028,04,8,-1,Rest,7,7,0,0,0,0,train
S028,04,9,1,Right,7,7,0,0,0,0,train
S028,04,10,-1,Rest,7,0,7,0,0,7,train
S028,04,11,0,Left,7,7,0,0,0,0,train
S028,04,12,-1,Rest,7,0,7,0,0,7,train
S028,04,13,1,Right,7,7,0,0,0,0,train
S028,04,14,-1,Rest,7,7,0,0,0,0,train
S028,04,15,0,Left,7,7,0,0,0,0,train
S028,04,16,-1,Rest,7,4,3,0,0,3,train
S028,04,17,0,Left,7,7,0,0,0,0,train
S028,04,18,-1,Rest,7,7,0,0,0,0,train
S028,04,19,1,Right,7,7,0,0,0,0,train
S028,04,20,-1,Rest,7,0,7,0,0,7,train
S028,04,21,0,Left,7,7,0,0,0,0,train
S028,04,22,-1,Rest,7,0,7,0,0,7,train
S028,04,23,1,Right,7,7,0,0,0,0,train
S028,04,24,-1,Rest,7,0,7,0,0,7,train
S028,04,25,0,Left,7,3,4,0,0,4,train
S028,04,26,-1,Rest,7,5,2,0,0,2,train
S028,04,27,1,Right,7,0,7,0,0,7,train
S028,04,28,-1,Rest,7,1,6,0,0,6,train
S028,04,29,0,Left,7,6,1,0,0,1,train
S028,08,0,-1,Rest,7,1,6,0,0,6,train
S028,08,1,0,Left,7,7,0,0,0,0,train
S028,08,2,-1,Rest,7,5,2,0,0,2,train
S028,08,3,1,Right,7,7,0,0,0,0,train
S028,08,4,-1,Rest,7,7,0,0,0,0,train
S028,08,5,1,Right,7,7,0,0,0,0,train
S028,08,6,-1,Rest,7,0,7,0,0,7,train
S028,08,7,0,Left,7,7,0,0,0,0,train
S028,08,8,-1,Rest,7,0,7,0,0,7,train
S028,08,9,1,Right,7,0,7,0,0,7,train
S028,08,10,-1,Rest,7,0,7,0,0,7,train
S028,08,11,0,Left,7,0,7,0,0,7,train
S028,08,12,-1,Rest,7,0,7,0,0,7,train
S028,08,13,1,Right,7,7,0,0,0,0,train
S028,08,14,-1,Rest,7,7,0,0,0,0,train
S028,08,15,0,Left,7,7,0,0,0,0,train
S028,08,16,-1,Rest,7,7,0,0,0,0,train
S028,08,17,1,Right,7,7,0,0,0,0,train
S028,08,18,-1,Rest,7,7,0,0,0,0,train
S028,08,19,0,Left,7,7,0,0,0,0,train
S028,08,20,-1,Rest,7,7,0,0,0,0,train
S028,08,21,0,Left,7,7,0,0,0,0,train
S028,08,22,-1,Rest,7,1,6,0,0,6,train
S028,08,23,1,Right,7,7,0,0,0,0,train
S028,08,24,-1,Rest,7,7,0,0,0,0,train
S028,08,25,0,Left,7,7,0,0,0,0,train
S028,08,26,-1,Rest,7,1,6,0,0,6,train
S028,08,27,1,Right,7,7,0,0,0,0,train
S028,08,28,-1,Rest,7,3,4,0,0,4,train
S028,08,29,1,Right,7,2,5,0,0,5,train
S028,12,0,-1,Rest,7,7,0,0,0,0,train
S028,12,1,0,Left,7,7,0,0,0,0,train
S028,12,2,-1,Rest,7,7,0,0,0,0,train
S028,12,3,1,Right,7,7,0,0,0,0,train
S028,12,4,-1,Rest,7,7,0,0,0,0,train
S028,12,5,0,Left,7,7,0,0,0,0,train
S028,12,6,-1,Rest,7,5,2,0,0,2,train
S028,12,7,1,Right,7,7,0,0,0,0,train
S028,12,8,-1,Rest,7,0,7,0,0,7,train
S028,12,9,0,Left,7,2,5,0,0,5,train
S028,12,10,-1,Rest,7,0,7,0,0,7,train
S028,12,11,1,Right,7,3,4,0,0,4,train
S028,12,12,-1,Rest,7,0,7,0,0,7,train
S028,12,13,1,Right,7,4,3,0,0,3,train
S028,12,14,-1,Rest,7,0,7,0,0,7,train
S028,12,15,0,Left,7,7,0,0,0,0,train
S028,12,16,-1,Rest,7,5,2,0,0,2,train
S028,12,17,1,Right,7,7,0,0,0,0,train
S028,12,18,-1,Rest,7,0,7,0,0,7,train
S028,12,19,0,Left,7,2,5,0,0,5,train
S028,12,20,-1,Rest,7,7,0,0,0,0,train
S028,12,21,0,Left,7,0,7,0,0,7,train
S028,12,22,-1,Rest,7,0,7,0,0,7,train
S028,12,23,1,Right,7,7,0,0,0,0,train
S028,12,24,-1,Rest,7,0,7,0,0,7,train
S028,12,25,0,Left,7,2,5,0,0,5,train
S028,12,26,-1,Rest,7,0,7,0,0,7,train
S028,12,27,1,Right,7,0,7,0,0,7,train
S028,12,28,-1,Rest,7,3,4,0,0,4,train
S028,12,29,1,Right,7,7,0,0,0,0,train
S029,04,0,-1,Rest,7,7,0,0,0,0,train
S029,04,1,1,Right,7,7,0,0,0,0,train
S029,04,2,-1,Rest,7,7,0,0,0,0,train
S029,04,3,0,Left,7,7,0,0,0,0,train
S029,04,4,-1,Rest,7,7,0,0,0,0,train
S029,04,5,1,Right,7,7,0,0,0,0,train
S029,04,6,-1,Rest,7,7,0,0,0,0,train
S029,04,7,0,Left,7,7,0,0,0,0,train
S029,04,8,-1,Rest,7,7,0,0,0,0,train
S029,04,9,1,Right,7,7,0,0,0,0,train
S029,04,10,-1,Rest,7,7,0,0,0,0,train
S029,04,11,0,Left,7,7,0,0,0,0,train
S029,04,12,-1,Rest,7,7,0,0,0,0,train
S029,04,13,1,Right,7,7,0,0,0,0,train
S029,04,14,-1,Rest,7,7,0,0,0,0,train
S029,04,15,0,Left,7,7,0,0,0,0,train
S029,04,16,-1,Rest,7,7,0,0,0,0,train
S029,04,17,1,Right,7,7,0,0,0,0,train
S029,04,18,-1,Rest,7,7,0,0,0,0,train
S029,04,19,0,Left,7,7,0,0,0,0,train
S029,04,20,-1,Rest,7,7,0,0,0,0,train
S029,04,21,0,Left,7,7,0,0,0,0,train
S029,04,22,-1,Rest,7,7,0,0,0,0,train
S029,04,23,1,Right,7,7,0,0,0,0,train
S029,04,24,-1,Rest,7,7,0,0,0,0,train
S029,04,25,1,Right,7,7,0,0,0,0,train
S029,04,26,-1,Rest,7,7,0,0,0,0,train
S029,04,27,0,Left,7,7,0,0,0,0,train
S029,04,28,-1,Rest,7,7,0,0,0,0,train
S029,04,29,0,Left,7,7,0,0,0,0,train
S029,08,0,-1,Rest,7,7,0,0,0,0,train
S029,08,1,0,Left,7,7,0,0,0,0,train
S029,08,2,-1,Rest,7,7,0,0,0,0,train
S029,08,3,1,Right,7,7,0,0,0,0,train
S029,08,4,-1,Rest,7,7,0,0,0,0,train
S029,08,5,1,Right,7,7,0,0,0,0,train
S029,08,6,-1,Rest,7,7,0,0,0,0,train
S029,08,7,0,Left,7,7,0,0,0,0,train
S029,08,8,-1,Rest,7,7,0,0,0,0,train
S029,08,9,0,Left,7,7,0,0,0,0,train
S029,08,10,-1,Rest,7,7,0,0,0,0,train
S029,08,11,1,Right,7,7,0,0,0,0,train
S029,08,12,-1,Rest,7,7,0,0,0,0,train
S029,08,13,0,Left,7,7,0,0,0,0,train
S029,08,14,-1,Rest,7,7,0,0,0,0,train
S029,08,15,1,Right,7,7,0,0,0,0,train
S029,08,16,-1,Rest,7,7,0,0,0,0,train
S029,08,17,0,Left,7,7,0,0,0,0,train
S029,08,18,-1,Rest,7,7,0,0,0,0,train
S029,08,19,1,Right,7,7,0,0,0,0,train
S029,08,20,-1,Rest,7,7,0,0,0,0,train
S029,08,21,0,Left,7,7,0,0,0,0,train
S029,08,22,-1,Rest,7,7,0,0,0,0,train
S029,08,23,1,Right,7,7,0,0,0,0,train
S029,08,24,-1,Rest,7,7,0,0,0,0,train
S029,08,25,1,Right,7,7,0,0,0,0,train
S029,08,26,-1,Rest,7,7,0,0,0,0,train
S029,08,27,0,Left,7,7,0,0,0,0,train
S029,08,28,-1,Rest,7,7,0,0,0,0,train
S029,08,29,0,Left,7,7,0,0,0,0,train
S029,12,0,-1,Rest,7,7,0,0,0,0,train
S029,12,1,0,Left,7,7,0,0,0,0,train
S029,12,2,-1,Rest,7,7,0,0,0,0,train
S029,12,3,1,Right,7,7,0,0,0,0,train
S029,12,4,-1,Rest,7,7,0,0,0,0,train
S029,12,5,1,Right,7,7,0,0,0,0,train
S029,12,6,-1,Rest,7,7,0,0,0,0,train
S029,12,7,0,Left,7,7,0,0,0,0,train
S029,12,8,-1,Rest,7,7,0,0,0,0,train
S029,12,9,1,Right,7,7,0,0,0,0,train
S029,12,10,-1,Rest,7,7,0,0,0,0,train
S029,12,11,0,Left,7,7,0,0,0,0,train
S029,12,12,-1,Rest,7,7,0,0,0,0,train
S029,12,13,1,Right,7,7,0,0,0,0,train
S029,12,14,-1,Rest,7,7,0,0,0,0,train
S029,12,15,0,Left,7,7,0,0,0,0,train
S029,12,16,-1,Rest,7,7,0,0,0,0,train
S029,12,17,1,Right,7,7,0,0,0,0,train
S029,12,18,-1,Rest,7,7,0,0,0,0,train
S029,12,19,0,Left,7,7,0,0,0,0,train
S029,12,20,-1,Rest,7,7,0,0,0,0,train
S029,12,21,0,Left,7,7,0,0,0,0,train
S029,12,22,-1,Rest,7,7,0,0,0,0,train
S029,12,23,1,Right,7,7,0,0,0,0,train
S029,12,24,-1,Rest,7,7,0,0,0,0,train
S029,12,25,0,Left,7,7,0,0,0,0,train
S029,12,26,-1,Rest,7,7,0,0,0,0,train
S029,12,27,1,Right,7,7,0,0,0,0,train
S029,12,28,-1,Rest,7,7,0,0,0,0,train
S029,12,29,1,Right,7,7,0,0,0,0,train
S030,04,0,-1,Rest,7,7,0,0,0,0,train
S030,04,1,1,Right,7,7,0,0,0,0,train
S030,04,2,-1,Rest,7,7,0,0,0,0,train
S030,04,3,0,Left,7,7,0,0,0,0,train
S030,04,4,-1,Rest,7,7,0,0,0,0,train
S030,04,5,0,Left,7,7,0,0,0,0,train
S030,04,6,-1,Rest,7,7,0,0,0,0,train
S030,04,7,1,Right,7,7,0,0,0,0,train
S030,04,8,-1,Rest,7,7,0,0,0,0,train
S030,04,9,1,Right,7,7,0,0,0,0,train
S030,04,10,-1,Rest,7,7,0,0,0,0,train
S030,04,11,0,Left,7,7,0,0,0,0,train
S030,04,12,-1,Rest,7,7,0,0,0,0,train
S030,04,13,0,Left,7,7,0,0,0,0,train
S030,04,14,-1,Rest,7,7,0,0,0,0,train
S030,04,15,1,Right,7,7,0,0,0,0,train
S030,04,16,-1,Rest,7,7,0,0,0,0,train
S030,04,17,0,Left,7,7,0,0,0,0,train
S030,04,18,-1,Rest,7,7,0,0,0,0,train
S030,04,19,1,Right,7,7,0,0,0,0,train
S030,04,20,-1,Rest,7,7,0,0,0,0,train
S030,04,21,0,Left,7,7,0,0,0,0,train
S030,04,22,-1,Rest,7,7,0,0,0,0,train
S030,04,23,1,Right,7,7,0,0,0,0,train
S030,04,24,-1,Rest,7,7,0,0,0,0,train
S030,04,25,1,Right,7,7,0,0,0,0,train
S030,04,26,-1,Rest,7,7,0,0,0,0,train
S030,04,27,0,Left,7,7,0,0,0,0,train
S030,04,28,-1,Rest,7,7,0,0,0,0,train
S030,04,29,0,Left,7,7,0,0,0,0,train
S030,08,0,-1,Rest,7,7,0,0,0,0,train
S030,08,1,0,Left,7,7,0,0,0,0,train
S030,08,2,-1,Rest,7,7,0,0,0,0,train
S030,08,3,1,Right,7,7,0,0,0,0,train
S030,08,4,-1,Rest,7,7,0,0,0,0,train
S030,08,5,1,Right,7,7,0,0,0,0,train
S030,08,6,-1,Rest,7,7,0,0,0,0,train
S030,08,7,0,Left,7,7,0,0,0,0,train
S030,08,8,-1,Rest,7,7,0,0,0,0,train
S030,08,9,0,Left,7,7,0,0,0,0,train
S030,08,10,-1,Rest,7,7,0,0,0,0,train
S030,08,11,1,Right,7,7,0,0,0,0,train
S030,08,12,-1,Rest,7,7,0,0,0,0,train
S030,08,13,0,Left,7,7,0,0,0,0,train
S030,08,14,-1,Rest,7,7,0,0,0,0,train
S030,08,15,1,Right,7,7,0,0,0,0,train
S030,08,16,-1,Rest,7,7,0,0,0,0,train
S030,08,17,1,Right,7,7,0,0,0,0,train
S030,08,18,-1,Rest,7,7,0,0,0,0,train
S030,08,19,0,Left,7,7,0,0,0,0,train
S030,08,20,-1,Rest,7,7,0,0,0,0,train
S030,08,21,1,Right,7,7,0,0,0,0,train
S030,08,22,-1,Rest,7,7,0,0,0,0,train
S030,08,23,0,Left,7,7,0,0,0,0,train
S030,08,24,-1,Rest,7,7,0,0,0,0,train
S030,08,25,1,Right,7,7,0,0,0,0,train
S030,08,26,-1,Rest,7,7,0,0,0,0,train
S030,08,27,0,Left,7,7,0,0,0,0,train
S030,08,28,-1,Rest,7,7,0,0,0,0,train
S030,08,29,0,Left,7,7,0,0,0,0,train
S030,12,0,-1,Rest,7,7,0,0,0,0,train
S030,12,1,1,Right,7,7,0,0,0,0,train
S030,12,2,-1,Rest,7,7,0,0,0,0,train
S030,12,3,0,Left,7,7,0,0,0,0,train
S030,12,4,-1,Rest,7,7,0,0,0,0,train
S030,12,5,1,Right,7,7,0,0,0,0,train
S030,12,6,-1,Rest,7,7,0,0,0,0,train
S030,12,7,0,Left,7,7,0,0,0,0,train
S030,12,8,-1,Rest,7,7,0,0,0,0,train
S030,12,9,0,Left,7,7,0,0,0,0,train
S030,12,10,-1,Rest,7,7,0,0,0,0,train
S030,12,11,1,Right,7,7,0,0,0,0,train
S030,12,12,-1,Rest,7,7,0,0,0,0,train
S030,12,13,1,Right,7,7,0,0,0,0,train
S030,12,14,-1,Rest,7,7,0,0,0,0,train
S030,12,15,0,Left,7,7,0,0,0,0,train
S030,12,16,-1,Rest,7,7,0,0,0,0,train
S030,12,17,0,Left,7,7,0,0,0,0,train
S030,12,18,-1,Rest,7,7,0,0,0,0,train
S030,12,19,1,Right,7,7,0,0,0,0,train
S030,12,20,-1,Rest,7,7,0,0,0,0,train
S030,12,21,0,Left,7,7,0,0,0,0,train
S030,12,22,-1,Rest,7,7,0,0,0,0,train
S030,12,23,1,Right,7,7,0,0,0,0,train
S030,12,24,-1,Rest,7,7,0,0,0,0,train
S030,12,25,1,Right,7,7,0,0,0,0,train
S030,12,26,-1,Rest,7,7,0,0,0,0,train
S030,12,27,0,Left,7,7,0,0,0,0,train
S030,12,28,-1,Rest,7,7,0,0,0,0,train
S030,12,29,0,Left,7,7,0,0,0,0,train
S032,04,0,-1,Rest,7,7,0,0,0,0,train
S032,04,1,1,Right,7,7,0,0,0,0,train
S032,04,2,-1,Rest,7,7,0,0,0,0,train
S032,04,3,0,Left,7,7,0,0,0,0,train
S032,04,4,-1,Rest,7,7,0,0,0,0,train
S032,04,5,1,Right,7,3,4,0,0,4,train
S032,04,6,-1,Rest,7,7,0,0,0,0,train
S032,04,7,0,Left,7,7,0,0,0,0,train
S032,04,8,-1,Rest,7,7,0,0,0,0,train
S032,04,9,0,Left,7,7,0,0,0,0,train
S032,04,10,-1,Rest,7,7,0,0,0,0,train
S032,04,11,1,Right,7,7,0,0,0,0,train
S032,04,12,-1,Rest,7,7,0,0,0,0,train
S032,04,13,0,Left,7,7,0,0,0,0,train
S032,04,14,-1,Rest,7,7,0,0,0,0,train
S032,04,15,1,Right,7,7,0,0,0,0,train
S032,04,16,-1,Rest,7,7,0,0,0,0,train
S032,04,17,1,Right,7,7,0,0,0,0,train
S032,04,18,-1,Rest,7,7,0,0,0,0,train
S032,04,19,0,Left,7,7,0,0,0,0,train
S032,04,20,-1,Rest,7,7,0,0,0,0,train
S032,04,21,0,Left,7,7,0,0,0,0,train
S032,04,22,-1,Rest,7,7,0,0,0,0,train
S032,04,23,1,Right,7,7,0,0,0,0,train
S032,04,24,-1,Rest,7,7,0,0,0,0,train
S032,04,25,1,Right,7,7,0,0,0,0,train
S032,04,26,-1,Rest,7,7,0,0,0,0,train
S032,04,27,0,Left,7,7,0,0,0,0,train
S032,04,28,-1,Rest,7,7,0,0,0,0,train
S032,04,29,1,Right,7,7,0,0,0,0,train
S032,08,0,-1,Rest,7,7,0,0,0,0,train
S032,08,1,0,Left,7,7,0,0,0,0,train
S032,08,2,-1,Rest,7,7,0,0,0,0,train
S032,08,3,1,Right,7,7,0,0,0,0,train
S032,08,4,-1,Rest,7,7,0,0,0,0,train
S032,08,5,1,Right,7,7,0,0,0,0,train
S032,08,6,-1,Rest,7,7,0,0,0,0,train
S032,08,7,0,Left,7,7,0,0,0,0,train
S032,08,8,-1,Rest,7,7,0,0,0,0,train
S032,08,9,0,Left,7,7,0,0,0,0,train
S032,08,10,-1,Rest,7,7,0,0,0,0,train
S032,08,11,1,Right,7,7,0,0,0,0,train
S032,08,12,-1,Rest,7,7,0,0,0,0,train
S032,08,13,0,Left,7,7,0,0,0,0,train
S032,08,14,-1,Rest,7,7,0,0,0,0,train
S032,08,15,1,Right,7,7,0,0,0,0,train
S032,08,16,-1,Rest,7,7,0,0,0,0,train
S032,08,17,0,Left,7,7,0,0,0,0,train
S032,08,18,-1,Rest,7,7,0,0,0,0,train
S032,08,19,1,Right,7,6,1,0,0,1,train
S032,08,20,-1,Rest,7,7,0,0,0,0,train
S032,08,21,1,Right,7,7,0,0,0,0,train
S032,08,22,-1,Rest,7,7,0,0,0,0,train
S032,08,23,0,Left,7,7,0,0,0,0,train
S032,08,24,-1,Rest,7,7,0,0,0,0,train
S032,08,25,1,Right,7,7,0,0,0,0,train
S032,08,26,-1,Rest,7,7,0,0,0,0,train
S032,08,27,0,Left,7,7,0,0,0,0,train
S032,08,28,-1,Rest,7,3,4,0,0,4,train
S032,08,29,1,Right,7,7,0,0,0,0,train
S032,12,0,-1,Rest,7,7,0,0,0,0,train
S032,12,1,0,Left,7,7,0,0,0,0,train
S032,12,2,-1,Rest,7,7,0,0,0,0,train
S032,12,3,1,Right,7,7,0,0,0,0,train
S032,12,4,-1,Rest,7,7,0,0,0,0,train
S032,12,5,1,Right,7,7,0,0,0,0,train
S032,12,6,-1,Rest,7,7,0,0,0,0,train
S032,12,7,0,Left,7,7,0,0,0,0,train
S032,12,8,-1,Rest,7,7,0,0,0,0,train
S032,12,9,0,Left,7,7,0,0,0,0,train
S032,12,10,-1,Rest,7,7,0,0,0,0,train
S032,12,11,1,Right,7,7,0,0,0,0,train
S032,12,12,-1,Rest,7,2,5,0,0,5,train
S032,12,13,1,Right,7,7,0,0,0,0,train
S032,12,14,-1,Rest,7,3,4,0,0,4,train
S032,12,15,0,Left,7,7,0,0,0,0,train
S032,12,16,-1,Rest,7,7,0,0,0,0,train
S032,12,17,0,Left,7,7,0,0,0,0,train
S032,12,18,-1,Rest,7,7,0,0,0,0,train
S032,12,19,1,Right,7,7,0,0,0,0,train
S032,12,20,-1,Rest,7,7,0,0,0,0,train
S032,12,21,0,Left,7,7,0,0,0,0,train
S032,12,22,-1,Rest,7,7,0,0,0,0,train
S032,12,23,1,Right,7,7,0,0,0,0,train
S032,12,24,-1,Rest,7,7,0,0,0,0,train
S032,12,25,0,Left,7,7,0,0,0,0,train
S032,12,26,-1,Rest,7,2,5,0,0,5,train
S032,12,27,1,Right,7,7,0,0,0,0,train
S032,12,28,-1,Rest,7,7,0,0,0,0,train
S032,12,29,1,Right,7,7,0,0,0,0,train
S033,04,0,-1,Rest,7,7,0,0,0,0,train
S033,04,1,0,Left,7,7,0,0,0,0,train
S033,04,2,-1,Rest,7,7,0,0,0,0,train
S033,04,3,1,Right,7,7,0,0,0,0,train
S033,04,4,-1,Rest,7,7,0,0,0,0,train
S033,04,5,1,Right,7,7,0,0,0,0,train
S033,04,6,-1,Rest,7,7,0,0,0,0,train
S033,04,7,0,Left,7,7,0,0,0,0,train
S033,04,8,-1,Rest,7,7,0,0,0,0,train
S033,04,9,1,Right,7,7,0,0,0,0,train
S033,04,10,-1,Rest,7,7,0,0,0,0,train
S033,04,11,0,Left,7,7,0,0,0,0,train
S033,04,12,-1,Rest,7,7,0,0,0,0,train
S033,04,13,1,Right,7,7,0,0,0,0,train
S033,04,14,-1,Rest,7,7,0,0,0,0,train
S033,04,15,0,Left,7,7,0,0,0,0,train
S033,04,16,-1,Rest,7,7,0,0,0,0,train
S033,04,17,0,Left,7,7,0,0,0,0,train
S033,04,18,-1,Rest,7,7,0,0,0,0,train
S033,04,19,1,Right,7,7,0,0,0,0,train
S033,04,20,-1,Rest,7,7,0,0,0,0,train
S033,04,21,1,Right,7,7,0,0,0,0,train
S033,04,22,-1,Rest,7,7,0,0,0,0,train
S033,04,23,0,Left,7,7,0,0,0,0,train
S033,04,24,-1,Rest,7,7,0,0,0,0,train
S033,04,25,1,Right,7,7,0,0,0,0,train
S033,04,26,-1,Rest,7,7,0,0,0,0,train
S033,04,27,0,Left,7,7,0,0,0,0,train
S033,04,28,-1,Rest,7,7,0,0,0,0,train
S033,04,29,0,Left,7,7,0,0,0,0,train
S033,08,0,-1,Rest,7,7,0,0,0,0,train
S033,08,1,1,Right,7,7,0,0,0,0,train
S033,08,2,-1,Rest,7,7,0,0,0,0,train
S033,08,3,0,Left,7,7,0,0,0,0,train
S033,08,4,-1,Rest,7,7,0,0,0,0,train
S033,08,5,0,Left,7,7,0,0,0,0,train
S033,08,6,-1,Rest,7,7,0,0,0,0,train
S033,08,7,1,Right,7,7,0,0,0,0,train
S033,08,8,-1,Rest,7,7,0,0,0,0,train
S033,08,9,1,Right,7,7,0,0,0,0,train
S033,08,10,-1,Rest,7,7,0,0,0,0,train
S033,08,11,0,Left,7,7,0,0,0,0,train
S033,08,12,-1,Rest,7,7,0,0,0,0,train
S033,08,13,0,Left,7,7,0,0,0,0,train
S033,08,14,-1,Rest,7,7,0,0,0,0,train
S033,08,15,1,Right,7,7,0,0,0,0,train
S033,08,16,-1,Rest,7,7,0,0,0,0,train
S033,08,17,1,Right,7,7,0,0,0,0,train
S033,08,18,-1,Rest,7,7,0,0,0,0,train
S033,08,19,0,Left,7,7,0,0,0,0,train
S033,08,20,-1,Rest,7,7,0,0,0,0,train
S033,08,21,1,Right,7,7,0,0,0,0,train
S033,08,22,-1,Rest,7,7,0,0,0,0,train
S033,08,23,0,Left,7,7,0,0,0,0,train
S033,08,24,-1,Rest,7,7,0,0,0,0,train
S033,08,25,1,Right,7,7,0,0,0,0,train
S033,08,26,-1,Rest,7,7,0,0,0,0,train
S033,08,27,0,Left,7,7,0,0,0,0,train
S033,08,28,-1,Rest,7,7,0,0,0,0,train
S033,08,29,0,Left,7,7,0,0,0,0,train
S033,12,0,-1,Rest,7,7,0,0,0,0,train
S033,12,1,0,Left,7,7,0,0,0,0,train
S033,12,2,-1,Rest,7,7,0,0,0,0,train
S033,12,3,1,Right,7,7,0,0,0,0,train
S033,12,4,-1,Rest,7,7,0,0,0,0,train
S033,12,5,1,Right,7,7,0,0,0,0,train
S033,12,6,-1,Rest,7,7,0,0,0,0,train
S033,12,7,0,Left,7,7,0,0,0,0,train
S033,12,8,-1,Rest,7,7,0,0,0,0,train
S033,12,9,0,Left,7,7,0,0,0,0,train
S033,12,10,-1,Rest,7,7,0,0,0,0,train
S033,12,11,1,Right,7,7,0,0,0,0,train
S033,12,12,-1,Rest,7,7,0,0,0,0,train
S033,12,13,0,Left,7,7,0,0,0,0,train
S033,12,14,-1,Rest,7,7,0,0,0,0,train
S033,12,15,1,Right,7,7,0,0,0,0,train
S033,12,16,-1,Rest,7,7,0,0,0,0,train
S033,12,17,0,Left,7,7,0,0,0,0,train
S033,12,18,-1,Rest,7,7,0,0,0,0,train
S033,12,19,1,Right,7,7,0,0,0,0,train
S033,12,20,-1,Rest,7,7,0,0,0,0,train
S033,12,21,0,Left,7,7,0,0,0,0,train
S033,12,22,-1,Rest,7,7,0,0,0,0,train
S033,12,23,1,Right,7,7,0,0,0,0,train
S033,12,24,-1,Rest,7,7,0,0,0,0,train
S033,12,25,0,Left,7,7,0,0,0,0,train
S033,12,26,-1,Rest,7,7,0,0,0,0,train
S033,12,27,1,Right,7,7,0,0,0,0,train
S033,12,28,-1,Rest,7,7,0,0,0,0,train
S033,12,29,1,Right,7,7,0,0,0,0,train
S034,04,0,-1,Rest,7,7,0,0,0,0,train
S034,04,1,0,Left,7,7,0,0,0,0,train
S034,04,2,-1,Rest,7,7,0,0,0,0,train
S034,04,3,1,Right,7,7,0,0,0,0,train
S034,04,4,-1,Rest,7,7,0,0,0,0,train
S034,04,5,0,Left,7,7,0,0,0,0,train
S034,04,6,-1,Rest,7,7,0,0,0,0,train
S034,04,7,1,Right,7,7,0,0,0,0,train
S034,04,8,-1,Rest,7,7,0,0,0,0,train
S034,04,9,0,Left,7,7,0,0,0,0,train
S034,04,10,-1,Rest,7,7,0,0,0,0,train
S034,04,11,1,Right,7,7,0,0,0,0,train
S034,04,12,-1,Rest,7,7,0,0,0,0,train
S034,04,13,0,Left,7,7,0,0,0,0,train
S034,04,14,-1,Rest,7,7,0,0,0,0,train
S034,04,15,1,Right,7,7,0,0,0,0,train
S034,04,16,-1,Rest,7,7,0,0,0,0,train
S034,04,17,1,Right,7,7,0,0,0,0,train
S034,04,18,-1,Rest,7,7,0,0,0,0,train
S034,04,19,0,Left,7,7,0,0,0,0,train
S034,04,20,-1,Rest,7,7,0,0,0,0,train
S034,04,21,0,Left,7,7,0,0,0,0,train
S034,04,22,-1,Rest,7,7,0,0,0,0,train
S034,04,23,1,Right,7,7,0,0,0,0,train
S034,04,24,-1,Rest,7,7,0,0,0,0,train
S034,04,25,1,Right,7,7,0,0,0,0,train
S034,04,26,-1,Rest,7,7,0,0,0,0,train
S034,04,27,0,Left,7,7,0,0,0,0,train
S034,04,28,-1,Rest,7,7,0,0,0,0,train
S034,04,29,1,Right,7,7,0,0,0,0,train
S034,08,0,-1,Rest,7,7,0,0,0,0,train
S034,08,1,0,Left,7,7,0,0,0,0,train
S034,08,2,-1,Rest,7,7,0,0,0,0,train
S034,08,3,1,Right,7,7,0,0,0,0,train
S034,08,4,-1,Rest,7,7,0,0,0,0,train
S034,08,5,0,Left,7,7,0,0,0,0,train
S034,08,6,-1,Rest,7,7,0,0,0,0,train
S034,08,7,1,Right,7,7,0,0,0,0,train
S034,08,8,-1,Rest,7,7,0,0,0,0,train
S034,08,9,0,Left,7,7,0,0,0,0,train
S034,08,10,-1,Rest,7,7,0,0,0,0,train
S034,08,11,1,Right,7,7,0,0,0,0,train
S034,08,12,-1,Rest,7,7,0,0,0,0,train
S034,08,13,0,Left,7,7,0,0,0,0,train
S034,08,14,-1,Rest,7,7,0,0,0,0,train
S034,08,15,1,Right,7,7,0,0,0,0,train
S034,08,16,-1,Rest,7,7,0,0,0,0,train
S034,08,17,1,Right,7,7,0,0,0,0,train
S034,08,18,-1,Rest,7,7,0,0,0,0,train
S034,08,19,0,Left,7,7,0,0,0,0,train
S034,08,20,-1,Rest,7,7,0,0,0,0,train
S034,08,21,0,Left,7,7,0,0,0,0,train
S034,08,22,-1,Rest,7,7,0,0,0,0,train
S034,08,23,1,Right,7,7,0,0,0,0,train
S034,08,24,-1,Rest,7,7,0,0,0,0,train
S034,08,25,0,Left,7,7,0,0,0,0,train
S034,08,26,-1,Rest,7,7,0,0,0,0,train
S034,08,27,1,Right,7,7,0,0,0,0,train
S034,08,28,-1,Rest,7,7,0,0,0,0,train
S034,12,0,-1,Rest,7,7,0,0,0,0,train
S034,12,1,0,Left,7,7,0,0,0,0,train
S034,12,2,-1,Rest,7,7,0,0,0,0,train
S034,12,3,1,Right,7,7,0,0,0,0,train
S034,12,4,-1,Rest,7,7,0,0,0,0,train
S034,12,5,0,Left,7,7,0,0,0,0,train
S034,12,6,-1,Rest,7,7,0,0,0,0,train
S034,12,7,1,Right,7,7,0,0,0,0,train
S034,12,8,-1,Rest,7,7,0,0,0,0,train
S034,12,9,0,Left,7,7,0,0,0,0,train
S034,12,10,-1,Rest,7,7,0,0,0,0,train
S034,12,11,1,Right,7,7,0,0,0,0,train
S034,12,12,-1,Rest,7,7,0,0,0,0,train
S034,12,13,0,Left,7,7,0,0,0,0,train
S034,12,14,-1,Rest,7,7,0,0,0,0,train
S034,12,15,1,Right,7,7,0,0,0,0,train
S034,12,16,-1,Rest,7,7,0,0,0,0,train
S034,12,17,0,Left,7,7,0,0,0,0,train
S034,12,18,-1,Rest,7,7,0,0,0,0,train
S034,12,19,1,Right,7,7,0,0,0,0,train
S034,12,20,-1,Rest,7,7,0,0,0,0,train
S034,12,21,1,Right,7,7,0,0,0,0,train
S034,12,22,-1,Rest,7,7,0,0,0,0,train
S034,12,23,0,Left,7,7,0,0,0,0,train
S034,12,24,-1,Rest,7,7,0,0,0,0,train
S034,12,25,1,Right,7,7,0,0,0,0,train
S034,12,26,-1,Rest,7,7,0,0,0,0,train
S034,12,27,0,Left,7,7,0,0,0,0,train
S034,12,28,-1,Rest,7,7,0,0,0,0,train
S038,04,0,-1,Rest,7,7,0,0,0,0,train
S038,04,1,1,Right,7,7,0,0,0,0,train
S038,04,2,-1,Rest,7,7,0,0,0,0,train
S038,04,3,0,Left,7,7,0,0,0,0,train
S038,04,4,-1,Rest,7,7,0,0,0,0,train
S038,04,5,0,Left,7,7,0,0,0,0,train
S038,04,6,-1,Rest,7,7,0,0,0,0,train
S038,04,7,1,Right,7,7,0,0,0,0,train
S038,04,8,-1,Rest,7,7,0,0,0,0,train
S038,04,9,0,Left,7,7,0,0,0,0,train
S038,04,10,-1,Rest,7,7,0,0,0,0,train
S038,04,11,1,Right,7,7,0,0,0,0,train
S038,04,12,-1,Rest,7,7,0,0,0,0,train
S038,04,13,0,Left,7,7,0,0,0,0,train
S038,04,14,-1,Rest,7,7,0,0,0,0,train
S038,04,15,1,Right,7,7,0,0,0,0,train
S038,04,16,-1,Rest,7,0,7,0,0,7,train
S038,04,17,1,Right,7,7,0,0,0,0,train
S038,04,18,-1,Rest,7,7,0,0,0,0,train
S038,04,19,0,Left,7,7,0,0,0,0,train
S038,04,20,-1,Rest,7,7,0,0,0,0,train
S038,04,21,0,Left,7,7,0,0,0,0,train
S038,04,22,-1,Rest,7,7,0,0,0,0,train
S038,04,23,1,Right,7,7,0,0,0,0,train
S038,04,24,-1,Rest,7,7,0,0,0,0,train
S038,04,25,0,Left,7,7,0,0,0,0,train
S038,04,26,-1,Rest,7,7,0,0,0,0,train
S038,04,27,1,Right,7,7,0,0,0,0,train
S038,04,28,-1,Rest,7,7,0,0,0,0,train
S038,04,29,0,Left,7,7,0,0,0,0,train
S038,08,0,-1,Rest,7,7,0,0,0,0,train
S038,08,1,1,Right,7,7,0,0,0,0,train
S038,08,2,-1,Rest,7,7,0,0,0,0,train
S038,08,3,0,Left,7,7,0,0,0,0,train
S038,08,4,-1,Rest,7,7,0,0,0,0,train
S038,08,5,0,Left,7,7,0,0,0,0,train
S038,08,6,-1,Rest,7,7,0,0,0,0,train
S038,08,7,1,Right,7,7,0,0,0,0,train
S038,08,8,-1,Rest,7,7,0,0,0,0,train
S038,08,9,0,Left,7,7,0,0,0,0,train
S038,08,10,-1,Rest,7,7,0,0,0,0,train
S038,08,11,1,Right,7,7,0,0,0,0,train
S038,08,12,-1,Rest,7,7,0,0,0,0,train
S038,08,13,1,Right,7,7,0,0,0,0,train
S038,08,14,-1,Rest,7,7,0,0,0,0,train
S038,08,15,0,Left,7,7,0,0,0,0,train
S038,08,16,-1,Rest,7,7,0,0,0,0,train
S038,08,17,1,Right,7,7,0,0,0,0,train
S038,08,18,-1,Rest,7,7,0,0,0,0,train
S038,08,19,0,Left,7,7,0,0,0,0,train
S038,08,20,-1,Rest,7,7,0,0,0,0,train
S038,08,21,1,Right,7,7,0,0,0,0,train
S038,08,22,-1,Rest,7,7,0,0,0,0,train
S038,08,23,0,Left,7,7,0,0,0,0,train
S038,08,24,-1,Rest,7,7,0,0,0,0,train
S038,08,25,0,Left,7,7,0,0,0,0,train
S038,08,26,-1,Rest,7,7,0,0,0,0,train
S038,08,27,1,Right,7,7,0,0,0,0,train
S038,08,28,-1,Rest,7,7,0,0,0,0,train
S038,08,29,0,Left,7,7,0,0,0,0,train
S038,12,0,-1,Rest,7,7,0,0,0,0,train
S038,12,1,1,Right,7,7,0,0,0,0,train
S038,12,2,-1,Rest,7,7,0,0,0,0,train
S038,12,3,0,Left,7,7,0,0,0,0,train
S038,12,4,-1,Rest,7,7,0,0,0,0,train
S038,12,5,1,Right,7,7,0,0,0,0,train
S038,12,6,-1,Rest,7,7,0,0,0,0,train
S038,12,7,0,Left,7,7,0,0,0,0,train
S038,12,8,-1,Rest,7,7,0,0,0,0,train
S038,12,9,1,Right,7,7,0,0,0,0,train
S038,12,10,-1,Rest,7,7,0,0,0,0,train
S038,12,11,0,Left,7,7,0,0,0,0,train
S038,12,12,-1,Rest,7,7,0,0,0,0,train
S038,12,13,1,Right,7,7,0,0,0,0,train
S038,12,14,-1,Rest,7,7,0,0,0,0,train
S038,12,15,0,Left,7,7,0,0,0,0,train
S038,12,16,-1,Rest,7,7,0,0,0,0,train
S038,12,17,1,Right,7,7,0,0,0,0,train
S038,12,18,-1,Rest,7,7,0,0,0,0,train
S038,12,19,0,Left,7,7,0,0,0,0,train
S038,12,20,-1,Rest,7,7,0,0,0,0,train
S038,12,21,1,Right,7,7,0,0,0,0,train
S038,12,22,-1,Rest,7,7,0,0,0,0,train
S038,12,23,0,Left,7,7,0,0,0,0,train
S038,12,24,-1,Rest,7,7,0,0,0,0,train
S038,12,25,0,Left,7,7,0,0,0,0,train
S038,12,26,-1,Rest,7,7,0,0,0,0,train
S038,12,27,1,Right,7,7,0,0,0,0,train
S038,12,28,-1,Rest,7,7,0,0,0,0,train
S038,12,29,1,Right,7,7,0,0,0,0,train
S039,04,0,-1,Rest,7,7,0,0,0,0,train
S039,04,1,1,Right,7,7,0,0,0,0,train
S039,04,2,-1,Rest,7,7,0,0,0,0,train
S039,04,3,0,Left,7,7,0,0,0,0,train
S039,04,4,-1,Rest,7,7,0,0,0,0,train
S039,04,5,1,Right,7,6,1,0,0,1,train
S039,04,6,-1,Rest,7,7,0,0,0,0,train
S039,04,7,0,Left,7,7,0,0,0,0,train
S039,04,8,-1,Rest,7,7,0,0,0,0,train
S039,04,9,0,Left,7,7,0,0,0,0,train
S039,04,10,-1,Rest,7,0,7,0,0,7,train
S039,04,11,1,Right,7,7,0,0,0,0,train
S039,04,12,-1,Rest,7,7,0,0,0,0,train
S039,04,13,0,Left,7,7,0,0,0,0,train
S039,04,14,-1,Rest,7,7,0,0,0,0,train
S039,04,15,1,Right,7,7,0,0,0,0,train
S039,04,16,-1,Rest,7,7,0,0,0,0,train
S039,04,17,1,Right,7,7,0,0,0,0,train
S039,04,18,-1,Rest,7,7,0,0,0,0,train
S039,04,19,0,Left,7,7,0,0,0,0,train
S039,04,20,-1,Rest,7,3,4,0,0,4,train
S039,04,21,0,Left,7,3,4,0,0,4,train
S039,04,22,-1,Rest,7,7,0,0,0,0,train
S039,04,23,1,Right,7,7,0,0,0,0,train
S039,04,24,-1,Rest,7,5,2,0,0,2,train
S039,04,25,1,Right,7,7,0,0,0,0,train
S039,04,26,-1,Rest,7,7,0,0,0,0,train
S039,04,27,0,Left,7,7,0,0,0,0,train
S039,04,28,-1,Rest,7,7,0,0,0,0,train
S039,04,29,0,Left,7,7,0,0,0,0,train
S039,08,0,-1,Rest,7,7,0,0,0,0,train
S039,08,1,1,Right,7,1,6,0,0,6,train
S039,08,2,-1,Rest,7,7,0,0,0,0,train
S039,08,3,0,Left,7,7,0,0,0,0,train
S039,08,4,-1,Rest,7,6,1,0,0,1,train
S039,08,5,1,Right,7,7,0,0,0,0,train
S039,08,6,-1,Rest,7,7,0,0,0,0,train
S039,08,7,0,Left,7,2,5,0,0,5,train
S039,08,8,-1,Rest,7,0,7,0,0,7,train
S039,08,9,1,Right,7,1,6,0,0,6,train
S039,08,10,-1,Rest,7,0,7,0,0,7,train
S039,08,11,0,Left,7,5,2,0,0,2,train
S039,08,12,-1,Rest,7,7,0,0,0,0,train
S039,08,13,1,Right,7,7,0,0,0,0,train
S039,08,14,-1,Rest,7,7,0,0,0,0,train
S039,08,15,0,Left,7,4,3,0,0,3,train
S039,08,16,-1,Rest,7,0,7,0,0,7,train
S039,08,17,1,Right,7,7,0,0,0,0,train
S039,08,18,-1,Rest,7,6,1,0,0,1,train
S039,08,19,0,Left,7,7,0,0,0,0,train
S039,08,20,-1,Rest,7,2,5,0,0,5,train
S039,08,21,1,Right,7,7,0,0,0,0,train
S039,08,22,-1,Rest,7,7,0,0,0,0,train
S039,08,23,0,Left,7,7,0,0,0,0,train
S039,08,24,-1,Rest,7,4,3,0,0,3,train
S039,08,25,0,Left,7,3,4,0,0,4,train
S039,08,26,-1,Rest,7,2,5,0,0,5,train
S039,08,27,1,Right,7,7,0,0,0,0,train
S039,08,28,-1,Rest,7,7,0,0,0,0,train
S039,08,29,0,Left,7,0,7,0,0,7,train
S039,12,0,-1,Rest,7,7,0,0,0,0,train
S039,12,1,0,Left,7,7,0,0,0,0,train
S039,12,2,-1,Rest,7,7,0,0,0,0,train
S039,12,3,1,Right,7,7,0,0,0,0,train
S039,12,4,-1,Rest,7,7,0,0,0,0,train
S039,12,5,1,Right,7,0,7,0,0,7,train
S039,12,6,-1,Rest,7,7,0,0,0,0,train
S039,12,7,0,Left,7,1,6,0,0,6,train
S039,12,8,-1,Rest,7,4,3,0,0,3,train
S039,12,9,1,Right,7,7,0,0,0,0,train
S039,12,10,-1,Rest,7,7,0,0,0,0,train
S039,12,11,0,Left,7,4,3,0,0,3,train
S039,12,12,-1,Rest,7,7,0,0,0,0,train
S039,12,13,0,Left,7,7,0,0,0,0,train
S039,12,14,-1,Rest,7,7,0,0,0,0,train
S039,12,15,1,Right,7,1,6,0,0,6,train
S039,12,16,-1,Rest,7,7,0,0,0,0,train
S039,12,17,0,Left,7,0,7,0,0,7,train
S039,12,18,-1,Rest,7,2,5,0,0,5,train
S039,12,19,1,Right,7,7,0,0,0,0,train
S039,12,20,-1,Rest,7,0,7,0,0,7,train
S039,12,21,0,Left,7,0,7,0,0,7,train
S039,12,22,-1,Rest,7,4,3,0,0,3,train
S039,12,23,1,Right,7,0,7,0,0,7,train
S039,12,24,-1,Rest,7,0,7,0,0,7,train
S039,12,25,1,Right,7,3,4,0,0,4,train
S039,12,26,-1,Rest,7,0,7,0,0,7,train
S039,12,27,0,Left,7,7,0,0,0,0,train
S039,12,28,-1,Rest,7,7,0,0,0,0,train
S039,12,29,1,Right,7,7,0,0,0,0,train
S040,04,0,-1,Rest,7,7,0,0,0,0,train
S040,04,1,1,Right,7,7,0,0,0,0,train
S040,04,2,-1,Rest,7,7,0,0,0,0,train
S040,04,3,0,Left,7,7,0,0,0,0,train
S040,04,4,-1,Rest,7,7,0,0,0,0,train
S040,04,5,0,Left,7,7,0,0,0,0,train
S040,04,6,-1,Rest,7,7,0,0,0,0,train
S040,04,7,1,Right,7,7,0,0,0,0,train
S040,04,8,-1,Rest,7,7,0,0,0,0,train
S040,04,9,0,Left,7,7,0,0,0,0,train
S040,04,10,-1,Rest,7,7,0,0,0,0,train
S040,04,11,1,Right,7,7,0,0,0,0,train
S040,04,12,-1,Rest,7,7,0,0,0,0,train
S040,04,13,0,Left,7,7,0,0,0,0,train
S040,04,14,-1,Rest,7,7,0,0,0,0,train
S040,04,15,1,Right,7,7,0,0,0,0,train
S040,04,16,-1,Rest,7,7,0,0,0,0,train
S040,04,17,1,Right,7,7,0,0,0,0,train
S040,04,18,-1,Rest,7,7,0,0,0,0,train
S040,04,19,0,Left,7,7,0,0,0,0,train
S040,04,20,-1,Rest,7,7,0,0,0,0,train
S040,04,21,0,Left,7,7,0,0,0,0,train
S040,04,22,-1,Rest,7,7,0,0,0,0,train
S040,04,23,1,Right,7,7,0,0,0,0,train
S040,04,24,-1,Rest,7,7,0,0,0,0,train
S040,04,25,0,Left,7,7,0,0,0,0,train
S040,04,26,-1,Rest,7,7,0,0,0,0,train
S040,04,27,1,Right,7,7,0,0,0,0,train
S040,04,28,-1,Rest,7,7,0,0,0,0,train
S040,04,29,1,Right,7,7,0,0,0,0,train
S040,08,0,-1,Rest,7,7,0,0,0,0,train
S040,08,1,1,Right,7,7,0,0,0,0,train
S040,08,2,-1,Rest,7,7,0,0,0,0,train
S040,08,3,0,Left,7,7,0,0,0,0,train
S040,08,4,-1,Rest,7,7,0,0,0,0,train
S040,08,5,0,Left,7,7,0,0,0,0,train
S040,08,6,-1,Rest,7,7,0,0,0,0,train
S040,08,7,1,Right,7,7,0,0,0,0,train
S040,08,8,-1,Rest,7,7,0,0,0,0,train
S040,08,9,1,Right,7,7,0,0,0,0,train
S040,08,10,-1,Rest,7,7,0,0,0,0,train
S040,08,11,0,Left,7,7,0,0,0,0,train
S040,08,12,-1,Rest,7,7,0,0,0,0,train
S040,08,13,1,Right,7,7,0,0,0,0,train
S040,08,14,-1,Rest,7,7,0,0,0,0,train
S040,08,15,0,Left,7,7,0,0,0,0,train
S040,08,16,-1,Rest,7,7,0,0,0,0,train
S040,08,17,0,Left,7,7,0,0,0,0,train
S040,08,18,-1,Rest,7,7,0,0,0,0,train
S040,08,19,1,Right,7,7,0,0,0,0,train
S040,08,20,-1,Rest,7,7,0,0,0,0,train
S040,08,21,0,Left,7,7,0,0,0,0,train
S040,08,22,-1,Rest,7,7,0,0,0,0,train
S040,08,23,1,Right,7,7,0,0,0,0,train
S040,08,24,-1,Rest,7,7,0,0,0,0,train
S040,08,25,1,Right,7,7,0,0,0,0,train
S040,08,26,-1,Rest,7,7,0,0,0,0,train
S040,08,27,0,Left,7,7,0,0,0,0,train
S040,08,28,-1,Rest,7,7,0,0,0,0,train
S040,08,29,1,Right,7,7,0,0,0,0,train
S040,12,0,-1,Rest,7,7,0,0,0,0,train
S040,12,1,1,Right,7,7,0,0,0,0,train
S040,12,2,-1,Rest,7,7,0,0,0,0,train
S040,12,3,0,Left,7,7,0,0,0,0,train
S040,12,4,-1,Rest,7,7,0,0,0,0,train
S040,12,5,0,Left,7,7,0,0,0,0,train
S040,12,6,-1,Rest,7,7,0,0,0,0,train
S040,12,7,1,Right,7,7,0,0,0,0,train
S040,12,8,-1,Rest,7,7,0,0,0,0,train
S040,12,9,1,Right,7,7,0,0,0,0,train
S040,12,10,-1,Rest,7,7,0,0,0,0,train
S040,12,11,0,Left,7,7,0,0,0,0,train
S040,12,12,-1,Rest,7,7,0,0,0,0,train
S040,12,13,1,Right,7,7,0,0,0,0,train
S040,12,14,-1,Rest,7,7,0,0,0,0,train
S040,12,15,0,Left,7,7,0,0,0,0,train
S040,12,16,-1,Rest,7,7,0,0,0,0,train
S040,12,17,1,Right,7,0,7,0,0,7,train
S040,12,18,-1,Rest,7,7,0,0,0,0,train
S040,12,19,0,Left,7,7,0,0,0,0,train
S040,12,20,-1,Rest,7,7,0,0,0,0,train
S040,12,21,0,Left,7,6,1,0,0,1,train
S040,12,22,-1,Rest,7,4,3,0,0,3,train
S040,12,23,1,Right,7,7,0,0,0,0,train
S040,12,24,-1,Rest,7,7,0,0,0,0,train
S040,12,25,1,Right,7,7,0,0,0,0,train
S040,12,26,-1,Rest,7,3,4,0,0,4,train
S040,12,27,0,Left,7,7,0,0,0,0,train
S040,12,28,-1,Rest,7,7,0,0,0,0,train
S040,12,29,1,Right,7,7,0,0,0,0,train
S041,04,0,-1,Rest,7,7,0,0,0,0,train
S041,04,1,0,Left,7,7,0,0,0,0,train
S041,04,2,-1,Rest,7,7,0,0,0,0,train
S041,04,3,1,Right,7,7,0,0,0,0,train
S041,04,4,-1,Rest,7,7,0,0,0,0,train
S041,04,5,0,Left,7,7,0,0,0,0,train
S041,04,6,-1,Rest,7,7,0,0,0,0,train
S041,04,7,1,Right,7,7,0,0,0,0,train
S041,04,8,-1,Rest,7,7,0,0,0,0,train
S041,04,9,0,Left,7,7,0,0,0,0,train
S041,04,10,-1,Rest,7,7,0,0,0,0,train
S041,04,11,1,Right,7,7,0,0,0,0,train
S041,04,12,-1,Rest,7,7,0,0,0,0,train
S041,04,13,0,Left,7,7,0,0,0,0,train
S041,04,14,-1,Rest,7,7,0,0,0,0,train
S041,04,15,1,Right,7,7,0,0,0,0,train
S041,04,16,-1,Rest,7,7,0,0,0,0,train
S041,04,17,0,Left,7,7,0,0,0,0,train
S041,04,18,-1,Rest,7,7,0,0,0,0,train
S041,04,19,1,Right,7,7,0,0,0,0,train
S041,04,20,-1,Rest,7,7,0,0,0,0,train
S041,04,21,1,Right,7,7,0,0,0,0,train
S041,04,22,-1,Rest,7,7,0,0,0,0,train
S041,04,23,0,Left,7,7,0,0,0,0,train
S041,04,24,-1,Rest,7,7,0,0,0,0,train
S041,04,25,1,Right,7,7,0,0,0,0,train
S041,04,26,-1,Rest,7,7,0,0,0,0,train
S041,04,27,0,Left,7,7,0,0,0,0,train
S041,04,28,-1,Rest,7,7,0,0,0,0,train
S041,04,29,0,Left,7,7,0,0,0,0,train
S041,08,0,-1,Rest,7,7,0,0,0,0,train
S041,08,1,1,Right,7,7,0,0,0,0,train
S041,08,2,-1,Rest,7,7,0,0,0,0,train
S041,08,3,0,Left,7,7,0,0,0,0,train
S041,08,4,-1,Rest,7,7,0,0,0,0,train
S041,08,5,0,Left,7,7,0,0,0,0,train
S041,08,6,-1,Rest,7,7,0,0,0,0,train
S041,08,7,1,Right,7,7,0,0,0,0,train
S041,08,8,-1,Rest,7,7,0,0,0,0,train
S041,08,9,1,Right,7,7,0,0,0,0,train
S041,08,10,-1,Rest,7,7,0,0,0,0,train
S041,08,11,0,Left,7,7,0,0,0,0,train
S041,08,12,-1,Rest,7,7,0,0,0,0,train
S041,08,13,1,Right,7,7,0,0,0,0,train
S041,08,14,-1,Rest,7,7,0,0,0,0,train
S041,08,15,0,Left,7,7,0,0,0,0,train
S041,08,16,-1,Rest,7,7,0,0,0,0,train
S041,08,17,0,Left,7,7,0,0,0,0,train
S041,08,18,-1,Rest,7,7,0,0,0,0,train
S041,08,19,1,Right,7,7,0,0,0,0,train
S041,08,20,-1,Rest,7,7,0,0,0,0,train
S041,08,21,0,Left,7,7,0,0,0,0,train
S041,08,22,-1,Rest,7,7,0,0,0,0,train
S041,08,23,1,Right,7,7,0,0,0,0,train
S041,08,24,-1,Rest,7,7,0,0,0,0,train
S041,08,25,1,Right,7,7,0,0,0,0,train
S041,08,26,-1,Rest,7,7,0,0,0,0,train
S041,08,27,0,Left,7,7,0,0,0,0,train
S041,08,28,-1,Rest,7,7,0,0,0,0,train
S041,12,0,-1,Rest,7,7,0,0,0,0,train
S041,12,1,1,Right,7,7,0,0,0,0,train
S041,12,2,-1,Rest,7,7,0,0,0,0,train
S041,12,3,0,Left,7,7,0,0,0,0,train
S041,12,4,-1,Rest,7,7,0,0,0,0,train
S041,12,5,1,Right,7,7,0,0,0,0,train
S041,12,6,-1,Rest,7,7,0,0,0,0,train
S041,12,7,0,Left,7,7,0,0,0,0,train
S041,12,8,-1,Rest,7,7,0,0,0,0,train
S041,12,9,1,Right,7,7,0,0,0,0,train
S041,12,10,-1,Rest,7,7,0,0,0,0,train
S041,12,11,0,Left,7,7,0,0,0,0,train
S041,12,12,-1,Rest,7,7,0,0,0,0,train
S041,12,13,1,Right,7,7,0,0,0,0,train
S041,12,14,-1,Rest,7,7,0,0,0,0,train
S041,12,15,0,Left,7,7,0,0,0,0,train
S041,12,16,-1,Rest,7,7,0,0,0,0,train
S041,12,17,1,Right,7,7,0,0,0,0,train
S041,12,18,-1,Rest,7,7,0,0,0,0,train
S041,12,19,0,Left,7,7,0,0,0,0,train
S041,12,20,-1,Rest,7,7,0,0,0,0,train
S041,12,21,0,Left,7,7,0,0,0,0,train
S041,12,22,-1,Rest,7,7,0,0,0,0,train
S041,12,23,1,Right,7,7,0,0,0,0,train
S041,12,24,-1,Rest,7,7,0,0,0,0,train
S041,12,25,1,Right,7,7,0,0,0,0,train
S041,12,26,-1,Rest,7,7,0,0,0,0,train
S041,12,27,0,Left,7,7,0,0,0,0,train
S041,12,28,-1,Rest,7,7,0,0,0,0,train
S041,12,29,0,Left,7,7,0,0,0,0,train
S043,04,0,-1,Rest,7,7,0,0,0,0,train
S043,04,1,0,Left,7,7,0,0,0,0,train
S043,04,2,-1,Rest,7,7,0,0,0,0,train
S043,04,3,1,Right,7,7,0,0,0,0,train
S043,04,4,-1,Rest,7,7,0,0,0,0,train
S043,04,5,1,Right,7,7,0,0,0,0,train
S043,04,6,-1,Rest,7,7,0,0,0,0,train
S043,04,7,0,Left,7,7,0,0,0,0,train
S043,04,8,-1,Rest,7,7,0,0,0,0,train
S043,04,9,0,Left,7,7,0,0,0,0,train
S043,04,10,-1,Rest,7,2,5,0,0,5,train
S043,04,11,1,Right,7,7,0,0,0,0,train
S043,04,12,-1,Rest,7,7,0,0,0,0,train
S043,04,13,1,Right,7,7,0,0,0,0,train
S043,04,14,-1,Rest,7,7,0,0,0,0,train
S043,04,15,0,Left,7,7,0,0,0,0,train
S043,04,16,-1,Rest,7,7,0,0,0,0,train
S043,04,17,0,Left,7,7,0,0,0,0,train
S043,04,18,-1,Rest,7,7,0,0,0,0,train
S043,04,19,1,Right,7,7,0,0,0,0,train
S043,04,20,-1,Rest,7,7,0,0,0,0,train
S043,04,21,1,Right,7,7,0,0,0,0,train
S043,04,22,-1,Rest,7,7,0,0,0,0,train
S043,04,23,0,Left,7,7,0,0,0,0,train
S043,04,24,-1,Rest,7,7,0,0,0,0,train
S043,04,25,1,Right,7,7,0,0,0,0,train
S043,04,26,-1,Rest,7,7,0,0,0,0,train
S043,04,27,0,Left,7,7,0,0,0,0,train
S043,04,28,-1,Rest,7,7,0,0,0,0,train
S043,04,29,0,Left,7,7,0,0,0,0,train
S043,08,0,-1,Rest,7,7,0,0,0,0,train
S043,08,1,0,Left,7,7,0,0,0,0,train
S043,08,2,-1,Rest,7,7,0,0,0,0,train
S043,08,3,1,Right,7,7,0,0,0,0,train
S043,08,4,-1,Rest,7,7,0,0,0,0,train
S043,08,5,0,Left,7,7,0,0,0,0,train
S043,08,6,-1,Rest,7,7,0,0,0,0,train
S043,08,7,1,Right,7,7,0,0,0,0,train
S043,08,8,-1,Rest,7,7,0,0,0,0,train
S043,08,9,0,Left,7,3,4,0,0,4,train
S043,08,10,-1,Rest,7,7,0,0,0,0,train
S043,08,11,1,Right,7,7,0,0,0,0,train
S043,08,12,-1,Rest,7,7,0,0,0,0,train
S043,08,13,0,Left,7,7,0,0,0,0,train
S043,08,14,-1,Rest,7,7,0,0,0,0,train
S043,08,15,1,Right,7,7,0,0,0,0,train
S043,08,16,-1,Rest,7,7,0,0,0,0,train
S043,08,17,1,Right,7,7,0,0,0,0,train
S043,08,18,-1,Rest,7,7,0,0,0,0,train
S043,08,19,0,Left,7,7,0,0,0,0,train
S043,08,20,-1,Rest,7,7,0,0,0,0,train
S043,08,21,1,Right,7,7,0,0,0,0,train
S043,08,22,-1,Rest,7,2,5,0,0,5,train
S043,08,23,0,Left,7,7,0,0,0,0,train
S043,08,24,-1,Rest,7,7,0,0,0,0,train
S043,08,25,1,Right,7,7,0,0,0,0,train
S043,08,26,-1,Rest,7,7,0,0,0,0,train
S043,08,27,0,Left,7,7,0,0,0,0,train
S043,08,28,-1,Rest,7,7,0,0,0,0,train
S043,08,29,1,Right,7,7,0,0,0,0,train
S043,12,0,-1,Rest,7,7,0,0,0,0,train
S043,12,1,0,Left,7,7,0,0,0,0,train
S043,12,2,-1,Rest,7,7,0,0,0,0,train
S043,12,3,1,Right,7,7,0,0,0,0,train
S043,12,4,-1,Rest,7,7,0,0,0,0,train
S043,12,5,0,Left,7,7,0,0,0,0,train
S043,12,6,-1,Rest,7,3,4,0,0,4,train
S043,12,7,1,Right,7,7,0,0,0,0,train
S043,12,8,-1,Rest,7,7,0,0,0,0,train
S043,12,9,1,Right,7,7,0,0,0,0,train
S043,12,10,-1,Rest,7,7,0,0,0,0,train
S043,12,11,0,Left,7,7,0,0,0,0,train
S043,12,12,-1,Rest,7,7,0,0,0,0,train
S043,12,13,0,Left,7,0,7,0,0,7,train
S043,12,14,-1,Rest,7,7,0,0,0,0,train
S043,12,15,1,Right,7,7,0,0,0,0,train
S043,12,16,-1,Rest,7,7,0,0,0,0,train
S043,12,17,1,Right,7,7,0,0,0,0,train
S043,12,18,-1,Rest,7,7,0,0,0,0,train
S043,12,19,0,Left,7,7,0,0,0,0,train
S043,12,20,-1,Rest,7,7,0,0,0,0,train
S043,12,21,1,Right,7,6,1,0,0,1,train
S043,12,22,-1,Rest,7,7,0,0,0,0,train
S043,12,23,0,Left,7,2,5,0,0,5,train
S043,12,24,-1,Rest,7,7,0,0,0,0,train
S043,12,25,1,Right,7,7,0,0,0,0,train
S043,12,26,-1,Rest,7,7,0,0,0,0,train
S043,12,27,0,Left,7,7,0,0,0,0,train
S043,12,28,-1,Rest,7,7,0,0,0,0,train
S043,12,29,0,Left,7,7,0,0,0,0,train
S044,04,0,-1,Rest,7,7,0,0,0,0,train
S044,04,1,1,Right,7,7,0,0,0,0,train
S044,04,2,-1,Rest,7,7,0,0,0,0,train
S044,04,3,0,Left,7,7,0,0,0,0,train
S044,04,4,-1,Rest,7,1,6,0,0,6,train
S044,04,5,0,Left,7,7,0,0,0,0,train
S044,04,6,-1,Rest,7,4,3,0,0,3,train
S044,04,7,1,Right,7,0,7,0,0,7,train
S044,04,8,-1,Rest,7,7,0,0,0,0,train
S044,04,9,0,Left,7,7,0,0,0,0,train
S044,04,10,-1,Rest,7,1,6,0,0,6,train
S044,04,11,1,Right,7,0,7,0,0,7,train
S044,04,12,-1,Rest,7,0,7,0,0,7,train
S044,04,13,1,Right,7,0,7,0,0,7,train
S044,04,14,-1,Rest,7,0,7,0,0,7,train
S044,04,15,0,Left,7,7,0,0,0,0,train
S044,04,16,-1,Rest,7,0,7,0,0,7,train
S044,04,17,0,Left,7,0,7,0,0,7,train
S044,04,18,-1,Rest,7,3,4,0,0,4,train
S044,04,19,1,Right,7,0,7,0,0,7,train
S044,04,20,-1,Rest,7,2,5,0,0,5,train
S044,04,21,0,Left,7,3,4,0,0,4,train
S044,04,22,-1,Rest,7,0,7,0,0,7,train
S044,04,23,1,Right,7,6,1,0,0,1,train
S044,04,24,-1,Rest,7,0,7,0,0,7,train
S044,04,25,0,Left,7,0,7,0,0,7,train
S044,04,26,-1,Rest,7,7,0,0,0,0,train
S044,04,27,1,Right,7,5,2,0,0,2,train
S044,04,28,-1,Rest,7,6,1,0,0,1,train
S044,04,29,1,Right,7,7,0,0,0,0,train
S044,08,0,-1,Rest,7,7,0,0,0,0,train
S044,08,1,1,Right,7,7,0,0,0,0,train
S044,08,2,-1,Rest,7,2,5,0,0,5,train
S044,08,3,0,Left,7,4,3,0,0,3,train
S044,08,4,-1,Rest,7,7,0,0,0,0,train
S044,08,5,1,Right,7,2,5,0,0,5,train
S044,08,6,-1,Rest,7,5,2,0,0,2,train
S044,08,7,0,Left,7,0,7,0,0,7,train
S044,08,8,-1,Rest,7,0,7,0,0,7,train
S044,08,9,0,Left,7,0,7,0,0,7,train
S044,08,10,-1,Rest,7,0,7,0,0,7,train
S044,08,11,1,Right,7,0,7,0,0,7,train
S044,08,12,-1,Rest,7,0,7,0,0,7,train
S044,08,13,0,Left,7,0,7,0,0,7,train
S044,08,14,-1,Rest,7,7,0,0,0,0,train
S044,08,15,1,Right,7,0,7,0,0,7,train
S044,08,16,-1,Rest,7,6,1,0,0,1,train
S044,08,17,0,Left,7,7,0,0,0,0,train
S044,08,18,-1,Rest,7,0,7,0,0,7,train
S044,08,19,1,Right,7,0,7,0,0,7,train
S044,08,20,-1,Rest,7,1,6,0,0,6,train
S044,08,21,1,Right,7,0,7,0,0,7,train
S044,08,22,-1,Rest,7,0,7,0,0,7,train
S044,08,23,0,Left,7,0,7,0,0,7,train
S044,08,24,-1,Rest,7,0,7,0,0,7,train
S044,08,25,1,Right,7,0,7,0,0,7,train
S044,08,26,-1,Rest,7,6,1,0,0,1,train
S044,08,27,0,Left,7,0,7,0,0,7,train
S044,08,28,-1,Rest,7,4,3,0,0,3,train
S044,08,29,1,Right,7,0,7,0,0,7,train
S044,12,0,-1,Rest,7,7,0,0,0,0,train
S044,12,1,0,Left,7,7,0,0,0,0,train
S044,12,2,-1,Rest,7,2,5,0,0,5,train
S044,12,3,1,Right,7,7,0,0,0,0,train
S044,12,4,-1,Rest,7,7,0,0,0,0,train
S044,12,5,1,Right,7,0,7,0,0,7,train
S044,12,6,-1,Rest,7,7,0,0,0,0,train
S044,12,7,0,Left,7,0,7,0,0,7,train
S044,12,8,-1,Rest,7,3,4,0,0,4,train
S044,12,9,0,Left,7,3,4,0,0,4,train
S044,12,10,-1,Rest,7,0,7,0,0,7,train
S044,12,11,1,Right,7,0,7,0,0,7,train
S044,12,12,-1,Rest,7,0,7,0,0,7,train
S044,12,13,1,Right,7,5,2,0,0,2,train
S044,12,14,-1,Rest,7,0,7,0,0,7,train
S044,12,15,0,Left,7,0,7,0,0,7,train
S044,12,16,-1,Rest,7,4,3,0,0,3,train
S044,12,17,1,Right,7,0,7,0,0,7,train
S044,12,18,-1,Rest,7,0,7,0,0,7,train
S044,12,19,0,Left,7,0,7,0,0,7,train
S044,12,20,-1,Rest,7,0,7,0,0,7,train
S044,12,21,1,Right,7,0,7,0,0,7,train
S044,12,22,-1,Rest,7,0,7,0,0,7,train
S044,12,23,0,Left,7,0,7,0,0,7,train
S044,12,24,-1,Rest,7,0,7,0,0,7,train
S044,12,25,1,Right,7,7,0,0,0,0,train
S044,12,26,-1,Rest,7,7,0,0,0,0,train
S044,12,27,0,Left,7,7,0,0,0,0,train
S044,12,28,-1,Rest,7,0,7,0,0,7,train
S044,12,29,0,Left,7,0,7,0,0,7,train
S046,04,0,-1,Rest,7,7,0,0,0,0,train
S046,04,1,0,Left,7,7,0,0,0,0,train
S046,04,2,-1,Rest,7,7,0,0,0,0,train
S046,04,3,1,Right,7,7,0,0,0,0,train
S046,04,4,-1,Rest,7,7,0,0,0,0,train
S046,04,5,1,Right,7,7,0,0,0,0,train
S046,04,6,-1,Rest,7,7,0,0,0,0,train
S046,04,7,0,Left,7,7,0,0,0,0,train
S046,04,8,-1,Rest,7,7,0,0,0,0,train
S046,04,9,0,Left,7,7,0,0,0,0,train
S046,04,10,-1,Rest,7,7,0,0,0,0,train
S046,04,11,1,Right,7,7,0,0,0,0,train
S046,04,12,-1,Rest,7,7,0,0,0,0,train
S046,04,13,1,Right,7,7,0,0,0,0,train
S046,04,14,-1,Rest,7,7,0,0,0,0,train
S046,04,15,0,Left,7,7,0,0,0,0,train
S046,04,16,-1,Rest,7,7,0,0,0,0,train
S046,04,17,1,Right,7,7,0,0,0,0,train
S046,04,18,-1,Rest,7,7,0,0,0,0,train
S046,04,19,0,Left,7,7,0,0,0,0,train
S046,04,20,-1,Rest,7,7,0,0,0,0,train
S046,04,21,1,Right,7,7,0,0,0,0,train
S046,04,22,-1,Rest,7,7,0,0,0,0,train
S046,04,23,0,Left,7,7,0,0,0,0,train
S046,04,24,-1,Rest,7,7,0,0,0,0,train
S046,04,25,1,Right,7,7,0,0,0,0,train
S046,04,26,-1,Rest,7,7,0,0,0,0,train
S046,04,27,0,Left,7,7,0,0,0,0,train
S046,04,28,-1,Rest,7,7,0,0,0,0,train
S046,04,29,0,Left,7,7,0,0,0,0,train
S046,08,0,-1,Rest,7,7,0,0,0,0,train
S046,08,1,1,Right,7,7,0,0,0,0,train
S046,08,2,-1,Rest,7,7,0,0,0,0,train
S046,08,3,0,Left,7,7,0,0,0,0,train
S046,08,4,-1,Rest,7,7,0,0,0,0,train
S046,08,5,0,Left,7,7,0,0,0,0,train
S046,08,6,-1,Rest,7,7,0,0,0,0,train
S046,08,7,1,Right,7,7,0,0,0,0,train
S046,08,8,-1,Rest,7,7,0,0,0,0,train
S046,08,9,0,Left,7,7,0,0,0,0,train
S046,08,10,-1,Rest,7,7,0,0,0,0,train
S046,08,11,1,Right,7,7,0,0,0,0,train
S046,08,12,-1,Rest,7,7,0,0,0,0,train
S046,08,13,0,Left,7,2,5,0,0,5,train
S046,08,14,-1,Rest,7,7,0,0,0,0,train
S046,08,15,1,Right,7,7,0,0,0,0,train
S046,08,16,-1,Rest,7,7,0,0,0,0,train
S046,08,17,1,Right,7,7,0,0,0,0,train
S046,08,18,-1,Rest,7,7,0,0,0,0,train
S046,08,19,0,Left,7,7,0,0,0,0,train
S046,08,20,-1,Rest,7,7,0,0,0,0,train
S046,08,21,0,Left,7,7,0,0,0,0,train
S046,08,22,-1,Rest,7,7,0,0,0,0,train
S046,08,23,1,Right,7,7,0,0,0,0,train
S046,08,24,-1,Rest,7,7,0,0,0,0,train
S046,08,25,1,Right,7,7,0,0,0,0,train
S046,08,26,-1,Rest,7,7,0,0,0,0,train
S046,08,27,0,Left,7,7,0,0,0,0,train
S046,08,28,-1,Rest,7,7,0,0,0,0,train
S046,08,29,1,Right,7,7,0,0,0,0,train
S046,12,0,-1,Rest,7,7,0,0,0,0,train
S046,12,1,0,Left,7,7,0,0,0,0,train
S046,12,2,-1,Rest,7,7,0,0,0,0,train
S046,12,3,1,Right,7,7,0,0,0,0,train
S046,12,4,-1,Rest,7,7,0,0,0,0,train
S046,12,5,1,Right,7,7,0,0,0,0,train
S046,12,6,-1,Rest,7,7,0,0,0,0,train
S046,12,7,0,Left,7,7,0,0,0,0,train
S046,12,8,-1,Rest,7,7,0,0,0,0,train
S046,12,9,0,Left,7,7,0,0,0,0,train
S046,12,10,-1,Rest,7,7,0,0,0,0,train
S046,12,11,1,Right,7,7,0,0,0,0,train
S046,12,12,-1,Rest,7,7,0,0,0,0,train
S046,12,13,1,Right,7,7,0,0,0,0,train
S046,12,14,-1,Rest,7,7,0,0,0,0,train
S046,12,15,0,Left,7,7,0,0,0,0,train
S046,12,16,-1,Rest,7,7,0,0,0,0,train
S046,12,17,1,Right,7,7,0,0,0,0,train
S046,12,18,-1,Rest,7,7,0,0,0,0,train
S046,12,19,0,Left,7,7,0,0,0,0,train
S046,12,20,-1,Rest,7,7,0,0,0,0,train
S046,12,21,1,Right,7,7,0,0,0,0,train
S046,12,22,-1,Rest,7,7,0,0,0,0,train
S046,12,23,0,Left,7,7,0,0,0,0,train
S046,12,24,-1,Rest,7,7,0,0,0,0,train
S046,12,25,1,Right,7,7,0,0,0,0,train
S046,12,26,-1,Rest,7,7,0,0,0,0,train
S046,12,27,0,Left,7,7,0,0,0,0,train
S046,12,28,-1,Rest,7,7,0,0,0,0,train
S046,12,29,0,Left,7,7,0,0,0,0,train
S047,04,0,-1,Rest,7,7,0,0,0,0,train
S047,04,1,0,Left,7,7,0,0,0,0,train
S047,04,2,-1,Rest,7,7,0,0,0,0,train
S047,04,3,1,Right,7,7,0,0,0,0,train
S047,04,4,-1,Rest,7,7,0,0,0,0,train
S047,04,5,0,Left,7,7,0,0,0,0,train
S047,04,6,-1,Rest,7,7,0,0,0,0,train
S047,04,7,1,Right,7,7,0,0,0,0,train
S047,04,8,-1,Rest,7,7,0,0,0,0,train
S047,04,9,1,Right,7,7,0,0,0,0,train
S047,04,10,-1,Rest,7,7,0,0,0,0,train
S047,04,11,0,Left,7,7,0,0,0,0,train
S047,04,12,-1,Rest,7,7,0,0,0,0,train
S047,04,13,1,Right,7,7,0,0,0,0,train
S047,04,14,-1,Rest,7,7,0,0,0,0,train
S047,04,15,0,Left,7,7,0,0,0,0,train
S047,04,16,-1,Rest,7,7,0,0,0,0,train
S047,04,17,0,Left,7,7,0,0,0,0,train
S047,04,18,-1,Rest,7,7,0,0,0,0,train
S047,04,19,1,Right,7,7,0,0,0,0,train
S047,04,20,-1,Rest,7,7,0,0,0,0,train
S047,04,21,1,Right,7,7,0,0,0,0,train
S047,04,22,-1,Rest,7,7,0,0,0,0,train
S047,04,23,0,Left,7,7,0,0,0,0,train
S047,04,24,-1,Rest,7,7,0,0,0,0,train
S047,04,25,1,Right,7,7,0,0,0,0,train
S047,04,26,-1,Rest,7,7,0,0,0,0,train
S047,04,27,0,Left,7,7,0,0,0,0,train
S047,04,28,-1,Rest,7,7,0,0,0,0,train
S047,04,29,0,Left,7,7,0,0,0,0,train
S047,08,0,-1,Rest,7,7,0,0,0,0,train
S047,08,1,0,Left,7,7,0,0,0,0,train
S047,08,2,-1,Rest,7,7,0,0,0,0,train
S047,08,3,1,Right,7,7,0,0,0,0,train
S047,08,4,-1,Rest,7,7,0,0,0,0,train
S047,08,5,0,Left,7,7,0,0,0,0,train
S047,08,6,-1,Rest,7,7,0,0,0,0,train
S047,08,7,1,Right,7,7,0,0,0,0,train
S047,08,8,-1,Rest,7,7,0,0,0,0,train
S047,08,9,1,Right,7,7,0,0,0,0,train
S047,08,10,-1,Rest,7,7,0,0,0,0,train
S047,08,11,0,Left,7,7,0,0,0,0,train
S047,08,12,-1,Rest,7,7,0,0,0,0,train
S047,08,13,0,Left,7,7,0,0,0,0,train
S047,08,14,-1,Rest,7,7,0,0,0,0,train
S047,08,15,1,Right,7,7,0,0,0,0,train
S047,08,16,-1,Rest,7,7,0,0,0,0,train
S047,08,17,0,Left,7,7,0,0,0,0,train
S047,08,18,-1,Rest,7,7,0,0,0,0,train
S047,08,19,1,Right,7,7,0,0,0,0,train
S047,08,20,-1,Rest,7,7,0,0,0,0,train
S047,08,21,1,Right,7,7,0,0,0,0,train
S047,08,22,-1,Rest,7,7,0,0,0,0,train
S047,08,23,0,Left,7,7,0,0,0,0,train
S047,08,24,-1,Rest,7,7,0,0,0,0,train
S047,08,25,0,Left,7,7,0,0,0,0,train
S047,08,26,-1,Rest,7,7,0,0,0,0,train
S047,08,27,1,Right,7,7,0,0,0,0,train
S047,08,28,-1,Rest,7,7,0,0,0,0,train
S047,08,29,0,Left,7,7,0,0,0,0,train
S047,12,0,-1,Rest,7,7,0,0,0,0,train
S047,12,1,1,Right,7,7,0,0,0,0,train
S047,12,2,-1,Rest,7,7,0,0,0,0,train
S047,12,3,0,Left,7,7,0,0,0,0,train
S047,12,4,-1,Rest,7,7,0,0,0,0,train
S047,12,5,1,Right,7,7,0,0,0,0,train
S047,12,6,-1,Rest,7,7,0,0,0,0,train
S047,12,7,0,Left,7,7,0,0,0,0,train
S047,12,8,-1,Rest,7,7,0,0,0,0,train
S047,12,9,0,Left,7,7,0,0,0,0,train
S047,12,10,-1,Rest,7,7,0,0,0,0,train
S047,12,11,1,Right,7,7,0,0,0,0,train
S047,12,12,-1,Rest,7,7,0,0,0,0,train
S047,12,13,0,Left,7,7,0,0,0,0,train
S047,12,14,-1,Rest,7,7,0,0,0,0,train
S047,12,15,1,Right,7,7,0,0,0,0,train
S047,12,16,-1,Rest,7,7,0,0,0,0,train
S047,12,17,1,Right,7,7,0,0,0,0,train
S047,12,18,-1,Rest,7,7,0,0,0,0,train
S047,12,19,0,Left,7,7,0,0,0,0,train
S047,12,20,-1,Rest,7,7,0,0,0,0,train
S047,12,21,1,Right,7,7,0,0,0,0,train
S047,12,22,-1,Rest,7,7,0,0,0,0,train
S047,12,23,0,Left,7,7,0,0,0,0,train
S047,12,24,-1,Rest,7,7,0,0,0,0,train
S047,12,25,0,Left,7,7,0,0,0,0,train
S047,12,26,-1,Rest,7,7,0,0,0,0,train
S047,12,27,1,Right,7,7,0,0,0,0,train
S047,12,28,-1,Rest,7,7,0,0,0,0,train
S047,12,29,0,Left,7,7,0,0,0,0,train
S049,04,0,-1,Rest,7,7,0,0,0,0,train
S049,04,1,0,Left,7,7,0,0,0,0,train
S049,04,2,-1,Rest,7,7,0,0,0,0,train
S049,04,3,1,Right,7,2,5,0,0,5,train
S049,04,4,-1,Rest,7,1,6,0,0,6,train
S049,04,5,0,Left,7,0,7,0,0,7,train
S049,04,6,-1,Rest,7,7,0,0,0,0,train
S049,04,7,1,Right,7,4,3,0,0,3,train
S049,04,8,-1,Rest,7,7,0,0,0,0,train
S049,04,9,1,Right,7,7,0,0,0,0,train
S049,04,10,-1,Rest,7,7,0,0,0,0,train
S049,04,11,0,Left,7,7,0,0,0,0,train
S049,04,12,-1,Rest,7,7,0,0,0,0,train
S049,04,13,1,Right,7,4,3,0,0,3,train
S049,04,14,-1,Rest,7,7,0,0,0,0,train
S049,04,15,0,Left,7,0,7,0,0,7,train
S049,04,16,-1,Rest,7,7,0,0,0,0,train
S049,04,17,0,Left,7,7,0,0,0,0,train
S049,04,18,-1,Rest,7,7,0,0,0,0,train
S049,04,19,1,Right,7,0,7,0,0,7,train
S049,04,20,-1,Rest,7,6,1,0,0,1,train
S049,04,21,1,Right,7,7,0,0,0,0,train
S049,04,22,-1,Rest,7,7,0,0,0,0,train
S049,04,23,0,Left,7,7,0,0,0,0,train
S049,04,24,-1,Rest,7,7,0,0,0,0,train
S049,04,25,0,Left,7,7,0,0,0,0,train
S049,04,26,-1,Rest,7,7,0,0,0,0,train
S049,04,27,1,Right,7,7,0,0,0,0,train
S049,04,28,-1,Rest,7,7,0,0,0,0,train
S049,04,29,1,Right,7,7,0,0,0,0,train
S049,08,0,-1,Rest,7,7,0,0,0,0,train
S049,08,1,0,Left,7,7,0,0,0,0,train
S049,08,2,-1,Rest,7,7,0,0,0,0,train
S049,08,3,1,Right,7,5,2,0,0,2,train
S049,08,4,-1,Rest,7,7,0,0,0,0,train
S049,08,5,0,Left,7,7,0,0,0,0,train
S049,08,6,-1,Rest,7,7,0,0,0,0,train
S049,08,7,1,Right,7,7,0,0,0,0,train
S049,08,8,-1,Rest,7,2,5,0,0,5,train
S049,08,9,0,Left,7,7,0,0,0,0,train
S049,08,10,-1,Rest,7,6,1,0,0,1,train
S049,08,11,1,Right,7,7,0,0,0,0,train
S049,08,12,-1,Rest,7,1,6,0,0,6,train
S049,08,13,0,Left,7,7,0,0,0,0,train
S049,08,14,-1,Rest,7,1,6,0,0,6,train
S049,08,15,1,Right,7,6,1,0,0,1,train
S049,08,16,-1,Rest,7,7,0,0,0,0,train
S049,08,17,0,Left,7,7,0,0,0,0,train
S049,08,18,-1,Rest,7,7,0,0,0,0,train
S049,08,19,1,Right,7,7,0,0,0,0,train
S049,08,20,-1,Rest,7,3,4,0,0,4,train
S049,08,21,0,Left,7,7,0,0,0,0,train
S049,08,22,-1,Rest,7,3,4,0,0,4,train
S049,08,23,1,Right,7,7,0,0,0,0,train
S049,08,24,-1,Rest,7,7,0,0,0,0,train
S049,08,25,0,Left,7,0,7,0,0,7,train
S049,08,26,-1,Rest,7,4,3,0,0,3,train
S049,08,27,1,Right,7,7,0,0,0,0,train
S049,08,28,-1,Rest,7,7,0,0,0,0,train
S049,08,29,0,Left,7,0,7,0,0,7,train
S049,12,0,-1,Rest,7,7,0,0,0,0,train
S049,12,1,0,Left,7,7,0,0,0,0,train
S049,12,2,-1,Rest,7,7,0,0,0,0,train
S049,12,3,1,Right,7,5,2,0,0,2,train
S049,12,4,-1,Rest,7,4,3,0,0,3,train
S049,12,5,1,Right,7,7,0,0,0,0,train
S049,12,6,-1,Rest,7,7,0,0,0,0,train
S049,12,7,0,Left,7,4,3,0,0,3,train
S049,12,8,-1,Rest,7,0,7,0,0,7,train
S049,12,9,0,Left,7,7,0,0,0,0,train
S049,12,10,-1,Rest,7,7,0,0,0,0,train
S049,12,11,1,Right,7,7,0,0,0,0,train
S049,12,12,-1,Rest,7,7,0,0,0,0,train
S049,12,13,0,Left,7,7,0,0,0,0,train
S049,12,14,-1,Rest,7,1,6,0,0,6,train
S049,12,15,1,Right,7,7,0,0,0,0,train
S049,12,16,-1,Rest,7,7,0,0,0,0,train
S049,12,17,0,Left,7,7,0,0,0,0,train
S049,12,18,-1,Rest,7,4,3,0,0,3,train
S049,12,19,1,Right,7,7,0,0,0,0,train
S049,12,20,-1,Rest,7,0,7,0,0,7,train
S049,12,21,0,Left,7,2,5,0,0,5,train
S049,12,22,-1,Rest,7,7,0,0,0,0,train
S049,12,23,1,Right,7,7,0,0,0,0,train
S049,12,24,-1,Rest,7,7,0,0,0,0,train
S049,12,25,1,Right,7,1,6,0,0,6,train
S049,12,26,-1,Rest,7,7,0,0,0,0,train
S049,12,27,0,Left,7,0,7,0,0,7,train
S049,12,28,-1,Rest,7,6,1,0,0,1,train
S049,12,29,0,Left,7,5,2,0,0,2,train
S051,04,0,-1,Rest,7,7,0,0,0,0,train
S051,04,1,0,Left,7,7,0,0,0,0,train
S051,04,2,-1,Rest,7,7,0,0,0,0,train
S051,04,3,1,Right,7,7,0,0,0,0,train
S051,04,4,-1,Rest,7,7,0,0,0,0,train
S051,04,5,1,Right,7,7,0,0,0,0,train
S051,04,6,-1,Rest,7,7,0,0,0,0,train
S051,04,7,0,Left,7,7,0,0,0,0,train
S051,04,8,-1,Rest,7,7,0,0,0,0,train
S051,04,9,1,Right,7,7,0,0,0,0,train
S051,04,10,-1,Rest,7,7,0,0,0,0,train
S051,04,11,0,Left,7,7,0,0,0,0,train
S051,04,12,-1,Rest,7,7,0,0,0,0,train
S051,04,13,1,Right,7,7,0,0,0,0,train
S051,04,14,-1,Rest,7,7,0,0,0,0,train
S051,04,15,0,Left,7,7,0,0,0,0,train
S051,04,16,-1,Rest,7,7,0,0,0,0,train
S051,04,17,1,Right,7,7,0,0,0,0,train
S051,04,18,-1,Rest,7,7,0,0,0,0,train
S051,04,19,0,Left,7,7,0,0,0,0,train
S051,04,20,-1,Rest,7,7,0,0,0,0,train
S051,04,21,1,Right,7,7,0,0,0,0,train
S051,04,22,-1,Rest,7,7,0,0,0,0,train
S051,04,23,0,Left,7,7,0,0,0,0,train
S051,04,24,-1,Rest,7,7,0,0,0,0,train
S051,04,25,1,Right,7,7,0,0,0,0,train
S051,04,26,-1,Rest,7,7,0,0,0,0,train
S051,04,27,0,Left,7,7,0,0,0,0,train
S051,04,28,-1,Rest,7,7,0,0,0,0,train
S051,04,29,0,Left,7,7,0,0,0,0,train
S051,08,0,-1,Rest,7,7,0,0,0,0,train
S051,08,1,1,Right,7,7,0,0,0,0,train
S051,08,2,-1,Rest,7,7,0,0,0,0,train
S051,08,3,0,Left,7,7,0,0,0,0,train
S051,08,4,-1,Rest,7,7,0,0,0,0,train
S051,08,5,1,Right,7,7,0,0,0,0,train
S051,08,6,-1,Rest,7,7,0,0,0,0,train
S051,08,7,0,Left,7,7,0,0,0,0,train
S051,08,8,-1,Rest,7,7,0,0,0,0,train
S051,08,9,1,Right,7,7,0,0,0,0,train
S051,08,10,-1,Rest,7,7,0,0,0,0,train
S051,08,11,0,Left,7,7,0,0,0,0,train
S051,08,12,-1,Rest,7,7,0,0,0,0,train
S051,08,13,0,Left,7,7,0,0,0,0,train
S051,08,14,-1,Rest,7,7,0,0,0,0,train
S051,08,15,1,Right,7,7,0,0,0,0,train
S051,08,16,-1,Rest,7,7,0,0,0,0,train
S051,08,17,1,Right,7,7,0,0,0,0,train
S051,08,18,-1,Rest,7,7,0,0,0,0,train
S051,08,19,0,Left,7,7,0,0,0,0,train
S051,08,20,-1,Rest,7,7,0,0,0,0,train
S051,08,21,1,Right,7,7,0,0,0,0,train
S051,08,22,-1,Rest,7,7,0,0,0,0,train
S051,08,23,0,Left,7,7,0,0,0,0,train
S051,08,24,-1,Rest,7,7,0,0,0,0,train
S051,08,25,1,Right,7,7,0,0,0,0,train
S051,08,26,-1,Rest,7,7,0,0,0,0,train
S051,08,27,0,Left,7,7,0,0,0,0,train
S051,08,28,-1,Rest,7,7,0,0,0,0,train
S051,08,29,0,Left,7,7,0,0,0,0,train
S051,12,0,-1,Rest,7,7,0,0,0,0,train
S051,12,1,1,Right,7,7,0,0,0,0,train
S051,12,2,-1,Rest,7,7,0,0,0,0,train
S051,12,3,0,Left,7,7,0,0,0,0,train
S051,12,4,-1,Rest,7,7,0,0,0,0,train
S051,12,5,1,Right,7,7,0,0,0,0,train
S051,12,6,-1,Rest,7,7,0,0,0,0,train
S051,12,7,0,Left,7,7,0,0,0,0,train
S051,12,8,-1,Rest,7,7,0,0,0,0,train
S051,12,9,0,Left,7,7,0,0,0,0,train
S051,12,10,-1,Rest,7,7,0,0,0,0,train
S051,12,11,1,Right,7,7,0,0,0,0,train
S051,12,12,-1,Rest,7,7,0,0,0,0,train
S051,12,13,0,Left,7,7,0,0,0,0,train
S051,12,14,-1,Rest,7,7,0,0,0,0,train
S051,12,15,1,Right,7,7,0,0,0,0,train
S051,12,16,-1,Rest,7,7,0,0,0,0,train
S051,12,17,1,Right,7,7,0,0,0,0,train
S051,12,18,-1,Rest,7,7,0,0,0,0,train
S051,12,19,0,Left,7,7,0,0,0,0,train
S051,12,20,-1,Rest,7,7,0,0,0,0,train
S051,12,21,0,Left,7,7,0,0,0,0,train
S051,12,22,-1,Rest,7,7,0,0,0,0,train
S051,12,23,1,Right,7,7,0,0,0,0,train
S051,12,24,-1,Rest,7,7,0,0,0,0,train
S051,12,25,1,Right,7,7,0,0,0,0,train
S051,12,26,-1,Rest,7,7,0,0,0,0,train
S051,12,27,0,Left,7,7,0,0,0,0,train
S051,12,28,-1,Rest,7,7,0,0,0,0,train
S051,12,29,0,Left,7,7,0,0,0,0,train
S052,04,0,-1,Rest,7,3,4,0,0,4,train
S052,04,1,0,Left,7,7,0,0,0,0,train
S052,04,2,-1,Rest,7,3,4,0,0,4,train
S052,04,3,1,Right,7,7,0,0,0,0,train
S052,04,4,-1,Rest,7,7,0,0,0,0,train
S052,04,5,1,Right,7,3,4,0,0,4,train
S052,04,6,-1,Rest,7,7,0,0,0,0,train
S052,04,7,0,Left,7,7,0,0,0,0,train
S052,04,8,-1,Rest,7,7,0,0,0,0,train
S052,04,9,1,Right,7,7,0,0,0,0,train
S052,04,10,-1,Rest,7,7,0,0,0,0,train
S052,04,11,0,Left,7,7,0,0,0,0,train
S052,04,12,-1,Rest,7,7,0,0,0,0,train
S052,04,13,1,Right,7,7,0,0,0,0,train
S052,04,14,-1,Rest,7,2,5,0,0,5,train
S052,04,15,0,Left,7,0,7,0,0,7,train
S052,04,16,-1,Rest,7,1,6,0,0,6,train
S052,04,17,1,Right,7,7,0,0,0,0,train
S052,04,18,-1,Rest,7,6,1,0,0,1,train
S052,04,19,0,Left,7,6,1,0,0,1,train
S052,04,20,-1,Rest,7,4,3,0,0,3,train
S052,04,21,0,Left,7,7,0,0,0,0,train
S052,04,22,-1,Rest,7,6,1,0,0,1,train
S052,04,23,1,Right,7,7,0,0,0,0,train
S052,04,24,-1,Rest,7,0,7,0,0,7,train
S052,04,25,1,Right,7,2,5,0,0,5,train
S052,04,26,-1,Rest,7,1,6,0,0,6,train
S052,04,27,0,Left,7,2,5,0,0,5,train
S052,04,28,-1,Rest,7,2,5,0,0,5,train
S052,04,29,0,Left,7,0,7,0,0,7,train
S052,08,0,-1,Rest,7,7,0,0,0,0,train
S052,08,1,1,Right,7,7,0,0,0,0,train
S052,08,2,-1,Rest,7,0,7,0,0,7,train
S052,08,3,0,Left,7,4,3,0,0,3,train
S052,08,4,-1,Rest,7,0,7,0,0,7,train
S052,08,5,0,Left,7,5,2,0,0,2,train
S052,08,6,-1,Rest,7,0,7,0,0,7,train
S052,08,7,1,Right,7,0,7,0,0,7,train
S052,08,8,-1,Rest,7,5,2,0,0,2,train
S052,08,9,0,Left,7,5,2,0,0,2,train
S052,08,10,-1,Rest,7,2,5,0,0,5,train
S052,08,11,1,Right,7,2,5,0,0,5,train
S052,08,12,-1,Rest,7,0,7,0,0,7,train
S052,08,13,1,Right,7,2,5,0,0,5,train
S052,08,14,-1,Rest,7,4,3,0,0,3,train
S052,08,15,0,Left,7,5,2,0,0,2,train
S052,08,16,-1,Rest,7,0,7,0,0,7,train
S052,08,17,1,Right,7,0,7,0,0,7,train
S052,08,18,-1,Rest,7,0,7,0,0,7,train
S052,08,19,0,Left,7,6,1,0,0,1,train
S052,08,20,-1,Rest,7,0,7,0,0,7,train
S052,08,21,1,Right,7,2,5,0,0,5,train
S052,08,22,-1,Rest,7,0,7,0,0,7,train
S052,08,23,0,Left,7,0,7,0,0,7,train
S052,08,24,-1,Rest,7,0,7,0,0,7,train
S052,08,25,1,Right,7,7,0,0,0,0,train
S052,08,26,-1,Rest,7,7,0,0,0,0,train
S052,08,27,0,Left,7,7,0,0,0,0,train
S052,08,28,-1,Rest,7,7,0,0,0,0,train
S052,08,29,0,Left,7,2,5,0,0,5,train
S052,12,0,-1,Rest,7,7,0,0,0,0,train
S052,12,1,1,Right,7,7,0,0,0,0,train
S052,12,2,-1,Rest,7,7,0,0,0,0,train
S052,12,3,0,Left,7,7,0,0,0,0,train
S052,12,4,-1,Rest,7,6,1,0,0,1,train
S052,12,5,1,Right,7,0,7,0,0,7,train
S052,12,6,-1,Rest,7,0,7,0,0,7,train
S052,12,7,0,Left,7,6,1,0,0,1,train
S052,12,8,-1,Rest,7,6,1,0,0,1,train
S052,12,9,0,Left,7,7,0,0,0,0,train
S052,12,10,-1,Rest,7,0,7,0,0,7,train
S052,12,11,1,Right,7,0,7,0,0,7,train
S052,12,12,-1,Rest,7,3,4,0,0,4,train
S052,12,13,0,Left,7,3,4,0,0,4,train
S052,12,14,-1,Rest,7,1,6,0,0,6,train
S052,12,15,1,Right,7,0,7,0,0,7,train
S052,12,16,-1,Rest,7,7,0,0,0,0,train
S052,12,17,1,Right,7,1,6,0,0,6,train
S052,12,18,-1,Rest,7,7,0,0,0,0,train
S052,12,19,0,Left,7,4,3,0,0,3,train
S052,12,20,-1,Rest,7,6,1,0,0,1,train
S052,12,21,0,Left,7,7,0,0,0,0,train
S052,12,22,-1,Rest,7,7,0,0,0,0,train
S052,12,23,1,Right,7,0,7,0,0,7,train
S052,12,24,-1,Rest,7,0,7,0,0,7,train
S052,12,25,0,Left,7,7,0,0,0,0,train
S052,12,26,-1,Rest,7,0,7,0,0,7,train
S052,12,27,1,Right,7,7,0,0,0,0,train
S052,12,28,-1,Rest,7,0,7,0,0,7,train
S052,12,29,0,Left,7,0,7,0,0,7,train
S053,04,0,-1,Rest,7,3,4,0,0,4,train
S053,04,1,0,Left,7,1,6,0,0,6,train
S053,04,2,-1,Rest,7,1,6,0,0,6,train
S053,04,3,1,Right,7,1,6,0,0,6,train
S053,04,4,-1,Rest,7,0,7,0,0,7,train
S053,04,5,0,Left,7,4,3,0,0,3,train
S053,04,6,-1,Rest,7,7,0,0,0,0,train
S053,04,7,1,Right,7,2,5,0,0,5,train
S053,04,8,-1,Rest,7,7,0,0,0,0,train
S053,04,9,0,Left,7,2,5,0,0,5,train
S053,04,10,-1,Rest,7,7,0,0,0,0,train
S053,04,11,1,Right,7,0,7,0,0,7,train
S053,04,12,-1,Rest,7,7,0,0,0,0,train
S053,04,13,0,Left,7,7,0,0,0,0,train
S053,04,14,-1,Rest,7,0,7,0,0,7,train
S053,04,15,1,Right,7,7,0,0,0,0,train
S053,04,16,-1,Rest,7,2,5,0,0,5,train
S053,04,17,0,Left,7,1,6,0,0,6,train
S053,04,18,-1,Rest,7,1,6,0,0,6,train
S053,04,19,1,Right,7,2,5,0,0,5,train
S053,04,20,-1,Rest,7,3,4,0,0,4,train
S053,04,21,0,Left,7,0,7,0,0,7,train
S053,04,22,-1,Rest,7,2,5,0,0,5,train
S053,04,23,1,Right,7,7,0,0,0,0,train
S053,04,24,-1,Rest,7,4,3,0,0,3,train
S053,04,25,0,Left,7,3,4,0,0,4,train
S053,04,26,-1,Rest,7,0,7,0,0,7,train
S053,04,27,1,Right,7,1,6,0,0,6,train
S053,04,28,-1,Rest,7,0,7,0,0,7,train
S053,04,29,1,Right,7,0,7,0,0,7,train
S053,08,0,-1,Rest,7,4,3,0,0,3,train
S053,08,1,1,Right,7,0,7,0,0,7,train
S053,08,2,-1,Rest,7,0,7,0,0,7,train
S053,08,3,0,Left,7,0,7,0,0,7,train
S053,08,4,-1,Rest,7,3,4,0,0,4,train
S053,08,5,0,Left,7,0,7,0,0,7,train
S053,08,6,-1,Rest,7,0,7,0,0,7,train
S053,08,7,1,Right,7,1,6,0,0,6,train
S053,08,8,-1,Rest,7,1,6,0,0,6,train
S053,08,9,1,Right,7,7,0,0,0,0,train
S053,08,10,-1,Rest,7,0,7,0,0,7,train
S053,08,11,0,Left,7,0,7,0,0,7,train
S053,08,12,-1,Rest,7,7,0,0,0,0,train
S053,08,13,1,Right,7,0,7,0,0,7,train
S053,08,14,-1,Rest,7,2,5,0,0,5,train
S053,08,15,0,Left,7,0,7,0,0,7,train
S053,08,16,-1,Rest,7,6,1,0,0,1,train
S053,08,17,0,Left,7,0,7,0,0,7,train
S053,08,18,-1,Rest,7,7,0,0,0,0,train
S053,08,19,1,Right,7,0,7,0,0,7,train
S053,08,20,-1,Rest,7,0,7,0,0,7,train
S053,08,21,0,Left,7,0,7,0,0,7,train
S053,08,22,-1,Rest,7,3,4,0,0,4,train
S053,08,23,1,Right,7,2,5,0,0,5,train
S053,08,24,-1,Rest,7,5,2,0,0,2,train
S053,08,25,0,Left,7,1,6,0,0,6,train
S053,08,26,-1,Rest,7,0,7,0,0,7,train
S053,08,27,1,Right,7,0,7,0,0,7,train
S053,08,28,-1,Rest,7,0,7,0,0,7,train
S053,08,29,1,Right,7,1,6,0,0,6,train
S053,12,0,-1,Rest,7,1,6,0,0,6,train
S053,12,1,1,Right,7,7,0,0,0,0,train
S053,12,2,-1,Rest,7,0,7,0,0,7,train
S053,12,3,0,Left,7,0,7,0,0,7,train
S053,12,4,-1,Rest,7,1,6,0,0,6,train
S053,12,5,0,Left,7,1,6,0,0,6,train
S053,12,6,-1,Rest,7,5,2,0,0,2,train
S053,12,7,1,Right,7,0,7,0,0,7,train
S053,12,8,-1,Rest,7,2,5,0,0,5,train
S053,12,9,0,Left,7,2,5,0,0,5,train
S053,12,10,-1,Rest,7,0,7,0,0,7,train
S053,12,11,1,Right,7,7,0,0,0,0,train
S053,12,12,-1,Rest,7,7,0,0,0,0,train
S053,12,13,1,Right,7,5,2,0,0,2,train
S053,12,14,-1,Rest,7,0,7,0,0,7,train
S053,12,15,0,Left,7,0,7,0,0,7,train
S053,12,16,-1,Rest,7,0,7,0,0,7,train
S053,12,17,0,Left,7,1,6,0,0,6,train
S053,12,18,-1,Rest,7,4,3,0,0,3,train
S053,12,19,1,Right,7,0,7,0,0,7,train
S053,12,20,-1,Rest,7,6,1,0,0,1,train
S053,12,21,0,Left,7,1,6,0,0,6,train
S053,12,22,-1,Rest,7,0,7,0,0,7,train
S053,12,23,1,Right,7,7,0,0,0,0,train
S053,12,24,-1,Rest,7,0,7,0,0,7,train
S053,12,25,1,Right,7,2,5,0,0,5,train
S053,12,26,-1,Rest,7,7,0,0,0,0,train
S053,12,27,0,Left,7,7,0,0,0,0,train
S053,12,28,-1,Rest,7,0,7,0,0,7,train
S053,12,29,0,Left,7,0,7,0,0,7,train
S056,04,0,-1,Rest,7,0,7,0,0,7,train
S056,04,1,1,Right,7,1,6,0,0,6,train
S056,04,2,-1,Rest,7,0,7,0,0,7,train
S056,04,3,0,Left,7,7,0,0,0,0,train
S056,04,4,-1,Rest,7,2,5,0,0,5,train
S056,04,5,1,Right,7,0,7,0,0,7,train
S056,04,6,-1,Rest,7,0,7,0,0,7,train
S056,04,7,0,Left,7,7,0,0,0,0,train
S056,04,8,-1,Rest,7,0,7,0,0,7,train
S056,04,9,1,Right,7,0,7,0,0,7,train
S056,04,10,-1,Rest,7,0,7,0,0,7,train
S056,04,11,0,Left,7,0,7,0,0,7,train
S056,04,12,-1,Rest,7,1,6,0,0,6,train
S056,04,13,1,Right,7,2,5,0,0,5,train
S056,04,14,-1,Rest,7,0,7,0,0,7,train
S056,04,15,0,Left,7,0,7,0,0,7,train
S056,04,16,-1,Rest,7,0,7,0,0,7,train
S056,04,17,0,Left,7,1,6,0,0,6,train
S056,04,18,-1,Rest,7,0,7,0,0,7,train
S056,04,19,1,Right,7,0,7,0,0,7,train
S056,04,20,-1,Rest,7,0,7,0,0,7,train
S056,04,21,1,Right,7,1,6,0,0,6,train
S056,04,22,-1,Rest,7,0,7,0,0,7,train
S056,04,23,0,Left,7,0,7,0,0,7,train
S056,04,24,-1,Rest,7,0,7,0,0,7,train
S056,04,25,0,Left,7,0,7,0,0,7,train
S056,04,26,-1,Rest,7,0,7,0,0,7,train
S056,04,27,1,Right,7,1,6,0,0,6,train
S056,04,28,-1,Rest,7,0,7,0,0,7,train
S056,04,29,1,Right,7,5,2,0,0,2,train
S056,08,0,-1,Rest,7,3,4,0,0,4,train
S056,08,1,1,Right,7,7,0,0,0,0,train
S056,08,2,-1,Rest,7,3,4,0,0,4,train
S056,08,3,0,Left,7,0,7,0,0,7,train
S056,08,4,-1,Rest,7,0,7,0,0,7,train
S056,08,5,0,Left,7,1,6,0,0,6,train
S056,08,6,-1,Rest,7,4,3,0,0,3,train
S056,08,7,1,Right,7,3,4,0,0,4,train
S056,08,8,-1,Rest,7,0,7,0,0,7,train
S056,08,9,1,Right,7,0,7,0,0,7,train
S056,08,10,-1,Rest,7,1,6,0,0,6,train
S056,08,11,0,Left,7,0,7,0,0,7,train
S056,08,12,-1,Rest,7,0,7,0,0,7,train
S056,08,13,0,Left,7,4,3,0,0,3,train
S056,08,14,-1,Rest,7,0,7,0,0,7,train
S056,08,15,1,Right,7,0,7,0,0,7,train
S056,08,16,-1,Rest,7,6,1,0,0,1,train
S056,08,17,1,Right,7,3,4,0,0,4,train
S056,08,18,-1,Rest,7,0,7,0,0,7,train
S056,08,19,0,Left,7,0,7,0,0,7,train
S056,08,20,-1,Rest,7,0,7,0,0,7,train
S056,08,21,0,Left,7,1,6,0,0,6,train
S056,08,22,-1,Rest,7,0,7,0,0,7,train
S056,08,23,1,Right,7,0,7,0,0,7,train
S056,08,24,-1,Rest,7,0,7,0,0,7,train
S056,08,25,1,Right,7,4,3,0,0,3,train
S056,08,26,-1,Rest,7,0,7,0,0,7,train
S056,08,27,0,Left,7,0,7,0,0,7,train
S056,08,28,-1,Rest,7,0,7,0,0,7,train
S056,08,29,1,Right,7,0,7,0,0,7,train
S056,12,0,-1,Rest,7,1,6,0,0,6,train
S056,12,1,1,Right,7,0,7,0,0,7,train
S056,12,2,-1,Rest,7,1,6,0,0,6,train
S056,12,3,0,Left,7,0,7,0,0,7,train
S056,12,4,-1,Rest,7,0,7,0,0,7,train
S056,12,5,0,Left,7,3,4,0,0,4,train
S056,12,6,-1,Rest,7,3,4,0,0,4,train
S056,12,7,1,Right,7,3,4,0,0,4,train
S056,12,8,-1,Rest,7,0,7,0,0,7,train
S056,12,9,1,Right,7,0,7,0,0,7,train
S056,12,10,-1,Rest,7,0,7,0,0,7,train
S056,12,11,0,Left,7,0,7,0,0,7,train
S056,12,12,-1,Rest,7,0,7,0,0,7,train
S056,12,13,0,Left,7,1,6,0,0,6,train
S056,12,14,-1,Rest,7,0,7,0,0,7,train
S056,12,15,1,Right,7,0,7,0,0,7,train
S056,12,16,-1,Rest,7,0,7,0,0,7,train
S056,12,17,1,Right,7,0,7,0,0,7,train
S056,12,18,-1,Rest,7,0,7,0,0,7,train
S056,12,19,0,Left,7,0,7,0,0,7,train
S056,12,20,-1,Rest,7,4,3,0,0,3,train
S056,12,21,1,Right,7,2,5,0,0,5,train
S056,12,22,-1,Rest,7,0,7,0,0,7,train
S056,12,23,0,Left,7,0,7,0,0,7,train
S056,12,24,-1,Rest,7,0,7,0,0,7,train
S056,12,25,1,Right,7,0,7,0,0,7,train
S056,12,26,-1,Rest,7,0,7,0,0,7,train
S056,12,27,0,Left,7,0,7,0,0,7,train
S056,12,28,-1,Rest,7,2,5,0,0,5,train
S056,12,29,0,Left,7,0,7,0,0,7,train
S057,04,0,-1,Rest,7,7,0,0,0,0,train
S057,04,1,1,Right,7,7,0,0,0,0,train
S057,04,2,-1,Rest,7,7,0,0,0,0,train
S057,04,3,0,Left,7,6,1,0,0,1,train
S057,04,4,-1,Rest,7,7,0,0,0,0,train
S057,04,5,0,Left,7,7,0,0,0,0,train
S057,04,6,-1,Rest,7,7,0,0,0,0,train
S057,04,7,1,Right,7,7,0,0,0,0,train
S057,04,8,-1,Rest,7,7,0,0,0,0,train
S057,04,9,0,Left,7,7,0,0,0,0,train
S057,04,10,-1,Rest,7,7,0,0,0,0,train
S057,04,11,1,Right,7,7,0,0,0,0,train
S057,04,12,-1,Rest,7,7,0,0,0,0,train
S057,04,13,1,Right,7,7,0,0,0,0,train
S057,04,14,-1,Rest,7,7,0,0,0,0,train
S057,04,15,0,Left,7,7,0,0,0,0,train
S057,04,16,-1,Rest,7,7,0,0,0,0,train
S057,04,17,0,Left,7,7,0,0,0,0,train
S057,04,18,-1,Rest,7,1,6,0,0,6,train
S057,04,19,1,Right,7,7,0,0,0,0,train
S057,04,20,-1,Rest,7,7,0,0,0,0,train
S057,04,21,0,Left,7,7,0,0,0,0,train
S057,04,22,-1,Rest,7,3,4,0,0,4,train
S057,04,23,1,Right,7,7,0,0,0,0,train
S057,04,24,-1,Rest,7,7,0,0,0,0,train
S057,04,25,0,Left,7,7,0,0,0,0,train
S057,04,26,-1,Rest,7,7,0,0,0,0,train
S057,04,27,1,Right,7,7,0,0,0,0,train
S057,04,28,-1,Rest,7,7,0,0,0,0,train
S057,04,29,0,Left,7,7,0,0,0,0,train
S057,08,0,-1,Rest,7,7,0,0,0,0,train
S057,08,1,1,Right,7,7,0,0,0,0,train
S057,08,2,-1,Rest,7,7,0,0,0,0,train
S057,08,3,0,Left,7,7,0,0,0,0,train
S057,08,4,-1,Rest,7,7,0,0,0,0,train
S057,08,5,1,Right,7,7,0,0,0,0,train
S057,08,6,-1,Rest,7,7,0,0,0,0,train
S057,08,7,0,Left,7,7,0,0,0,0,train
S057,08,8,-1,Rest,7,7,0,0,0,0,train
S057,08,9,0,Left,7,7,0,0,0,0,train
S057,08,10,-1,Rest,7,7,0,0,0,0,train
S057,08,11,1,Right,7,7,0,0,0,0,train
S057,08,12,-1,Rest,7,7,0,0,0,0,train
S057,08,13,0,Left,7,7,0,0,0,0,train
S057,08,14,-1,Rest,7,7,0,0,0,0,train
S057,08,15,1,Right,7,4,3,0,0,3,train
S057,08,16,-1,Rest,7,7,0,0,0,0,train
S057,08,17,1,Right,7,4,3,0,0,3,train
S057,08,18,-1,Rest,7,7,0,0,0,0,train
S057,08,19,0,Left,7,7,0,0,0,0,train
S057,08,20,-1,Rest,7,1,6,0,0,6,train
S057,08,21,1,Right,7,7,0,0,0,0,train
S057,08,22,-1,Rest,7,7,0,0,0,0,train
S057,08,23,0,Left,7,7,0,0,0,0,train
S057,08,24,-1,Rest,7,7,0,0,0,0,train
S057,08,25,1,Right,7,7,0,0,0,0,train
S057,08,26,-1,Rest,7,5,2,0,0,2,train
S057,08,27,0,Left,7,7,0,0,0,0,train
S057,08,28,-1,Rest,7,7,0,0,0,0,train
S057,08,29,0,Left,7,7,0,0,0,0,train
S057,12,0,-1,Rest,7,7,0,0,0,0,train
S057,12,1,0,Left,7,7,0,0,0,0,train
S057,12,2,-1,Rest,7,7,0,0,0,0,train
S057,12,3,1,Right,7,7,0,0,0,0,train
S057,12,4,-1,Rest,7,7,0,0,0,0,train
S057,12,5,0,Left,7,7,0,0,0,0,train
S057,12,6,-1,Rest,7,7,0,0,0,0,train
S057,12,7,1,Right,7,7,0,0,0,0,train
S057,12,8,-1,Rest,7,7,0,0,0,0,train
S057,12,9,1,Right,7,7,0,0,0,0,train
S057,12,10,-1,Rest,7,6,1,0,0,1,train
S057,12,11,0,Left,7,7,0,0,0,0,train
S057,12,12,-1,Rest,7,0,7,0,0,7,train
S057,12,13,0,Left,7,2,5,0,0,5,train
S057,12,14,-1,Rest,7,7,0,0,0,0,train
S057,12,15,1,Right,7,4,3,0,0,3,train
S057,12,16,-1,Rest,7,7,0,0,0,0,train
S057,12,17,0,Left,7,7,0,0,0,0,train
S057,12,18,-1,Rest,7,2,5,0,0,5,train
S057,12,19,1,Right,7,7,0,0,0,0,train
S057,12,20,-1,Rest,7,7,0,0,0,0,train
S057,12,21,1,Right,7,7,0,0,0,0,train
S057,12,22,-1,Rest,7,2,5,0,0,5,train
S057,12,23,0,Left,7,7,0,0,0,0,train
S057,12,24,-1,Rest,7,7,0,0,0,0,train
S057,12,25,0,Left,7,7,0,0,0,0,train
S057,12,26,-1,Rest,7,7,0,0,0,0,train
S057,12,27,1,Right,7,7,0,0,0,0,train
S057,12,28,-1,Rest,7,7,0,0,0,0,train
S057,12,29,0,Left,7,7,0,0,0,0,train
S058,04,0,-1,Rest,7,7,0,0,0,0,train
S058,04,1,0,Left,7,7,0,0,0,0,train
S058,04,2,-1,Rest,7,7,0,0,0,0,train
S058,04,3,1,Right,7,7,0,0,0,0,train
S058,04,4,-1,Rest,7,7,0,0,0,0,train
S058,04,5,1,Right,7,7,0,0,0,0,train
S058,04,6,-1,Rest,7,7,0,0,0,0,train
S058,04,7,0,Left,7,7,0,0,0,0,train
S058,04,8,-1,Rest,7,7,0,0,0,0,train
S058,04,9,0,Left,7,7,0,0,0,0,train
S058,04,10,-1,Rest,7,7,0,0,0,0,train
S058,04,11,1,Right,7,7,0,0,0,0,train
S058,04,12,-1,Rest,7,7,0,0,0,0,train
S058,04,13,1,Right,7,7,0,0,0,0,train
S058,04,14,-1,Rest,7,7,0,0,0,0,train
S058,04,15,0,Left,7,7,0,0,0,0,train
S058,04,16,-1,Rest,7,7,0,0,0,0,train
S058,04,17,0,Left,7,7,0,0,0,0,train
S058,04,18,-1,Rest,7,7,0,0,0,0,train
S058,04,19,1,Right,7,7,0,0,0,0,train
S058,04,20,-1,Rest,7,7,0,0,0,0,train
S058,04,21,0,Left,7,7,0,0,0,0,train
S058,04,22,-1,Rest,7,7,0,0,0,0,train
S058,04,23,1,Right,7,7,0,0,0,0,train
S058,04,24,-1,Rest,7,7,0,0,0,0,train
S058,04,25,1,Right,7,7,0,0,0,0,train
S058,04,26,-1,Rest,7,7,0,0,0,0,train
S058,04,27,0,Left,7,7,0,0,0,0,train
S058,04,28,-1,Rest,7,7,0,0,0,0,train
S058,04,29,0,Left,7,7,0,0,0,0,train
S058,08,0,-1,Rest,7,7,0,0,0,0,train
S058,08,1,0,Left,7,7,0,0,0,0,train
S058,08,2,-1,Rest,7,7,0,0,0,0,train
S058,08,3,1,Right,7,7,0,0,0,0,train
S058,08,4,-1,Rest,7,7,0,0,0,0,train
S058,08,5,0,Left,7,7,0,0,0,0,train
S058,08,6,-1,Rest,7,7,0,0,0,0,train
S058,08,7,1,Right,7,7,0,0,0,0,train
S058,08,8,-1,Rest,7,7,0,0,0,0,train
S058,08,9,0,Left,7,7,0,0,0,0,train
S058,08,10,-1,Rest,7,7,0,0,0,0,train
S058,08,11,1,Right,7,7,0,0,0,0,train
S058,08,12,-1,Rest,7,7,0,0,0,0,train
S058,08,13,1,Right,7,7,0,0,0,0,train
S058,08,14,-1,Rest,7,7,0,0,0,0,train
S058,08,15,0,Left,7,7,0,0,0,0,train
S058,08,16,-1,Rest,7,7,0,0,0,0,train
S058,08,17,0,Left,7,7,0,0,0,0,train
S058,08,18,-1,Rest,7,7,0,0,0,0,train
S058,08,19,1,Right,7,7,0,0,0,0,train
S058,08,20,-1,Rest,7,7,0,0,0,0,train
S058,08,21,0,Left,7,7,0,0,0,0,train
S058,08,22,-1,Rest,7,7,0,0,0,0,train
S058,08,23,1,Right,7,7,0,0,0,0,train
S058,08,24,-1,Rest,7,7,0,0,0,0,train
S058,08,25,0,Left,7,7,0,0,0,0,train
S058,08,26,-1,Rest,7,7,0,0,0,0,train
S058,08,27,1,Right,7,7,0,0,0,0,train
S058,08,28,-1,Rest,7,7,0,0,0,0,train
S058,08,29,0,Left,7,7,0,0,0,0,train
S058,12,0,-1,Rest,7,7,0,0,0,0,train
S058,12,1,1,Right,7,7,0,0,0,0,train
S058,12,2,-1,Rest,7,7,0,0,0,0,train
S058,12,3,0,Left,7,7,0,0,0,0,train
S058,12,4,-1,Rest,7,7,0,0,0,0,train
S058,12,5,0,Left,7,7,0,0,0,0,train
S058,12,6,-1,Rest,7,7,0,0,0,0,train
S058,12,7,1,Right,7,7,0,0,0,0,train
S058,12,8,-1,Rest,7,7,0,0,0,0,train
S058,12,9,0,Left,7,7,0,0,0,0,train
S058,12,10,-1,Rest,7,7,0,0,0,0,train
S058,12,11,1,Right,7,7,0,0,0,0,train
S058,12,12,-1,Rest,7,7,0,0,0,0,train
S058,12,13,1,Right,7,7,0,0,0,0,train
S058,12,14,-1,Rest,7,7,0,0,0,0,train
S058,12,15,0,Left,7,7,0,0,0,0,train
S058,12,16,-1,Rest,7,7,0,0,0,0,train
S058,12,17,0,Left,7,7,0,0,0,0,train
S058,12,18,-1,Rest,7,7,0,0,0,0,train
S058,12,19,1,Right,7,7,0,0,0,0,train
S058,12,20,-1,Rest,7,7,0,0,0,0,train
S058,12,21,1,Right,7,7,0,0,0,0,train
S058,12,22,-1,Rest,7,7,0,0,0,0,train
S058,12,23,0,Left,7,7,0,0,0,0,train
S058,12,24,-1,Rest,7,7,0,0,0,0,train
S058,12,25,1,Right,7,7,0,0,0,0,train
S058,12,26,-1,Rest,7,7,0,0,0,0,train
S058,12,27,0,Left,7,7,0,0,0,0,train
S058,12,28,-1,Rest,7,7,0,0,0,0,train
S058,12,29,0,Left,7,7,0,0,0,0,train
S060,04,0,-1,Rest,7,7,0,0,0,0,train
S060,04,1,0,Left,7,7,0,0,0,0,train
S060,04,2,-1,Rest,7,0,7,0,0,7,train
S060,04,3,1,Right,7,7,0,0,0,0,train
S060,04,4,-1,Rest,7,2,5,0,0,5,train
S060,04,5,1,Right,7,7,0,0,0,0,train
S060,04,6,-1,Rest,7,7,0,0,0,0,train
S060,04,7,0,Left,7,7,0,0,0,0,train
S060,04,8,-1,Rest,7,7,0,0,0,0,train
S060,04,9,0,Left,7,7,0,0,0,0,train
S060,04,10,-1,Rest,7,7,0,0,0,0,train
S060,04,11,1,Right,7,2,5,0,0,5,train
S060,04,12,-1,Rest,7,7,0,0,0,0,train
S060,04,13,0,Left,7,7,0,0,0,0,train
S060,04,14,-1,Rest,7,7,0,0,0,0,train
S060,04,15,1,Right,7,7,0,0,0,0,train
S060,04,16,-1,Rest,7,7,0,0,0,0,train
S060,04,17,1,Right,7,7,0,0,0,0,train
S060,04,18,-1,Rest,7,7,0,0,0,0,train
S060,04,19,0,Left,7,7,0,0,0,0,train
S060,04,20,-1,Rest,7,7,0,0,0,0,train
S060,04,21,0,Left,7,7,0,0,0,0,train
S060,04,22,-1,Rest,7,2,5,0,0,5,train
S060,04,23,1,Right,7,3,4,0,0,4,train
S060,04,24,-1,Rest,7,7,0,0,0,0,train
S060,04,25,1,Right,7,7,0,0,0,0,train
S060,04,26,-1,Rest,7,7,0,0,0,0,train
S060,04,27,0,Left,7,7,0,0,0,0,train
S060,04,28,-1,Rest,7,6,1,0,0,1,train
S060,04,29,1,Right,7,7,0,0,0,0,train
S060,08,0,-1,Rest,7,4,3,0,0,3,train
S060,08,1,0,Left,7,7,0,0,0,0,train
S060,08,2,-1,Rest,7,7,0,0,0,0,train
S060,08,3,1,Right,7,7,0,0,0,0,train
S060,08,4,-1,Rest,7,7,0,0,0,0,train
S060,08,5,1,Right,7,7,0,0,0,0,train
S060,08,6,-1,Rest,7,7,0,0,0,0,train
S060,08,7,0,Left,7,7,0,0,0,0,train
S060,08,8,-1,Rest,7,7,0,0,0,0,train
S060,08,9,0,Left,7,7,0,0,0,0,train
S060,08,10,-1,Rest,7,5,2,0,0,2,train
S060,08,11,1,Right,7,2,5,0,0,5,train
S060,08,12,-1,Rest,7,7,0,0,0,0,train
S060,08,13,1,Right,7,7,0,0,0,0,train
S060,08,14,-1,Rest,7,7,0,0,0,0,train
S060,08,15,0,Left,7,7,0,0,0,0,train
S060,08,16,-1,Rest,7,7,0,0,0,0,train
S060,08,17,0,Left,7,0,7,0,0,7,train
S060,08,18,-1,Rest,7,3,4,0,0,4,train
S060,08,19,1,Right,7,0,7,0,0,7,train
S060,08,20,-1,Rest,7,1,6,0,0,6,train
S060,08,21,1,Right,7,2,5,0,0,5,train
S060,08,22,-1,Rest,7,7,0,0,0,0,train
S060,08,23,0,Left,7,7,0,0,0,0,train
S060,08,24,-1,Rest,7,7,0,0,0,0,train
S060,08,25,1,Right,7,7,0,0,0,0,train
S060,08,26,-1,Rest,7,7,0,0,0,0,train
S060,08,27,0,Left,7,4,3,0,0,3,train
S060,08,28,-1,Rest,7,7,0,0,0,0,train
S060,08,29,0,Left,7,7,0,0,0,0,train
S060,12,0,-1,Rest,7,7,0,0,0,0,train
S060,12,1,0,Left,7,7,0,0,0,0,train
S060,12,2,-1,Rest,7,7,0,0,0,0,train
S060,12,3,1,Right,7,7,0,0,0,0,train
S060,12,4,-1,Rest,7,7,0,0,0,0,train
S060,12,5,0,Left,7,7,0,0,0,0,train
S060,12,6,-1,Rest,7,7,0,0,0,0,train
S060,12,7,1,Right,7,7,0,0,0,0,train
S060,12,8,-1,Rest,7,0,7,0,0,7,train
S060,12,9,1,Right,7,7,0,0,0,0,train
S060,12,10,-1,Rest,7,7,0,0,0,0,train
S060,12,11,0,Left,7,7,0,0,0,0,train
S060,12,12,-1,Rest,7,7,0,0,0,0,train
S060,12,13,0,Left,7,3,4,0,0,4,train
S060,12,14,-1,Rest,7,7,0,0,0,0,train
S060,12,15,1,Right,7,5,2,0,0,2,train
S060,12,16,-1,Rest,7,7,0,0,0,0,train
S060,12,17,0,Left,7,1,6,0,0,6,train
S060,12,18,-1,Rest,7,7,0,0,0,0,train
S060,12,19,1,Right,7,6,1,0,0,1,train
S060,12,20,-1,Rest,7,7,0,0,0,0,train
S060,12,21,0,Left,7,6,1,0,0,1,train
S060,12,22,-1,Rest,7,7,0,0,0,0,train
S060,12,23,1,Right,7,7,0,0,0,0,train
S060,12,24,-1,Rest,7,7,0,0,0,0,train
S060,12,25,0,Left,7,2,5,0,0,5,train
S060,12,26,-1,Rest,7,7,0,0,0,0,train
S060,12,27,1,Right,7,5,2,0,0,2,train
S060,12,28,-1,Rest,7,7,0,0,0,0,train
S060,12,29,0,Left,7,7,0,0,0,0,train
S061,04,0,-1,Rest,7,7,0,0,0,0,train
S061,04,1,1,Right,7,7,0,0,0,0,train
S061,04,2,-1,Rest,7,7,0,0,0,0,train
S061,04,3,0,Left,7,7,0,0,0,0,train
S061,04,4,-1,Rest,7,7,0,0,0,0,train
S061,04,5,0,Left,7,7,0,0,0,0,train
S061,04,6,-1,Rest,7,7,0,0,0,0,train
S061,04,7,1,Right,7,7,0,0,0,0,train
S061,04,8,-1,Rest,7,0,7,0,0,7,train
S061,04,9,0,Left,7,6,1,0,0,1,train
S061,04,10,-1,Rest,7,7,0,0,0,0,train
S061,04,11,1,Right,7,1,6,0,0,6,train
S061,04,12,-1,Rest,7,7,0,0,0,0,train
S061,04,13,1,Right,7,7,0,0,0,0,train
S061,04,14,-1,Rest,7,7,0,0,0,0,train
S061,04,15,0,Left,7,7,0,0,0,0,train
S061,04,16,-1,Rest,7,7,0,0,0,0,train
S061,04,17,0,Left,7,3,4,0,0,4,train
S061,04,18,-1,Rest,7,0,7,0,0,7,train
S061,04,19,1,Right,7,6,1,0,0,1,train
S061,04,20,-1,Rest,7,2,5,0,0,5,train
S061,04,21,1,Right,7,2,5,0,0,5,train
S061,04,22,-1,Rest,7,4,3,0,0,3,train
S061,04,23,0,Left,7,7,0,0,0,0,train
S061,04,24,-1,Rest,7,5,2,0,0,2,train
S061,04,25,0,Left,7,0,7,0,0,7,train
S061,04,26,-1,Rest,7,0,7,0,0,7,train
S061,04,27,1,Right,7,0,7,0,0,7,train
S061,04,28,-1,Rest,7,6,1,0,0,1,train
S061,04,29,1,Right,7,7,0,0,0,0,train
S061,08,0,-1,Rest,7,2,5,0,0,5,train
S061,08,1,1,Right,7,7,0,0,0,0,train
S061,08,2,-1,Rest,7,7,0,0,0,0,train
S061,08,3,0,Left,7,7,0,0,0,0,train
S061,08,4,-1,Rest,7,7,0,0,0,0,train
S061,08,5,1,Right,7,7,0,0,0,0,train
S061,08,6,-1,Rest,7,5,2,0,0,2,train
S061,08,7,0,Left,7,0,7,0,0,7,train
S061,08,8,-1,Rest,7,0,7,0,0,7,train
S061,08,9,1,Right,7,0,7,0,0,7,train
S061,08,10,-1,Rest,7,0,7,0,0,7,train
S061,08,11,0,Left,7,0,7,0,0,7,train
S061,08,12,-1,Rest,7,4,3,0,0,3,train
S061,08,13,0,Left,7,1,6,0,0,6,train
S061,08,14,-1,Rest,7,5,2,0,0,2,train
S061,08,15,1,Right,7,0,7,0,0,7,train
S061,08,16,-1,Rest,7,0,7,0,0,7,train
S061,08,17,0,Left,7,0,7,0,0,7,train
S061,08,18,-1,Rest,7,0,7,0,0,7,train
S061,08,19,1,Right,7,2,5,0,0,5,train
S061,08,20,-1,Rest,7,0,7,0,0,7,train
S061,08,21,1,Right,7,3,4,0,0,4,train
S061,08,22,-1,Rest,7,7,0,0,0,0,train
S061,08,23,0,Left,7,1,6,0,0,6,train
S061,08,24,-1,Rest,7,4,3,0,0,3,train
S061,08,25,1,Right,7,0,7,0,0,7,train
S061,08,26,-1,Rest,7,0,7,0,0,7,train
S061,08,27,0,Left,7,1,6,0,0,6,train
S061,08,28,-1,Rest,7,0,7,0,0,7,train
S061,08,29,0,Left,7,0,7,0,0,7,train
S061,12,0,-1,Rest,7,7,0,0,0,0,train
S061,12,1,1,Right,7,2,5,0,0,5,train
S061,12,2,-1,Rest,7,7,0,0,0,0,train
S061,12,3,0,Left,7,5,2,0,0,2,train
S061,12,4,-1,Rest,7,4,3,0,0,3,train
S061,12,5,0,Left,7,0,7,0,0,7,train
S061,12,6,-1,Rest,7,2,5,0,0,5,train
S061,12,7,1,Right,7,0,7,0,0,7,train
S061,12,8,-1,Rest,7,0,7,0,0,7,train
S061,12,9,1,Right,7,0,7,0,0,7,train
S061,12,10,-1,Rest,7,0,7,0,0,7,train
S061,12,11,0,Left,7,2,5,0,0,5,train
S061,12,12,-1,Rest,7,0,7,0,0,7,train
S061,12,13,0,Left,7,1,6,0,0,6,train
S061,12,14,-1,Rest,7,0,7,0,0,7,train
S061,12,15,1,Right,7,0,7,0,0,7,train
S061,12,16,-1,Rest,7,0,7,0,0,7,train
S061,12,17,0,Left,7,0,7,0,0,7,train
S061,12,18,-1,Rest,7,6,1,0,0,1,train
S061,12,19,1,Right,7,2,5,0,0,5,train
S061,12,20,-1,Rest,7,4,3,0,0,3,train
S061,12,21,1,Right,7,7,0,0,0,0,train
S061,12,22,-1,Rest,7,0,7,0,0,7,train
S061,12,23,0,Left,7,0,7,0,0,7,train
S061,12,24,-1,Rest,7,3,4,0,0,4,train
S061,12,25,1,Right,7,0,7,0,0,7,train
S061,12,26,-1,Rest,7,0,7,0,0,7,train
S061,12,27,0,Left,7,4,3,0,0,3,train
S061,12,28,-1,Rest,7,3,4,0,0,4,train
S061,12,29,1,Right,7,0,7,0,0,7,train
S062,04,0,-1,Rest,7,7,0,0,0,0,train
S062,04,1,0,Left,7,7,0,0,0,0,train
S062,04,2,-1,Rest,7,7,0,0,0,0,train
S062,04,3,1,Right,7,7,0,0,0,0,train
S062,04,4,-1,Rest,7,7,0,0,0,0,train
S062,04,5,1,Right,7,7,0,0,0,0,train
S062,04,6,-1,Rest,7,7,0,0,0,0,train
S062,04,7,0,Left,7,7,0,0,0,0,train
S062,04,8,-1,Rest,7,7,0,0,0,0,train
S062,04,9,1,Right,7,7,0,0,0,0,train
S062,04,10,-1,Rest,7,7,0,0,0,0,train
S062,04,11,0,Left,7,7,0,0,0,0,train
S062,04,12,-1,Rest,7,7,0,0,0,0,train
S062,04,13,0,Left,7,7,0,0,0,0,train
S062,04,14,-1,Rest,7,7,0,0,0,0,train
S062,04,15,1,Right,7,7,0,0,0,0,train
S062,04,16,-1,Rest,7,7,0,0,0,0,train
S062,04,17,0,Left,7,7,0,0,0,0,train
S062,04,18,-1,Rest,7,7,0,0,0,0,train
S062,04,19,1,Right,7,7,0,0,0,0,train
S062,04,20,-1,Rest,7,7,0,0,0,0,train
S062,04,21,0,Left,7,7,0,0,0,0,train
S062,04,22,-1,Rest,7,7,0,0,0,0,train
S062,04,23,1,Right,7,7,0,0,0,0,train
S062,04,24,-1,Rest,7,7,0,0,0,0,train
S062,04,25,0,Left,7,7,0,0,0,0,train
S062,04,26,-1,Rest,7,7,0,0,0,0,train
S062,04,27,1,Right,7,7,0,0,0,0,train
S062,04,28,-1,Rest,7,7,0,0,0,0,train
S062,04,29,1,Right,7,7,0,0,0,0,train
S062,08,0,-1,Rest,7,7,0,0,0,0,train
S062,08,1,1,Right,7,7,0,0,0,0,train
S062,08,2,-1,Rest,7,7,0,0,0,0,train
S062,08,3,0,Left,7,7,0,0,0,0,train
S062,08,4,-1,Rest,7,7,0,0,0,0,train
S062,08,5,1,Right,7,7,0,0,0,0,train
S062,08,6,-1,Rest,7,7,0,0,0,0,train
S062,08,7,0,Left,7,7,0,0,0,0,train
S062,08,8,-1,Rest,7,7,0,0,0,0,train
S062,08,9,0,Left,7,7,0,0,0,0,train
S062,08,10,-1,Rest,7,7,0,0,0,0,train
S062,08,11,1,Right,7,7,0,0,0,0,train
S062,08,12,-1,Rest,7,7,0,0,0,0,train
S062,08,13,0,Left,7,7,0,0,0,0,train
S062,08,14,-1,Rest,7,7,0,0,0,0,train
S062,08,15,1,Right,7,7,0,0,0,0,train
S062,08,16,-1,Rest,7,7,0,0,0,0,train
S062,08,17,0,Left,7,7,0,0,0,0,train
S062,08,18,-1,Rest,7,7,0,0,0,0,train
S062,08,19,1,Right,7,7,0,0,0,0,train
S062,08,20,-1,Rest,7,7,0,0,0,0,train
S062,08,21,0,Left,7,7,0,0,0,0,train
S062,08,22,-1,Rest,7,7,0,0,0,0,train
S062,08,23,1,Right,7,7,0,0,0,0,train
S062,08,24,-1,Rest,7,7,0,0,0,0,train
S062,08,25,1,Right,7,7,0,0,0,0,train
S062,08,26,-1,Rest,7,7,0,0,0,0,train
S062,08,27,0,Left,7,7,0,0,0,0,train
S062,08,28,-1,Rest,7,7,0,0,0,0,train
S062,08,29,0,Left,7,7,0,0,0,0,train
S062,12,0,-1,Rest,7,7,0,0,0,0,train
S062,12,1,1,Right,7,7,0,0,0,0,train
S062,12,2,-1,Rest,7,7,0,0,0,0,train
S062,12,3,0,Left,7,7,0,0,0,0,train
S062,12,4,-1,Rest,7,7,0,0,0,0,train
S062,12,5,1,Right,7,7,0,0,0,0,train
S062,12,6,-1,Rest,7,7,0,0,0,0,train
S062,12,7,0,Left,7,7,0,0,0,0,train
S062,12,8,-1,Rest,7,7,0,0,0,0,train
S062,12,9,1,Right,7,7,0,0,0,0,train
S062,12,10,-1,Rest,7,7,0,0,0,0,train
S062,12,11,0,Left,7,7,0,0,0,0,train
S062,12,12,-1,Rest,7,7,0,0,0,0,train
S062,12,13,1,Right,7,7,0,0,0,0,train
S062,12,14,-1,Rest,7,7,0,0,0,0,train
S062,12,15,0,Left,7,7,0,0,0,0,train
S062,12,16,-1,Rest,7,7,0,0,0,0,train
S062,12,17,0,Left,7,7,0,0,0,0,train
S062,12,18,-1,Rest,7,7,0,0,0,0,train
S062,12,19,1,Right,7,7,0,0,0,0,train
S062,12,20,-1,Rest,7,7,0,0,0,0,train
S062,12,21,0,Left,7,7,0,0,0,0,train
S062,12,22,-1,Rest,7,7,0,0,0,0,train
S062,12,23,1,Right,7,7,0,0,0,0,train
S062,12,24,-1,Rest,7,7,0,0,0,0,train
S062,12,25,0,Left,7,7,0,0,0,0,train
S062,12,26,-1,Rest,7,7,0,0,0,0,train
S062,12,27,1,Right,7,7,0,0,0,0,train
S062,12,28,-1,Rest,7,7,0,0,0,0,train
S062,12,29,0,Left,7,7,0,0,0,0,train
S063,04,0,-1,Rest,7,7,0,0,0,0,train
S063,04,1,1,Right,7,7,0,0,0,0,train
S063,04,2,-1,Rest,7,7,0,0,0,0,train
S063,04,3,0,Left,7,7,0,0,0,0,train
S063,04,4,-1,Rest,7,7,0,0,0,0,train
S063,04,5,1,Right,7,7,0,0,0,0,train
S063,04,6,-1,Rest,7,7,0,0,0,0,train
S063,04,7,0,Left,7,7,0,0,0,0,train
S063,04,8,-1,Rest,7,7,0,0,0,0,train
S063,04,9,1,Right,7,7,0,0,0,0,train
S063,04,10,-1,Rest,7,7,0,0,0,0,train
S063,04,11,0,Left,7,7,0,0,0,0,train
S063,04,12,-1,Rest,7,7,0,0,0,0,train
S063,04,13,0,Left,7,7,0,0,0,0,train
S063,04,14,-1,Rest,7,7,0,0,0,0,train
S063,04,15,1,Right,7,7,0,0,0,0,train
S063,04,16,-1,Rest,7,7,0,0,0,0,train
S063,04,17,1,Right,7,7,0,0,0,0,train
S063,04,18,-1,Rest,7,7,0,0,0,0,train
S063,04,19,0,Left,7,7,0,0,0,0,train
S063,04,20,-1,Rest,7,7,0,0,0,0,train
S063,04,21,0,Left,7,7,0,0,0,0,train
S063,04,22,-1,Rest,7,7,0,0,0,0,train
S063,04,23,1,Right,7,7,0,0,0,0,train
S063,04,24,-1,Rest,7,7,0,0,0,0,train
S063,04,25,0,Left,7,7,0,0,0,0,train
S063,04,26,-1,Rest,7,7,0,0,0,0,train
S063,04,27,1,Right,7,7,0,0,0,0,train
S063,04,28,-1,Rest,7,7,0,0,0,0,train
S063,04,29,1,Right,7,7,0,0,0,0,train
S063,08,0,-1,Rest,7,7,0,0,0,0,train
S063,08,1,0,Left,7,7,0,0,0,0,train
S063,08,2,-1,Rest,7,7,0,0,0,0,train
S063,08,3,1,Right,7,7,0,0,0,0,train
S063,08,4,-1,Rest,7,7,0,0,0,0,train
S063,08,5,1,Right,7,7,0,0,0,0,train
S063,08,6,-1,Rest,7,7,0,0,0,0,train
S063,08,7,0,Left,7,7,0,0,0,0,train
S063,08,8,-1,Rest,7,7,0,0,0,0,train
S063,08,9,0,Left,7,7,0,0,0,0,train
S063,08,10,-1,Rest,7,7,0,0,0,0,train
S063,08,11,1,Right,7,7,0,0,0,0,train
S063,08,12,-1,Rest,7,7,0,0,0,0,train
S063,08,13,1,Right,7,0,7,0,0,7,train
S063,08,14,-1,Rest,7,7,0,0,0,0,train
S063,08,15,0,Left,7,7,0,0,0,0,train
S063,08,16,-1,Rest,7,7,0,0,0,0,train
S063,08,17,0,Left,7,7,0,0,0,0,train
S063,08,18,-1,Rest,7,7,0,0,0,0,train
S063,08,19,1,Right,7,7,0,0,0,0,train
S063,08,20,-1,Rest,7,7,0,0,0,0,train
S063,08,21,1,Right,7,7,0,0,0,0,train
S063,08,22,-1,Rest,7,7,0,0,0,0,train
S063,08,23,0,Left,7,7,0,0,0,0,train
S063,08,24,-1,Rest,7,7,0,0,0,0,train
S063,08,25,1,Right,7,7,0,0,0,0,train
S063,08,26,-1,Rest,7,7,0,0,0,0,train
S063,08,27,0,Left,7,7,0,0,0,0,train
S063,08,28,-1,Rest,7,7,0,0,0,0,train
S063,08,29,1,Right,7,7,0,0,0,0,train
S063,12,0,-1,Rest,7,7,0,0,0,0,train
S063,12,1,1,Right,7,7,0,0,0,0,train
S063,12,2,-1,Rest,7,7,0,0,0,0,train
S063,12,3,0,Left,7,7,0,0,0,0,train
S063,12,4,-1,Rest,7,7,0,0,0,0,train
S063,12,5,0,Left,7,7,0,0,0,0,train
S063,12,6,-1,Rest,7,7,0,0,0,0,train
S063,12,7,1,Right,7,7,0,0,0,0,train
S063,12,8,-1,Rest,7,7,0,0,0,0,train
S063,12,9,1,Right,7,7,0,0,0,0,train
S063,12,10,-1,Rest,7,7,0,0,0,0,train
S063,12,11,0,Left,7,7,0,0,0,0,train
S063,12,12,-1,Rest,7,7,0,0,0,0,train
S063,12,13,0,Left,7,7,0,0,0,0,train
S063,12,14,-1,Rest,7,7,0,0,0,0,train
S063,12,15,1,Right,7,7,0,0,0,0,train
S063,12,16,-1,Rest,7,7,0,0,0,0,train
S063,12,17,1,Right,7,7,0,0,0,0,train
S063,12,18,-1,Rest,7,7,0,0,0,0,train
S063,12,19,0,Left,7,7,0,0,0,0,train
S063,12,20,-1,Rest,7,7,0,0,0,0,train
S063,12,21,1,Right,7,7,0,0,0,0,train
S063,12,22,-1,Rest,7,7,0,0,0,0,train
S063,12,23,0,Left,7,7,0,0,0,0,train
S063,12,24,-1,Rest,7,7,0,0,0,0,train
S063,12,25,0,Left,7,7,0,0,0,0,train
S063,12,26,-1,Rest,7,7,0,0,0,0,train
S063,12,27,1,Right,7,7,0,0,0,0,train
S063,12,28,-1,Rest,7,7,0,0,0,0,train
S063,12,29,0,Left,7,7,0,0,0,0,train
S064,04,0,-1,Rest,7,7,0,0,0,0,train
S064,04,1,1,Right,7,7,0,0,0,0,train
S064,04,2,-1,Rest,7,7,0,0,0,0,train
S064,04,3,0,Left,7,7,0,0,0,0,train
S064,04,4,-1,Rest,7,7,0,0,0,0,train
S064,04,5,1,Right,7,7,0,0,0,0,train
S064,04,6,-1,Rest,7,7,0,0,0,0,train
S064,04,7,0,Left,7,7,0,0,0,0,train
S064,04,8,-1,Rest,7,7,0,0,0,0,train
S064,04,9,0,Left,7,7,0,0,0,0,train
S064,04,10,-1,Rest,7,7,0,0,0,0,train
S064,04,11,1,Right,7,7,0,0,0,0,train
S064,04,12,-1,Rest,7,7,0,0,0,0,train
S064,04,13,0,Left,7,7,0,0,0,0,train
S064,04,14,-1,Rest,7,7,0,0,0,0,train
S064,04,15,1,Right,7,7,0,0,0,0,train
S064,04,16,-1,Rest,7,7,0,0,0,0,train
S064,04,17,1,Right,7,7,0,0,0,0,train
S064,04,18,-1,Rest,7,7,0,0,0,0,train
S064,04,19,0,Left,7,7,0,0,0,0,train
S064,04,20,-1,Rest,7,7,0,0,0,0,train
S064,04,21,0,Left,7,7,0,0,0,0,train
S064,04,22,-1,Rest,7,7,0,0,0,0,train
S064,04,23,1,Right,7,7,0,0,0,0,train
S064,04,24,-1,Rest,7,7,0,0,0,0,train
S064,04,25,1,Right,7,7,0,0,0,0,train
S064,04,26,-1,Rest,7,7,0,0,0,0,train
S064,04,27,0,Left,7,7,0,0,0,0,train
S064,04,28,-1,Rest,7,7,0,0,0,0,train
S064,04,29,0,Left,7,7,0,0,0,0,train
S064,08,0,-1,Rest,7,7,0,0,0,0,train
S064,08,1,1,Right,7,7,0,0,0,0,train
S064,08,2,-1,Rest,7,7,0,0,0,0,train
S064,08,3,0,Left,7,7,0,0,0,0,train
S064,08,4,-1,Rest,7,7,0,0,0,0,train
S064,08,5,1,Right,7,7,0,0,0,0,train
S064,08,6,-1,Rest,7,7,0,0,0,0,train
S064,08,7,0,Left,7,7,0,0,0,0,train
S064,08,8,-1,Rest,7,7,0,0,0,0,train
S064,08,9,1,Right,7,7,0,0,0,0,train
S064,08,10,-1,Rest,7,7,0,0,0,0,train
S064,08,11,0,Left,7,7,0,0,0,0,train
S064,08,12,-1,Rest,7,7,0,0,0,0,train
S064,08,13,1,Right,7,7,0,0,0,0,train
S064,08,14,-1,Rest,7,7,0,0,0,0,train
S064,08,15,0,Left,7,7,0,0,0,0,train
S064,08,16,-1,Rest,7,7,0,0,0,0,train
S064,08,17,1,Right,7,7,0,0,0,0,train
S064,08,18,-1,Rest,7,7,0,0,0,0,train
S064,08,19,0,Left,7,7,0,0,0,0,train
S064,08,20,-1,Rest,7,7,0,0,0,0,train
S064,08,21,1,Right,7,7,0,0,0,0,train
S064,08,22,-1,Rest,7,7,0,0,0,0,train
S064,08,23,0,Left,7,7,0,0,0,0,train
S064,08,24,-1,Rest,7,7,0,0,0,0,train
S064,08,25,0,Left,7,7,0,0,0,0,train
S064,08,26,-1,Rest,7,7,0,0,0,0,train
S064,08,27,1,Right,7,7,0,0,0,0,train
S064,08,28,-1,Rest,7,7,0,0,0,0,train
S064,08,29,0,Left,7,7,0,0,0,0,train
S064,12,0,-1,Rest,7,7,0,0,0,0,train
S064,12,1,1,Right,7,7,0,0,0,0,train
S064,12,2,-1,Rest,7,7,0,0,0,0,train
S064,12,3,0,Left,7,7,0,0,0,0,train
S064,12,4,-1,Rest,7,7,0,0,0,0,train
S064,12,5,1,Right,7,7,0,0,0,0,train
S064,12,6,-1,Rest,7,7,0,0,0,0,train
S064,12,7,0,Left,7,7,0,0,0,0,train
S064,12,8,-1,Rest,7,7,0,0,0,0,train
S064,12,9,1,Right,7,7,0,0,0,0,train
S064,12,10,-1,Rest,7,7,0,0,0,0,train
S064,12,11,0,Left,7,7,0,0,0,0,train
S064,12,12,-1,Rest,7,7,0,0,0,0,train
S064,12,13,1,Right,7,7,0,0,0,0,train
S064,12,14,-1,Rest,7,7,0,0,0,0,train
S064,12,15,0,Left,7,7,0,0,0,0,train
S064,12,16,-1,Rest,7,7,0,0,0,0,train
S064,12,17,1,Right,7,7,0,0,0,0,train
S064,12,18,-1,Rest,7,7,0,0,0,0,train
S064,12,19,0,Left,7,7,0,0,0,0,train
S064,12,20,-1,Rest,7,7,0,0,0,0,train
S064,12,21,0,Left,7,7,0,0,0,0,train
S064,12,22,-1,Rest,7,7,0,0,0,0,train
S064,12,23,1,Right,7,7,0,0,0,0,train
S064,12,24,-1,Rest,7,7,0,0,0,0,train
S064,12,25,0,Left,7,7,0,0,0,0,train
S064,12,26,-1,Rest,7,7,0,0,0,0,train
S064,12,27,1,Right,7,7,0,0,0,0,train
S064,12,28,-1,Rest,7,7,0,0,0,0,train
S069,04,0,-1,Rest,7,7,0,0,0,0,train
S069,04,1,0,Left,7,7,0,0,0,0,train
S069,04,2,-1,Rest,7,7,0,0,0,0,train
S069,04,3,1,Right,7,7,0,0,0,0,train
S069,04,4,-1,Rest,7,7,0,0,0,0,train
S069,04,5,0,Left,7,7,0,0,0,0,train
S069,04,6,-1,Rest,7,7,0,0,0,0,train
S069,04,7,1,Right,7,7,0,0,0,0,train
S069,04,8,-1,Rest,7,7,0,0,0,0,train
S069,04,9,1,Right,7,7,0,0,0,0,train
S069,04,10,-1,Rest,7,7,0,0,0,0,train
S069,04,11,0,Left,7,7,0,0,0,0,train
S069,04,12,-1,Rest,7,7,0,0,0,0,train
S069,04,13,0,Left,7,7,0,0,0,0,train
S069,04,14,-1,Rest,7,7,0,0,0,0,train
S069,04,15,1,Right,7,7,0,0,0,0,train
S069,04,16,-1,Rest,7,7,0,0,0,0,train
S069,04,17,0,Left,7,7,0,0,0,0,train
S069,04,18,-1,Rest,7,7,0,0,0,0,train
S069,04,19,1,Right,7,7,0,0,0,0,train
S069,04,20,-1,Rest,7,7,0,0,0,0,train
S069,04,21,1,Right,7,7,0,0,0,0,train
S069,04,22,-1,Rest,7,7,0,0,0,0,train
S069,04,23,0,Left,7,7,0,0,0,0,train
S069,04,24,-1,Rest,7,7,0,0,0,0,train
S069,04,25,0,Left,7,7,0,0,0,0,train
S069,04,26,-1,Rest,7,7,0,0,0,0,train
S069,04,27,1,Right,7,7,0,0,0,0,train
S069,04,28,-1,Rest,7,7,0,0,0,0,train
S069,04,29,0,Left,7,7,0,0,0,0,train
S069,08,0,-1,Rest,7,7,0,0,0,0,train
S069,08,1,0,Left,7,7,0,0,0,0,train
S069,08,2,-1,Rest,7,7,0,0,0,0,train
S069,08,3,1,Right,7,7,0,0,0,0,train
S069,08,4,-1,Rest,7,7,0,0,0,0,train
S069,08,5,1,Right,7,7,0,0,0,0,train
S069,08,6,-1,Rest,7,7,0,0,0,0,train
S069,08,7,0,Left,7,7,0,0,0,0,train
S069,08,8,-1,Rest,7,7,0,0,0,0,train
S069,08,9,0,Left,7,7,0,0,0,0,train
S069,08,10,-1,Rest,7,7,0,0,0,0,train
S069,08,11,1,Right,7,7,0,0,0,0,train
S069,08,12,-1,Rest,7,7,0,0,0,0,train
S069,08,13,1,Right,7,7,0,0,0,0,train
S069,08,14,-1,Rest,7,7,0,0,0,0,train
S069,08,15,0,Left,7,7,0,0,0,0,train
S069,08,16,-1,Rest,7,7,0,0,0,0,train
S069,08,17,1,Right,7,7,0,0,0,0,train
S069,08,18,-1,Rest,7,7,0,0,0,0,train
S069,08,19,0,Left,7,7,0,0,0,0,train
S069,08,20,-1,Rest,7,7,0,0,0,0,train
S069,08,21,0,Left,7,7,0,0,0,0,train
S069,08,22,-1,Rest,7,7,0,0,0,0,train
S069,08,23,1,Right,7,7,0,0,0,0,train
S069,08,24,-1,Rest,7,7,0,0,0,0,train
S069,08,25,1,Right,7,7,0,0,0,0,train
S069,08,26,-1,Rest,7,7,0,0,0,0,train
S069,08,27,0,Left,7,7,0,0,0,0,train
S069,08,28,-1,Rest,7,7,0,0,0,0,train
S069,08,29,0,Left,7,7,0,0,0,0,train
S069,12,0,-1,Rest,7,7,0,0,0,0,train
S069,12,1,0,Left,7,7,0,0,0,0,train
S069,12,2,-1,Rest,7,7,0,0,0,0,train
S069,12,3,1,Right,7,7,0,0,0,0,train
S069,12,4,-1,Rest,7,5,2,0,0,2,train
S069,12,5,1,Right,7,7,0,0,0,0,train
S069,12,6,-1,Rest,7,7,0,0,0,0,train
S069,12,7,0,Left,7,7,0,0,0,0,train
S069,12,8,-1,Rest,7,7,0,0,0,0,train
S069,12,9,0,Left,7,7,0,0,0,0,train
S069,12,10,-1,Rest,7,7,0,0,0,0,train
S069,12,11,1,Right,7,7,0,0,0,0,train
S069,12,12,-1,Rest,7,7,0,0,0,0,train
S069,12,13,1,Right,7,7,0,0,0,0,train
S069,12,14,-1,Rest,7,7,0,0,0,0,train
S069,12,15,0,Left,7,7,0,0,0,0,train
S069,12,16,-1,Rest,7,7,0,0,0,0,train
S069,12,17,1,Right,7,0,7,0,0,7,train
S069,12,18,-1,Rest,7,7,0,0,0,0,train
S069,12,19,0,Left,7,7,0,0,0,0,train
S069,12,20,-1,Rest,7,7,0,0,0,0,train
S069,12,21,0,Left,7,7,0,0,0,0,train
S069,12,22,-1,Rest,7,7,0,0,0,0,train
S069,12,23,1,Right,7,7,0,0,0,0,train
S069,12,24,-1,Rest,7,7,0,0,0,0,train
S069,12,25,0,Left,7,7,0,0,0,0,train
S069,12,26,-1,Rest,7,7,0,0,0,0,train
S069,12,27,1,Right,7,7,0,0,0,0,train
S069,12,28,-1,Rest,7,7,0,0,0,0,train
S069,12,29,0,Left,7,7,0,0,0,0,train
S070,04,0,-1,Rest,7,0,7,0,0,7,train
S070,04,1,1,Right,7,0,7,0,0,7,train
S070,04,2,-1,Rest,7,0,7,0,0,7,train
S070,04,3,0,Left,7,0,7,0,0,7,train
S070,04,4,-1,Rest,7,2,5,0,0,5,train
S070,04,5,1,Right,7,0,7,0,0,7,train
S070,04,6,-1,Rest,7,2,5,0,0,5,train
S070,04,7,0,Left,7,3,4,0,0,4,train
S070,04,8,-1,Rest,7,0,7,0,0,7,train
S070,04,9,0,Left,7,0,7,0,0,7,train
S070,04,10,-1,Rest,7,1,6,0,0,6,train
S070,04,11,1,Right,7,2,5,0,0,5,train
S070,04,12,-1,Rest,7,0,7,0,0,7,train
S070,04,13,1,Right,7,0,7,0,0,7,train
S070,04,14,-1,Rest,7,0,7,0,0,7,train
S070,04,15,0,Left,7,0,7,0,0,7,train
S070,04,16,-1,Rest,7,0,7,0,0,7,train
S070,04,17,0,Left,7,0,7,0,0,7,train
S070,04,18,-1,Rest,7,0,7,0,0,7,train
S070,04,19,1,Right,7,0,7,0,0,7,train
S070,04,20,-1,Rest,7,2,5,0,0,5,train
S070,04,21,0,Left,7,0,7,0,0,7,train
S070,04,22,-1,Rest,7,0,7,0,0,7,train
S070,04,23,1,Right,7,0,7,0,0,7,train
S070,04,24,-1,Rest,7,0,7,0,0,7,train
S070,04,25,1,Right,7,0,7,0,0,7,train
S070,04,26,-1,Rest,7,0,7,0,0,7,train
S070,04,27,0,Left,7,0,7,0,0,7,train
S070,04,28,-1,Rest,7,0,7,0,0,7,train
S070,04,29,1,Right,7,0,7,0,0,7,train
S070,08,0,-1,Rest,7,0,7,0,0,7,train
S070,08,1,1,Right,7,3,4,0,0,4,train
S070,08,2,-1,Rest,7,0,7,0,0,7,train
S070,08,3,0,Left,7,0,7,0,0,7,train
S070,08,4,-1,Rest,7,0,7,0,0,7,train
S070,08,5,0,Left,7,0,7,0,0,7,train
S070,08,6,-1,Rest,7,0,7,0,0,7,train
S070,08,7,1,Right,7,0,7,0,0,7,train
S070,08,8,-1,Rest,7,1,6,0,0,6,train
S070,08,9,1,Right,7,2,5,0,0,5,train
S070,08,10,-1,Rest,7,2,5,0,0,5,train
S070,08,11,0,Left,7,0,7,0,0,7,train
S070,08,12,-1,Rest,7,0,7,0,0,7,train
S070,08,13,1,Right,7,0,7,0,0,7,train
S070,08,14,-1,Rest,7,5,2,0,0,2,train
S070,08,15,0,Left,7,0,7,0,0,7,train
S070,08,16,-1,Rest,7,0,7,0,0,7,train
S070,08,17,1,Right,7,0,7,0,0,7,train
S070,08,18,-1,Rest,7,0,7,0,0,7,train
S070,08,19,0,Left,7,0,7,0,0,7,train
S070,08,20,-1,Rest,7,0,7,0,0,7,train
S070,08,21,1,Right,7,0,7,0,0,7,train
S070,08,22,-1,Rest,7,2,5,0,0,5,train
S070,08,23,0,Left,7,2,5,0,0,5,train
S070,08,24,-1,Rest,7,0,7,0,0,7,train
S070,08,25,0,Left,7,0,7,0,0,7,train
S070,08,26,-1,Rest,7,1,6,0,0,6,train
S070,08,27,1,Right,7,0,7,0,0,7,train
S070,08,28,-1,Rest,7,0,7,0,0,7,train
S070,08,29,0,Left,7,0,7,0,0,7,train
S070,12,0,-1,Rest,7,0,7,0,0,7,train
S070,12,1,1,Right,7,0,7,0,0,7,train
S070,12,2,-1,Rest,7,0,7,0,0,7,train
S070,12,3,0,Left,7,0,7,0,0,7,train
S070,12,4,-1,Rest,7,6,1,0,0,1,train
S070,12,5,0,Left,7,2,5,0,0,5,train
S070,12,6,-1,Rest,7,1,6,0,0,6,train
S070,12,7,1,Right,7,0,7,0,0,7,train
S070,12,8,-1,Rest,7,0,7,0,0,7,train
S070,12,9,0,Left,7,0,7,0,0,7,train
S070,12,10,-1,Rest,7,0,7,0,0,7,train
S070,12,11,1,Right,7,0,7,0,0,7,train
S070,12,12,-1,Rest,7,0,7,0,0,7,train
S070,12,13,0,Left,7,0,7,0,0,7,train
S070,12,14,-1,Rest,7,0,7,0,0,7,train
S070,12,15,1,Right,7,0,7,0,0,7,train
S070,12,16,-1,Rest,7,0,7,0,0,7,train
S070,12,17,0,Left,7,0,7,0,0,7,train
S070,12,18,-1,Rest,7,1,6,0,0,6,train
S070,12,19,1,Right,7,0,7,0,0,7,train
S070,12,20,-1,Rest,7,0,7,0,0,7,train
S070,12,21,0,Left,7,0,7,0,0,7,train
S070,12,22,-1,Rest,7,0,7,0,0,7,train
S070,12,23,1,Right,7,0,7,0,0,7,train
S070,12,24,-1,Rest,7,0,7,0,0,7,train
S070,12,25,0,Left,7,0,7,0,0,7,train
S070,12,26,-1,Rest,7,2,5,0,0,5,train
S070,12,27,1,Right,7,0,7,0,0,7,train
S070,12,28,-1,Rest,7,5,2,0,0,2,train
S070,12,29,1,Right,7,0,7,0,0,7,train
S071,04,0,-1,Rest,7,7,0,0,0,0,train
S071,04,1,0,Left,7,6,1,0,0,1,train
S071,04,2,-1,Rest,7,7,0,0,0,0,train
S071,04,3,1,Right,7,7,0,0,0,0,train
S071,04,4,-1,Rest,7,7,0,0,0,0,train
S071,04,5,0,Left,7,7,0,0,0,0,train
S071,04,6,-1,Rest,7,4,3,0,0,3,train
S071,04,7,1,Right,7,5,2,0,0,2,train
S071,04,8,-1,Rest,7,7,0,0,0,0,train
S071,04,9,0,Left,7,1,6,0,0,6,train
S071,04,10,-1,Rest,7,7,0,0,0,0,train
S071,04,11,1,Right,7,7,0,0,0,0,train
S071,04,12,-1,Rest,7,7,0,0,0,0,train
S071,04,13,0,Left,7,7,0,0,0,0,train
S071,04,14,-1,Rest,7,7,0,0,0,0,train
S071,04,15,1,Right,7,7,0,0,0,0,train
S071,04,16,-1,Rest,7,7,0,0,0,0,train
S071,04,17,0,Left,7,7,0,0,0,0,train
S071,04,18,-1,Rest,7,1,6,0,0,6,train
S071,04,19,1,Right,7,4,3,0,0,3,train
S071,04,20,-1,Rest,7,7,0,0,0,0,train
S071,04,21,0,Left,7,7,0,0,0,0,train
S071,04,22,-1,Rest,7,7,0,0,0,0,train
S071,04,23,1,Right,7,1,6,0,0,6,train
S071,04,24,-1,Rest,7,7,0,0,0,0,train
S071,04,25,0,Left,7,7,0,0,0,0,train
S071,04,26,-1,Rest,7,7,0,0,0,0,train
S071,04,27,1,Right,7,7,0,0,0,0,train
S071,04,28,-1,Rest,7,7,0,0,0,0,train
S071,04,29,0,Left,7,6,1,0,0,1,train
S071,08,0,-1,Rest,7,7,0,0,0,0,train
S071,08,1,0,Left,7,7,0,0,0,0,train
S071,08,2,-1,Rest,7,7,0,0,0,0,train
S071,08,3,1,Right,7,7,0,0,0,0,train
S071,08,4,-1,Rest,7,7,0,0,0,0,train
S071,08,5,1,Right,7,0,7,0,0,7,train
S071,08,6,-1,Rest,7,7,0,0,0,0,train
S071,08,7,0,Left,7,7,0,0,0,0,train
S071,08,8,-1,Rest,7,7,0,0,0,0,train
S071,08,9,1,Right,7,7,0,0,0,0,train
S071,08,10,-1,Rest,7,7,0,0,0,0,train
S071,08,11,0,Left,7,7,0,0,0,0,train
S071,08,12,-1,Rest,7,4,3,0,0,3,train
S071,08,13,1,Right,7,0,7,0,0,7,train
S071,08,14,-1,Rest,7,6,1,0,0,1,train
S071,08,15,0,Left,7,3,4,0,0,4,train
S071,08,16,-1,Rest,7,3,4,0,0,4,train
S071,08,17,1,Right,7,0,7,0,0,7,train
S071,08,18,-1,Rest,7,5,2,0,0,2,train
S071,08,19,0,Left,7,7,0,0,0,0,train
S071,08,20,-1,Rest,7,4,3,0,0,3,train
S071,08,21,0,Left,7,7,0,0,0,0,train
S071,08,22,-1,Rest,7,0,7,0,0,7,train
S071,08,23,1,Right,7,3,4,0,0,4,train
S071,08,24,-1,Rest,7,7,0,0,0,0,train
S071,08,25,0,Left,7,7,0,0,0,0,train
S071,08,26,-1,Rest,7,2,5,0,0,5,train
S071,08,27,1,Right,7,7,0,0,0,0,train
S071,08,28,-1,Rest,7,7,0,0,0,0,train
S071,08,29,1,Right,7,7,0,0,0,0,train
S071,12,0,-1,Rest,7,3,4,0,0,4,train
S071,12,1,1,Right,7,7,0,0,0,0,train
S071,12,2,-1,Rest,7,0,7,0,0,7,train
S071,12,3,0,Left,7,0,7,0,0,7,train
S071,12,4,-1,Rest,7,0,7,0,0,7,train
S071,12,5,1,Right,7,2,5,0,0,5,train
S071,12,6,-1,Rest,7,2,5,0,0,5,train
S071,12,7,0,Left,7,3,4,0,0,4,train
S071,12,8,-1,Rest,7,3,4,0,0,4,train
S071,12,9,1,Right,7,7,0,0,0,0,train
S071,12,10,-1,Rest,7,7,0,0,0,0,train
S071,12,11,0,Left,7,7,0,0,0,0,train
S071,12,12,-1,Rest,7,7,0,0,0,0,train
S071,12,13,0,Left,7,1,6,0,0,6,train
S071,12,14,-1,Rest,7,7,0,0,0,0,train
S071,12,15,1,Right,7,0,7,0,0,7,train
S071,12,16,-1,Rest,7,2,5,0,0,5,train
S071,12,17,1,Right,7,4,3,0,0,3,train
S071,12,18,-1,Rest,7,0,7,0,0,7,train
S071,12,19,0,Left,7,2,5,0,0,5,train
S071,12,20,-1,Rest,7,4,3,0,0,3,train
S071,12,21,0,Left,7,3,4,0,0,4,train
S071,12,22,-1,Rest,7,2,5,0,0,5,train
S071,12,23,1,Right,7,7,0,0,0,0,train
S071,12,24,-1,Rest,7,7,0,0,0,0,train
S071,12,25,0,Left,7,4,3,0,0,3,train
S071,12,26,-1,Rest,7,1,6,0,0,6,train
S071,12,27,1,Right,7,7,0,0,0,0,train
S071,12,28,-1,Rest,7,0,7,0,0,7,train
S071,12,29,1,Right,7,0,7,0,0,7,train
S072,04,0,-1,Rest,7,7,0,0,0,0,train
S072,04,1,1,Right,7,7,0,0,0,0,train
S072,04,2,-1,Rest,7,7,0,0,0,0,train
S072,04,3,0,Left,7,7,0,0,0,0,train
S072,04,4,-1,Rest,7,7,0,0,0,0,train
S072,04,5,0,Left,7,7,0,0,0,0,train
S072,04,6,-1,Rest,7,7,0,0,0,0,train
S072,04,7,1,Right,7,7,0,0,0,0,train
S072,04,8,-1,Rest,7,7,0,0,0,0,train
S072,04,9,1,Right,7,7,0,0,0,0,train
S072,04,10,-1,Rest,7,7,0,0,0,0,train
S072,04,11,0,Left,7,7,0,0,0,0,train
S072,04,12,-1,Rest,7,7,0,0,0,0,train
S072,04,13,1,Right,7,7,0,0,0,0,train
S072,04,14,-1,Rest,7,7,0,0,0,0,train
S072,04,15,0,Left,7,7,0,0,0,0,train
S072,04,16,-1,Rest,7,7,0,0,0,0,train
S072,04,17,0,Left,7,7,0,0,0,0,train
S072,04,18,-1,Rest,7,7,0,0,0,0,train
S072,04,19,1,Right,7,7,0,0,0,0,train
S072,04,20,-1,Rest,7,7,0,0,0,0,train
S072,04,21,0,Left,7,7,0,0,0,0,train
S072,04,22,-1,Rest,7,7,0,0,0,0,train
S072,04,23,1,Right,7,7,0,0,0,0,train
S072,04,24,-1,Rest,7,7,0,0,0,0,train
S072,04,25,0,Left,7,7,0,0,0,0,train
S072,04,26,-1,Rest,7,7,0,0,0,0,train
S072,04,27,1,Right,7,7,0,0,0,0,train
S072,04,28,-1,Rest,7,7,0,0,0,0,train
S072,08,0,-1,Rest,7,7,0,0,0,0,train
S072,08,1,1,Right,7,7,0,0,0,0,train
S072,08,2,-1,Rest,7,7,0,0,0,0,train
S072,08,3,0,Left,7,7,0,0,0,0,train
S072,08,4,-1,Rest,7,7,0,0,0,0,train
S072,08,5,1,Right,7,7,0,0,0,0,train
S072,08,6,-1,Rest,7,7,0,0,0,0,train
S072,08,7,0,Left,7,7,0,0,0,0,train
S072,08,8,-1,Rest,7,7,0,0,0,0,train
S072,08,9,0,Left,7,7,0,0,0,0,train
S072,08,10,-1,Rest,7,7,0,0,0,0,train
S072,08,11,1,Right,7,7,0,0,0,0,train
S072,08,12,-1,Rest,7,7,0,0,0,0,train
S072,08,13,0,Left,7,7,0,0,0,0,train
S072,08,14,-1,Rest,7,7,0,0,0,0,train
S072,08,15,1,Right,7,7,0,0,0,0,train
S072,08,16,-1,Rest,7,7,0,0,0,0,train
S072,08,17,1,Right,7,7,0,0,0,0,train
S072,08,18,-1,Rest,7,7,0,0,0,0,train
S072,08,19,0,Left,7,7,0,0,0,0,train
S072,08,20,-1,Rest,7,7,0,0,0,0,train
S072,08,21,0,Left,7,7,0,0,0,0,train
S072,08,22,-1,Rest,7,7,0,0,0,0,train
S072,08,23,1,Right,7,7,0,0,0,0,train
S072,08,24,-1,Rest,7,7,0,0,0,0,train
S072,08,25,0,Left,7,7,0,0,0,0,train
S072,08,26,-1,Rest,7,7,0,0,0,0,train
S072,08,27,1,Right,7,7,0,0,0,0,train
S072,08,28,-1,Rest,7,7,0,0,0,0,train
S072,12,0,-1,Rest,7,7,0,0,0,0,train
S072,12,1,0,Left,7,7,0,0,0,0,train
S072,12,2,-1,Rest,7,7,0,0,0,0,train
S072,12,3,1,Right,7,7,0,0,0,0,train
S072,12,4,-1,Rest,7,7,0,0,0,0,train
S072,12,5,1,Right,7,7,0,0,0,0,train
S072,12,6,-1,Rest,7,7,0,0,0,0,train
S072,12,7,0,Left,7,7,0,0,0,0,train
S072,12,8,-1,Rest,7,7,0,0,0,0,train
S072,12,9,1,Right,7,7,0,0,0,0,train
S072,12,10,-1,Rest,7,7,0,0,0,0,train
S072,12,11,0,Left,7,7,0,0,0,0,train
S072,12,12,-1,Rest,7,7,0,0,0,0,train
S072,12,13,1,Right,7,7,0,0,0,0,train
S072,12,14,-1,Rest,7,7,0,0,0,0,train
S072,12,15,0,Left,7,7,0,0,0,0,train
S072,12,16,-1,Rest,7,7,0,0,0,0,train
S072,12,17,0,Left,7,7,0,0,0,0,train
S072,12,18,-1,Rest,7,7,0,0,0,0,train
S072,12,19,1,Right,7,7,0,0,0,0,train
S072,12,20,-1,Rest,7,7,0,0,0,0,train
S072,12,21,1,Right,7,7,0,0,0,0,train
S072,12,22,-1,Rest,7,7,0,0,0,0,train
S072,12,23,0,Left,7,7,0,0,0,0,train
S072,12,24,-1,Rest,7,7,0,0,0,0,train
S072,12,25,1,Right,7,7,0,0,0,0,train
S072,12,26,-1,Rest,7,7,0,0,0,0,train
S072,12,27,0,Left,7,7,0,0,0,0,train
S072,12,28,-1,Rest,7,7,0,0,0,0,train
S072,12,29,0,Left,7,7,0,0,0,0,train
S073,04,0,-1,Rest,7,7,0,0,0,0,train
S073,04,1,0,Left,7,7,0,0,0,0,train
S073,04,2,-1,Rest,7,7,0,0,0,0,train
S073,04,3,1,Right,7,7,0,0,0,0,train
S073,04,4,-1,Rest,7,7,0,0,0,0,train
S073,04,5,0,Left,7,7,0,0,0,0,train
S073,04,6,-1,Rest,7,7,0,0,0,0,train
S073,04,7,1,Right,7,7,0,0,0,0,train
S073,04,8,-1,Rest,7,7,0,0,0,0,train
S073,04,9,0,Left,7,7,0,0,0,0,train
S073,04,10,-1,Rest,7,7,0,0,0,0,train
S073,04,11,1,Right,7,7,0,0,0,0,train
S073,04,12,-1,Rest,7,7,0,0,0,0,train
S073,04,13,1,Right,7,7,0,0,0,0,train
S073,04,14,-1,Rest,7,7,0,0,0,0,train
S073,04,15,0,Left,7,7,0,0,0,0,train
S073,04,16,-1,Rest,7,7,0,0,0,0,train
S073,04,17,0,Left,7,7,0,0,0,0,train
S073,04,18,-1,Rest,7,7,0,0,0,0,train
S073,04,19,1,Right,7,7,0,0,0,0,train
S073,04,20,-1,Rest,7,7,0,0,0,0,train
S073,04,21,1,Right,7,7,0,0,0,0,train
S073,04,22,-1,Rest,7,7,0,0,0,0,train
S073,04,23,0,Left,7,7,0,0,0,0,train
S073,04,24,-1,Rest,7,7,0,0,0,0,train
S073,04,25,0,Left,7,7,0,0,0,0,train
S073,04,26,-1,Rest,7,7,0,0,0,0,train
S073,04,27,1,Right,7,7,0,0,0,0,train
S073,04,28,-1,Rest,7,7,0,0,0,0,train
S073,08,0,-1,Rest,7,7,0,0,0,0,train
S073,08,1,1,Right,7,7,0,0,0,0,train
S073,08,2,-1,Rest,7,7,0,0,0,0,train
S073,08,3,0,Left,7,7,0,0,0,0,train
S073,08,4,-1,Rest,7,7,0,0,0,0,train
S073,08,5,1,Right,7,7,0,0,0,0,train
S073,08,6,-1,Rest,7,7,0,0,0,0,train
S073,08,7,0,Left,7,7,0,0,0,0,train
S073,08,8,-1,Rest,7,7,0,0,0,0,train
S073,08,9,0,Left,7,7,0,0,0,0,train
S073,08,10,-1,Rest,7,7,0,0,0,0,train
S073,08,11,1,Right,7,7,0,0,0,0,train
S073,08,12,-1,Rest,7,7,0,0,0,0,train
S073,08,13,1,Right,7,7,0,0,0,0,train
S073,08,14,-1,Rest,7,7,0,0,0,0,train
S073,08,15,0,Left,7,7,0,0,0,0,train
S073,08,16,-1,Rest,7,7,0,0,0,0,train
S073,08,17,1,Right,7,7,0,0,0,0,train
S073,08,18,-1,Rest,7,7,0,0,0,0,train
S073,08,19,0,Left,7,7,0,0,0,0,train
S073,08,20,-1,Rest,7,7,0,0,0,0,train
S073,08,21,0,Left,7,7,0,0,0,0,train
S073,08,22,-1,Rest,7,7,0,0,0,0,train
S073,08,23,1,Right,7,7,0,0,0,0,train
S073,08,24,-1,Rest,7,7,0,0,0,0,train
S073,08,25,1,Right,7,7,0,0,0,0,train
S073,08,26,-1,Rest,7,7,0,0,0,0,train
S073,08,27,0,Left,7,7,0,0,0,0,train
S073,08,28,-1,Rest,7,7,0,0,0,0,train
S073,12,0,-1,Rest,7,7,0,0,0,0,train
S073,12,1,0,Left,7,7,0,0,0,0,train
S073,12,2,-1,Rest,7,7,0,0,0,0,train
S073,12,3,1,Right,7,7,0,0,0,0,train
S073,12,4,-1,Rest,7,7,0,0,0,0,train
S073,12,5,0,Left,7,7,0,0,0,0,train
S073,12,6,-1,Rest,7,7,0,0,0,0,train
S073,12,7,1,Right,7,7,0,0,0,0,train
S073,12,8,-1,Rest,7,7,0,0,0,0,train
S073,12,9,0,Left,7,7,0,0,0,0,train
S073,12,10,-1,Rest,7,7,0,0,0,0,train
S073,12,11,1,Right,7,7,0,0,0,0,train
S073,12,12,-1,Rest,7,7,0,0,0,0,train
S073,12,13,1,Right,7,7,0,0,0,0,train
S073,12,14,-1,Rest,7,7,0,0,0,0,train
S073,12,15,0,Left,7,7,0,0,0,0,train
S073,12,16,-1,Rest,7,7,0,0,0,0,train
S073,12,17,1,Right,7,7,0,0,0,0,train
S073,12,18,-1,Rest,7,7,0,0,0,0,train
S073,12,19,0,Left,7,7,0,0,0,0,train
S073,12,20,-1,Rest,7,7,0,0,0,0,train
S073,12,21,1,Right,7,7,0,0,0,0,train
S073,12,22,-1,Rest,7,7,0,0,0,0,train
S073,12,23,0,Left,7,7,0,0,0,0,train
S073,12,24,-1,Rest,7,7,0,0,0,0,train
S073,12,25,0,Left,7,7,0,0,0,0,train
S073,12,26,-1,Rest,7,7,0,0,0,0,train
S073,12,27,1,Right,7,7,0,0,0,0,train
S073,12,28,-1,Rest,7,7,0,0,0,0,train
S074,04,0,-1,Rest,7,7,0,0,0,0,train
S074,04,1,1,Right,7,7,0,0,0,0,train
S074,04,2,-1,Rest,7,7,0,0,0,0,train
S074,04,3,0,Left,7,7,0,0,0,0,train
S074,04,4,-1,Rest,7,7,0,0,0,0,train
S074,04,5,0,Left,7,7,0,0,0,0,train
S074,04,6,-1,Rest,7,7,0,0,0,0,train
S074,04,7,1,Right,7,7,0,0,0,0,train
S074,04,8,-1,Rest,7,7,0,0,0,0,train
S074,04,9,1,Right,7,7,0,0,0,0,train
S074,04,10,-1,Rest,7,7,0,0,0,0,train
S074,04,11,0,Left,7,7,0,0,0,0,train
S074,04,12,-1,Rest,7,7,0,0,0,0,train
S074,04,13,1,Right,7,7,0,0,0,0,train
S074,04,14,-1,Rest,7,7,0,0,0,0,train
S074,04,15,0,Left,7,7,0,0,0,0,train
S074,04,16,-1,Rest,7,7,0,0,0,0,train
S074,04,17,1,Right,7,7,0,0,0,0,train
S074,04,18,-1,Rest,7,7,0,0,0,0,train
S074,04,19,0,Left,7,7,0,0,0,0,train
S074,04,20,-1,Rest,7,7,0,0,0,0,train
S074,04,21,1,Right,7,7,0,0,0,0,train
S074,04,22,-1,Rest,7,7,0,0,0,0,train
S074,04,23,0,Left,7,7,0,0,0,0,train
S074,04,24,-1,Rest,7,7,0,0,0,0,train
S074,04,25,0,Left,7,7,0,0,0,0,train
S074,04,26,-1,Rest,7,7,0,0,0,0,train
S074,04,27,1,Right,7,7,0,0,0,0,train
S074,04,28,-1,Rest,7,7,0,0,0,0,train
S074,04,29,0,Left,7,7,0,0,0,0,train
S074,08,0,-1,Rest,7,7,0,0,0,0,train
S074,08,1,1,Right,7,7,0,0,0,0,train
S074,08,2,-1,Rest,7,7,0,0,0,0,train
S074,08,3,0,Left,7,7,0,0,0,0,train
S074,08,4,-1,Rest,7,7,0,0,0,0,train
S074,08,5,1,Right,7,7,0,0,0,0,train
S074,08,6,-1,Rest,7,7,0,0,0,0,train
S074,08,7,0,Left,7,7,0,0,0,0,train
S074,08,8,-1,Rest,7,7,0,0,0,0,train
S074,08,9,1,Right,7,7,0,0,0,0,train
S074,08,10,-1,Rest,7,7,0,0,0,0,train
S074,08,11,0,Left,7,7,0,0,0,0,train
S074,08,12,-1,Rest,7,7,0,0,0,0,train
S074,08,13,0,Left,7,7,0,0,0,0,train
S074,08,14,-1,Rest,7,7,0,0,0,0,train
S074,08,15,1,Right,7,7,0,0,0,0,train
S074,08,16,-1,Rest,7,7,0,0,0,0,train
S074,08,17,1,Right,7,7,0,0,0,0,train
S074,08,18,-1,Rest,7,7,0,0,0,0,train
S074,08,19,0,Left,7,7,0,0,0,0,train
S074,08,20,-1,Rest,7,7,0,0,0,0,train
S074,08,21,0,Left,7,7,0,0,0,0,train
S074,08,22,-1,Rest,7,7,0,0,0,0,train
S074,08,23,1,Right,7,7,0,0,0,0,train
S074,08,24,-1,Rest,7,7,0,0,0,0,train
S074,08,25,1,Right,7,7,0,0,0,0,train
S074,08,26,-1,Rest,7,7,0,0,0,0,train
S074,08,27,0,Left,7,7,0,0,0,0,train
S074,08,28,-1,Rest,7,7,0,0,0,0,train
S074,12,0,-1,Rest,7,7,0,0,0,0,train
S074,12,1,1,Right,7,7,0,0,0,0,train
S074,12,2,-1,Rest,7,7,0,0,0,0,train
S074,12,3,0,Left,7,7,0,0,0,0,train
S074,12,4,-1,Rest,7,7,0,0,0,0,train
S074,12,5,0,Left,7,7,0,0,0,0,train
S074,12,6,-1,Rest,7,7,0,0,0,0,train
S074,12,7,1,Right,7,7,0,0,0,0,train
S074,12,8,-1,Rest,7,7,0,0,0,0,train
S074,12,9,0,Left,7,7,0,0,0,0,train
S074,12,10,-1,Rest,7,7,0,0,0,0,train
S074,12,11,1,Right,7,7,0,0,0,0,train
S074,12,12,-1,Rest,7,7,0,0,0,0,train
S074,12,13,0,Left,7,7,0,0,0,0,train
S074,12,14,-1,Rest,7,7,0,0,0,0,train
S074,12,15,1,Right,7,7,0,0,0,0,train
S074,12,16,-1,Rest,7,7,0,0,0,0,train
S074,12,17,1,Right,7,7,0,0,0,0,train
S074,12,18,-1,Rest,7,7,0,0,0,0,train
S074,12,19,0,Left,7,7,0,0,0,0,train
S074,12,20,-1,Rest,7,7,0,0,0,0,train
S074,12,21,1,Right,7,7,0,0,0,0,train
S074,12,22,-1,Rest,7,7,0,0,0,0,train
S074,12,23,0,Left,7,7,0,0,0,0,train
S074,12,24,-1,Rest,7,7,0,0,0,0,train
S074,12,25,1,Right,7,7,0,0,0,0,train
S074,12,26,-1,Rest,7,7,0,0,0,0,train
S074,12,27,0,Left,7,7,0,0,0,0,train
S074,12,28,-1,Rest,7,7,0,0,0,0,train
S076,04,0,-1,Rest,7,7,0,0,0,0,train
S076,04,1,1,Right,7,7,0,0,0,0,train
S076,04,2,-1,Rest,7,7,0,0,0,0,train
S076,04,3,0,Left,7,7,0,0,0,0,train
S076,04,4,-1,Rest,7,7,0,0,0,0,train
S076,04,5,0,Left,7,7,0,0,0,0,train
S076,04,6,-1,Rest,7,7,0,0,0,0,train
S076,04,7,1,Right,7,7,0,0,0,0,train
S076,04,8,-1,Rest,7,7,0,0,0,0,train
S076,04,9,0,Left,7,7,0,0,0,0,train
S076,04,10,-1,Rest,7,7,0,0,0,0,train
S076,04,11,1,Right,7,7,0,0,0,0,train
S076,04,12,-1,Rest,7,7,0,0,0,0,train
S076,04,13,0,Left,7,7,0,0,0,0,train
S076,04,14,-1,Rest,7,7,0,0,0,0,train
S076,04,15,1,Right,7,7,0,0,0,0,train
S076,04,16,-1,Rest,7,7,0,0,0,0,train
S076,04,17,1,Right,7,7,0,0,0,0,train
S076,04,18,-1,Rest,7,7,0,0,0,0,train
S076,04,19,0,Left,7,7,0,0,0,0,train
S076,04,20,-1,Rest,7,7,0,0,0,0,train
S076,04,21,0,Left,7,7,0,0,0,0,train
S076,04,22,-1,Rest,7,7,0,0,0,0,train
S076,04,23,1,Right,7,7,0,0,0,0,train
S076,04,24,-1,Rest,7,7,0,0,0,0,train
S076,04,25,0,Left,7,7,0,0,0,0,train
S076,04,26,-1,Rest,7,7,0,0,0,0,train
S076,04,27,1,Right,7,7,0,0,0,0,train
S076,04,28,-1,Rest,7,7,0,0,0,0,train
S076,08,0,-1,Rest,7,7,0,0,0,0,train
S076,08,1,0,Left,7,7,0,0,0,0,train
S076,08,2,-1,Rest,7,7,0,0,0,0,train
S076,08,3,1,Right,7,7,0,0,0,0,train
S076,08,4,-1,Rest,7,7,0,0,0,0,train
S076,08,5,1,Right,7,7,0,0,0,0,train
S076,08,6,-1,Rest,7,7,0,0,0,0,train
S076,08,7,0,Left,7,7,0,0,0,0,train
S076,08,8,-1,Rest,7,7,0,0,0,0,train
S076,08,9,1,Right,7,7,0,0,0,0,train
S076,08,10,-1,Rest,7,7,0,0,0,0,train
S076,08,11,0,Left,7,7,0,0,0,0,train
S076,08,12,-1,Rest,7,7,0,0,0,0,train
S076,08,13,1,Right,7,7,0,0,0,0,train
S076,08,14,-1,Rest,7,7,0,0,0,0,train
S076,08,15,0,Left,7,7,0,0,0,0,train
S076,08,16,-1,Rest,7,7,0,0,0,0,train
S076,08,17,0,Left,7,7,0,0,0,0,train
S076,08,18,-1,Rest,7,7,0,0,0,0,train
S076,08,19,1,Right,7,7,0,0,0,0,train
S076,08,20,-1,Rest,7,7,0,0,0,0,train
S076,08,21,0,Left,7,7,0,0,0,0,train
S076,08,22,-1,Rest,7,7,0,0,0,0,train
S076,08,23,1,Right,7,7,0,0,0,0,train
S076,08,24,-1,Rest,7,7,0,0,0,0,train
S076,08,25,0,Left,7,7,0,0,0,0,train
S076,08,26,-1,Rest,7,7,0,0,0,0,train
S076,08,27,1,Right,7,7,0,0,0,0,train
S076,08,28,-1,Rest,7,7,0,0,0,0,train
S076,12,0,-1,Rest,7,7,0,0,0,0,train
S076,12,1,0,Left,7,7,0,0,0,0,train
S076,12,2,-1,Rest,7,7,0,0,0,0,train
S076,12,3,1,Right,7,7,0,0,0,0,train
S076,12,4,-1,Rest,7,7,0,0,0,0,train
S076,12,5,1,Right,7,7,0,0,0,0,train
S076,12,6,-1,Rest,7,7,0,0,0,0,train
S076,12,7,0,Left,7,7,0,0,0,0,train
S076,12,8,-1,Rest,7,7,0,0,0,0,train
S076,12,9,1,Right,7,7,0,0,0,0,train
S076,12,10,-1,Rest,7,7,0,0,0,0,train
S076,12,11,0,Left,7,7,0,0,0,0,train
S076,12,12,-1,Rest,7,7,0,0,0,0,train
S076,12,13,0,Left,7,7,0,0,0,0,train
S076,12,14,-1,Rest,7,7,0,0,0,0,train
S076,12,15,1,Right,7,7,0,0,0,0,train
S076,12,16,-1,Rest,7,7,0,0,0,0,train
S076,12,17,0,Left,7,7,0,0,0,0,train
S076,12,18,-1,Rest,7,7,0,0,0,0,train
S076,12,19,1,Right,7,7,0,0,0,0,train
S076,12,20,-1,Rest,7,7,0,0,0,0,train
S076,12,21,1,Right,7,7,0,0,0,0,train
S076,12,22,-1,Rest,7,7,0,0,0,0,train
S076,12,23,0,Left,7,7,0,0,0,0,train
S076,12,24,-1,Rest,7,7,0,0,0,0,train
S076,12,25,1,Right,7,7,0,0,0,0,train
S076,12,26,-1,Rest,7,7,0,0,0,0,train
S076,12,27,0,Left,7,7,0,0,0,0,train
S076,12,28,-1,Rest,7,7,0,0,0,0,train
S077,04,0,-1,Rest,7,7,0,0,0,0,train
S077,04,1,1,Right,7,0,7,0,0,7,train
S077,04,2,-1,Rest,7,7,0,0,0,0,train
S077,04,3,0,Left,7,7,0,0,0,0,train
S077,04,4,-1,Rest,7,7,0,0,0,0,train
S077,04,5,1,Right,7,6,1,0,0,1,train
S077,04,6,-1,Rest,7,4,3,0,0,3,train
S077,04,7,0,Left,7,4,3,0,0,3,train
S077,04,8,-1,Rest,7,5,2,0,0,2,train
S077,04,9,0,Left,7,1,6,0,0,6,train
S077,04,10,-1,Rest,7,3,4,0,0,4,train
S077,04,11,1,Right,7,4,3,0,0,3,train
S077,04,12,-1,Rest,7,0,7,0,0,7,train
S077,04,13,0,Left,7,4,3,0,0,3,train
S077,04,14,-1,Rest,7,2,5,0,0,5,train
S077,04,15,1,Right,7,5,2,0,0,2,train
S077,04,16,-1,Rest,7,1,6,0,0,6,train
S077,04,17,0,Left,7,0,7,0,0,7,train
S077,04,18,-1,Rest,7,4,3,0,0,3,train
S077,04,19,1,Right,7,5,2,0,0,2,train
S077,04,20,-1,Rest,7,0,7,0,0,7,train
S077,04,21,1,Right,7,1,6,0,0,6,train
S077,04,22,-1,Rest,7,7,0,0,0,0,train
S077,04,23,0,Left,7,5,2,0,0,2,train
S077,04,24,-1,Rest,7,2,5,0,0,5,train
S077,04,25,0,Left,7,0,7,0,0,7,train
S077,04,26,-1,Rest,7,7,0,0,0,0,train
S077,04,27,1,Right,7,7,0,0,0,0,train
S077,04,28,-1,Rest,7,4,3,0,0,3,train
S077,04,29,1,Right,7,0,7,0,0,7,train
S077,08,0,-1,Rest,7,2,5,0,0,5,train
S077,08,1,1,Right,7,3,4,0,0,4,train
S077,08,2,-1,Rest,7,3,4,0,0,4,train
S077,08,3,0,Left,7,7,0,0,0,0,train
S077,08,4,-1,Rest,7,3,4,0,0,4,train
S077,08,5,1,Right,7,0,7,0,0,7,train
S077,08,6,-1,Rest,7,7,0,0,0,0,train
S077,08,7,0,Left,7,4,3,0,0,3,train
S077,08,8,-1,Rest,7,4,3,0,0,3,train
S077,08,9,0,Left,7,7,0,0,0,0,train
S077,08,10,-1,Rest,7,0,7,0,0,7,train
S077,08,11,1,Right,7,2,5,0,0,5,train
S077,08,12,-1,Rest,7,7,0,0,0,0,train
S077,08,13,1,Right,7,7,0,0,0,0,train
S077,08,14,-1,Rest,7,7,0,0,0,0,train
S077,08,15,0,Left,7,2,5,0,0,5,train
S077,08,16,-1,Rest,7,7,0,0,0,0,train
S077,08,17,1,Right,7,5,2,0,0,2,train
S077,08,18,-1,Rest,7,1,6,0,0,6,train
S077,08,19,0,Left,7,0,7,0,0,7,train
S077,08,20,-1,Rest,7,0,7,0,0,7,train
S077,08,21,1,Right,7,0,7,0,0,7,train
S077,08,22,-1,Rest,7,4,3,0,0,3,train
S077,08,23,0,Left,7,6,1,0,0,1,train
S077,08,24,-1,Rest,7,6,1,0,0,1,train
S077,08,25,1,Right,7,1,6,0,0,6,train
S077,08,26,-1,Rest,7,7,0,0,0,0,train
S077,08,27,0,Left,7,7,0,0,0,0,train
S077,08,28,-1,Rest,7,2,5,0,0,5,train
S077,08,29,1,Right,7,1,6,0,0,6,train
S077,12,0,-1,Rest,7,7,0,0,0,0,train
S077,12,1,1,Right,7,7,0,0,0,0,train
S077,12,2,-1,Rest,7,7,0,0,0,0,train
S077,12,3,0,Left,7,7,0,0,0,0,train
S077,12,4,-1,Rest,7,7,0,0,0,0,train
S077,12,5,0,Left,7,7,0,0,0,0,train
S077,12,6,-1,Rest,7,7,0,0,0,0,train
S077,12,7,1,Right,7,7,0,0,0,0,train
S077,12,8,-1,Rest,7,7,0,0,0,0,train
S077,12,9,0,Left,7,3,4,0,0,4,train
S077,12,10,-1,Rest,7,7,0,0,0,0,train
S077,12,11,1,Right,7,0,7,0,0,7,train
S077,12,12,-1,Rest,7,0,7,0,0,7,train
S077,12,13,1,Right,7,7,0,0,0,0,train
S077,12,14,-1,Rest,7,7,0,0,0,0,train
S077,12,15,0,Left,7,4,3,0,0,3,train
S077,12,16,-1,Rest,7,7,0,0,0,0,train
S077,12,17,0,Left,7,7,0,0,0,0,train
S077,12,18,-1,Rest,7,0,7,0,0,7,train
S077,12,19,1,Right,7,7,0,0,0,0,train
S077,12,20,-1,Rest,7,0,7,0,0,7,train
S077,12,21,0,Left,7,7,0,0,0,0,train
S077,12,22,-1,Rest,7,3,4,0,0,4,train
S077,12,23,1,Right,7,7,0,0,0,0,train
S077,12,24,-1,Rest,7,0,7,0,0,7,train
S077,12,25,1,Right,7,3,4,0,0,4,train
S077,12,26,-1,Rest,7,7,0,0,0,0,train
S077,12,27,0,Left,7,7,0,0,0,0,train
S077,12,28,-1,Rest,7,0,7,0,0,7,train
S077,12,29,1,Right,7,7,0,0,0,0,train
S079,04,0,-1,Rest,7,7,0,0,0,0,train
S079,04,1,0,Left,7,7,0,0,0,0,train
S079,04,2,-1,Rest,7,7,0,0,0,0,train
S079,04,3,1,Right,7,7,0,0,0,0,train
S079,04,4,-1,Rest,7,7,0,0,0,0,train
S079,04,5,0,Left,7,7,0,0,0,0,train
S079,04,6,-1,Rest,7,2,5,0,0,5,train
S079,04,7,1,Right,7,7,0,0,0,0,train
S079,04,8,-1,Rest,7,7,0,0,0,0,train
S079,04,9,0,Left,7,7,0,0,0,0,train
S079,04,10,-1,Rest,7,7,0,0,0,0,train
S079,04,11,1,Right,7,7,0,0,0,0,train
S079,04,12,-1,Rest,7,1,6,0,0,6,train
S079,04,13,0,Left,7,1,6,0,0,6,train
S079,04,14,-1,Rest,7,7,0,0,0,0,train
S079,04,15,1,Right,7,1,6,0,0,6,train
S079,04,16,-1,Rest,7,5,2,0,0,2,train
S079,04,17,0,Left,7,1,6,0,0,6,train
S079,04,18,-1,Rest,7,0,7,0,0,7,train
S079,04,19,1,Right,7,6,1,0,0,1,train
S079,04,20,-1,Rest,7,7,0,0,0,0,train
S079,04,21,0,Left,7,0,7,0,0,7,train
S079,04,22,-1,Rest,7,4,3,0,0,3,train
S079,04,23,1,Right,7,7,0,0,0,0,train
S079,04,24,-1,Rest,7,7,0,0,0,0,train
S079,04,25,1,Right,7,2,5,0,0,5,train
S079,04,26,-1,Rest,7,7,0,0,0,0,train
S079,04,27,0,Left,7,6,1,0,0,1,train
S079,04,28,-1,Rest,7,5,2,0,0,2,train
S079,04,29,0,Left,7,7,0,0,0,0,train
S079,08,0,-1,Rest,7,7,0,0,0,0,train
S079,08,1,0,Left,7,5,2,0,0,2,train
S079,08,2,-1,Rest,7,0,7,0,0,7,train
S079,08,3,1,Right,7,7,0,0,0,0,train
S079,08,4,-1,Rest,7,7,0,0,0,0,train
S079,08,5,1,Right,7,5,2,0,0,2,train
S079,08,6,-1,Rest,7,4,3,0,0,3,train
S079,08,7,0,Left,7,5,2,0,0,2,train
S079,08,8,-1,Rest,7,0,7,0,0,7,train
S079,08,9,0,Left,7,0,7,0,0,7,train
S079,08,10,-1,Rest,7,0,7,0,0,7,train
S079,08,11,1,Right,7,1,6,0,0,6,train
S079,08,12,-1,Rest,7,0,7,0,0,7,train
S079,08,13,1,Right,7,0,7,0,0,7,train
S079,08,14,-1,Rest,7,7,0,0,0,0,train
S079,08,15,0,Left,7,3,4,0,0,4,train
S079,08,16,-1,Rest,7,2,5,0,0,5,train
S079,08,17,0,Left,7,7,0,0,0,0,train
S079,08,18,-1,Rest,7,7,0,0,0,0,train
S079,08,19,1,Right,7,0,7,0,0,7,train
S079,08,20,-1,Rest,7,4,3,0,0,3,train
S079,08,21,1,Right,7,6,1,0,0,1,train
S079,08,22,-1,Rest,7,4,3,0,0,3,train
S079,08,23,0,Left,7,0,7,0,0,7,train
S079,08,24,-1,Rest,7,4,3,0,0,3,train
S079,08,25,0,Left,7,7,0,0,0,0,train
S079,08,26,-1,Rest,7,1,6,0,0,6,train
S079,08,27,1,Right,7,7,0,0,0,0,train
S079,08,28,-1,Rest,7,7,0,0,0,0,train
S079,08,29,1,Right,7,1,6,0,0,6,train
S079,12,0,-1,Rest,7,2,5,0,0,5,train
S079,12,1,1,Right,7,7,0,0,0,0,train
S079,12,2,-1,Rest,7,7,0,0,0,0,train
S079,12,3,0,Left,7,7,0,0,0,0,train
S079,12,4,-1,Rest,7,5,2,0,0,2,train
S079,12,5,1,Right,7,7,0,0,0,0,train
S079,12,6,-1,Rest,7,5,2,0,0,2,train
S079,12,7,0,Left,7,0,7,0,0,7,train
S079,12,8,-1,Rest,7,2,5,0,0,5,train
S079,12,9,0,Left,7,5,2,0,0,2,train
S079,12,10,-1,Rest,7,0,7,0,0,7,train
S079,12,11,1,Right,7,0,7,0,0,7,train
S079,12,12,-1,Rest,7,2,5,0,0,5,train
S079,12,13,1,Right,7,0,7,0,0,7,train
S079,12,14,-1,Rest,7,0,7,0,0,7,train
S079,12,15,0,Left,7,0,7,0,0,7,train
S079,12,16,-1,Rest,7,0,7,0,0,7,train
S079,12,17,1,Right,7,0,7,0,0,7,train
S079,12,18,-1,Rest,7,0,7,0,0,7,train
S079,12,19,0,Left,7,0,7,0,0,7,train
S079,12,20,-1,Rest,7,0,7,0,0,7,train
S079,12,21,1,Right,7,0,7,0,0,7,train
S079,12,22,-1,Rest,7,0,7,0,0,7,train
S079,12,23,0,Left,7,0,7,0,0,7,train
S079,12,24,-1,Rest,7,0,7,0,0,7,train
S079,12,25,1,Right,7,0,7,0,0,7,train
S079,12,26,-1,Rest,7,0,7,0,0,7,train
S079,12,27,0,Left,7,0,7,0,0,7,train
S079,12,28,-1,Rest,7,0,7,0,0,7,train
S079,12,29,1,Right,7,0,7,0,0,7,train
S080,04,0,-1,Rest,7,7,0,0,0,0,train
S080,04,1,0,Left,7,7,0,0,0,0,train
S080,04,2,-1,Rest,7,7,0,0,0,0,train
S080,04,3,1,Right,7,7,0,0,0,0,train
S080,04,4,-1,Rest,7,7,0,0,0,0,train
S080,04,5,1,Right,7,7,0,0,0,0,train
S080,04,6,-1,Rest,7,7,0,0,0,0,train
S080,04,7,0,Left,7,7,0,0,0,0,train
S080,04,8,-1,Rest,7,7,0,0,0,0,train
S080,04,9,0,Left,7,7,0,0,0,0,train
S080,04,10,-1,Rest,7,7,0,0,0,0,train
S080,04,11,1,Right,7,7,0,0,0,0,train
S080,04,12,-1,Rest,7,7,0,0,0,0,train
S080,04,13,0,Left,7,7,0,0,0,0,train
S080,04,14,-1,Rest,7,7,0,0,0,0,train
S080,04,15,1,Right,7,7,0,0,0,0,train
S080,04,16,-1,Rest,7,7,0,0,0,0,train
S080,04,17,0,Left,7,7,0,0,0,0,train
S080,04,18,-1,Rest,7,7,0,0,0,0,train
S080,04,19,1,Right,7,7,0,0,0,0,train
S080,04,20,-1,Rest,7,7,0,0,0,0,train
S080,04,21,1,Right,7,7,0,0,0,0,train
S080,04,22,-1,Rest,7,7,0,0,0,0,train
S080,04,23,0,Left,7,7,0,0,0,0,train
S080,04,24,-1,Rest,7,7,0,0,0,0,train
S080,04,25,1,Right,7,7,0,0,0,0,train
S080,04,26,-1,Rest,7,7,0,0,0,0,train
S080,04,27,0,Left,7,7,0,0,0,0,train
S080,04,28,-1,Rest,7,7,0,0,0,0,train
S080,04,29,1,Right,7,7,0,0,0,0,train
S080,08,0,-1,Rest,7,7,0,0,0,0,train
S080,08,1,1,Right,7,7,0,0,0,0,train
S080,08,2,-1,Rest,7,3,4,0,0,4,train
S080,08,3,0,Left,7,7,0,0,0,0,train
S080,08,4,-1,Rest,7,7,0,0,0,0,train
S080,08,5,0,Left,7,7,0,0,0,0,train
S080,08,6,-1,Rest,7,7,0,0,0,0,train
S080,08,7,1,Right,7,7,0,0,0,0,train
S080,08,8,-1,Rest,7,7,0,0,0,0,train
S080,08,9,0,Left,7,7,0,0,0,0,train
S080,08,10,-1,Rest,7,7,0,0,0,0,train
S080,08,11,1,Right,7,7,0,0,0,0,train
S080,08,12,-1,Rest,7,7,0,0,0,0,train
S080,08,13,1,Right,7,7,0,0,0,0,train
S080,08,14,-1,Rest,7,7,0,0,0,0,train
S080,08,15,0,Left,7,7,0,0,0,0,train
S080,08,16,-1,Rest,7,7,0,0,0,0,train
S080,08,17,1,Right,7,7,0,0,0,0,train
S080,08,18,-1,Rest,7,7,0,0,0,0,train
S080,08,19,0,Left,7,7,0,0,0,0,train
S080,08,20,-1,Rest,7,7,0,0,0,0,train
S080,08,21,0,Left,7,7,0,0,0,0,train
S080,08,22,-1,Rest,7,7,0,0,0,0,train
S080,08,23,1,Right,7,7,0,0,0,0,train
S080,08,24,-1,Rest,7,7,0,0,0,0,train
S080,08,25,1,Right,7,7,0,0,0,0,train
S080,08,26,-1,Rest,7,7,0,0,0,0,train
S080,08,27,0,Left,7,7,0,0,0,0,train
S080,08,28,-1,Rest,7,7,0,0,0,0,train
S080,08,29,0,Left,7,7,0,0,0,0,train
S080,12,0,-1,Rest,7,7,0,0,0,0,train
S080,12,1,0,Left,7,7,0,0,0,0,train
S080,12,2,-1,Rest,7,7,0,0,0,0,train
S080,12,3,1,Right,7,7,0,0,0,0,train
S080,12,4,-1,Rest,7,7,0,0,0,0,train
S080,12,5,0,Left,7,7,0,0,0,0,train
S080,12,6,-1,Rest,7,7,0,0,0,0,train
S080,12,7,1,Right,7,7,0,0,0,0,train
S080,12,8,-1,Rest,7,7,0,0,0,0,train
S080,12,9,0,Left,7,7,0,0,0,0,train
S080,12,10,-1,Rest,7,7,0,0,0,0,train
S080,12,11,1,Right,7,7,0,0,0,0,train
S080,12,12,-1,Rest,7,7,0,0,0,0,train
S080,12,13,0,Left,7,7,0,0,0,0,train
S080,12,14,-1,Rest,7,7,0,0,0,0,train
S080,12,15,1,Right,7,7,0,0,0,0,train
S080,12,16,-1,Rest,7,7,0,0,0,0,train
S080,12,17,0,Left,7,7,0,0,0,0,train
S080,12,18,-1,Rest,7,7,0,0,0,0,train
S080,12,19,1,Right,7,7,0,0,0,0,train
S080,12,20,-1,Rest,7,7,0,0,0,0,train
S080,12,21,1,Right,7,7,0,0,0,0,train
S080,12,22,-1,Rest,7,7,0,0,0,0,train
S080,12,23,0,Left,7,7,0,0,0,0,train
S080,12,24,-1,Rest,7,7,0,0,0,0,train
S080,12,25,1,Right,7,7,0,0,0,0,train
S080,12,26,-1,Rest,7,7,0,0,0,0,train
S080,12,27,0,Left,7,7,0,0,0,0,train
S080,12,28,-1,Rest,7,7,0,0,0,0,train
S080,12,29,0,Left,7,7,0,0,0,0,train
S081,04,0,-1,Rest,7,7,0,0,0,0,train
S081,04,1,0,Left,7,7,0,0,0,0,train
S081,04,2,-1,Rest,7,7,0,0,0,0,train
S081,04,3,1,Right,7,7,0,0,0,0,train
S081,04,4,-1,Rest,7,7,0,0,0,0,train
S081,04,5,0,Left,7,7,0,0,0,0,train
S081,04,6,-1,Rest,7,7,0,0,0,0,train
S081,04,7,1,Right,7,7,0,0,0,0,train
S081,04,8,-1,Rest,7,7,0,0,0,0,train
S081,04,9,1,Right,7,7,0,0,0,0,train
S081,04,10,-1,Rest,7,7,0,0,0,0,train
S081,04,11,0,Left,7,7,0,0,0,0,train
S081,04,12,-1,Rest,7,7,0,0,0,0,train
S081,04,13,0,Left,7,7,0,0,0,0,train
S081,04,14,-1,Rest,7,7,0,0,0,0,train
S081,04,15,1,Right,7,7,0,0,0,0,train
S081,04,16,-1,Rest,7,7,0,0,0,0,train
S081,04,17,0,Left,7,7,0,0,0,0,train
S081,04,18,-1,Rest,7,7,0,0,0,0,train
S081,04,19,1,Right,7,7,0,0,0,0,train
S081,04,20,-1,Rest,7,7,0,0,0,0,train
S081,04,21,1,Right,7,7,0,0,0,0,train
S081,04,22,-1,Rest,7,7,0,0,0,0,train
S081,04,23,0,Left,7,7,0,0,0,0,train
S081,04,24,-1,Rest,7,7,0,0,0,0,train
S081,04,25,0,Left,7,7,0,0,0,0,train
S081,04,26,-1,Rest,7,7,0,0,0,0,train
S081,04,27,1,Right,7,7,0,0,0,0,train
S081,04,28,-1,Rest,7,7,0,0,0,0,train
S081,04,29,1,Right,7,7,0,0,0,0,train
S081,08,0,-1,Rest,7,7,0,0,0,0,train
S081,08,1,0,Left,7,7,0,0,0,0,train
S081,08,2,-1,Rest,7,7,0,0,0,0,train
S081,08,3,1,Right,7,7,0,0,0,0,train
S081,08,4,-1,Rest,7,7,0,0,0,0,train
S081,08,5,0,Left,7,7,0,0,0,0,train
S081,08,6,-1,Rest,7,7,0,0,0,0,train
S081,08,7,1,Right,7,7,0,0,0,0,train
S081,08,8,-1,Rest,7,7,0,0,0,0,train
S081,08,9,1,Right,7,7,0,0,0,0,train
S081,08,10,-1,Rest,7,7,0,0,0,0,train
S081,08,11,0,Left,7,7,0,0,0,0,train
S081,08,12,-1,Rest,7,7,0,0,0,0,train
S081,08,13,1,Right,7,7,0,0,0,0,train
S081,08,14,-1,Rest,7,7,0,0,0,0,train
S081,08,15,0,Left,7,7,0,0,0,0,train
S081,08,16,-1,Rest,7,7,0,0,0,0,train
S081,08,17,1,Right,7,7,0,0,0,0,train
S081,08,18,-1,Rest,7,7,0,0,0,0,train
S081,08,19,0,Left,7,7,0,0,0,0,train
S081,08,20,-1,Rest,7,7,0,0,0,0,train
S081,08,21,0,Left,7,7,0,0,0,0,train
S081,08,22,-1,Rest,7,7,0,0,0,0,train
S081,08,23,1,Right,7,7,0,0,0,0,train
S081,08,24,-1,Rest,7,7,0,0,0,0,train
S081,08,25,1,Right,7,7,0,0,0,0,train
S081,08,26,-1,Rest,7,7,0,0,0,0,train
S081,08,27,0,Left,7,7,0,0,0,0,train
S081,08,28,-1,Rest,7,7,0,0,0,0,train
S081,08,29,1,Right,7,7,0,0,0,0,train
S081,12,0,-1,Rest,7,7,0,0,0,0,train
S081,12,1,1,Right,7,7,0,0,0,0,train
S081,12,2,-1,Rest,7,7,0,0,0,0,train
S081,12,3,0,Left,7,7,0,0,0,0,train
S081,12,4,-1,Rest,7,7,0,0,0,0,train
S081,12,5,0,Left,7,7,0,0,0,0,train
S081,12,6,-1,Rest,7,7,0,0,0,0,train
S081,12,7,1,Right,7,7,0,0,0,0,train
S081,12,8,-1,Rest,7,7,0,0,0,0,train
S081,12,9,1,Right,7,7,0,0,0,0,train
S081,12,10,-1,Rest,7,7,0,0,0,0,train
S081,12,11,0,Left,7,7,0,0,0,0,train
S081,12,12,-1,Rest,7,7,0,0,0,0,train
S081,12,13,0,Left,7,7,0,0,0,0,train
S081,12,14,-1,Rest,7,7,0,0,0,0,train
S081,12,15,1,Right,7,7,0,0,0,0,train
S081,12,16,-1,Rest,7,7,0,0,0,0,train
S081,12,17,1,Right,7,7,0,0,0,0,train
S081,12,18,-1,Rest,7,7,0,0,0,0,train
S081,12,19,0,Left,7,7,0,0,0,0,train
S081,12,20,-1,Rest,7,7,0,0,0,0,train
S081,12,21,0,Left,7,7,0,0,0,0,train
S081,12,22,-1,Rest,7,7,0,0,0,0,train
S081,12,23,1,Right,7,7,0,0,0,0,train
S081,12,24,-1,Rest,7,7,0,0,0,0,train
S081,12,25,1,Right,7,7,0,0,0,0,train
S081,12,26,-1,Rest,7,7,0,0,0,0,train
S081,12,27,0,Left,7,7,0,0,0,0,train
S081,12,28,-1,Rest,7,7,0,0,0,0,train
S081,12,29,0,Left,7,7,0,0,0,0,train
S082,04,0,-1,Rest,7,7,0,0,0,0,train
S082,04,1,0,Left,7,7,0,0,0,0,train
S082,04,2,-1,Rest,7,7,0,0,0,0,train
S082,04,3,1,Right,7,7,0,0,0,0,train
S082,04,4,-1,Rest,7,7,0,0,0,0,train
S082,04,5,0,Left,7,7,0,0,0,0,train
S082,04,6,-1,Rest,7,7,0,0,0,0,train
S082,04,7,1,Right,7,7,0,0,0,0,train
S082,04,8,-1,Rest,7,7,0,0,0,0,train
S082,04,9,0,Left,7,7,0,0,0,0,train
S082,04,10,-1,Rest,7,7,0,0,0,0,train
S082,04,11,1,Right,7,7,0,0,0,0,train
S082,04,12,-1,Rest,7,7,0,0,0,0,train
S082,04,13,0,Left,7,7,0,0,0,0,train
S082,04,14,-1,Rest,7,7,0,0,0,0,train
S082,04,15,1,Right,7,7,0,0,0,0,train
S082,04,16,-1,Rest,7,7,0,0,0,0,train
S082,04,17,1,Right,7,7,0,0,0,0,train
S082,04,18,-1,Rest,7,7,0,0,0,0,train
S082,04,19,0,Left,7,7,0,0,0,0,train
S082,04,20,-1,Rest,7,7,0,0,0,0,train
S082,04,21,1,Right,7,7,0,0,0,0,train
S082,04,22,-1,Rest,7,7,0,0,0,0,train
S082,04,23,0,Left,7,7,0,0,0,0,train
S082,04,24,-1,Rest,7,7,0,0,0,0,train
S082,04,25,1,Right,7,7,0,0,0,0,train
S082,04,26,-1,Rest,7,7,0,0,0,0,train
S082,04,27,0,Left,7,7,0,0,0,0,train
S082,04,28,-1,Rest,7,7,0,0,0,0,train
S082,04,29,0,Left,7,7,0,0,0,0,train
S082,08,0,-1,Rest,7,7,0,0,0,0,train
S082,08,1,0,Left,7,7,0,0,0,0,train
S082,08,2,-1,Rest,7,7,0,0,0,0,train
S082,08,3,1,Right,7,7,0,0,0,0,train
S082,08,4,-1,Rest,7,7,0,0,0,0,train
S082,08,5,0,Left,7,7,0,0,0,0,train
S082,08,6,-1,Rest,7,7,0,0,0,0,train
S082,08,7,1,Right,7,7,0,0,0,0,train
S082,08,8,-1,Rest,7,7,0,0,0,0,train
S082,08,9,1,Right,7,7,0,0,0,0,train
S082,08,10,-1,Rest,7,7,0,0,0,0,train
S082,08,11,0,Left,7,7,0,0,0,0,train
S082,08,12,-1,Rest,7,7,0,0,0,0,train
S082,08,13,1,Right,7,7,0,0,0,0,train
S082,08,14,-1,Rest,7,7,0,0,0,0,train
S082,08,15,0,Left,7,7,0,0,0,0,train
S082,08,16,-1,Rest,7,7,0,0,0,0,train
S082,08,17,0,Left,7,7,0,0,0,0,train
S082,08,18,-1,Rest,7,7,0,0,0,0,train
S082,08,19,1,Right,7,7,0,0,0,0,train
S082,08,20,-1,Rest,7,7,0,0,0,0,train
S082,08,21,0,Left,7,7,0,0,0,0,train
S082,08,22,-1,Rest,7,7,0,0,0,0,train
S082,08,23,1,Right,7,7,0,0,0,0,train
S082,08,24,-1,Rest,7,7,0,0,0,0,train
S082,08,25,0,Left,7,7,0,0,0,0,train
S082,08,26,-1,Rest,7,7,0,0,0,0,train
S082,08,27,1,Right,7,7,0,0,0,0,train
S082,08,28,-1,Rest,7,7,0,0,0,0,train
S082,08,29,1,Right,7,7,0,0,0,0,train
S082,12,0,-1,Rest,7,7,0,0,0,0,train
S082,12,1,0,Left,7,7,0,0,0,0,train
S082,12,2,-1,Rest,7,7,0,0,0,0,train
S082,12,3,1,Right,7,7,0,0,0,0,train
S082,12,4,-1,Rest,7,7,0,0,0,0,train
S082,12,5,1,Right,7,7,0,0,0,0,train
S082,12,6,-1,Rest,7,7,0,0,0,0,train
S082,12,7,0,Left,7,3,4,0,0,4,train
S082,12,8,-1,Rest,7,7,0,0,0,0,train
S082,12,9,0,Left,7,7,0,0,0,0,train
S082,12,10,-1,Rest,7,7,0,0,0,0,train
S082,12,11,1,Right,7,7,0,0,0,0,train
S082,12,12,-1,Rest,7,7,0,0,0,0,train
S082,12,13,0,Left,7,7,0,0,0,0,train
S082,12,14,-1,Rest,7,7,0,0,0,0,train
S082,12,15,1,Right,7,3,4,0,0,4,train
S082,12,16,-1,Rest,7,7,0,0,0,0,train
S082,12,17,0,Left,7,7,0,0,0,0,train
S082,12,18,-1,Rest,7,7,0,0,0,0,train
S082,12,19,1,Right,7,7,0,0,0,0,train
S082,12,20,-1,Rest,7,7,0,0,0,0,train
S082,12,21,0,Left,7,7,0,0,0,0,train
S082,12,22,-1,Rest,7,7,0,0,0,0,train
S082,12,23,1,Right,7,7,0,0,0,0,train
S082,12,24,-1,Rest,7,7,0,0,0,0,train
S082,12,25,1,Right,7,7,0,0,0,0,train
S082,12,26,-1,Rest,7,7,0,0,0,0,train
S082,12,27,0,Left,7,7,0,0,0,0,train
S082,12,28,-1,Rest,7,7,0,0,0,0,train
S082,12,29,0,Left,7,7,0,0,0,0,train
S083,04,0,-1,Rest,7,6,1,0,0,1,train
S083,04,1,0,Left,7,7,0,0,0,0,train
S083,04,2,-1,Rest,7,0,7,0,0,7,train
S083,04,3,1,Right,7,7,0,0,0,0,train
S083,04,4,-1,Rest,7,7,0,0,0,0,train
S083,04,5,1,Right,7,7,0,0,0,0,train
S083,04,6,-1,Rest,7,7,0,0,0,0,train
S083,04,7,0,Left,7,7,0,0,0,0,train
S083,04,8,-1,Rest,7,0,7,0,0,7,train
S083,04,9,0,Left,7,7,0,0,0,0,train
S083,04,10,-1,Rest,7,0,7,0,0,7,train
S083,04,11,1,Right,7,7,0,0,0,0,train
S083,04,12,-1,Rest,7,3,4,0,0,4,train
S083,04,13,1,Right,7,3,4,0,0,4,train
S083,04,14,-1,Rest,7,3,4,0,0,4,train
S083,04,15,0,Left,7,7,0,0,0,0,train
S083,04,16,-1,Rest,7,0,7,0,0,7,train
S083,04,17,1,Right,7,7,0,0,0,0,train
S083,04,18,-1,Rest,7,7,0,0,0,0,train
S083,04,19,0,Left,7,7,0,0,0,0,train
S083,04,20,-1,Rest,7,0,7,0,0,7,train
S083,04,21,1,Right,7,0,7,0,0,7,train
S083,04,22,-1,Rest,7,3,4,0,0,4,train
S083,04,23,0,Left,7,3,4,0,0,4,train
S083,04,24,-1,Rest,7,7,0,0,0,0,train
S083,04,25,1,Right,7,7,0,0,0,0,train
S083,04,26,-1,Rest,7,2,5,0,0,5,train
S083,04,27,0,Left,7,7,0,0,0,0,train
S083,04,28,-1,Rest,7,0,7,0,0,7,train
S083,04,29,0,Left,7,7,0,0,0,0,train
S083,08,0,-1,Rest,7,0,7,0,0,7,train
S083,08,1,0,Left,7,7,0,0,0,0,train
S083,08,2,-1,Rest,7,2,5,0,0,5,train
S083,08,3,1,Right,7,7,0,0,0,0,train
S083,08,4,-1,Rest,7,7,0,0,0,0,train
S083,08,5,0,Left,7,0,7,0,0,7,train
S083,08,6,-1,Rest,7,0,7,0,0,7,train
S083,08,7,1,Right,7,1,6,0,0,6,train
S083,08,8,-1,Rest,7,7,0,0,0,0,train
S083,08,9,1,Right,7,1,6,0,0,6,train
S083,08,10,-1,Rest,7,2,5,0,0,5,train
S083,08,11,0,Left,7,7,0,0,0,0,train
S083,08,12,-1,Rest,7,1,6,0,0,6,train
S083,08,13,0,Left,7,0,7,0,0,7,train
S083,08,14,-1,Rest,7,7,0,0,0,0,train
S083,08,15,1,Right,7,1,6,0,0,6,train
S083,08,16,-1,Rest,7,7,0,0,0,0,train
S083,08,17,1,Right,7,3,4,0,0,4,train
S083,08,18,-1,Rest,7,7,0,0,0,0,train
S083,08,19,0,Left,7,7,0,0,0,0,train
S083,08,20,-1,Rest,7,0,7,0,0,7,train
S083,08,21,1,Right,7,0,7,0,0,7,train
S083,08,22,-1,Rest,7,4,3,0,0,3,train
S083,08,23,0,Left,7,0,7,0,0,7,train
S083,08,24,-1,Rest,7,7,0,0,0,0,train
S083,08,25,1,Right,7,7,0,0,0,0,train
S083,08,26,-1,Rest,7,0,7,0,0,7,train
S083,08,27,0,Left,7,7,0,0,0,0,train
S083,08,28,-1,Rest,7,0,7,0,0,7,train
S083,08,29,1,Right,7,7,0,0,0,0,train
S083,12,0,-1,Rest,7,7,0,0,0,0,train
S083,12,1,0,Left,7,7,0,0,0,0,train
S083,12,2,-1,Rest,7,5,2,0,0,2,train
S083,12,3,1,Right,7,7,0,0,0,0,train
S083,12,4,-1,Rest,7,7,0,0,0,0,train
S083,12,5,1,Right,7,7,0,0,0,0,train
S083,12,6,-1,Rest,7,7,0,0,0,0,train
S083,12,7,0,Left,7,3,4,0,0,4,train
S083,12,8,-1,Rest,7,7,0,0,0,0,train
S083,12,9,1,Right,7,0,7,0,0,7,train
S083,12,10,-1,Rest,7,0,7,0,0,7,train
S083,12,11,0,Left,7,0,7,0,0,7,train
S083,12,12,-1,Rest,7,0,7,0,0,7,train
S083,12,13,0,Left,7,0,7,0,0,7,train
S083,12,14,-1,Rest,7,7,0,0,0,0,train
S083,12,15,1,Right,7,5,2,0,0,2,train
S083,12,16,-1,Rest,7,3,4,0,0,4,train
S083,12,17,1,Right,7,0,7,0,0,7,train
S083,12,18,-1,Rest,7,0,7,0,0,7,train
S083,12,19,0,Left,7,7,0,0,0,0,train
S083,12,20,-1,Rest,7,0,7,0,0,7,train
S083,12,21,0,Left,7,5,2,0,0,2,train
S083,12,22,-1,Rest,7,7,0,0,0,0,train
S083,12,23,1,Right,7,3,4,0,0,4,train
S083,12,24,-1,Rest,7,2,5,0,0,5,train
S083,12,25,0,Left,7,7,0,0,0,0,train
S083,12,26,-1,Rest,7,0,7,0,0,7,train
S083,12,27,1,Right,7,1,6,0,0,6,train
S083,12,28,-1,Rest,7,0,7,0,0,7,train
S083,12,29,1,Right,7,0,7,0,0,7,train
S084,04,0,-1,Rest,7,7,0,0,0,0,train
S084,04,1,1,Right,7,7,0,0,0,0,train
S084,04,2,-1,Rest,7,7,0,0,0,0,train
S084,04,3,0,Left,7,7,0,0,0,0,train
S084,04,4,-1,Rest,7,7,0,0,0,0,train
S084,04,5,1,Right,7,7,0,0,0,0,train
S084,04,6,-1,Rest,7,7,0,0,0,0,train
S084,04,7,0,Left,7,7,0,0,0,0,train
S084,04,8,-1,Rest,7,7,0,0,0,0,train
S084,04,9,0,Left,7,7,0,0,0,0,train
S084,04,10,-1,Rest,7,6,1,0,0,1,train
S084,04,11,1,Right,7,5,2,0,0,2,train
S084,04,12,-1,Rest,7,7,0,0,0,0,train
S084,04,13,0,Left,7,7,0,0,0,0,train
S084,04,14,-1,Rest,7,7,0,0,0,0,train
S084,04,15,1,Right,7,7,0,0,0,0,train
S084,04,16,-1,Rest,7,3,4,0,0,4,train
S084,04,17,0,Left,7,7,0,0,0,0,train
S084,04,18,-1,Rest,7,7,0,0,0,0,train
S084,04,19,1,Right,7,7,0,0,0,0,train
S084,04,20,-1,Rest,7,7,0,0,0,0,train
S084,04,21,0,Left,7,7,0,0,0,0,train
S084,04,22,-1,Rest,7,0,7,0,0,7,train
S084,04,23,1,Right,7,5,2,0,0,2,train
S084,04,24,-1,Rest,7,7,0,0,0,0,train
S084,04,25,0,Left,7,7,0,0,0,0,train
S084,04,26,-1,Rest,7,7,0,0,0,0,train
S084,04,27,1,Right,7,7,0,0,0,0,train
S084,04,28,-1,Rest,7,7,0,0,0,0,train
S084,04,29,0,Left,7,7,0,0,0,0,train
S084,08,0,-1,Rest,7,7,0,0,0,0,train
S084,08,1,0,Left,7,7,0,0,0,0,train
S084,08,2,-1,Rest,7,7,0,0,0,0,train
S084,08,3,1,Right,7,7,0,0,0,0,train
S084,08,4,-1,Rest,7,7,0,0,0,0,train
S084,08,5,1,Right,7,7,0,0,0,0,train
S084,08,6,-1,Rest,7,7,0,0,0,0,train
S084,08,7,0,Left,7,2,5,0,0,5,train
S084,08,8,-1,Rest,7,7,0,0,0,0,train
S084,08,9,0,Left,7,7,0,0,0,0,train
S084,08,10,-1,Rest,7,7,0,0,0,0,train
S084,08,11,1,Right,7,7,0,0,0,0,train
S084,08,12,-1,Rest,7,7,0,0,0,0,train
S084,08,13,1,Right,7,7,0,0,0,0,train
S084,08,14,-1,Rest,7,7,0,0,0,0,train
S084,08,15,0,Left,7,7,0,0,0,0,train
S084,08,16,-1,Rest,7,6,1,0,0,1,train
S084,08,17,0,Left,7,7,0,0,0,0,train
S084,08,18,-1,Rest,7,7,0,0,0,0,train
S084,08,19,1,Right,7,7,0,0,0,0,train
S084,08,20,-1,Rest,7,7,0,0,0,0,train
S084,08,21,1,Right,7,7,0,0,0,0,train
S084,08,22,-1,Rest,7,7,0,0,0,0,train
S084,08,23,0,Left,7,7,0,0,0,0,train
S084,08,24,-1,Rest,7,7,0,0,0,0,train
S084,08,25,1,Right,7,1,6,0,0,6,train
S084,08,26,-1,Rest,7,0,7,0,0,7,train
S084,08,27,0,Left,7,7,0,0,0,0,train
S084,08,28,-1,Rest,7,7,0,0,0,0,train
S084,08,29,0,Left,7,0,7,0,0,7,train
S084,12,0,-1,Rest,7,7,0,0,0,0,train
S084,12,1,1,Right,7,0,7,0,0,7,train
S084,12,2,-1,Rest,7,7,0,0,0,0,train
S084,12,3,0,Left,7,7,0,0,0,0,train
S084,12,4,-1,Rest,7,4,3,0,0,3,train
S084,12,5,0,Left,7,7,0,0,0,0,train
S084,12,6,-1,Rest,7,7,0,0,0,0,train
S084,12,7,1,Right,7,7,0,0,0,0,train
S084,12,8,-1,Rest,7,5,2,0,0,2,train
S084,12,9,1,Right,7,7,0,0,0,0,train
S084,12,10,-1,Rest,7,7,0,0,0,0,train
S084,12,11,0,Left,7,7,0,0,0,0,train
S084,12,12,-1,Rest,7,7,0,0,0,0,train
S084,12,13,1,Right,7,7,0,0,0,0,train
S084,12,14,-1,Rest,7,3,4,0,0,4,train
S084,12,15,0,Left,7,7,0,0,0,0,train
S084,12,16,-1,Rest,7,7,0,0,0,0,train
S084,12,17,0,Left,7,7,0,0,0,0,train
S084,12,18,-1,Rest,7,7,0,0,0,0,train
S084,12,19,1,Right,7,4,3,0,0,3,train
S084,12,20,-1,Rest,7,3,4,0,0,4,train
S084,12,21,0,Left,7,6,1,0,0,1,train
S084,12,22,-1,Rest,7,2,5,0,0,5,train
S084,12,23,1,Right,7,0,7,0,0,7,train
S084,12,24,-1,Rest,7,7,0,0,0,0,train
S084,12,25,0,Left,7,7,0,0,0,0,train
S084,12,26,-1,Rest,7,7,0,0,0,0,train
S084,12,27,1,Right,7,7,0,0,0,0,train
S084,12,28,-1,Rest,7,0,7,0,0,7,train
S084,12,29,1,Right,7,6,1,0,0,1,train
S086,04,0,-1,Rest,7,7,0,0,0,0,train
S086,04,1,0,Left,7,0,7,0,0,7,train
S086,04,2,-1,Rest,7,7,0,0,0,0,train
S086,04,3,1,Right,7,7,0,0,0,0,train
S086,04,4,-1,Rest,7,7,0,0,0,0,train
S086,04,5,0,Left,7,7,0,0,0,0,train
S086,04,6,-1,Rest,7,7,0,0,0,0,train
S086,04,7,1,Right,7,7,0,0,0,0,train
S086,04,8,-1,Rest,7,7,0,0,0,0,train
S086,04,9,0,Left,7,7,0,0,0,0,train
S086,04,10,-1,Rest,7,7,0,0,0,0,train
S086,04,11,1,Right,7,4,3,0,0,3,train
S086,04,12,-1,Rest,7,7,0,0,0,0,train
S086,04,13,0,Left,7,7,0,0,0,0,train
S086,04,14,-1,Rest,7,7,0,0,0,0,train
S086,04,15,1,Right,7,7,0,0,0,0,train
S086,04,16,-1,Rest,7,7,0,0,0,0,train
S086,04,17,1,Right,7,4,3,0,0,3,train
S086,04,18,-1,Rest,7,6,1,0,0,1,train
S086,04,19,0,Left,7,3,4,0,0,4,train
S086,04,20,-1,Rest,7,7,0,0,0,0,train
S086,04,21,1,Right,7,1,6,0,0,6,train
S086,04,22,-1,Rest,7,6,1,0,0,1,train
S086,04,23,0,Left,7,7,0,0,0,0,train
S086,04,24,-1,Rest,7,7,0,0,0,0,train
S086,04,25,1,Right,7,4,3,0,0,3,train
S086,04,26,-1,Rest,7,7,0,0,0,0,train
S086,04,27,0,Left,7,3,4,0,0,4,train
S086,04,28,-1,Rest,7,7,0,0,0,0,train
S086,04,29,0,Left,7,7,0,0,0,0,train
S086,08,0,-1,Rest,7,7,0,0,0,0,train
S086,08,1,0,Left,7,7,0,0,0,0,train
S086,08,2,-1,Rest,7,6,1,0,0,1,train
S086,08,3,1,Right,7,7,0,0,0,0,train
S086,08,4,-1,Rest,7,2,5,0,0,5,train
S086,08,5,0,Left,7,0,7,0,0,7,train
S086,08,6,-1,Rest,7,5,2,0,0,2,train
S086,08,7,1,Right,7,5,2,0,0,2,train
S086,08,8,-1,Rest,7,7,0,0,0,0,train
S086,08,9,1,Right,7,7,0,0,0,0,train
S086,08,10,-1,Rest,7,7,0,0,0,0,train
S086,08,11,0,Left,7,7,0,0,0,0,train
S086,08,12,-1,Rest,7,2,5,0,0,5,train
S086,08,13,0,Left,7,7,0,0,0,0,train
S086,08,14,-1,Rest,7,7,0,0,0,0,train
S086,08,15,1,Right,7,7,0,0,0,0,train
S086,08,16,-1,Rest,7,7,0,0,0,0,train
S086,08,17,0,Left,7,0,7,0,0,7,train
S086,08,18,-1,Rest,7,7,0,0,0,0,train
S086,08,19,1,Right,7,2,5,0,0,5,train
S086,08,20,-1,Rest,7,7,0,0,0,0,train
S086,08,21,0,Left,7,7,0,0,0,0,train
S086,08,22,-1,Rest,7,7,0,0,0,0,train
S086,08,23,1,Right,7,7,0,0,0,0,train
S086,08,24,-1,Rest,7,7,0,0,0,0,train
S086,08,25,1,Right,7,0,7,0,0,7,train
S086,08,26,-1,Rest,7,7,0,0,0,0,train
S086,08,27,0,Left,7,0,7,0,0,7,train
S086,08,28,-1,Rest,7,7,0,0,0,0,train
S086,08,29,1,Right,7,7,0,0,0,0,train
S086,12,0,-1,Rest,7,7,0,0,0,0,train
S086,12,1,1,Right,7,7,0,0,0,0,train
S086,12,2,-1,Rest,7,7,0,0,0,0,train
S086,12,3,0,Left,7,7,0,0,0,0,train
S086,12,4,-1,Rest,7,7,0,0,0,0,train
S086,12,5,0,Left,7,7,0,0,0,0,train
S086,12,6,-1,Rest,7,7,0,0,0,0,train
S086,12,7,1,Right,7,7,0,0,0,0,train
S086,12,8,-1,Rest,7,7,0,0,0,0,train
S086,12,9,1,Right,7,7,0,0,0,0,train
S086,12,10,-1,Rest,7,7,0,0,0,0,train
S086,12,11,0,Left,7,7,0,0,0,0,train
S086,12,12,-1,Rest,7,7,0,0,0,0,train
S086,12,13,0,Left,7,7,0,0,0,0,train
S086,12,14,-1,Rest,7,7,0,0,0,0,train
S086,12,15,1,Right,7,7,0,0,0,0,train
S086,12,16,-1,Rest,7,7,0,0,0,0,train
S086,12,17,1,Right,7,7,0,0,0,0,train
S086,12,18,-1,Rest,7,7,0,0,0,0,train
S086,12,19,0,Left,7,7,0,0,0,0,train
S086,12,20,-1,Rest,7,7,0,0,0,0,train
S086,12,21,1,Right,7,7,0,0,0,0,train
S086,12,22,-1,Rest,7,7,0,0,0,0,train
S086,12,23,0,Left,7,7,0,0,0,0,train
S086,12,24,-1,Rest,7,7,0,0,0,0,train
S086,12,25,0,Left,7,7,0,0,0,0,train
S086,12,26,-1,Rest,7,7,0,0,0,0,train
S086,12,27,1,Right,7,7,0,0,0,0,train
S086,12,28,-1,Rest,7,7,0,0,0,0,train
S086,12,29,1,Right,7,7,0,0,0,0,train
S087,04,0,-1,Rest,7,7,0,0,0,0,train
S087,04,1,1,Right,7,7,0,0,0,0,train
S087,04,2,-1,Rest,7,7,0,0,0,0,train
S087,04,3,0,Left,7,7,0,0,0,0,train
S087,04,4,-1,Rest,7,7,0,0,0,0,train
S087,04,5,0,Left,7,7,0,0,0,0,train
S087,04,6,-1,Rest,7,7,0,0,0,0,train
S087,04,7,1,Right,7,0,7,0,0,7,train
S087,04,8,-1,Rest,7,0,7,0,0,7,train
S087,04,9,0,Left,7,7,0,0,0,0,train
S087,04,10,-1,Rest,7,4,3,0,0,3,train
S087,04,11,1,Right,7,7,0,0,0,0,train
S087,04,12,-1,Rest,7,7,0,0,0,0,train
S087,04,13,0,Left,7,7,0,0,0,0,train
S087,04,14,-1,Rest,7,3,4,0,0,4,train
S087,04,15,1,Right,7,1,6,0,0,6,train
S087,04,16,-1,Rest,7,4,3,0,0,3,train
S087,04,17,0,Left,7,3,4,0,0,4,train
S087,04,18,-1,Rest,7,7,0,0,0,0,train
S087,04,19,1,Right,7,7,0,0,0,0,train
S087,04,20,-1,Rest,7,7,0,0,0,0,train
S087,04,21,0,Left,7,7,0,0,0,0,train
S087,04,22,-1,Rest,7,3,4,0,0,4,train
S087,04,23,1,Right,7,7,0,0,0,0,train
S087,04,24,-1,Rest,7,7,0,0,0,0,train
S087,04,25,0,Left,7,7,0,0,0,0,train
S087,04,26,-1,Rest,7,1,6,0,0,6,train
S087,04,27,1,Right,7,7,0,0,0,0,train
S087,04,28,-1,Rest,7,7,0,0,0,0,train
S087,04,29,0,Left,7,7,0,0,0,0,train
S087,08,0,-1,Rest,7,7,0,0,0,0,train
S087,08,1,1,Right,7,7,0,0,0,0,train
S087,08,2,-1,Rest,7,0,7,0,0,7,train
S087,08,3,0,Left,7,7,0,0,0,0,train
S087,08,4,-1,Rest,7,7,0,0,0,0,train
S087,08,5,0,Left,7,7,0,0,0,0,train
S087,08,6,-1,Rest,7,7,0,0,0,0,train
S087,08,7,1,Right,7,5,2,0,0,2,train
S087,08,8,-1,Rest,7,7,0,0,0,0,train
S087,08,9,0,Left,7,1,6,0,0,6,train
S087,08,10,-1,Rest,7,6,1,0,0,1,train
S087,08,11,1,Right,7,7,0,0,0,0,train
S087,08,12,-1,Rest,7,0,7,0,0,7,train
S087,08,13,1,Right,7,3,4,0,0,4,train
S087,08,14,-1,Rest,7,7,0,0,0,0,train
S087,08,15,0,Left,7,7,0,0,0,0,train
S087,08,16,-1,Rest,7,7,0,0,0,0,train
S087,08,17,0,Left,7,3,4,0,0,4,train
S087,08,18,-1,Rest,7,7,0,0,0,0,train
S087,08,19,1,Right,7,4,3,0,0,3,train
S087,08,20,-1,Rest,7,4,3,0,0,3,train
S087,08,21,1,Right,7,7,0,0,0,0,train
S087,08,22,-1,Rest,7,7,0,0,0,0,train
S087,08,23,0,Left,7,1,6,0,0,6,train
S087,08,24,-1,Rest,7,6,1,0,0,1,train
S087,08,25,0,Left,7,7,0,0,0,0,train
S087,08,26,-1,Rest,7,7,0,0,0,0,train
S087,08,27,1,Right,7,3,4,0,0,4,train
S087,08,28,-1,Rest,7,7,0,0,0,0,train
S087,08,29,1,Right,7,2,5,0,0,5,train
S087,12,0,-1,Rest,7,7,0,0,0,0,train
S087,12,1,1,Right,7,7,0,0,0,0,train
S087,12,2,-1,Rest,7,3,4,0,0,4,train
S087,12,3,0,Left,7,7,0,0,0,0,train
S087,12,4,-1,Rest,7,7,0,0,0,0,train
S087,12,5,1,Right,7,7,0,0,0,0,train
S087,12,6,-1,Rest,7,6,1,0,0,1,train
S087,12,7,0,Left,7,0,7,0,0,7,train
S087,12,8,-1,Rest,7,0,7,0,0,7,train
S087,12,9,0,Left,7,7,0,0,0,0,train
S087,12,10,-1,Rest,7,5,2,0,0,2,train
S087,12,11,1,Right,7,2,5,0,0,5,train
S087,12,12,-1,Rest,7,6,1,0,0,1,train
S087,12,13,0,Left,7,7,0,0,0,0,train
S087,12,14,-1,Rest,7,3,4,0,0,4,train
S087,12,15,1,Right,7,7,0,0,0,0,train
S087,12,16,-1,Rest,7,7,0,0,0,0,train
S087,12,17,1,Right,7,7,0,0,0,0,train
S087,12,18,-1,Rest,7,1,6,0,0,6,train
S087,12,19,0,Left,7,7,0,0,0,0,train
S087,12,20,-1,Rest,7,7,0,0,0,0,train
S087,12,21,1,Right,7,4,3,0,0,3,train
S087,12,22,-1,Rest,7,7,0,0,0,0,train
S087,12,23,0,Left,7,1,6,0,0,6,train
S087,12,24,-1,Rest,7,0,7,0,0,7,train
S087,12,25,1,Right,7,0,7,0,0,7,train
S087,12,26,-1,Rest,7,3,4,0,0,4,train
S087,12,27,0,Left,7,0,7,0,0,7,train
S087,12,28,-1,Rest,7,0,7,0,0,7,train
S087,12,29,1,Right,7,1,6,0,0,6,train
S091,04,0,-1,Rest,7,7,0,0,0,0,train
S091,04,1,0,Left,7,2,5,0,0,5,train
S091,04,2,-1,Rest,7,6,1,0,0,1,train
S091,04,3,1,Right,7,4,3,0,0,3,train
S091,04,4,-1,Rest,7,7,0,0,0,0,train
S091,04,5,0,Left,7,7,0,0,0,0,train
S091,04,6,-1,Rest,7,7,0,0,0,0,train
S091,04,7,1,Right,7,0,7,0,0,7,train
S091,04,8,-1,Rest,7,7,0,0,0,0,train
S091,04,9,1,Right,7,7,0,0,0,0,train
S091,04,10,-1,Rest,7,2,5,0,0,5,train
S091,04,11,0,Left,7,7,0,0,0,0,train
S091,04,12,-1,Rest,7,3,4,0,0,4,train
S091,04,13,1,Right,7,7,0,0,0,0,train
S091,04,14,-1,Rest,7,6,1,0,0,1,train
S091,04,15,0,Left,7,7,0,0,0,0,train
S091,04,16,-1,Rest,7,3,4,0,0,4,train
S091,04,17,0,Left,7,0,7,0,0,7,train
S091,04,18,-1,Rest,7,3,4,0,0,4,train
S091,04,19,1,Right,7,7,0,0,0,0,train
S091,04,20,-1,Rest,7,1,6,0,0,6,train
S091,04,21,0,Left,7,7,0,0,0,0,train
S091,04,22,-1,Rest,7,5,2,0,0,2,train
S091,04,23,1,Right,7,3,4,0,0,4,train
S091,04,24,-1,Rest,7,7,0,0,0,0,train
S091,04,25,1,Right,7,3,4,0,0,4,train
S091,04,26,-1,Rest,7,0,7,0,0,7,train
S091,04,27,0,Left,7,2,5,0,0,5,train
S091,04,28,-1,Rest,7,0,7,0,0,7,train
S091,04,29,0,Left,7,7,0,0,0,0,train
S091,08,0,-1,Rest,7,3,4,0,0,4,train
S091,08,1,0,Left,7,7,0,0,0,0,train
S091,08,2,-1,Rest,7,7,0,0,0,0,train
S091,08,3,1,Right,7,7,0,0,0,0,train
S091,08,4,-1,Rest,7,7,0,0,0,0,train
S091,08,5,1,Right,7,7,0,0,0,0,train
S091,08,6,-1,Rest,7,0,7,0,0,7,train
S091,08,7,0,Left,7,7,0,0,0,0,train
S091,08,8,-1,Rest,7,4,3,0,0,3,train
S091,08,9,0,Left,7,0,7,0,0,7,train
S091,08,10,-1,Rest,7,7,0,0,0,0,train
S091,08,11,1,Right,7,4,3,0,0,3,train
S091,08,12,-1,Rest,7,0,7,0,0,7,train
S091,08,13,1,Right,7,0,7,0,0,7,train
S091,08,14,-1,Rest,7,0,7,0,0,7,train
S091,08,15,0,Left,7,4,3,0,0,3,train
S091,08,16,-1,Rest,7,0,7,0,0,7,train
S091,08,17,0,Left,7,3,4,0,0,4,train
S091,08,18,-1,Rest,7,0,7,0,0,7,train
S091,08,19,1,Right,7,1,6,0,0,6,train
S091,08,20,-1,Rest,7,7,0,0,0,0,train
S091,08,21,1,Right,7,7,0,0,0,0,train
S091,08,22,-1,Rest,7,3,4,0,0,4,train
S091,08,23,0,Left,7,0,7,0,0,7,train
S091,08,24,-1,Rest,7,4,3,0,0,3,train
S091,08,25,1,Right,7,1,6,0,0,6,train
S091,08,26,-1,Rest,7,0,7,0,0,7,train
S091,08,27,0,Left,7,7,0,0,0,0,train
S091,08,28,-1,Rest,7,1,6,0,0,6,train
S091,08,29,1,Right,7,0,7,0,0,7,train
S091,12,0,-1,Rest,7,0,7,0,0,7,train
S091,12,1,1,Right,7,0,7,0,0,7,train
S091,12,2,-1,Rest,7,7,0,0,0,0,train
S091,12,3,0,Left,7,7,0,0,0,0,train
S091,12,4,-1,Rest,7,7,0,0,0,0,train
S091,12,5,1,Right,7,2,5,0,0,5,train
S091,12,6,-1,Rest,7,7,0,0,0,0,train
S091,12,7,0,Left,7,4,3,0,0,3,train
S091,12,8,-1,Rest,7,0,7,0,0,7,train
S091,12,9,0,Left,7,2,5,0,0,5,train
S091,12,10,-1,Rest,7,7,0,0,0,0,train
S091,12,11,1,Right,7,4,3,0,0,3,train
S091,12,12,-1,Rest,7,3,4,0,0,4,train
S091,12,13,1,Right,7,5,2,0,0,2,train
S091,12,14,-1,Rest,7,0,7,0,0,7,train
S091,12,15,0,Left,7,0,7,0,0,7,train
S091,12,16,-1,Rest,7,6,1,0,0,1,train
S091,12,17,0,Left,7,7,0,0,0,0,train
S091,12,18,-1,Rest,7,0,7,0,0,7,train
S091,12,19,1,Right,7,1,6,0,0,6,train
S091,12,20,-1,Rest,7,0,7,0,0,7,train
S091,12,21,0,Left,7,7,0,0,0,0,train
S091,12,22,-1,Rest,7,4,3,0,0,3,train
S091,12,23,1,Right,7,7,0,0,0,0,train
S091,12,24,-1,Rest,7,0,7,0,0,7,train
S091,12,25,1,Right,7,0,7,0,0,7,train
S091,12,26,-1,Rest,7,0,7,0,0,7,train
S091,12,27,0,Left,7,0,7,0,0,7,train
S091,12,28,-1,Rest,7,4,3,0,0,3,train
S091,12,29,1,Right,7,7,0,0,0,0,train
S093,04,0,-1,Rest,7,7,0,0,0,0,train
S093,04,1,1,Right,7,7,0,0,0,0,train
S093,04,2,-1,Rest,7,7,0,0,0,0,train
S093,04,3,0,Left,7,7,0,0,0,0,train
S093,04,4,-1,Rest,7,7,0,0,0,0,train
S093,04,5,1,Right,7,7,0,0,0,0,train
S093,04,6,-1,Rest,7,7,0,0,0,0,train
S093,04,7,0,Left,7,7,0,0,0,0,train
S093,04,8,-1,Rest,7,7,0,0,0,0,train
S093,04,9,1,Right,7,7,0,0,0,0,train
S093,04,10,-1,Rest,7,7,0,0,0,0,train
S093,04,11,0,Left,7,7,0,0,0,0,train
S093,04,12,-1,Rest,7,7,0,0,0,0,train
S093,04,13,0,Left,7,7,0,0,0,0,train
S093,04,14,-1,Rest,7,7,0,0,0,0,train
S093,04,15,1,Right,7,7,0,0,0,0,train
S093,04,16,-1,Rest,7,7,0,0,0,0,train
S093,04,17,1,Right,7,7,0,0,0,0,train
S093,04,18,-1,Rest,7,7,0,0,0,0,train
S093,04,19,0,Left,7,7,0,0,0,0,train
S093,04,20,-1,Rest,7,7,0,0,0,0,train
S093,04,21,1,Right,7,7,0,0,0,0,train
S093,04,22,-1,Rest,7,7,0,0,0,0,train
S093,04,23,0,Left,7,7,0,0,0,0,train
S093,04,24,-1,Rest,7,7,0,0,0,0,train
S093,04,25,1,Right,7,7,0,0,0,0,train
S093,04,26,-1,Rest,7,7,0,0,0,0,train
S093,04,27,0,Left,7,7,0,0,0,0,train
S093,04,28,-1,Rest,7,7,0,0,0,0,train
S093,04,29,0,Left,7,7,0,0,0,0,train
S093,08,0,-1,Rest,7,7,0,0,0,0,train
S093,08,1,0,Left,7,7,0,0,0,0,train
S093,08,2,-1,Rest,7,7,0,0,0,0,train
S093,08,3,1,Right,7,7,0,0,0,0,train
S093,08,4,-1,Rest,7,7,0,0,0,0,train
S093,08,5,1,Right,7,7,0,0,0,0,train
S093,08,6,-1,Rest,7,7,0,0,0,0,train
S093,08,7,0,Left,7,7,0,0,0,0,train
S093,08,8,-1,Rest,7,7,0,0,0,0,train
S093,08,9,0,Left,7,7,0,0,0,0,train
S093,08,10,-1,Rest,7,7,0,0,0,0,train
S093,08,11,1,Right,7,7,0,0,0,0,train
S093,08,12,-1,Rest,7,7,0,0,0,0,train
S093,08,13,0,Left,7,7,0,0,0,0,train
S093,08,14,-1,Rest,7,7,0,0,0,0,train
S093,08,15,1,Right,7,7,0,0,0,0,train
S093,08,16,-1,Rest,7,7,0,0,0,0,train
S093,08,17,1,Right,7,7,0,0,0,0,train
S093,08,18,-1,Rest,7,7,0,0,0,0,train
S093,08,19,0,Left,7,7,0,0,0,0,train
S093,08,20,-1,Rest,7,7,0,0,0,0,train
S093,08,21,1,Right,7,7,0,0,0,0,train
S093,08,22,-1,Rest,7,7,0,0,0,0,train
S093,08,23,0,Left,7,7,0,0,0,0,train
S093,08,24,-1,Rest,7,7,0,0,0,0,train
S093,08,25,0,Left,7,7,0,0,0,0,train
S093,08,26,-1,Rest,7,7,0,0,0,0,train
S093,08,27,1,Right,7,7,0,0,0,0,train
S093,08,28,-1,Rest,7,7,0,0,0,0,train
S093,08,29,0,Left,7,7,0,0,0,0,train
S093,12,0,-1,Rest,7,7,0,0,0,0,train
S093,12,1,0,Left,7,7,0,0,0,0,train
S093,12,2,-1,Rest,7,7,0,0,0,0,train
S093,12,3,1,Right,7,7,0,0,0,0,train
S093,12,4,-1,Rest,7,7,0,0,0,0,train
S093,12,5,0,Left,7,7,0,0,0,0,train
S093,12,6,-1,Rest,7,7,0,0,0,0,train
S093,12,7,1,Right,7,7,0,0,0,0,train
S093,12,8,-1,Rest,7,7,0,0,0,0,train
S093,12,9,1,Right,7,7,0,0,0,0,train
S093,12,10,-1,Rest,7,7,0,0,0,0,train
S093,12,11,0,Left,7,7,0,0,0,0,train
S093,12,12,-1,Rest,7,7,0,0,0,0,train
S093,12,13,1,Right,7,7,0,0,0,0,train
S093,12,14,-1,Rest,7,7,0,0,0,0,train
S093,12,15,0,Left,7,7,0,0,0,0,train
S093,12,16,-1,Rest,7,7,0,0,0,0,train
S093,12,17,1,Right,7,7,0,0,0,0,train
S093,12,18,-1,Rest,7,7,0,0,0,0,train
S093,12,19,0,Left,7,7,0,0,0,0,train
S093,12,20,-1,Rest,7,7,0,0,0,0,train
S093,12,21,0,Left,7,7,0,0,0,0,train
S093,12,22,-1,Rest,7,7,0,0,0,0,train
S093,12,23,1,Right,7,7,0,0,0,0,train
S093,12,24,-1,Rest,7,7,0,0,0,0,train
S093,12,25,1,Right,7,7,0,0,0,0,train
S093,12,26,-1,Rest,7,7,0,0,0,0,train
S093,12,27,0,Left,7,7,0,0,0,0,train
S093,12,28,-1,Rest,7,7,0,0,0,0,train
S093,12,29,1,Right,7,7,0,0,0,0,train
S095,04,0,-1,Rest,7,2,5,0,0,5,train
S095,04,1,0,Left,7,0,7,0,0,7,train
S095,04,2,-1,Rest,7,7,0,0,0,0,train
S095,04,3,1,Right,7,0,7,0,0,7,train
S095,04,4,-1,Rest,7,0,7,0,0,7,train
S095,04,5,1,Right,7,7,0,0,0,0,train
S095,04,6,-1,Rest,7,2,5,0,0,5,train
S095,04,7,0,Left,7,7,0,0,0,0,train
S095,04,8,-1,Rest,7,2,5,0,0,5,train
S095,04,9,0,Left,7,1,6,0,0,6,train
S095,04,10,-1,Rest,7,0,7,0,0,7,train
S095,04,11,1,Right,7,7,0,0,0,0,train
S095,04,12,-1,Rest,7,2,5,0,0,5,train
S095,04,13,0,Left,7,7,0,0,0,0,train
S095,04,14,-1,Rest,7,2,5,0,0,5,train
S095,04,15,1,Right,7,4,3,0,0,3,train
S095,04,16,-1,Rest,7,7,0,0,0,0,train
S095,04,17,0,Left,7,7,0,0,0,0,train
S095,04,18,-1,Rest,7,2,5,0,0,5,train
S095,04,19,1,Right,7,7,0,0,0,0,train
S095,04,20,-1,Rest,7,0,7,0,0,7,train
S095,04,21,1,Right,7,6,1,0,0,1,train
S095,04,22,-1,Rest,7,1,6,0,0,6,train
S095,04,23,0,Left,7,5,2,0,0,2,train
S095,04,24,-1,Rest,7,7,0,0,0,0,train
S095,04,25,0,Left,7,0,7,0,0,7,train
S095,04,26,-1,Rest,7,2,5,0,0,5,train
S095,04,27,1,Right,7,3,4,0,0,4,train
S095,04,28,-1,Rest,7,1,6,0,0,6,train
S095,04,29,1,Right,7,0,7,0,0,7,train
S095,08,0,-1,Rest,7,2,5,0,0,5,train
S095,08,1,1,Right,7,0,7,0,0,7,train
S095,08,2,-1,Rest,7,2,5,0,0,5,train
S095,08,3,0,Left,7,7,0,0,0,0,train
S095,08,4,-1,Rest,7,1,6,0,0,6,train
S095,08,5,1,Right,7,0,7,0,0,7,train
S095,08,6,-1,Rest,7,7,0,0,0,0,train
S095,08,7,0,Left,7,7,0,0,0,0,train
S095,08,8,-1,Rest,7,2,5,0,0,5,train
S095,08,9,0,Left,7,3,4,0,0,4,train
S095,08,10,-1,Rest,7,0,7,0,0,7,train
S095,08,11,1,Right,7,4,3,0,0,3,train
S095,08,12,-1,Rest,7,0,7,0,0,7,train
S095,08,13,1,Right,7,4,3,0,0,3,train
S095,08,14,-1,Rest,7,6,1,0,0,1,train
S095,08,15,0,Left,7,0,7,0,0,7,train
S095,08,16,-1,Rest,7,0,7,0,0,7,train
S095,08,17,0,Left,7,0,7,0,0,7,train
S095,08,18,-1,Rest,7,0,7,0,0,7,train
S095,08,19,1,Right,7,0,7,0,0,7,train
S095,08,20,-1,Rest,7,0,7,0,0,7,train
S095,08,21,0,Left,7,0,7,0,0,7,train
S095,08,22,-1,Rest,7,4,3,0,0,3,train
S095,08,23,1,Right,7,2,5,0,0,5,train
S095,08,24,-1,Rest,7,5,2,0,0,2,train
S095,08,25,0,Left,7,3,4,0,0,4,train
S095,08,26,-1,Rest,7,7,0,0,0,0,train
S095,08,27,1,Right,7,1,6,0,0,6,train
S095,08,28,-1,Rest,7,0,7,0,0,7,train
S095,08,29,0,Left,7,0,7,0,0,7,train
S095,12,0,-1,Rest,7,0,7,0,0,7,train
S095,12,1,0,Left,7,0,7,0,0,7,train
S095,12,2,-1,Rest,7,0,7,0,0,7,train
S095,12,3,1,Right,7,0,7,0,0,7,train
S095,12,4,-1,Rest,7,0,7,0,0,7,train
S095,12,5,1,Right,7,0,7,0,0,7,train
S095,12,6,-1,Rest,7,0,7,0,0,7,train
S095,12,7,0,Left,7,0,7,0,0,7,train
S095,12,8,-1,Rest,7,1,6,0,0,6,train
S095,12,9,0,Left,7,3,4,0,0,4,train
S095,12,10,-1,Rest,7,0,7,0,0,7,train
S095,12,11,1,Right,7,0,7,0,0,7,train
S095,12,12,-1,Rest,7,7,0,0,0,0,train
S095,12,13,1,Right,7,7,0,0,0,0,train
S095,12,14,-1,Rest,7,1,6,0,0,6,train
S095,12,15,0,Left,7,1,6,0,0,6,train
S095,12,16,-1,Rest,7,0,7,0,0,7,train
S095,12,17,0,Left,7,3,4,0,0,4,train
S095,12,18,-1,Rest,7,2,5,0,0,5,train
S095,12,19,1,Right,7,1,6,0,0,6,train
S095,12,20,-1,Rest,7,0,7,0,0,7,train
S095,12,21,0,Left,7,0,7,0,0,7,train
S095,12,22,-1,Rest,7,1,6,0,0,6,train
S095,12,23,1,Right,7,0,7,0,0,7,train
S095,12,24,-1,Rest,7,7,0,0,0,0,train
S095,12,25,1,Right,7,3,4,0,0,4,train
S095,12,26,-1,Rest,7,7,0,0,0,0,train
S095,12,27,0,Left,7,7,0,0,0,0,train
S095,12,28,-1,Rest,7,0,7,0,0,7,train
S095,12,29,0,Left,7,1,6,0,0,6,train
S097,04,0,-1,Rest,7,7,0,0,0,0,train
S097,04,1,0,Left,7,2,5,0,0,5,train
S097,04,2,-1,Rest,7,7,0,0,0,0,train
S097,04,3,1,Right,7,7,0,0,0,0,train
S097,04,4,-1,Rest,7,7,0,0,0,0,train
S097,04,5,1,Right,7,7,0,0,0,0,train
S097,04,6,-1,Rest,7,7,0,0,0,0,train
S097,04,7,0,Left,7,7,0,0,0,0,train
S097,04,8,-1,Rest,7,7,0,0,0,0,train
S097,04,9,0,Left,7,7,0,0,0,0,train
S097,04,10,-1,Rest,7,7,0,0,0,0,train
S097,04,11,1,Right,7,7,0,0,0,0,train
S097,04,12,-1,Rest,7,7,0,0,0,0,train
S097,04,13,0,Left,7,7,0,0,0,0,train
S097,04,14,-1,Rest,7,7,0,0,0,0,train
S097,04,15,1,Right,7,2,5,0,0,5,train
S097,04,16,-1,Rest,7,7,0,0,0,0,train
S097,04,17,0,Left,7,7,0,0,0,0,train
S097,04,18,-1,Rest,7,7,0,0,0,0,train
S097,04,19,1,Right,7,7,0,0,0,0,train
S097,04,20,-1,Rest,7,7,0,0,0,0,train
S097,04,21,1,Right,7,7,0,0,0,0,train
S097,04,22,-1,Rest,7,7,0,0,0,0,train
S097,04,23,0,Left,7,7,0,0,0,0,train
S097,04,24,-1,Rest,7,7,0,0,0,0,train
S097,04,25,1,Right,7,7,0,0,0,0,train
S097,04,26,-1,Rest,7,7,0,0,0,0,train
S097,04,27,0,Left,7,7,0,0,0,0,train
S097,04,28,-1,Rest,7,7,0,0,0,0,train
S097,04,29,0,Left,7,7,0,0,0,0,train
S097,08,0,-1,Rest,7,6,1,0,0,1,train
S097,08,1,0,Left,7,7,0,0,0,0,train
S097,08,2,-1,Rest,7,7,0,0,0,0,train
S097,08,3,1,Right,7,7,0,0,0,0,train
S097,08,4,-1,Rest,7,7,0,0,0,0,train
S097,08,5,1,Right,7,7,0,0,0,0,train
S097,08,6,-1,Rest,7,7,0,0,0,0,train
S097,08,7,0,Left,7,7,0,0,0,0,train
S097,08,8,-1,Rest,7,7,0,0,0,0,train
S097,08,9,1,Right,7,7,0,0,0,0,train
S097,08,10,-1,Rest,7,7,0,0,0,0,train
S097,08,11,0,Left,7,7,0,0,0,0,train
S097,08,12,-1,Rest,7,7,0,0,0,0,train
S097,08,13,1,Right,7,7,0,0,0,0,train
S097,08,14,-1,Rest,7,7,0,0,0,0,train
S097,08,15,0,Left,7,6,1,0,0,1,train
S097,08,16,-1,Rest,7,7,0,0,0,0,train
S097,08,17,1,Right,7,7,0,0,0,0,train
S097,08,18,-1,Rest,7,5,2,0,0,2,train
S097,08,19,0,Left,7,7,0,0,0,0,train
S097,08,20,-1,Rest,7,7,0,0,0,0,train
S097,08,21,0,Left,7,7,0,0,0,0,train
S097,08,22,-1,Rest,7,1,6,0,0,6,train
S097,08,23,1,Right,7,7,0,0,0,0,train
S097,08,24,-1,Rest,7,7,0,0,0,0,train
S097,08,25,0,Left,7,7,0,0,0,0,train
S097,08,26,-1,Rest,7,7,0,0,0,0,train
S097,08,27,1,Right,7,7,0,0,0,0,train
S097,08,28,-1,Rest,7,7,0,0,0,0,train
S097,08,29,1,Right,7,7,0,0,0,0,train
S097,12,0,-1,Rest,7,7,0,0,0,0,train
S097,12,1,1,Right,7,7,0,0,0,0,train
S097,12,2,-1,Rest,7,7,0,0,0,0,train
S097,12,3,0,Left,7,7,0,0,0,0,train
S097,12,4,-1,Rest,7,7,0,0,0,0,train
S097,12,5,1,Right,7,7,0,0,0,0,train
S097,12,6,-1,Rest,7,7,0,0,0,0,train
S097,12,7,0,Left,7,7,0,0,0,0,train
S097,12,8,-1,Rest,7,7,0,0,0,0,train
S097,12,9,1,Right,7,7,0,0,0,0,train
S097,12,10,-1,Rest,7,7,0,0,0,0,train
S097,12,11,0,Left,7,7,0,0,0,0,train
S097,12,12,-1,Rest,7,7,0,0,0,0,train
S097,12,13,0,Left,7,7,0,0,0,0,train
S097,12,14,-1,Rest,7,7,0,0,0,0,train
S097,12,15,1,Right,7,5,2,0,0,2,train
S097,12,16,-1,Rest,7,7,0,0,0,0,train
S097,12,17,1,Right,7,4,3,0,0,3,train
S097,12,18,-1,Rest,7,7,0,0,0,0,train
S097,12,19,0,Left,7,7,0,0,0,0,train
S097,12,20,-1,Rest,7,7,0,0,0,0,train
S097,12,21,1,Right,7,7,0,0,0,0,train
S097,12,22,-1,Rest,7,7,0,0,0,0,train
S097,12,23,0,Left,7,7,0,0,0,0,train
S097,12,24,-1,Rest,7,5,2,0,0,2,train
S097,12,25,0,Left,7,7,0,0,0,0,train
S097,12,26,-1,Rest,7,7,0,0,0,0,train
S097,12,27,1,Right,7,7,0,0,0,0,train
S097,12,28,-1,Rest,7,7,0,0,0,0,train
S097,12,29,0,Left,7,7,0,0,0,0,train
S098,04,0,-1,Rest,7,7,0,0,0,0,train
S098,04,1,0,Left,7,7,0,0,0,0,train
S098,04,2,-1,Rest,7,7,0,0,0,0,train
S098,04,3,1,Right,7,7,0,0,0,0,train
S098,04,4,-1,Rest,7,7,0,0,0,0,train
S098,04,5,1,Right,7,7,0,0,0,0,train
S098,04,6,-1,Rest,7,7,0,0,0,0,train
S098,04,7,0,Left,7,7,0,0,0,0,train
S098,04,8,-1,Rest,7,7,0,0,0,0,train
S098,04,9,0,Left,7,7,0,0,0,0,train
S098,04,10,-1,Rest,7,7,0,0,0,0,train
S098,04,11,1,Right,7,7,0,0,0,0,train
S098,04,12,-1,Rest,7,7,0,0,0,0,train
S098,04,13,1,Right,7,7,0,0,0,0,train
S098,04,14,-1,Rest,7,7,0,0,0,0,train
S098,04,15,0,Left,7,7,0,0,0,0,train
S098,04,16,-1,Rest,7,7,0,0,0,0,train
S098,04,17,1,Right,7,7,0,0,0,0,train
S098,04,18,-1,Rest,7,7,0,0,0,0,train
S098,04,19,0,Left,7,7,0,0,0,0,train
S098,04,20,-1,Rest,7,7,0,0,0,0,train
S098,04,21,1,Right,7,7,0,0,0,0,train
S098,04,22,-1,Rest,7,7,0,0,0,0,train
S098,04,23,0,Left,7,7,0,0,0,0,train
S098,04,24,-1,Rest,7,7,0,0,0,0,train
S098,04,25,0,Left,7,7,0,0,0,0,train
S098,04,26,-1,Rest,7,7,0,0,0,0,train
S098,04,27,1,Right,7,7,0,0,0,0,train
S098,04,28,-1,Rest,7,7,0,0,0,0,train
S098,04,29,0,Left,7,7,0,0,0,0,train
S098,08,0,-1,Rest,7,7,0,0,0,0,train
S098,08,1,1,Right,7,7,0,0,0,0,train
S098,08,2,-1,Rest,7,7,0,0,0,0,train
S098,08,3,0,Left,7,7,0,0,0,0,train
S098,08,4,-1,Rest,7,7,0,0,0,0,train
S098,08,5,0,Left,7,7,0,0,0,0,train
S098,08,6,-1,Rest,7,7,0,0,0,0,train
S098,08,7,1,Right,7,7,0,0,0,0,train
S098,08,8,-1,Rest,7,7,0,0,0,0,train
S098,08,9,0,Left,7,7,0,0,0,0,train
S098,08,10,-1,Rest,7,7,0,0,0,0,train
S098,08,11,1,Right,7,7,0,0,0,0,train
S098,08,12,-1,Rest,7,7,0,0,0,0,train
S098,08,13,1,Right,7,7,0,0,0,0,train
S098,08,14,-1,Rest,7,7,0,0,0,0,train
S098,08,15,0,Left,7,7,0,0,0,0,train
S098,08,16,-1,Rest,7,7,0,0,0,0,train
S098,08,17,0,Left,7,7,0,0,0,0,train
S098,08,18,-1,Rest,7,7,0,0,0,0,train
S098,08,19,1,Right,7,7,0,0,0,0,train
S098,08,20,-1,Rest,7,7,0,0,0,0,train
S098,08,21,0,Left,7,7,0,0,0,0,train
S098,08,22,-1,Rest,7,7,0,0,0,0,train
S098,08,23,1,Right,7,7,0,0,0,0,train
S098,08,24,-1,Rest,7,7,0,0,0,0,train
S098,08,25,1,Right,7,7,0,0,0,0,train
S098,08,26,-1,Rest,7,7,0,0,0,0,train
S098,08,27,0,Left,7,7,0,0,0,0,train
S098,08,28,-1,Rest,7,7,0,0,0,0,train
S098,08,29,0,Left,7,7,0,0,0,0,train
S098,12,0,-1,Rest,7,7,0,0,0,0,train
S098,12,1,0,Left,7,7,0,0,0,0,train
S098,12,2,-1,Rest,7,7,0,0,0,0,train
S098,12,3,1,Right,7,7,0,0,0,0,train
S098,12,4,-1,Rest,7,7,0,0,0,0,train
S098,12,5,1,Right,7,7,0,0,0,0,train
S098,12,6,-1,Rest,7,7,0,0,0,0,train
S098,12,7,0,Left,7,7,0,0,0,0,train
S098,12,8,-1,Rest,7,7,0,0,0,0,train
S098,12,9,0,Left,7,7,0,0,0,0,train
S098,12,10,-1,Rest,7,7,0,0,0,0,train
S098,12,11,1,Right,7,7,0,0,0,0,train
S098,12,12,-1,Rest,7,7,0,0,0,0,train
S098,12,13,1,Right,7,7,0,0,0,0,train
S098,12,14,-1,Rest,7,7,0,0,0,0,train
S098,12,15,0,Left,7,7,0,0,0,0,train
S098,12,16,-1,Rest,7,7,0,0,0,0,train
S098,12,17,0,Left,7,7,0,0,0,0,train
S098,12,18,-1,Rest,7,7,0,0,0,0,train
S098,12,19,1,Right,7,7,0,0,0,0,train
S098,12,20,-1,Rest,7,7,0,0,0,0,train
S098,12,21,0,Left,7,7,0,0,0,0,train
S098,12,22,-1,Rest,7,7,0,0,0,0,train
S098,12,23,1,Right,7,7,0,0,0,0,train
S098,12,24,-1,Rest,7,7,0,0,0,0,train
S098,12,25,1,Right,7,7,0,0,0,0,train
S098,12,26,-1,Rest,7,7,0,0,0,0,train
S098,12,27,0,Left,7,7,0,0,0,0,train
S098,12,28,-1,Rest,7,7,0,0,0,0,train
S098,12,29,1,Right,7,7,0,0,0,0,train
S099,04,0,-1,Rest,7,0,7,0,0,7,train
S099,04,1,1,Right,7,0,7,0,0,7,train
S099,04,2,-1,Rest,7,0,7,0,0,7,train
S099,04,3,0,Left,7,0,7,0,0,7,train
S099,04,4,-1,Rest,7,0,7,0,0,7,train
S099,04,5,0,Left,7,0,7,0,0,7,train
S099,04,6,-1,Rest,7,0,7,0,0,7,train
S099,04,7,1,Right,7,0,7,0,0,7,train
S099,04,8,-1,Rest,7,0,7,0,0,7,train
S099,04,9,0,Left,7,0,7,0,0,7,train
S099,04,10,-1,Rest,7,0,7,0,0,7,train
S099,04,11,1,Right,7,0,7,0,0,7,train
S099,04,12,-1,Rest,7,0,7,0,0,7,train
S099,04,13,1,Right,7,0,7,0,0,7,train
S099,04,14,-1,Rest,7,0,7,0,0,7,train
S099,04,15,0,Left,7,0,7,0,0,7,train
S099,04,16,-1,Rest,7,0,7,0,0,7,train
S099,04,17,0,Left,7,0,7,0,0,7,train
S099,04,18,-1,Rest,7,0,7,0,0,7,train
S099,04,19,1,Right,7,0,7,0,0,7,train
S099,04,20,-1,Rest,7,0,7,0,0,7,train
S099,04,21,1,Right,7,0,7,0,0,7,train
S099,04,22,-1,Rest,7,0,7,0,0,7,train
S099,04,23,0,Left,7,2,5,0,0,5,train
S099,04,24,-1,Rest,7,0,7,0,0,7,train
S099,04,25,1,Right,7,0,7,0,0,7,train
S099,04,26,-1,Rest,7,0,7,0,0,7,train
S099,04,27,0,Left,7,0,7,0,0,7,train
S099,04,28,-1,Rest,7,0,7,0,0,7,train
S099,04,29,1,Right,7,1,6,0,0,6,train
S099,08,0,-1,Rest,7,0,7,0,0,7,train
S099,08,1,0,Left,7,0,7,0,0,7,train
S099,08,2,-1,Rest,7,0,7,0,0,7,train
S099,08,3,1,Right,7,0,7,0,0,7,train
S099,08,4,-1,Rest,7,0,7,0,0,7,train
S099,08,5,0,Left,7,0,7,0,0,7,train
S099,08,6,-1,Rest,7,0,7,0,0,7,train
S099,08,7,1,Right,7,7,0,0,0,0,train
S099,08,8,-1,Rest,7,1,6,0,0,6,train
S099,08,9,1,Right,7,0,7,0,0,7,train
S099,08,10,-1,Rest,7,0,7,0,0,7,train
S099,08,11,0,Left,7,0,7,0,0,7,train
S099,08,12,-1,Rest,7,0,7,0,0,7,train
S099,08,13,1,Right,7,0,7,0,0,7,train
S099,08,14,-1,Rest,7,0,7,0,0,7,train
S099,08,15,0,Left,7,0,7,0,0,7,train
S099,08,16,-1,Rest,7,0,7,0,0,7,train
S099,08,17,1,Right,7,0,7,0,0,7,train
S099,08,18,-1,Rest,7,0,7,0,0,7,train
S099,08,19,0,Left,7,0,7,0,0,7,train
S099,08,20,-1,Rest,7,1,6,0,0,6,train
S099,08,21,1,Right,7,0,7,0,0,7,train
S099,08,22,-1,Rest,7,0,7,0,0,7,train
S099,08,23,0,Left,7,1,6,0,0,6,train
S099,08,24,-1,Rest,7,0,7,0,0,7,train
S099,08,25,1,Right,7,0,7,0,0,7,train
S099,08,26,-1,Rest,7,0,7,0,0,7,train
S099,08,27,0,Left,7,0,7,0,0,7,train
S099,08,28,-1,Rest,7,0,7,0,0,7,train
S099,08,29,0,Left,7,0,7,0,0,7,train
S099,12,0,-1,Rest,7,0,7,0,0,7,train
S099,12,1,0,Left,7,0,7,0,0,7,train
S099,12,2,-1,Rest,7,0,7,0,0,7,train
S099,12,3,1,Right,7,0,7,0,0,7,train
S099,12,4,-1,Rest,7,0,7,0,0,7,train
S099,12,5,0,Left,7,0,7,0,0,7,train
S099,12,6,-1,Rest,7,0,7,0,0,7,train
S099,12,7,1,Right,7,0,7,0,0,7,train
S099,12,8,-1,Rest,7,0,7,0,0,7,train
S099,12,9,1,Right,7,0,7,0,0,7,train
S099,12,10,-1,Rest,7,0,7,0,0,7,train
S099,12,11,0,Left,7,0,7,0,0,7,train
S099,12,12,-1,Rest,7,0,7,0,0,7,train
S099,12,13,0,Left,7,0,7,0,0,7,train
S099,12,14,-1,Rest,7,0,7,0,0,7,train
S099,12,15,1,Right,7,0,7,0,0,7,train
S099,12,16,-1,Rest,7,0,7,0,0,7,train
S099,12,17,0,Left,7,0,7,0,0,7,train
S099,12,18,-1,Rest,7,0,7,0,0,7,train
S099,12,19,1,Right,7,0,7,0,0,7,train
S099,12,20,-1,Rest,7,0,7,0,0,7,train
S099,12,21,1,Right,7,0,7,0,0,7,train
S099,12,22,-1,Rest,7,0,7,0,0,7,train
S099,12,23,0,Left,7,0,7,0,0,7,train
S099,12,24,-1,Rest,7,0,7,0,0,7,train
S099,12,25,0,Left,7,0,7,0,0,7,train
S099,12,26,-1,Rest,7,0,7,0,0,7,train
S099,12,27,1,Right,7,0,7,0,0,7,train
S099,12,28,-1,Rest,7,1,6,0,0,6,train
S099,12,29,1,Right,7,0,7,0,0,7,train
S101,04,0,-1,Rest,7,7,0,0,0,0,train
S101,04,1,0,Left,7,7,0,0,0,0,train
S101,04,2,-1,Rest,7,7,0,0,0,0,train
S101,04,3,1,Right,7,2,5,0,0,5,train
S101,04,4,-1,Rest,7,7,0,0,0,0,train
S101,04,5,1,Right,7,7,0,0,0,0,train
S101,04,6,-1,Rest,7,7,0,0,0,0,train
S101,04,7,0,Left,7,7,0,0,0,0,train
S101,04,8,-1,Rest,7,7,0,0,0,0,train
S101,04,9,1,Right,7,7,0,0,0,0,train
S101,04,10,-1,Rest,7,7,0,0,0,0,train
S101,04,11,0,Left,7,7,0,0,0,0,train
S101,04,12,-1,Rest,7,7,0,0,0,0,train
S101,04,13,1,Right,7,7,0,0,0,0,train
S101,04,14,-1,Rest,7,7,0,0,0,0,train
S101,04,15,0,Left,7,7,0,0,0,0,train
S101,04,16,-1,Rest,7,7,0,0,0,0,train
S101,04,17,1,Right,7,7,0,0,0,0,train
S101,04,18,-1,Rest,7,7,0,0,0,0,train
S101,04,19,0,Left,7,7,0,0,0,0,train
S101,04,20,-1,Rest,7,7,0,0,0,0,train
S101,04,21,0,Left,7,7,0,0,0,0,train
S101,04,22,-1,Rest,7,7,0,0,0,0,train
S101,04,23,1,Right,7,4,3,0,0,3,train
S101,04,24,-1,Rest,7,7,0,0,0,0,train
S101,04,25,1,Right,7,7,0,0,0,0,train
S101,04,26,-1,Rest,7,7,0,0,0,0,train
S101,04,27,0,Left,7,7,0,0,0,0,train
S101,04,28,-1,Rest,7,7,0,0,0,0,train
S101,04,29,0,Left,7,7,0,0,0,0,train
S101,08,0,-1,Rest,7,7,0,0,0,0,train
S101,08,1,1,Right,7,7,0,0,0,0,train
S101,08,2,-1,Rest,7,7,0,0,0,0,train
S101,08,3,0,Left,7,7,0,0,0,0,train
S101,08,4,-1,Rest,7,7,0,0,0,0,train
S101,08,5,0,Left,7,7,0,0,0,0,train
S101,08,6,-1,Rest,7,7,0,0,0,0,train
S101,08,7,1,Right,7,7,0,0,0,0,train
S101,08,8,-1,Rest,7,7,0,0,0,0,train
S101,08,9,1,Right,7,7,0,0,0,0,train
S101,08,10,-1,Rest,7,7,0,0,0,0,train
S101,08,11,0,Left,7,7,0,0,0,0,train
S101,08,12,-1,Rest,7,7,0,0,0,0,train
S101,08,13,0,Left,7,7,0,0,0,0,train
S101,08,14,-1,Rest,7,7,0,0,0,0,train
S101,08,15,1,Right,7,7,0,0,0,0,train
S101,08,16,-1,Rest,7,7,0,0,0,0,train
S101,08,17,1,Right,7,7,0,0,0,0,train
S101,08,18,-1,Rest,7,7,0,0,0,0,train
S101,08,19,0,Left,7,7,0,0,0,0,train
S101,08,20,-1,Rest,7,7,0,0,0,0,train
S101,08,21,1,Right,7,7,0,0,0,0,train
S101,08,22,-1,Rest,7,7,0,0,0,0,train
S101,08,23,0,Left,7,7,0,0,0,0,train
S101,08,24,-1,Rest,7,7,0,0,0,0,train
S101,08,25,1,Right,7,7,0,0,0,0,train
S101,08,26,-1,Rest,7,6,1,0,0,1,train
S101,08,27,0,Left,7,7,0,0,0,0,train
S101,08,28,-1,Rest,7,7,0,0,0,0,train
S101,08,29,1,Right,7,7,0,0,0,0,train
S101,12,0,-1,Rest,7,7,0,0,0,0,train
S101,12,1,0,Left,7,7,0,0,0,0,train
S101,12,2,-1,Rest,7,7,0,0,0,0,train
S101,12,3,1,Right,7,7,0,0,0,0,train
S101,12,4,-1,Rest,7,7,0,0,0,0,train
S101,12,5,0,Left,7,7,0,0,0,0,train
S101,12,6,-1,Rest,7,7,0,0,0,0,train
S101,12,7,1,Right,7,7,0,0,0,0,train
S101,12,8,-1,Rest,7,7,0,0,0,0,train
S101,12,9,1,Right,7,1,6,0,0,6,train
S101,12,10,-1,Rest,7,7,0,0,0,0,train
S101,12,11,0,Left,7,7,0,0,0,0,train
S101,12,12,-1,Rest,7,7,0,0,0,0,train
S101,12,13,1,Right,7,7,0,0,0,0,train
S101,12,14,-1,Rest,7,7,0,0,0,0,train
S101,12,15,0,Left,7,7,0,0,0,0,train
S101,12,16,-1,Rest,7,7,0,0,0,0,train
S101,12,17,1,Right,7,7,0,0,0,0,train
S101,12,18,-1,Rest,7,7,0,0,0,0,train
S101,12,19,0,Left,7,7,0,0,0,0,train
S101,12,20,-1,Rest,7,7,0,0,0,0,train
S101,12,21,1,Right,7,7,0,0,0,0,train
S101,12,22,-1,Rest,7,7,0,0,0,0,train
S101,12,23,0,Left,7,7,0,0,0,0,train
S101,12,24,-1,Rest,7,3,4,0,0,4,train
S101,12,25,0,Left,7,7,0,0,0,0,train
S101,12,26,-1,Rest,7,7,0,0,0,0,train
S101,12,27,1,Right,7,7,0,0,0,0,train
S101,12,28,-1,Rest,7,7,0,0,0,0,train
S101,12,29,1,Right,7,7,0,0,0,0,train
S103,04,0,-1,Rest,7,2,5,0,0,5,train
S103,04,1,0,Left,7,1,6,0,0,6,train
S103,04,2,-1,Rest,7,1,6,0,0,6,train
S103,04,3,1,Right,7,1,6,0,0,6,train
S103,04,4,-1,Rest,7,0,7,0,0,7,train
S103,04,5,1,Right,7,7,0,0,0,0,train
S103,04,6,-1,Rest,7,1,6,0,0,6,train
S103,04,7,0,Left,7,0,7,0,0,7,train
S103,04,8,-1,Rest,7,0,7,0,0,7,train
S103,04,9,1,Right,7,0,7,0,0,7,train
S103,04,10,-1,Rest,7,1,6,0,0,6,train
S103,04,11,0,Left,7,0,7,0,0,7,train
S103,04,12,-1,Rest,7,0,7,0,0,7,train
S103,04,13,0,Left,7,0,7,0,0,7,train
S103,04,14,-1,Rest,7,0,7,0,0,7,train
S103,04,15,1,Right,7,7,0,0,0,0,train
S103,04,16,-1,Rest,7,0,7,0,0,7,train
S103,04,17,0,Left,7,0,7,0,0,7,train
S103,04,18,-1,Rest,7,0,7,0,0,7,train
S103,04,19,1,Right,7,0,7,0,0,7,train
S103,04,20,-1,Rest,7,0,7,0,0,7,train
S103,04,21,0,Left,7,2,5,0,0,5,train
S103,04,22,-1,Rest,7,0,7,0,0,7,train
S103,04,23,1,Right,7,0,7,0,0,7,train
S103,04,24,-1,Rest,7,0,7,0,0,7,train
S103,04,25,1,Right,7,0,7,0,0,7,train
S103,04,26,-1,Rest,7,0,7,0,0,7,train
S103,04,27,0,Left,7,0,7,0,0,7,train
S103,04,28,-1,Rest,7,4,3,0,0,3,train
S103,04,29,1,Right,7,0,7,0,0,7,train
S103,08,0,-1,Rest,7,1,6,0,0,6,train
S103,08,1,1,Right,7,2,5,0,0,5,train
S103,08,2,-1,Rest,7,1,6,0,0,6,train
S103,08,3,0,Left,7,1,6,0,0,6,train
S103,08,4,-1,Rest,7,0,7,0,0,7,train
S103,08,5,1,Right,7,0,7,0,0,7,train
S103,08,6,-1,Rest,7,0,7,0,0,7,train
S103,08,7,0,Left,7,1,6,0,0,6,train
S103,08,8,-1,Rest,7,0,7,0,0,7,train
S103,08,9,0,Left,7,0,7,0,0,7,train
S103,08,10,-1,Rest,7,0,7,0,0,7,train
S103,08,11,1,Right,7,0,7,0,0,7,train
S103,08,12,-1,Rest,7,0,7,0,0,7,train
S103,08,13,1,Right,7,2,5,0,0,5,train
S103,08,14,-1,Rest,7,0,7,0,0,7,train
S103,08,15,0,Left,7,0,7,0,0,7,train
S103,08,16,-1,Rest,7,0,7,0,0,7,train
S103,08,17,0,Left,7,0,7,0,0,7,train
S103,08,18,-1,Rest,7,3,4,0,0,4,train
S103,08,19,1,Right,7,0,7,0,0,7,train
S103,08,20,-1,Rest,7,0,7,0,0,7,train
S103,08,21,1,Right,7,5,2,0,0,2,train
S103,08,22,-1,Rest,7,1,6,0,0,6,train
S103,08,23,0,Left,7,0,7,0,0,7,train
S103,08,24,-1,Rest,7,4,3,0,0,3,train
S103,08,25,0,Left,7,1,6,0,0,6,train
S103,08,26,-1,Rest,7,0,7,0,0,7,train
S103,08,27,1,Right,7,0,7,0,0,7,train
S103,08,28,-1,Rest,7,0,7,0,0,7,train
S103,08,29,0,Left,7,0,7,0,0,7,train
S103,12,0,-1,Rest,7,0,7,0,0,7,train
S103,12,1,1,Right,7,0,7,0,0,7,train
S103,12,2,-1,Rest,7,0,7,0,0,7,train
S103,12,3,0,Left,7,4,3,0,0,3,train
S103,12,4,-1,Rest,7,1,6,0,0,6,train
S103,12,5,0,Left,7,0,7,0,0,7,train
S103,12,6,-1,Rest,7,0,7,0,0,7,train
S103,12,7,1,Right,7,0,7,0,0,7,train
S103,12,8,-1,Rest,7,0,7,0,0,7,train
S103,12,9,1,Right,7,0,7,0,0,7,train
S103,12,10,-1,Rest,7,0,7,0,0,7,train
S103,12,11,0,Left,7,0,7,0,0,7,train
S103,12,12,-1,Rest,7,0,7,0,0,7,train
S103,12,13,1,Right,7,0,7,0,0,7,train
S103,12,14,-1,Rest,7,1,6,0,0,6,train
S103,12,15,0,Left,7,0,7,0,0,7,train
S103,12,16,-1,Rest,7,0,7,0,0,7,train
S103,12,17,0,Left,7,0,7,0,0,7,train
S103,12,18,-1,Rest,7,0,7,0,0,7,train
S103,12,19,1,Right,7,0,7,0,0,7,train
S103,12,20,-1,Rest,7,0,7,0,0,7,train
S103,12,21,0,Left,7,0,7,0,0,7,train
S103,12,22,-1,Rest,7,0,7,0,0,7,train
S103,12,23,1,Right,7,0,7,0,0,7,train
S103,12,24,-1,Rest,7,0,7,0,0,7,train
S103,12,25,1,Right,7,0,7,0,0,7,train
S103,12,26,-1,Rest,7,0,7,0,0,7,train
S103,12,27,0,Left,7,0,7,0,0,7,train
S103,12,28,-1,Rest,7,2,5,0,0,5,train
S103,12,29,1,Right,7,0,7,0,0,7,train
S105,04,0,-1,Rest,7,7,0,0,0,0,train
S105,04,1,0,Left,7,7,0,0,0,0,train
S105,04,2,-1,Rest,7,7,0,0,0,0,train
S105,04,3,1,Right,7,7,0,0,0,0,train
S105,04,4,-1,Rest,7,7,0,0,0,0,train
S105,04,5,1,Right,7,7,0,0,0,0,train
S105,04,6,-1,Rest,7,7,0,0,0,0,train
S105,04,7,0,Left,7,7,0,0,0,0,train
S105,04,8,-1,Rest,7,7,0,0,0,0,train
S105,04,9,1,Right,7,7,0,0,0,0,train
S105,04,10,-1,Rest,7,7,0,0,0,0,train
S105,04,11,0,Left,7,7,0,0,0,0,train
S105,04,12,-1,Rest,7,7,0,0,0,0,train
S105,04,13,1,Right,7,7,0,0,0,0,train
S105,04,14,-1,Rest,7,7,0,0,0,0,train
S105,04,15,0,Left,7,7,0,0,0,0,train
S105,04,16,-1,Rest,7,7,0,0,0,0,train
S105,04,17,0,Left,7,7,0,0,0,0,train
S105,04,18,-1,Rest,7,7,0,0,0,0,train
S105,04,19,1,Right,7,7,0,0,0,0,train
S105,04,20,-1,Rest,7,7,0,0,0,0,train
S105,04,21,1,Right,7,7,0,0,0,0,train
S105,04,22,-1,Rest,7,7,0,0,0,0,train
S105,04,23,0,Left,7,7,0,0,0,0,train
S105,04,24,-1,Rest,7,0,7,0,0,7,train
S105,04,25,1,Right,7,7,0,0,0,0,train
S105,04,26,-1,Rest,7,7,0,0,0,0,train
S105,04,27,0,Left,7,7,0,0,0,0,train
S105,04,28,-1,Rest,7,7,0,0,0,0,train
S105,04,29,0,Left,7,7,0,0,0,0,train
S105,08,0,-1,Rest,7,7,0,0,0,0,train
S105,08,1,1,Right,7,7,0,0,0,0,train
S105,08,2,-1,Rest,7,7,0,0,0,0,train
S105,08,3,0,Left,7,7,0,0,0,0,train
S105,08,4,-1,Rest,7,7,0,0,0,0,train
S105,08,5,1,Right,7,7,0,0,0,0,train
S105,08,6,-1,Rest,7,7,0,0,0,0,train
S105,08,7,0,Left,7,7,0,0,0,0,train
S105,08,8,-1,Rest,7,7,0,0,0,0,train
S105,08,9,0,Left,7,7,0,0,0,0,train
S105,08,10,-1,Rest,7,7,0,0,0,0,train
S105,08,11,1,Right,7,7,0,0,0,0,train
S105,08,12,-1,Rest,7,7,0,0,0,0,train
S105,08,13,1,Right,7,7,0,0,0,0,train
S105,08,14,-1,Rest,7,7,0,0,0,0,train
S105,08,15,0,Left,7,7,0,0,0,0,train
S105,08,16,-1,Rest,7,7,0,0,0,0,train
S105,08,17,0,Left,7,7,0,0,0,0,train
S105,08,18,-1,Rest,7,7,0,0,0,0,train
S105,08,19,1,Right,7,7,0,0,0,0,train
S105,08,20,-1,Rest,7,7,0,0,0,0,train
S105,08,21,0,Left,7,7,0,0,0,0,train
S105,08,22,-1,Rest,7,7,0,0,0,0,train
S105,08,23,1,Right,7,7,0,0,0,0,train
S105,08,24,-1,Rest,7,7,0,0,0,0,train
S105,08,25,0,Left,7,7,0,0,0,0,train
S105,08,26,-1,Rest,7,7,0,0,0,0,train
S105,08,27,1,Right,7,7,0,0,0,0,train
S105,08,28,-1,Rest,7,7,0,0,0,0,train
S105,08,29,1,Right,7,7,0,0,0,0,train
S105,12,0,-1,Rest,7,7,0,0,0,0,train
S105,12,1,1,Right,7,7,0,0,0,0,train
S105,12,2,-1,Rest,7,7,0,0,0,0,train
S105,12,3,0,Left,7,7,0,0,0,0,train
S105,12,4,-1,Rest,7,7,0,0,0,0,train
S105,12,5,1,Right,7,7,0,0,0,0,train
S105,12,6,-1,Rest,7,7,0,0,0,0,train
S105,12,7,0,Left,7,7,0,0,0,0,train
S105,12,8,-1,Rest,7,7,0,0,0,0,train
S105,12,9,1,Right,7,7,0,0,0,0,train
S105,12,10,-1,Rest,7,7,0,0,0,0,train
S105,12,11,0,Left,7,7,0,0,0,0,train
S105,12,12,-1,Rest,7,7,0,0,0,0,train
S105,12,13,1,Right,7,7,0,0,0,0,train
S105,12,14,-1,Rest,7,7,0,0,0,0,train
S105,12,15,0,Left,7,7,0,0,0,0,train
S105,12,16,-1,Rest,7,7,0,0,0,0,train
S105,12,17,0,Left,7,7,0,0,0,0,train
S105,12,18,-1,Rest,7,7,0,0,0,0,train
S105,12,19,1,Right,7,7,0,0,0,0,train
S105,12,20,-1,Rest,7,7,0,0,0,0,train
S105,12,21,1,Right,7,7,0,0,0,0,train
S105,12,22,-1,Rest,7,7,0,0,0,0,train
S105,12,23,0,Left,7,7,0,0,0,0,train
S105,12,24,-1,Rest,7,7,0,0,0,0,train
S105,12,25,1,Right,7,7,0,0,0,0,train
S105,12,26,-1,Rest,7,7,0,0,0,0,train
S105,12,27,0,Left,7,7,0,0,0,0,train
S105,12,28,-1,Rest,7,7,0,0,0,0,train
S105,12,29,0,Left,7,7,0,0,0,0,train
S107,04,0,-1,Rest,7,0,7,0,0,7,train
S107,04,1,1,Right,7,0,7,0,0,7,train
S107,04,2,-1,Rest,7,3,4,0,0,4,train
S107,04,3,0,Left,7,0,7,0,0,7,train
S107,04,4,-1,Rest,7,2,5,0,0,5,train
S107,04,5,0,Left,7,1,6,0,0,6,train
S107,04,6,-1,Rest,7,0,7,0,0,7,train
S107,04,7,1,Right,7,0,7,0,0,7,train
S107,04,8,-1,Rest,7,0,7,0,0,7,train
S107,04,9,0,Left,7,0,7,0,0,7,train
S107,04,10,-1,Rest,7,7,0,0,0,0,train
S107,04,11,1,Right,7,7,0,0,0,0,train
S107,04,12,-1,Rest,7,0,7,0,0,7,train
S107,04,13,0,Left,7,0,7,0,0,7,train
S107,04,14,-1,Rest,7,0,7,0,0,7,train
S107,04,15,1,Right,7,0,7,0,0,7,train
S107,04,16,-1,Rest,7,0,7,0,0,7,train
S107,04,17,0,Left,7,3,4,0,0,4,train
S107,04,18,-1,Rest,7,6,1,0,0,1,train
S107,04,19,1,Right,7,0,7,0,0,7,train
S107,04,20,-1,Rest,7,0,7,0,0,7,train
S107,04,21,0,Left,7,0,7,0,0,7,train
S107,04,22,-1,Rest,7,0,7,0,0,7,train
S107,04,23,1,Right,7,0,7,0,0,7,train
S107,04,24,-1,Rest,7,0,7,0,0,7,train
S107,04,25,0,Left,7,0,7,0,0,7,train
S107,04,26,-1,Rest,7,1,6,0,0,6,train
S107,04,27,1,Right,7,0,7,0,0,7,train
S107,04,28,-1,Rest,7,0,7,0,0,7,train
S107,04,29,0,Left,7,0,7,0,0,7,train
S107,08,0,-1,Rest,7,5,2,0,0,2,train
S107,08,1,1,Right,7,0,7,0,0,7,train
S107,08,2,-1,Rest,7,0,7,0,0,7,train
S107,08,3,0,Left,7,4,3,0,0,3,train
S107,08,4,-1,Rest,7,0,7,0,0,7,train
S107,08,5,1,Right,7,1,6,0,0,6,train
S107,08,6,-1,Rest,7,0,7,0,0,7,train
S107,08,7,0,Left,7,0,7,0,0,7,train
S107,08,8,-1,Rest,7,0,7,0,0,7,train
S107,08,9,1,Right,7,0,7,0,0,7,train
S107,08,10,-1,Rest,7,0,7,0,0,7,train
S107,08,11,0,Left,7,3,4,0,0,4,train
S107,08,12,-1,Rest,7,0,7,0,0,7,train
S107,08,13,0,Left,7,0,7,0,0,7,train
S107,08,14,-1,Rest,7,4,3,0,0,3,train
S107,08,15,1,Right,7,1,6,0,0,6,train
S107,08,16,-1,Rest,7,0,7,0,0,7,train
S107,08,17,0,Left,7,0,7,0,0,7,train
S107,08,18,-1,Rest,7,0,7,0,0,7,train
S107,08,19,1,Right,7,0,7,0,0,7,train
S107,08,20,-1,Rest,7,0,7,0,0,7,train
S107,08,21,0,Left,7,7,0,0,0,0,train
S107,08,22,-1,Rest,7,1,6,0,0,6,train
S107,08,23,1,Right,7,1,6,0,0,6,train
S107,08,24,-1,Rest,7,0,7,0,0,7,train
S107,08,25,1,Right,7,1,6,0,0,6,train
S107,08,26,-1,Rest,7,0,7,0,0,7,train
S107,08,27,0,Left,7,0,7,0,0,7,train
S107,08,28,-1,Rest,7,0,7,0,0,7,train
S107,08,29,0,Left,7,7,0,0,0,0,train
S107,12,0,-1,Rest,7,0,7,0,0,7,train
S107,12,1,0,Left,7,4,3,0,0,3,train
S107,12,2,-1,Rest,7,0,7,0,0,7,train
S107,12,3,1,Right,7,0,7,0,0,7,train
S107,12,4,-1,Rest,7,7,0,0,0,0,train
S107,12,5,1,Right,7,2,5,0,0,5,train
S107,12,6,-1,Rest,7,0,7,0,0,7,train
S107,12,7,0,Left,7,1,6,0,0,6,train
S107,12,8,-1,Rest,7,0,7,0,0,7,train
S107,12,9,1,Right,7,0,7,0,0,7,train
S107,12,10,-1,Rest,7,0,7,0,0,7,train
S107,12,11,0,Left,7,0,7,0,0,7,train
S107,12,12,-1,Rest,7,1,6,0,0,6,train
S107,12,13,1,Right,7,0,7,0,0,7,train
S107,12,14,-1,Rest,7,7,0,0,0,0,train
S107,12,15,0,Left,7,0,7,0,0,7,train
S107,12,16,-1,Rest,7,4,3,0,0,3,train
S107,12,17,1,Right,7,4,3,0,0,3,train
S107,12,18,-1,Rest,7,7,0,0,0,0,train
S107,12,19,0,Left,7,2,5,0,0,5,train
S107,12,20,-1,Rest,7,0,7,0,0,7,train
S107,12,21,0,Left,7,1,6,0,0,6,train
S107,12,22,-1,Rest,7,1,6,0,0,6,train
S107,12,23,1,Right,7,2,5,0,0,5,train
S107,12,24,-1,Rest,7,0,7,0,0,7,train
S107,12,25,0,Left,7,7,0,0,0,0,train
S107,12,26,-1,Rest,7,0,7,0,0,7,train
S107,12,27,1,Right,7,0,7,0,0,7,train
S107,12,28,-1,Rest,7,1,6,0,0,6,train
S107,12,29,0,Left,7,0,7,0,0,7,train
S109,04,0,-1,Rest,7,0,7,0,0,7,train
S109,04,1,0,Left,7,0,7,0,0,7,train
S109,04,2,-1,Rest,7,0,7,0,0,7,train
S109,04,3,1,Right,7,0,7,0,0,7,train
S109,04,4,-1,Rest,7,0,7,0,0,7,train
S109,04,5,1,Right,7,0,7,0,0,7,train
S109,04,6,-1,Rest,7,0,7,0,0,7,train
S109,04,7,0,Left,7,0,7,0,0,7,train
S109,04,8,-1,Rest,7,0,7,0,0,7,train
S109,04,9,1,Right,7,0,7,0,0,7,train
S109,04,10,-1,Rest,7,0,7,0,0,7,train
S109,04,11,0,Left,7,0,7,0,0,7,train
S109,04,12,-1,Rest,7,0,7,0,0,7,train
S109,04,13,1,Right,7,0,7,0,0,7,train
S109,04,14,-1,Rest,7,0,7,0,0,7,train
S109,04,15,0,Left,7,0,7,0,0,7,train
S109,04,16,-1,Rest,7,0,7,0,0,7,train
S109,04,17,1,Right,7,0,7,0,0,7,train
S109,04,18,-1,Rest,7,0,7,0,0,7,train
S109,04,19,0,Left,7,0,7,0,0,7,train
S109,04,20,-1,Rest,7,0,7,0,0,7,train
S109,04,21,0,Left,7,0,7,0,0,7,train
S109,04,22,-1,Rest,7,0,7,0,0,7,train
S109,04,23,1,Right,7,0,7,0,0,7,train
S109,04,24,-1,Rest,7,0,7,0,0,7,train
S109,04,25,0,Left,7,0,7,0,0,7,train
S109,04,26,-1,Rest,7,0,7,0,0,7,train
S109,04,27,1,Right,7,0,7,0,0,7,train
S109,04,28,-1,Rest,7,0,7,0,0,7,train
S109,04,29,1,Right,7,0,7,0,0,7,train
S109,08,0,-1,Rest,7,0,7,0,0,7,train
S109,08,1,1,Right,7,0,7,0,0,7,train
S109,08,2,-1,Rest,7,0,7,0,0,7,train
S109,08,3,0,Left,7,0,7,0,0,7,train
S109,08,4,-1,Rest,7,0,7,0,0,7,train
S109,08,5,1,Right,7,0,7,0,0,7,train
S109,08,6,-1,Rest,7,0,7,0,0,7,train
S109,08,7,0,Left,7,0,7,0,0,7,train
S109,08,8,-1,Rest,7,0,7,0,0,7,train
S109,08,9,0,Left,7,0,7,0,0,7,train
S109,08,10,-1,Rest,7,0,7,0,0,7,train
S109,08,11,1,Right,7,0,7,0,0,7,train
S109,08,12,-1,Rest,7,0,7,0,0,7,train
S109,08,13,0,Left,7,0,7,0,0,7,train
S109,08,14,-1,Rest,7,0,7,0,0,7,train
S109,08,15,1,Right,7,0,7,0,0,7,train
S109,08,16,-1,Rest,7,0,7,0,0,7,train
S109,08,17,1,Right,7,0,7,0,0,7,train
S109,08,18,-1,Rest,7,0,7,0,0,7,train
S109,08,19,0,Left,7,0,7,0,0,7,train
S109,08,20,-1,Rest,7,0,7,0,0,7,train
S109,08,21,1,Right,7,0,7,0,0,7,train
S109,08,22,-1,Rest,7,0,7,0,0,7,train
S109,08,23,0,Left,7,0,7,0,0,7,train
S109,08,24,-1,Rest,7,0,7,0,0,7,train
S109,08,25,1,Right,7,0,7,0,0,7,train
S109,08,26,-1,Rest,7,0,7,0,0,7,train
S109,08,27,0,Left,7,0,7,0,0,7,train
S109,08,28,-1,Rest,7,0,7,0,0,7,train
S109,08,29,0,Left,7,0,7,0,0,7,train
S109,12,0,-1,Rest,7,0,7,0,0,7,train
S109,12,1,1,Right,7,0,7,0,0,7,train
S109,12,2,-1,Rest,7,0,7,0,0,7,train
S109,12,3,0,Left,7,0,7,0,0,7,train
S109,12,4,-1,Rest,7,0,7,0,0,7,train
S109,12,5,1,Right,7,0,7,0,0,7,train
S109,12,6,-1,Rest,7,0,7,0,0,7,train
S109,12,7,0,Left,7,0,7,0,0,7,train
S109,12,8,-1,Rest,7,0,7,0,0,7,train
S109,12,9,0,Left,7,0,7,0,0,7,train
S109,12,10,-1,Rest,7,0,7,0,0,7,train
S109,12,11,1,Right,7,0,7,0,0,7,train
S109,12,12,-1,Rest,7,0,7,0,0,7,train
S109,12,13,1,Right,7,0,7,0,0,7,train
S109,12,14,-1,Rest,7,0,7,0,0,7,train
S109,12,15,0,Left,7,0,7,0,0,7,train
S109,12,16,-1,Rest,7,0,7,0,0,7,train
S109,12,17,1,Right,7,0,7,0,0,7,train
S109,12,18,-1,Rest,7,0,7,0,0,7,train
S109,12,19,0,Left,7,0,7,0,0,7,train
S109,12,20,-1,Rest,7,0,7,0,0,7,train
S109,12,21,0,Left,7,0,7,0,0,7,train
S109,12,22,-1,Rest,7,0,7,0,0,7,train
S109,12,23,1,Right,7,0,7,0,0,7,train
S109,12,24,-1,Rest,7,0,7,0,0,7,train
S109,12,25,0,Left,7,0,7,0,0,7,train
S109,12,26,-1,Rest,7,0,7,0,0,7,train
S109,12,27,1,Right,7,0,7,0,0,7,train
S109,12,28,-1,Rest,7,0,7,0,0,7,train
S109,12,29,0,Left,7,0,7,0,0,7,train
