Subject,Run,Trial,Window_Idx,Label,Label_Name,Start_sec,End_sec
S001,04,1,0,1,Right,0.5,2.5
S001,04,1,1,1,Right,0.75,2.75
S001,04,1,2,1,Right,1.0,3.0
S001,04,1,3,1,Right,1.25,3.25
S001,04,1,4,1,Right,1.5,3.5
S001,04,1,5,1,Right,1.75,3.75
S001,04,1,6,1,Right,2.0,4.0
S001,04,3,0,0,Left,0.5,2.5
S001,04,3,1,0,Left,0.75,2.75
S001,04,3,2,0,Left,1.0,3.0
S001,04,3,3,0,Left,1.25,3.25
S001,04,3,4,0,Left,1.5,3.5
S001,04,3,5,0,Left,1.75,3.75
S001,04,3,6,0,Left,2.0,4.0
S001,04,5,0,0,Left,0.5,2.5
S001,04,5,1,0,Left,0.75,2.75
S001,04,5,2,0,Left,1.0,3.0
S001,04,5,3,0,Left,1.25,3.25
S001,04,5,4,0,Left,1.5,3.5
S001,04,5,5,0,Left,1.75,3.75
S001,04,5,6,0,Left,2.0,4.0
S001,04,7,0,1,Right,0.5,2.5
S001,04,7,1,1,Right,0.75,2.75
S001,04,7,2,1,Right,1.0,3.0
S001,04,7,3,1,Right,1.25,3.25
S001,04,7,4,1,Right,1.5,3.5
S001,04,7,5,1,Right,1.75,3.75
S001,04,7,6,1,Right,2.0,4.0
S001,04,9,0,1,Right,0.5,2.5
S001,04,9,1,1,Right,0.75,2.75
S001,04,9,2,1,Right,1.0,3.0
S001,04,9,3,1,Right,1.25,3.25
S001,04,9,4,1,Right,1.5,3.5
S001,04,9,5,1,Right,1.75,3.75
S001,04,9,6,1,Right,2.0,4.0
S001,04,11,0,0,Left,0.5,2.5
S001,04,11,1,0,Left,0.75,2.75
S001,04,11,2,0,Left,1.0,3.0
S001,04,11,3,0,Left,1.25,3.25
S001,04,11,4,0,Left,1.5,3.5
S001,04,11,5,0,Left,1.75,3.75
S001,04,11,6,0,Left,2.0,4.0
S001,04,13,0,1,Right,0.5,2.5
S001,04,13,1,1,Right,0.75,2.75
S001,04,13,2,1,Right,1.0,3.0
S001,04,13,3,1,Right,1.25,3.25
S001,04,13,4,1,Right,1.5,3.5
S001,04,13,5,1,Right,1.75,3.75
S001,04,13,6,1,Right,2.0,4.0
S001,04,15,0,0,Left,0.5,2.5
S001,04,15,1,0,Left,0.75,2.75
S001,04,15,2,0,Left,1.0,3.0
S001,04,15,3,0,Left,1.25,3.25
S001,04,15,4,0,Left,1.5,3.5
S001,04,15,5,0,Left,1.75,3.75
S001,04,15,6,0,Left,2.0,4.0
S001,04,17,0,1,Right,0.5,2.5
S001,04,17,1,1,Right,0.75,2.75
S001,04,17,2,1,Right,1.0,3.0
S001,04,17,3,1,Right,1.25,3.25
S001,04,17,4,1,Right,1.5,3.5
S001,04,17,5,1,Right,1.75,3.75
S001,04,17,6,1,Right,2.0,4.0
S001,04,19,0,0,Left,0.5,2.5
S001,04,19,1,0,Left,0.75,2.75
S001,04,21,0,0,Left,0.5,2.5
S001,04,21,1,0,Left,0.75,2.75
S001,04,21,2,0,Left,1.0,3.0
S001,04,21,3,0,Left,1.25,3.25
S001,04,21,4,0,Left,1.5,3.5
S001,04,21,5,0,Left,1.75,3.75
S001,04,21,6,0,Left,2.0,4.0
S001,04,23,0,1,Right,0.5,2.5
S001,04,23,1,1,Right,0.75,2.75
S001,04,23,2,1,Right,1.0,3.0
S001,04,23,3,1,Right,1.25,3.25
S001,04,23,4,1,Right,1.5,3.5
S001,04,23,5,1,Right,1.75,3.75
S001,04,23,6,1,Right,2.0,4.0
S001,04,25,0,0,Left,0.5,2.5
S001,04,25,1,0,Left,0.75,2.75
S001,04,25,2,0,Left,1.0,3.0
S001,04,25,3,0,Left,1.25,3.25
S001,04,25,4,0,Left,1.5,3.5
S001,04,25,5,0,Left,1.75,3.75
S001,04,25,6,0,Left,2.0,4.0
S001,04,27,0,1,Right,0.5,2.5
S001,04,27,1,1,Right,0.75,2.75
S001,04,27,2,1,Right,1.0,3.0
S001,04,27,3,1,Right,1.25,3.25
S001,04,27,4,1,Right,1.5,3.5
S001,04,27,5,1,Right,1.75,3.75
S001,04,27,6,1,Right,2.0,4.0
S001,04,29,0,0,Left,0.5,2.5
S001,04,29,1,0,Left,0.75,2.75
S001,04,29,2,0,Left,1.0,3.0
S001,04,29,3,0,Left,1.25,3.25
S001,04,29,4,0,Left,1.5,3.5
S001,04,29,5,0,Left,1.75,3.75
S001,04,29,6,0,Left,2.0,4.0
S001,08,1,0,0,Left,0.5,2.5
S001,08,1,1,0,Left,0.75,2.75
S001,08,1,2,0,Left,1.0,3.0
S001,08,1,3,0,Left,1.25,3.25
S001,08,1,4,0,Left,1.5,3.5
S001,08,1,5,0,Left,1.75,3.75
S001,08,1,6,0,Left,2.0,4.0
S001,08,3,0,1,Right,0.5,2.5
S001,08,3,1,1,Right,0.75,2.75
S001,08,3,2,1,Right,1.0,3.0
S001,08,3,3,1,Right,1.25,3.25
S001,08,3,4,1,Right,1.5,3.5
S001,08,3,5,1,Right,1.75,3.75
S001,08,3,6,1,Right,2.0,4.0
S001,08,5,0,0,Left,0.5,2.5
S001,08,5,1,0,Left,0.75,2.75
S001,08,5,2,0,Left,1.0,3.0
S001,08,5,3,0,Left,1.25,3.25
S001,08,5,4,0,Left,1.5,3.5
S001,08,5,5,0,Left,1.75,3.75
S001,08,5,6,0,Left,2.0,4.0
S001,08,7,0,1,Right,0.5,2.5
S001,08,7,1,1,Right,0.75,2.75
S001,08,7,2,1,Right,1.0,3.0
S001,08,7,3,1,Right,1.25,3.25
S001,08,7,4,1,Right,1.5,3.5
S001,08,7,5,1,Right,1.75,3.75
S001,08,7,6,1,Right,2.0,4.0
S001,08,9,0,0,Left,0.5,2.5
S001,08,9,1,0,Left,0.75,2.75
S001,08,9,2,0,Left,1.0,3.0
S001,08,9,3,0,Left,1.25,3.25
S001,08,9,4,0,Left,1.5,3.5
S001,08,9,5,0,Left,1.75,3.75
S001,08,9,6,0,Left,2.0,4.0
S001,08,11,0,1,Right,0.5,2.5
S001,08,11,1,1,Right,0.75,2.75
S001,08,11,2,1,Right,1.0,3.0
S001,08,11,3,1,Right,1.25,3.25
S001,08,11,4,1,Right,1.5,3.5
S001,08,11,5,1,Right,1.75,3.75
S001,08,11,6,1,Right,2.0,4.0
S001,08,13,0,0,Left,0.5,2.5
S001,08,13,1,0,Left,0.75,2.75
S001,08,13,2,0,Left,1.0,3.0
S001,08,13,3,0,Left,1.25,3.25
S001,08,13,4,0,Left,1.5,3.5
S001,08,13,5,0,Left,1.75,3.75
S001,08,13,6,0,Left,2.0,4.0
S001,08,17,0,1,Right,0.5,2.5
S001,08,17,1,1,Right,0.75,2.75
S001,08,17,2,1,Right,1.0,3.0
S001,08,17,3,1,Right,1.25,3.25
S001,08,17,4,1,Right,1.5,3.5
S001,08,17,5,1,Right,1.75,3.75
S001,08,17,6,1,Right,2.0,4.0
S001,08,19,0,0,Left,0.5,2.5
S001,08,19,1,0,Left,0.75,2.75
S001,08,19,2,0,Left,1.0,3.0
S001,08,19,3,0,Left,1.25,3.25
S001,08,19,4,0,Left,1.5,3.5
S001,08,19,5,0,Left,1.75,3.75
S001,08,19,6,0,Left,2.0,4.0
S001,08,21,0,0,Left,0.5,2.5
S001,08,21,1,0,Left,0.75,2.75
S001,08,21,2,0,Left,1.0,3.0
S001,08,21,3,0,Left,1.25,3.25
S001,08,21,4,0,Left,1.5,3.5
S001,08,21,5,0,Left,1.75,3.75
S001,08,21,6,0,Left,2.0,4.0
S001,08,23,0,1,Right,0.5,2.5
S001,08,23,1,1,Right,0.75,2.75
S001,08,23,2,1,Right,1.0,3.0
S001,08,23,3,1,Right,1.25,3.25
S001,08,23,4,1,Right,1.5,3.5
S001,08,23,5,1,Right,1.75,3.75
S001,08,23,6,1,Right,2.0,4.0
S001,08,25,0,1,Right,0.5,2.5
S001,08,25,1,1,Right,0.75,2.75
S001,08,25,2,1,Right,1.0,3.0
S001,08,25,3,1,Right,1.25,3.25
S001,08,25,4,1,Right,1.5,3.5
S001,08,25,5,1,Right,1.75,3.75
S001,08,25,6,1,Right,2.0,4.0
S001,08,27,0,0,Left,0.5,2.5
S001,08,27,1,0,Left,0.75,2.75
S001,08,27,2,0,Left,1.0,3.0
S001,08,27,3,0,Left,1.25,3.25
S001,08,27,4,0,Left,1.5,3.5
S001,08,27,5,0,Left,1.75,3.75
S001,08,27,6,0,Left,2.0,4.0
S001,08,29,0,0,Left,0.5,2.5
S001,08,29,1,0,Left,0.75,2.75
S001,08,29,2,0,Left,1.0,3.0
S001,08,29,3,0,Left,1.25,3.25
S001,08,29,4,0,Left,1.5,3.5
S001,08,29,5,0,Left,1.75,3.75
S001,08,29,6,0,Left,2.0,4.0
S001,12,1,0,1,Right,0.5,2.5
S001,12,1,1,1,Right,0.75,2.75
S001,12,1,2,1,Right,1.0,3.0
S001,12,1,3,1,Right,1.25,3.25
S001,12,1,4,1,Right,1.5,3.5
S001,12,1,5,1,Right,1.75,3.75
S001,12,1,6,1,Right,2.0,4.0
S001,12,3,0,0,Left,0.5,2.5
S001,12,3,1,0,Left,0.75,2.75
S001,12,3,2,0,Left,1.0,3.0
S001,12,3,3,0,Left,1.25,3.25
S001,12,3,4,0,Left,1.5,3.5
S001,12,3,5,0,Left,1.75,3.75
S001,12,3,6,0,Left,2.0,4.0
S001,12,5,0,1,Right,0.5,2.5
S001,12,5,1,1,Right,0.75,2.75
S001,12,5,2,1,Right,1.0,3.0
S001,12,5,3,1,Right,1.25,3.25
S001,12,5,4,1,Right,1.5,3.5
S001,12,5,5,1,Right,1.75,3.75
S001,12,5,6,1,Right,2.0,4.0
S001,12,7,0,0,Left,0.5,2.5
S001,12,7,1,0,Left,0.75,2.75
S001,12,7,2,0,Left,1.0,3.0
S001,12,7,3,0,Left,1.25,3.25
S001,12,7,4,0,Left,1.5,3.5
S001,12,7,5,0,Left,1.75,3.75
S001,12,7,6,0,Left,2.0,4.0
S001,12,11,5,1,Right,1.75,3.75
S001,12,11,6,1,Right,2.0,4.0
S001,12,13,0,1,Right,0.5,2.5
S001,12,13,1,1,Right,0.75,2.75
S001,12,13,2,1,Right,1.0,3.0
S001,12,13,3,1,Right,1.25,3.25
S001,12,13,4,1,Right,1.5,3.5
S001,12,13,5,1,Right,1.75,3.75
S001,12,13,6,1,Right,2.0,4.0
S001,12,15,0,0,Left,0.5,2.5
S001,12,15,1,0,Left,0.75,2.75
S001,12,15,2,0,Left,1.0,3.0
S001,12,15,3,0,Left,1.25,3.25
S001,12,15,4,0,Left,1.5,3.5
S001,12,15,5,0,Left,1.75,3.75
S001,12,15,6,0,Left,2.0,4.0
S001,12,17,6,0,Left,2.0,4.0
S001,12,19,0,1,Right,0.5,2.5
S001,12,19,1,1,Right,0.75,2.75
S001,12,19,2,1,Right,1.0,3.0
S001,12,19,3,1,Right,1.25,3.25
S001,12,19,4,1,Right,1.5,3.5
S001,12,19,5,1,Right,1.75,3.75
S001,12,19,6,1,Right,2.0,4.0
S001,12,21,0,1,Right,0.5,2.5
S001,12,21,1,1,Right,0.75,2.75
S001,12,21,2,1,Right,1.0,3.0
S001,12,21,3,1,Right,1.25,3.25
S001,12,21,4,1,Right,1.5,3.5
S001,12,21,5,1,Right,1.75,3.75
S001,12,21,6,1,Right,2.0,4.0
S001,12,23,0,0,Left,0.5,2.5
S001,12,23,1,0,Left,0.75,2.75
S001,12,23,2,0,Left,1.0,3.0
S001,12,25,0,1,Right,0.5,2.5
S001,12,25,1,1,Right,0.75,2.75
S001,12,25,2,1,Right,1.0,3.0
S001,12,25,3,1,Right,1.25,3.25
S001,12,25,4,1,Right,1.5,3.5
S001,12,25,5,1,Right,1.75,3.75
S001,12,27,0,0,Left,0.5,2.5
S001,12,27,1,0,Left,0.75,2.75
S001,12,27,2,0,Left,1.0,3.0
S001,12,27,3,0,Left,1.25,3.25
S001,12,27,4,0,Left,1.5,3.5
S001,12,27,5,0,Left,1.75,3.75
S001,12,27,6,0,Left,2.0,4.0
S001,12,29,0,1,Right,0.5,2.5
S001,12,29,1,1,Right,0.75,2.75
S001,12,29,2,1,Right,1.0,3.0
S001,12,29,3,1,Right,1.25,3.25
S001,12,29,4,1,Right,1.5,3.5
S001,12,29,5,1,Right,1.75,3.75
S001,12,29,6,1,Right,2.0,4.0
S002,04,1,0,0,Left,0.5,2.5
S002,04,1,1,0,Left,0.75,2.75
S002,04,1,2,0,Left,1.0,3.0
S002,04,1,3,0,Left,1.25,3.25
S002,04,1,4,0,Left,1.5,3.5
S002,04,1,5,0,Left,1.75,3.75
S002,04,1,6,0,Left,2.0,4.0
S002,04,3,0,1,Right,0.5,2.5
S002,04,3,1,1,Right,0.75,2.75
S002,04,3,2,1,Right,1.0,3.0
S002,04,3,3,1,Right,1.25,3.25
S002,04,3,4,1,Right,1.5,3.5
S002,04,3,5,1,Right,1.75,3.75
S002,04,3,6,1,Right,2.0,4.0
S002,04,5,0,0,Left,0.5,2.5
S002,04,5,1,0,Left,0.75,2.75
S002,04,5,2,0,Left,1.0,3.0
S002,04,5,3,0,Left,1.25,3.25
S002,04,5,4,0,Left,1.5,3.5
S002,04,5,5,0,Left,1.75,3.75
S002,04,5,6,0,Left,2.0,4.0
S002,04,7,0,1,Right,0.5,2.5
S002,04,7,1,1,Right,0.75,2.75
S002,04,7,2,1,Right,1.0,3.0
S002,04,7,3,1,Right,1.25,3.25
S002,04,7,4,1,Right,1.5,3.5
S002,04,7,5,1,Right,1.75,3.75
S002,04,7,6,1,Right,2.0,4.0
S002,04,9,0,0,Left,0.5,2.5
S002,04,9,1,0,Left,0.75,2.75
S002,04,9,2,0,Left,1.0,3.0
S002,04,9,3,0,Left,1.25,3.25
S002,04,9,4,0,Left,1.5,3.5
S002,04,9,5,0,Left,1.75,3.75
S002,04,9,6,0,Left,2.0,4.0
S002,04,11,0,1,Right,0.5,2.5
S002,04,11,1,1,Right,0.75,2.75
S002,04,11,2,1,Right,1.0,3.0
S002,04,11,3,1,Right,1.25,3.25
S002,04,11,4,1,Right,1.5,3.5
S002,04,11,5,1,Right,1.75,3.75
S002,04,11,6,1,Right,2.0,4.0
S002,04,13,0,1,Right,0.5,2.5
S002,04,13,1,1,Right,0.75,2.75
S002,04,13,2,1,Right,1.0,3.0
S002,04,13,3,1,Right,1.25,3.25
S002,04,13,4,1,Right,1.5,3.5
S002,04,13,5,1,Right,1.75,3.75
S002,04,13,6,1,Right,2.0,4.0
S002,04,15,0,0,Left,0.5,2.5
S002,04,15,1,0,Left,0.75,2.75
S002,04,15,2,0,Left,1.0,3.0
S002,04,15,3,0,Left,1.25,3.25
S002,04,15,4,0,Left,1.5,3.5
S002,04,15,5,0,Left,1.75,3.75
S002,04,15,6,0,Left,2.0,4.0
S002,04,17,0,1,Right,0.5,2.5
S002,04,17,1,1,Right,0.75,2.75
S002,04,17,2,1,Right,1.0,3.0
S002,04,17,3,1,Right,1.25,3.25
S002,04,17,4,1,Right,1.5,3.5
S002,04,17,5,1,Right,1.75,3.75
S002,04,17,6,1,Right,2.0,4.0
S002,04,19,0,0,Left,0.5,2.5
S002,04,19,1,0,Left,0.75,2.75
S002,04,19,2,0,Left,1.0,3.0
S002,04,19,3,0,Left,1.25,3.25
S002,04,19,4,0,Left,1.5,3.5
S002,04,19,5,0,Left,1.75,3.75
S002,04,19,6,0,Left,2.0,4.0
S002,04,21,0,1,Right,0.5,2.5
S002,04,21,1,1,Right,0.75,2.75
S002,04,21,2,1,Right,1.0,3.0
S002,04,21,3,1,Right,1.25,3.25
S002,04,21,4,1,Right,1.5,3.5
S002,04,21,5,1,Right,1.75,3.75
S002,04,21,6,1,Right,2.0,4.0
S002,04,23,0,0,Left,0.5,2.5
S002,04,23,1,0,Left,0.75,2.75
S002,04,23,2,0,Left,1.0,3.0
S002,04,23,3,0,Left,1.25,3.25
S002,04,23,4,0,Left,1.5,3.5
S002,04,23,5,0,Left,1.75,3.75
S002,04,23,6,0,Left,2.0,4.0
S002,04,25,0,1,Right,0.5,2.5
S002,04,25,1,1,Right,0.75,2.75
S002,04,25,2,1,Right,1.0,3.0
S002,04,25,3,1,Right,1.25,3.25
S002,04,25,4,1,Right,1.5,3.5
S002,04,25,5,1,Right,1.75,3.75
S002,04,25,6,1,Right,2.0,4.0
S002,04,27,0,0,Left,0.5,2.5
S002,04,27,1,0,Left,0.75,2.75
S002,04,27,2,0,Left,1.0,3.0
S002,04,27,3,0,Left,1.25,3.25
S002,04,27,4,0,Left,1.5,3.5
S002,04,27,5,0,Left,1.75,3.75
S002,04,27,6,0,Left,2.0,4.0
S002,04,29,0,1,Right,0.5,2.5
S002,04,29,1,1,Right,0.75,2.75
S002,04,29,2,1,Right,1.0,3.0
S002,04,29,3,1,Right,1.25,3.25
S002,04,29,4,1,Right,1.5,3.5
S002,04,29,5,1,Right,1.75,3.75
S002,04,29,6,1,Right,2.0,4.0
S002,08,1,0,0,Left,0.5,2.5
S002,08,1,1,0,Left,0.75,2.75
S002,08,1,2,0,Left,1.0,3.0
S002,08,1,3,0,Left,1.25,3.25
S002,08,1,4,0,Left,1.5,3.5
S002,08,1,5,0,Left,1.75,3.75
S002,08,1,6,0,Left,2.0,4.0
S002,08,3,0,1,Right,0.5,2.5
S002,08,3,1,1,Right,0.75,2.75
S002,08,3,2,1,Right,1.0,3.0
S002,08,3,3,1,Right,1.25,3.25
S002,08,3,4,1,Right,1.5,3.5
S002,08,3,5,1,Right,1.75,3.75
S002,08,3,6,1,Right,2.0,4.0
S002,08,5,0,1,Right,0.5,2.5
S002,08,5,1,1,Right,0.75,2.75
S002,08,5,2,1,Right,1.0,3.0
S002,08,5,3,1,Right,1.25,3.25
S002,08,5,4,1,Right,1.5,3.5
S002,08,5,5,1,Right,1.75,3.75
S002,08,5,6,1,Right,2.0,4.0
S002,08,7,0,0,Left,0.5,2.5
S002,08,7,1,0,Left,0.75,2.75
S002,08,7,2,0,Left,1.0,3.0
S002,08,7,3,0,Left,1.25,3.25
S002,08,7,4,0,Left,1.5,3.5
S002,08,7,5,0,Left,1.75,3.75
S002,08,7,6,0,Left,2.0,4.0
S002,08,9,0,1,Right,0.5,2.5
S002,08,9,1,1,Right,0.75,2.75
S002,08,9,2,1,Right,1.0,3.0
S002,08,9,3,1,Right,1.25,3.25
S002,08,9,4,1,Right,1.5,3.5
S002,08,9,5,1,Right,1.75,3.75
S002,08,9,6,1,Right,2.0,4.0
S002,08,11,0,0,Left,0.5,2.5
S002,08,11,1,0,Left,0.75,2.75
S002,08,11,2,0,Left,1.0,3.0
S002,08,11,3,0,Left,1.25,3.25
S002,08,11,4,0,Left,1.5,3.5
S002,08,11,5,0,Left,1.75,3.75
S002,08,11,6,0,Left,2.0,4.0
S002,08,13,0,1,Right,0.5,2.5
S002,08,13,1,1,Right,0.75,2.75
S002,08,13,2,1,Right,1.0,3.0
S002,08,13,3,1,Right,1.25,3.25
S002,08,13,4,1,Right,1.5,3.5
S002,08,13,5,1,Right,1.75,3.75
S002,08,13,6,1,Right,2.0,4.0
S002,08,15,0,0,Left,0.5,2.5
S002,08,15,1,0,Left,0.75,2.75
S002,08,15,2,0,Left,1.0,3.0
S002,08,15,3,0,Left,1.25,3.25
S002,08,15,4,0,Left,1.5,3.5
S002,08,15,5,0,Left,1.75,3.75
S002,08,15,6,0,Left,2.0,4.0
S002,08,17,0,1,Right,0.5,2.5
S002,08,17,1,1,Right,0.75,2.75
S002,08,17,2,1,Right,1.0,3.0
S002,08,17,3,1,Right,1.25,3.25
S002,08,17,4,1,Right,1.5,3.5
S002,08,17,5,1,Right,1.75,3.75
S002,08,17,6,1,Right,2.0,4.0
S002,08,19,0,0,Left,0.5,2.5
S002,08,19,1,0,Left,0.75,2.75
S002,08,19,2,0,Left,1.0,3.0
S002,08,19,3,0,Left,1.25,3.25
S002,08,19,4,0,Left,1.5,3.5
S002,08,19,5,0,Left,1.75,3.75
S002,08,19,6,0,Left,2.0,4.0
S002,08,21,0,1,Right,0.5,2.5
S002,08,21,1,1,Right,0.75,2.75
S002,08,21,2,1,Right,1.0,3.0
S002,08,21,3,1,Right,1.25,3.25
S002,08,21,4,1,Right,1.5,3.5
S002,08,21,5,1,Right,1.75,3.75
S002,08,21,6,1,Right,2.0,4.0
S002,08,23,0,0,Left,0.5,2.5
S002,08,23,1,0,Left,0.75,2.75
S002,08,23,2,0,Left,1.0,3.0
S002,08,23,3,0,Left,1.25,3.25
S002,08,23,4,0,Left,1.5,3.5
S002,08,23,5,0,Left,1.75,3.75
S002,08,23,6,0,Left,2.0,4.0
S002,08,25,0,0,Left,0.5,2.5
S002,08,25,1,0,Left,0.75,2.75
S002,08,25,2,0,Left,1.0,3.0
S002,08,25,3,0,Left,1.25,3.25
S002,08,25,4,0,Left,1.5,3.5
S002,08,25,5,0,Left,1.75,3.75
S002,08,25,6,0,Left,2.0,4.0
S002,08,27,0,1,Right,0.5,2.5
S002,08,27,1,1,Right,0.75,2.75
S002,08,27,2,1,Right,1.0,3.0
S002,08,27,3,1,Right,1.25,3.25
S002,08,27,4,1,Right,1.5,3.5
S002,08,27,5,1,Right,1.75,3.75
S002,08,27,6,1,Right,2.0,4.0
S002,08,29,0,0,Left,0.5,2.5
S002,08,29,1,0,Left,0.75,2.75
S002,08,29,2,0,Left,1.0,3.0
S002,08,29,3,0,Left,1.25,3.25
S002,08,29,4,0,Left,1.5,3.5
S002,08,29,5,0,Left,1.75,3.75
S002,08,29,6,0,Left,2.0,4.0
S002,12,1,0,0,Left,0.5,2.5
S002,12,1,1,0,Left,0.75,2.75
S002,12,1,2,0,Left,1.0,3.0
S002,12,1,3,0,Left,1.25,3.25
S002,12,1,4,0,Left,1.5,3.5
S002,12,1,5,0,Left,1.75,3.75
S002,12,1,6,0,Left,2.0,4.0
S002,12,3,0,1,Right,0.5,2.5
S002,12,3,1,1,Right,0.75,2.75
S002,12,3,2,1,Right,1.0,3.0
S002,12,3,3,1,Right,1.25,3.25
S002,12,3,4,1,Right,1.5,3.5
S002,12,3,5,1,Right,1.75,3.75
S002,12,3,6,1,Right,2.0,4.0
S002,12,5,0,1,Right,0.5,2.5
S002,12,5,1,1,Right,0.75,2.75
S002,12,5,2,1,Right,1.0,3.0
S002,12,5,3,1,Right,1.25,3.25
S002,12,5,4,1,Right,1.5,3.5
S002,12,5,5,1,Right,1.75,3.75
S002,12,5,6,1,Right,2.0,4.0
S002,12,7,0,0,Left,0.5,2.5
S002,12,7,1,0,Left,0.75,2.75
S002,12,7,2,0,Left,1.0,3.0
S002,12,7,3,0,Left,1.25,3.25
S002,12,7,4,0,Left,1.5,3.5
S002,12,7,5,0,Left,1.75,3.75
S002,12,7,6,0,Left,2.0,4.0
S002,12,9,0,1,Right,0.5,2.5
S002,12,9,1,1,Right,0.75,2.75
S002,12,9,2,1,Right,1.0,3.0
S002,12,9,3,1,Right,1.25,3.25
S002,12,9,4,1,Right,1.5,3.5
S002,12,9,5,1,Right,1.75,3.75
S002,12,9,6,1,Right,2.0,4.0
S002,12,11,0,0,Left,0.5,2.5
S002,12,11,1,0,Left,0.75,2.75
S002,12,11,2,0,Left,1.0,3.0
S002,12,11,3,0,Left,1.25,3.25
S002,12,11,4,0,Left,1.5,3.5
S002,12,11,5,0,Left,1.75,3.75
S002,12,11,6,0,Left,2.0,4.0
S002,12,13,0,0,Left,0.5,2.5
S002,12,13,1,0,Left,0.75,2.75
S002,12,13,2,0,Left,1.0,3.0
S002,12,13,3,0,Left,1.25,3.25
S002,12,13,4,0,Left,1.5,3.5
S002,12,13,5,0,Left,1.75,3.75
S002,12,13,6,0,Left,2.0,4.0
S002,12,15,0,1,Right,0.5,2.5
S002,12,15,1,1,Right,0.75,2.75
S002,12,15,2,1,Right,1.0,3.0
S002,12,15,3,1,Right,1.25,3.25
S002,12,15,4,1,Right,1.5,3.5
S002,12,15,5,1,Right,1.75,3.75
S002,12,15,6,1,Right,2.0,4.0
S002,12,17,0,1,Right,0.5,2.5
S002,12,17,1,1,Right,0.75,2.75
S002,12,17,2,1,Right,1.0,3.0
S002,12,17,3,1,Right,1.25,3.25
S002,12,17,4,1,Right,1.5,3.5
S002,12,17,5,1,Right,1.75,3.75
S002,12,17,6,1,Right,2.0,4.0
S002,12,19,0,0,Left,0.5,2.5
S002,12,19,1,0,Left,0.75,2.75
S002,12,19,2,0,Left,1.0,3.0
S002,12,19,3,0,Left,1.25,3.25
S002,12,19,4,0,Left,1.5,3.5
S002,12,19,5,0,Left,1.75,3.75
S002,12,19,6,0,Left,2.0,4.0
S002,12,21,0,1,Right,0.5,2.5
S002,12,21,1,1,Right,0.75,2.75
S002,12,21,2,1,Right,1.0,3.0
S002,12,21,3,1,Right,1.25,3.25
S002,12,21,4,1,Right,1.5,3.5
S002,12,21,5,1,Right,1.75,3.75
S002,12,21,6,1,Right,2.0,4.0
S002,12,23,0,0,Left,0.5,2.5
S002,12,23,1,0,Left,0.75,2.75
S002,12,23,2,0,Left,1.0,3.0
S002,12,23,3,0,Left,1.25,3.25
S002,12,23,4,0,Left,1.5,3.5
S002,12,23,5,0,Left,1.75,3.75
S002,12,23,6,0,Left,2.0,4.0
S002,12,25,0,0,Left,0.5,2.5
S002,12,25,1,0,Left,0.75,2.75
S002,12,25,2,0,Left,1.0,3.0
S002,12,25,3,0,Left,1.25,3.25
S002,12,25,4,0,Left,1.5,3.5
S002,12,25,5,0,Left,1.75,3.75
S002,12,25,6,0,Left,2.0,4.0
S002,12,27,0,1,Right,0.5,2.5
S002,12,27,1,1,Right,0.75,2.75
S002,12,27,2,1,Right,1.0,3.0
S002,12,27,3,1,Right,1.25,3.25
S002,12,27,4,1,Right,1.5,3.5
S002,12,27,5,1,Right,1.75,3.75
S002,12,27,6,1,Right,2.0,4.0
S002,12,29,0,0,Left,0.5,2.5
S002,12,29,1,0,Left,0.75,2.75
S002,12,29,2,0,Left,1.0,3.0
S002,12,29,3,0,Left,1.25,3.25
S002,12,29,4,0,Left,1.5,3.5
S002,12,29,5,0,Left,1.75,3.75
S002,12,29,6,0,Left,2.0,4.0
S003,04,1,0,1,Right,0.5,2.5
S003,04,1,1,1,Right,0.75,2.75
S003,04,1,2,1,Right,1.0,3.0
S003,04,1,3,1,Right,1.25,3.25
S003,04,1,4,1,Right,1.5,3.5
S003,04,3,0,0,Left,0.5,2.5
S003,04,3,1,0,Left,0.75,2.75
S003,04,3,2,0,Left,1.0,3.0
S003,04,3,3,0,Left,1.25,3.25
S003,04,3,4,0,Left,1.5,3.5
S003,04,3,5,0,Left,1.75,3.75
S003,04,5,0,1,Right,0.5,2.5
S003,04,5,1,1,Right,0.75,2.75
S003,04,5,2,1,Right,1.0,3.0
S003,04,5,3,1,Right,1.25,3.25
S003,04,5,4,1,Right,1.5,3.5
S003,04,5,5,1,Right,1.75,3.75
S003,04,7,0,0,Left,0.5,2.5
S003,04,7,1,0,Left,0.75,2.75
S003,04,7,2,0,Left,1.0,3.0
S003,04,7,3,0,Left,1.25,3.25
S003,04,7,4,0,Left,1.5,3.5
S003,04,7,5,0,Left,1.75,3.75
S003,04,7,6,0,Left,2.0,4.0
S003,04,9,0,1,Right,0.5,2.5
S003,04,9,1,1,Right,0.75,2.75
S003,04,9,2,1,Right,1.0,3.0
S003,04,9,3,1,Right,1.25,3.25
S003,04,9,4,1,Right,1.5,3.5
S003,04,9,5,1,Right,1.75,3.75
S003,04,9,6,1,Right,2.0,4.0
S003,04,11,0,0,Left,0.5,2.5
S003,04,13,0,0,Left,0.5,2.5
S003,04,13,1,0,Left,0.75,2.75
S003,04,13,2,0,Left,1.0,3.0
S003,04,13,3,0,Left,1.25,3.25
S003,04,13,4,0,Left,1.5,3.5
S003,04,13,5,0,Left,1.75,3.75
S003,04,13,6,0,Left,2.0,4.0
S003,04,15,0,1,Right,0.5,2.5
S003,04,15,1,1,Right,0.75,2.75
S003,04,15,2,1,Right,1.0,3.0
S003,04,15,3,1,Right,1.25,3.25
S003,04,15,4,1,Right,1.5,3.5
S003,04,15,5,1,Right,1.75,3.75
S003,04,15,6,1,Right,2.0,4.0
S003,04,17,0,0,Left,0.5,2.5
S003,04,17,1,0,Left,0.75,2.75
S003,04,17,2,0,Left,1.0,3.0
S003,04,17,3,0,Left,1.25,3.25
S003,04,17,4,0,Left,1.5,3.5
S003,04,17,5,0,Left,1.75,3.75
S003,04,17,6,0,Left,2.0,4.0
S003,04,19,0,1,Right,0.5,2.5
S003,04,19,1,1,Right,0.75,2.75
S003,04,19,2,1,Right,1.0,3.0
S003,04,19,3,1,Right,1.25,3.25
S003,04,19,4,1,Right,1.5,3.5
S003,04,19,5,1,Right,1.75,3.75
S003,04,19,6,1,Right,2.0,4.0
S003,04,21,0,0,Left,0.5,2.5
S003,04,21,1,0,Left,0.75,2.75
S003,04,23,0,1,Right,0.5,2.5
S003,04,23,1,1,Right,0.75,2.75
S003,04,23,2,1,Right,1.0,3.0
S003,04,23,3,1,Right,1.25,3.25
S003,04,23,4,1,Right,1.5,3.5
S003,04,23,5,1,Right,1.75,3.75
S003,04,23,6,1,Right,2.0,4.0
S003,04,25,0,1,Right,0.5,2.5
S003,04,27,0,0,Left,0.5,2.5
S003,04,27,1,0,Left,0.75,2.75
S003,04,27,2,0,Left,1.0,3.0
S003,04,27,3,0,Left,1.25,3.25
S003,04,27,4,0,Left,1.5,3.5
S003,04,29,2,0,Left,1.0,3.0
S003,04,29,3,0,Left,1.25,3.25
S003,04,29,4,0,Left,1.5,3.5
S003,04,29,5,0,Left,1.75,3.75
S003,04,29,6,0,Left,2.0,4.0
S003,08,1,0,0,Left,0.5,2.5
S003,08,1,1,0,Left,0.75,2.75
S003,08,1,2,0,Left,1.0,3.0
S003,08,1,3,0,Left,1.25,3.25
S003,08,3,0,1,Right,0.5,2.5
S003,08,3,1,1,Right,0.75,2.75
S003,08,3,2,1,Right,1.0,3.0
S003,08,3,3,1,Right,1.25,3.25
S003,08,3,4,1,Right,1.5,3.5
S003,08,3,5,1,Right,1.75,3.75
S003,08,3,6,1,Right,2.0,4.0
S003,08,5,1,0,Left,0.75,2.75
S003,08,5,2,0,Left,1.0,3.0
S003,08,5,3,0,Left,1.25,3.25
S003,08,5,4,0,Left,1.5,3.5
S003,08,5,5,0,Left,1.75,3.75
S003,08,5,6,0,Left,2.0,4.0
S003,08,7,0,1,Right,0.5,2.5
S003,08,7,1,1,Right,0.75,2.75
S003,08,7,2,1,Right,1.0,3.0
S003,08,7,3,1,Right,1.25,3.25
S003,08,7,4,1,Right,1.5,3.5
S003,08,7,5,1,Right,1.75,3.75
S003,08,7,6,1,Right,2.0,4.0
S003,08,9,0,1,Right,0.5,2.5
S003,08,9,1,1,Right,0.75,2.75
S003,08,9,2,1,Right,1.0,3.0
S003,08,9,3,1,Right,1.25,3.25
S003,08,9,4,1,Right,1.5,3.5
S003,08,9,5,1,Right,1.75,3.75
S003,08,9,6,1,Right,2.0,4.0
S003,08,11,0,0,Left,0.5,2.5
S003,08,11,1,0,Left,0.75,2.75
S003,08,11,2,0,Left,1.0,3.0
S003,08,11,3,0,Left,1.25,3.25
S003,08,11,4,0,Left,1.5,3.5
S003,08,11,5,0,Left,1.75,3.75
S003,08,11,6,0,Left,2.0,4.0
S003,08,13,0,0,Left,0.5,2.5
S003,08,13,1,0,Left,0.75,2.75
S003,08,13,2,0,Left,1.0,3.0
S003,08,13,3,0,Left,1.25,3.25
S003,08,13,4,0,Left,1.5,3.5
S003,08,13,5,0,Left,1.75,3.75
S003,08,13,6,0,Left,2.0,4.0
S003,08,15,0,1,Right,0.5,2.5
S003,08,15,1,1,Right,0.75,2.75
S003,08,15,2,1,Right,1.0,3.0
S003,08,15,3,1,Right,1.25,3.25
S003,08,15,4,1,Right,1.5,3.5
S003,08,15,5,1,Right,1.75,3.75
S003,08,15,6,1,Right,2.0,4.0
S003,08,17,0,1,Right,0.5,2.5
S003,08,17,1,1,Right,0.75,2.75
S003,08,17,2,1,Right,1.0,3.0
S003,08,17,3,1,Right,1.25,3.25
S003,08,17,4,1,Right,1.5,3.5
S003,08,17,5,1,Right,1.75,3.75
S003,08,17,6,1,Right,2.0,4.0
S003,08,19,0,0,Left,0.5,2.5
S003,08,19,1,0,Left,0.75,2.75
S003,08,19,2,0,Left,1.0,3.0
S003,08,19,3,0,Left,1.25,3.25
S003,08,19,4,0,Left,1.5,3.5
S003,08,19,5,0,Left,1.75,3.75
S003,08,19,6,0,Left,2.0,4.0
S003,08,21,0,0,Left,0.5,2.5
S003,08,21,1,0,Left,0.75,2.75
S003,08,21,2,0,Left,1.0,3.0
S003,08,21,3,0,Left,1.25,3.25
S003,08,21,4,0,Left,1.5,3.5
S003,08,21,5,0,Left,1.75,3.75
S003,08,21,6,0,Left,2.0,4.0
S003,08,23,0,1,Right,0.5,2.5
S003,08,23,1,1,Right,0.75,2.75
S003,08,23,2,1,Right,1.0,3.0
S003,08,23,3,1,Right,1.25,3.25
S003,08,23,4,1,Right,1.5,3.5
S003,08,23,5,1,Right,1.75,3.75
S003,08,23,6,1,Right,2.0,4.0
S003,08,25,0,1,Right,0.5,2.5
S003,08,25,1,1,Right,0.75,2.75
S003,08,25,2,1,Right,1.0,3.0
S003,08,25,3,1,Right,1.25,3.25
S003,08,25,4,1,Right,1.5,3.5
S003,08,25,5,1,Right,1.75,3.75
S003,08,25,6,1,Right,2.0,4.0
S003,08,27,0,0,Left,0.5,2.5
S003,08,27,1,0,Left,0.75,2.75
S003,08,27,2,0,Left,1.0,3.0
S003,08,27,3,0,Left,1.25,3.25
S003,08,27,4,0,Left,1.5,3.5
S003,08,27,5,0,Left,1.75,3.75
S003,08,27,6,0,Left,2.0,4.0
S003,08,29,0,1,Right,0.5,2.5
S003,08,29,1,1,Right,0.75,2.75
S003,08,29,2,1,Right,1.0,3.0
S003,08,29,3,1,Right,1.25,3.25
S003,08,29,4,1,Right,1.5,3.5
S003,08,29,5,1,Right,1.75,3.75
S003,08,29,6,1,Right,2.0,4.0
S003,12,1,0,1,Right,0.5,2.5
S003,12,1,1,1,Right,0.75,2.75
S003,12,1,2,1,Right,1.0,3.0
S003,12,1,3,1,Right,1.25,3.25
S003,12,1,4,1,Right,1.5,3.5
S003,12,1,5,1,Right,1.75,3.75
S003,12,1,6,1,Right,2.0,4.0
S003,12,3,0,0,Left,0.5,2.5
S003,12,3,1,0,Left,0.75,2.75
S003,12,3,2,0,Left,1.0,3.0
S003,12,3,3,0,Left,1.25,3.25
S003,12,3,4,0,Left,1.5,3.5
S003,12,3,5,0,Left,1.75,3.75
S003,12,3,6,0,Left,2.0,4.0
S003,12,5,0,1,Right,0.5,2.5
S003,12,5,1,1,Right,0.75,2.75
S003,12,5,2,1,Right,1.0,3.0
S003,12,5,3,1,Right,1.25,3.25
S003,12,5,4,1,Right,1.5,3.5
S003,12,5,5,1,Right,1.75,3.75
S003,12,5,6,1,Right,2.0,4.0
S003,12,7,0,0,Left,0.5,2.5
S003,12,7,1,0,Left,0.75,2.75
S003,12,7,2,0,Left,1.0,3.0
S003,12,7,3,0,Left,1.25,3.25
S003,12,7,4,0,Left,1.5,3.5
S003,12,7,5,0,Left,1.75,3.75
S003,12,7,6,0,Left,2.0,4.0
S003,12,9,0,0,Left,0.5,2.5
S003,12,9,1,0,Left,0.75,2.75
S003,12,9,2,0,Left,1.0,3.0
S003,12,9,3,0,Left,1.25,3.25
S003,12,9,4,0,Left,1.5,3.5
S003,12,9,5,0,Left,1.75,3.75
S003,12,9,6,0,Left,2.0,4.0
S003,12,11,0,1,Right,0.5,2.5
S003,12,11,1,1,Right,0.75,2.75
S003,12,11,2,1,Right,1.0,3.0
S003,12,11,3,1,Right,1.25,3.25
S003,12,11,4,1,Right,1.5,3.5
S003,12,11,5,1,Right,1.75,3.75
S003,12,11,6,1,Right,2.0,4.0
S003,12,13,0,0,Left,0.5,2.5
S003,12,13,1,0,Left,0.75,2.75
S003,12,13,2,0,Left,1.0,3.0
S003,12,13,3,0,Left,1.25,3.25
S003,12,13,4,0,Left,1.5,3.5
S003,12,13,5,0,Left,1.75,3.75
S003,12,13,6,0,Left,2.0,4.0
S003,12,15,0,1,Right,0.5,2.5
S003,12,15,1,1,Right,0.75,2.75
S003,12,15,2,1,Right,1.0,3.0
S003,12,15,3,1,Right,1.25,3.25
S003,12,15,4,1,Right,1.5,3.5
S003,12,15,5,1,Right,1.75,3.75
S003,12,15,6,1,Right,2.0,4.0
S003,12,17,0,1,Right,0.5,2.5
S003,12,17,1,1,Right,0.75,2.75
S003,12,17,2,1,Right,1.0,3.0
S003,12,17,3,1,Right,1.25,3.25
S003,12,17,4,1,Right,1.5,3.5
S003,12,17,5,1,Right,1.75,3.75
S003,12,17,6,1,Right,2.0,4.0
S003,12,19,0,0,Left,0.5,2.5
S003,12,19,1,0,Left,0.75,2.75
S003,12,19,2,0,Left,1.0,3.0
S003,12,19,3,0,Left,1.25,3.25
S003,12,19,4,0,Left,1.5,3.5
S003,12,21,0,0,Left,0.5,2.5
S003,12,21,1,0,Left,0.75,2.75
S003,12,21,2,0,Left,1.0,3.0
S003,12,21,3,0,Left,1.25,3.25
S003,12,21,4,0,Left,1.5,3.5
S003,12,21,5,0,Left,1.75,3.75
S003,12,21,6,0,Left,2.0,4.0
S003,12,23,0,1,Right,0.5,2.5
S003,12,23,1,1,Right,0.75,2.75
S003,12,23,2,1,Right,1.0,3.0
S003,12,23,3,1,Right,1.25,3.25
S003,12,23,4,1,Right,1.5,3.5
S003,12,23,5,1,Right,1.75,3.75
S003,12,23,6,1,Right,2.0,4.0
S003,12,25,0,0,Left,0.5,2.5
S003,12,25,1,0,Left,0.75,2.75
S003,12,25,2,0,Left,1.0,3.0
S003,12,25,3,0,Left,1.25,3.25
S003,12,25,4,0,Left,1.5,3.5
S003,12,25,5,0,Left,1.75,3.75
S003,12,25,6,0,Left,2.0,4.0
S003,12,29,0,0,Left,0.5,2.5
S003,12,29,1,0,Left,0.75,2.75
S003,12,29,2,0,Left,1.0,3.0
S003,12,29,3,0,Left,1.25,3.25
S003,12,29,4,0,Left,1.5,3.5
S003,12,29,5,0,Left,1.75,3.75
S003,12,29,6,0,Left,2.0,4.0
S004,04,1,0,0,Left,0.5,2.5
S004,04,1,1,0,Left,0.75,2.75
S004,04,1,2,0,Left,1.0,3.0
S004,04,1,3,0,Left,1.25,3.25
S004,04,1,4,0,Left,1.5,3.5
S004,04,1,5,0,Left,1.75,3.75
S004,04,1,6,0,Left,2.0,4.0
S004,04,3,0,1,Right,0.5,2.5
S004,04,3,1,1,Right,0.75,2.75
S004,04,3,2,1,Right,1.0,3.0
S004,04,3,3,1,Right,1.25,3.25
S004,04,3,4,1,Right,1.5,3.5
S004,04,3,5,1,Right,1.75,3.75
S004,04,3,6,1,Right,2.0,4.0
S004,04,5,0,0,Left,0.5,2.5
S004,04,5,1,0,Left,0.75,2.75
S004,04,5,2,0,Left,1.0,3.0
S004,04,5,3,0,Left,1.25,3.25
S004,04,5,4,0,Left,1.5,3.5
S004,04,5,5,0,Left,1.75,3.75
S004,04,5,6,0,Left,2.0,4.0
S004,04,7,0,1,Right,0.5,2.5
S004,04,7,1,1,Right,0.75,2.75
S004,04,7,2,1,Right,1.0,3.0
S004,04,7,3,1,Right,1.25,3.25
S004,04,7,4,1,Right,1.5,3.5
S004,04,7,5,1,Right,1.75,3.75
S004,04,7,6,1,Right,2.0,4.0
S004,04,9,0,0,Left,0.5,2.5
S004,04,9,1,0,Left,0.75,2.75
S004,04,9,2,0,Left,1.0,3.0
S004,04,9,3,0,Left,1.25,3.25
S004,04,9,4,0,Left,1.5,3.5
S004,04,9,5,0,Left,1.75,3.75
S004,04,9,6,0,Left,2.0,4.0
S004,04,11,0,1,Right,0.5,2.5
S004,04,11,1,1,Right,0.75,2.75
S004,04,11,2,1,Right,1.0,3.0
S004,04,11,3,1,Right,1.25,3.25
S004,04,11,4,1,Right,1.5,3.5
S004,04,11,5,1,Right,1.75,3.75
S004,04,11,6,1,Right,2.0,4.0
S004,04,13,0,1,Right,0.5,2.5
S004,04,13,1,1,Right,0.75,2.75
S004,04,13,2,1,Right,1.0,3.0
S004,04,13,3,1,Right,1.25,3.25
S004,04,13,4,1,Right,1.5,3.5
S004,04,13,5,1,Right,1.75,3.75
S004,04,13,6,1,Right,2.0,4.0
S004,04,15,0,0,Left,0.5,2.5
S004,04,15,1,0,Left,0.75,2.75
S004,04,15,2,0,Left,1.0,3.0
S004,04,15,3,0,Left,1.25,3.25
S004,04,15,4,0,Left,1.5,3.5
S004,04,15,5,0,Left,1.75,3.75
S004,04,15,6,0,Left,2.0,4.0
S004,04,17,0,1,Right,0.5,2.5
S004,04,17,1,1,Right,0.75,2.75
S004,04,17,2,1,Right,1.0,3.0
S004,04,17,3,1,Right,1.25,3.25
S004,04,17,4,1,Right,1.5,3.5
S004,04,17,5,1,Right,1.75,3.75
S004,04,17,6,1,Right,2.0,4.0
S004,04,19,0,0,Left,0.5,2.5
S004,04,19,1,0,Left,0.75,2.75
S004,04,19,2,0,Left,1.0,3.0
S004,04,19,3,0,Left,1.25,3.25
S004,04,19,4,0,Left,1.5,3.5
S004,04,19,5,0,Left,1.75,3.75
S004,04,19,6,0,Left,2.0,4.0
S004,04,21,0,0,Left,0.5,2.5
S004,04,21,1,0,Left,0.75,2.75
S004,04,21,2,0,Left,1.0,3.0
S004,04,21,3,0,Left,1.25,3.25
S004,04,21,4,0,Left,1.5,3.5
S004,04,21,5,0,Left,1.75,3.75
S004,04,21,6,0,Left,2.0,4.0
S004,04,23,0,1,Right,0.5,2.5
S004,04,23,1,1,Right,0.75,2.75
S004,04,23,2,1,Right,1.0,3.0
S004,04,23,3,1,Right,1.25,3.25
S004,04,23,4,1,Right,1.5,3.5
S004,04,23,5,1,Right,1.75,3.75
S004,04,23,6,1,Right,2.0,4.0
S004,04,25,0,1,Right,0.5,2.5
S004,04,25,1,1,Right,0.75,2.75
S004,04,25,2,1,Right,1.0,3.0
S004,04,25,3,1,Right,1.25,3.25
S004,04,25,4,1,Right,1.5,3.5
S004,04,25,5,1,Right,1.75,3.75
S004,04,25,6,1,Right,2.0,4.0
S004,04,27,0,0,Left,0.5,2.5
S004,04,27,1,0,Left,0.75,2.75
S004,04,27,2,0,Left,1.0,3.0
S004,04,27,3,0,Left,1.25,3.25
S004,04,27,4,0,Left,1.5,3.5
S004,04,27,5,0,Left,1.75,3.75
S004,04,27,6,0,Left,2.0,4.0
S004,04,29,0,0,Left,0.5,2.5
S004,04,29,1,0,Left,0.75,2.75
S004,04,29,2,0,Left,1.0,3.0
S004,04,29,3,0,Left,1.25,3.25
S004,04,29,4,0,Left,1.5,3.5
S004,04,29,5,0,Left,1.75,3.75
S004,04,29,6,0,Left,2.0,4.0
S004,08,1,0,0,Left,0.5,2.5
S004,08,1,1,0,Left,0.75,2.75
S004,08,1,2,0,Left,1.0,3.0
S004,08,1,3,0,Left,1.25,3.25
S004,08,1,4,0,Left,1.5,3.5
S004,08,1,5,0,Left,1.75,3.75
S004,08,1,6,0,Left,2.0,4.0
S004,08,3,0,1,Right,0.5,2.5
S004,08,3,1,1,Right,0.75,2.75
S004,08,3,2,1,Right,1.0,3.0
S004,08,3,3,1,Right,1.25,3.25
S004,08,3,4,1,Right,1.5,3.5
S004,08,3,5,1,Right,1.75,3.75
S004,08,3,6,1,Right,2.0,4.0
S004,08,5,0,1,Right,0.5,2.5
S004,08,5,1,1,Right,0.75,2.75
S004,08,5,2,1,Right,1.0,3.0
S004,08,5,3,1,Right,1.25,3.25
S004,08,5,4,1,Right,1.5,3.5
S004,08,5,5,1,Right,1.75,3.75
S004,08,5,6,1,Right,2.0,4.0
S004,08,7,0,0,Left,0.5,2.5
S004,08,7,1,0,Left,0.75,2.75
S004,08,7,2,0,Left,1.0,3.0
S004,08,7,3,0,Left,1.25,3.25
S004,08,7,4,0,Left,1.5,3.5
S004,08,7,5,0,Left,1.75,3.75
S004,08,7,6,0,Left,2.0,4.0
S004,08,9,0,1,Right,0.5,2.5
S004,08,9,1,1,Right,0.75,2.75
S004,08,9,2,1,Right,1.0,3.0
S004,08,9,3,1,Right,1.25,3.25
S004,08,9,4,1,Right,1.5,3.5
S004,08,9,5,1,Right,1.75,3.75
S004,08,9,6,1,Right,2.0,4.0
S004,08,11,0,0,Left,0.5,2.5
S004,08,11,1,0,Left,0.75,2.75
S004,08,11,2,0,Left,1.0,3.0
S004,08,11,3,0,Left,1.25,3.25
S004,08,11,4,0,Left,1.5,3.5
S004,08,11,5,0,Left,1.75,3.75
S004,08,11,6,0,Left,2.0,4.0
S004,08,13,0,0,Left,0.5,2.5
S004,08,13,1,0,Left,0.75,2.75
S004,08,13,2,0,Left,1.0,3.0
S004,08,13,3,0,Left,1.25,3.25
S004,08,13,4,0,Left,1.5,3.5
S004,08,13,5,0,Left,1.75,3.75
S004,08,13,6,0,Left,2.0,4.0
S004,08,15,0,1,Right,0.5,2.5
S004,08,15,1,1,Right,0.75,2.75
S004,08,15,2,1,Right,1.0,3.0
S004,08,15,3,1,Right,1.25,3.25
S004,08,15,4,1,Right,1.5,3.5
S004,08,15,5,1,Right,1.75,3.75
S004,08,15,6,1,Right,2.0,4.0
S004,08,17,0,0,Left,0.5,2.5
S004,08,17,1,0,Left,0.75,2.75
S004,08,17,2,0,Left,1.0,3.0
S004,08,17,3,0,Left,1.25,3.25
S004,08,17,4,0,Left,1.5,3.5
S004,08,17,5,0,Left,1.75,3.75
S004,08,17,6,0,Left,2.0,4.0
S004,08,19,0,1,Right,0.5,2.5
S004,08,19,1,1,Right,0.75,2.75
S004,08,19,2,1,Right,1.0,3.0
S004,08,19,3,1,Right,1.25,3.25
S004,08,19,4,1,Right,1.5,3.5
S004,08,19,5,1,Right,1.75,3.75
S004,08,19,6,1,Right,2.0,4.0
S004,08,21,0,1,Right,0.5,2.5
S004,08,21,1,1,Right,0.75,2.75
S004,08,21,2,1,Right,1.0,3.0
S004,08,21,3,1,Right,1.25,3.25
S004,08,21,4,1,Right,1.5,3.5
S004,08,21,5,1,Right,1.75,3.75
S004,08,21,6,1,Right,2.0,4.0
S004,08,23,0,0,Left,0.5,2.5
S004,08,23,1,0,Left,0.75,2.75
S004,08,23,2,0,Left,1.0,3.0
S004,08,23,3,0,Left,1.25,3.25
S004,08,23,4,0,Left,1.5,3.5
S004,08,23,5,0,Left,1.75,3.75
S004,08,23,6,0,Left,2.0,4.0
S004,08,25,0,1,Right,0.5,2.5
S004,08,25,1,1,Right,0.75,2.75
S004,08,25,2,1,Right,1.0,3.0
S004,08,25,3,1,Right,1.25,3.25
S004,08,25,4,1,Right,1.5,3.5
S004,08,25,5,1,Right,1.75,3.75
S004,08,25,6,1,Right,2.0,4.0
S004,08,27,0,0,Left,0.5,2.5
S004,08,27,1,0,Left,0.75,2.75
S004,08,27,2,0,Left,1.0,3.0
S004,08,27,3,0,Left,1.25,3.25
S004,08,27,4,0,Left,1.5,3.5
S004,08,27,5,0,Left,1.75,3.75
S004,08,27,6,0,Left,2.0,4.0
S004,08,29,0,1,Right,0.5,2.5
S004,08,29,1,1,Right,0.75,2.75
S004,08,29,2,1,Right,1.0,3.0
S004,08,29,3,1,Right,1.25,3.25
S004,08,29,4,1,Right,1.5,3.5
S004,08,29,5,1,Right,1.75,3.75
S004,08,29,6,1,Right,2.0,4.0
S004,12,1,0,0,Left,0.5,2.5
S004,12,1,1,0,Left,0.75,2.75
S004,12,1,2,0,Left,1.0,3.0
S004,12,1,3,0,Left,1.25,3.25
S004,12,1,4,0,Left,1.5,3.5
S004,12,1,5,0,Left,1.75,3.75
S004,12,1,6,0,Left,2.0,4.0
S004,12,3,0,1,Right,0.5,2.5
S004,12,3,1,1,Right,0.75,2.75
S004,12,3,2,1,Right,1.0,3.0
S004,12,3,3,1,Right,1.25,3.25
S004,12,3,4,1,Right,1.5,3.5
S004,12,3,5,1,Right,1.75,3.75
S004,12,3,6,1,Right,2.0,4.0
S004,12,5,0,1,Right,0.5,2.5
S004,12,5,1,1,Right,0.75,2.75
S004,12,5,2,1,Right,1.0,3.0
S004,12,5,3,1,Right,1.25,3.25
S004,12,5,4,1,Right,1.5,3.5
S004,12,5,5,1,Right,1.75,3.75
S004,12,5,6,1,Right,2.0,4.0
S004,12,7,0,0,Left,0.5,2.5
S004,12,7,1,0,Left,0.75,2.75
S004,12,7,2,0,Left,1.0,3.0
S004,12,7,3,0,Left,1.25,3.25
S004,12,7,4,0,Left,1.5,3.5
S004,12,7,5,0,Left,1.75,3.75
S004,12,7,6,0,Left,2.0,4.0
S004,12,9,0,1,Right,0.5,2.5
S004,12,9,1,1,Right,0.75,2.75
S004,12,9,2,1,Right,1.0,3.0
S004,12,9,3,1,Right,1.25,3.25
S004,12,9,4,1,Right,1.5,3.5
S004,12,9,5,1,Right,1.75,3.75
S004,12,9,6,1,Right,2.0,4.0
S004,12,11,0,0,Left,0.5,2.5
S004,12,11,1,0,Left,0.75,2.75
S004,12,11,2,0,Left,1.0,3.0
S004,12,11,3,0,Left,1.25,3.25
S004,12,11,4,0,Left,1.5,3.5
S004,12,11,5,0,Left,1.75,3.75
S004,12,11,6,0,Left,2.0,4.0
S004,12,13,0,0,Left,0.5,2.5
S004,12,13,1,0,Left,0.75,2.75
S004,12,13,2,0,Left,1.0,3.0
S004,12,13,3,0,Left,1.25,3.25
S004,12,13,4,0,Left,1.5,3.5
S004,12,13,5,0,Left,1.75,3.75
S004,12,13,6,0,Left,2.0,4.0
S004,12,15,0,1,Right,0.5,2.5
S004,12,15,1,1,Right,0.75,2.75
S004,12,15,2,1,Right,1.0,3.0
S004,12,15,3,1,Right,1.25,3.25
S004,12,15,4,1,Right,1.5,3.5
S004,12,15,5,1,Right,1.75,3.75
S004,12,15,6,1,Right,2.0,4.0
S004,12,17,0,1,Right,0.5,2.5
S004,12,17,1,1,Right,0.75,2.75
S004,12,17,2,1,Right,1.0,3.0
S004,12,17,3,1,Right,1.25,3.25
S004,12,17,4,1,Right,1.5,3.5
S004,12,17,5,1,Right,1.75,3.75
S004,12,17,6,1,Right,2.0,4.0
S004,12,19,0,0,Left,0.5,2.5
S004,12,19,1,0,Left,0.75,2.75
S004,12,19,2,0,Left,1.0,3.0
S004,12,19,3,0,Left,1.25,3.25
S004,12,19,4,0,Left,1.5,3.5
S004,12,19,5,0,Left,1.75,3.75
S004,12,19,6,0,Left,2.0,4.0
S004,12,21,0,0,Left,0.5,2.5
S004,12,21,1,0,Left,0.75,2.75
S004,12,21,2,0,Left,1.0,3.0
S004,12,21,3,0,Left,1.25,3.25
S004,12,21,4,0,Left,1.5,3.5
S004,12,21,5,0,Left,1.75,3.75
S004,12,21,6,0,Left,2.0,4.0
S004,12,23,0,1,Right,0.5,2.5
S004,12,23,1,1,Right,0.75,2.75
S004,12,23,2,1,Right,1.0,3.0
S004,12,23,3,1,Right,1.25,3.25
S004,12,23,4,1,Right,1.5,3.5
S004,12,23,5,1,Right,1.75,3.75
S004,12,23,6,1,Right,2.0,4.0
S004,12,25,0,1,Right,0.5,2.5
S004,12,25,1,1,Right,0.75,2.75
S004,12,25,2,1,Right,1.0,3.0
S004,12,25,3,1,Right,1.25,3.25
S004,12,25,4,1,Right,1.5,3.5
S004,12,25,5,1,Right,1.75,3.75
S004,12,25,6,1,Right,2.0,4.0
S004,12,27,0,0,Left,0.5,2.5
S004,12,27,1,0,Left,0.75,2.75
S004,12,27,2,0,Left,1.0,3.0
S004,12,27,3,0,Left,1.25,3.25
S004,12,27,4,0,Left,1.5,3.5
S004,12,27,5,0,Left,1.75,3.75
S004,12,27,6,0,Left,2.0,4.0
S004,12,29,0,0,Left,0.5,2.5
S004,12,29,1,0,Left,0.75,2.75
S004,12,29,2,0,Left,1.0,3.0
S004,12,29,3,0,Left,1.25,3.25
S004,12,29,4,0,Left,1.5,3.5
S004,12,29,5,0,Left,1.75,3.75
S004,12,29,6,0,Left,2.0,4.0
S005,04,1,0,1,Right,0.5,2.5
S005,04,1,1,1,Right,0.75,2.75
S005,04,1,2,1,Right,1.0,3.0
S005,04,1,3,1,Right,1.25,3.25
S005,04,1,4,1,Right,1.5,3.5
S005,04,1,5,1,Right,1.75,3.75
S005,04,1,6,1,Right,2.0,4.0
S005,04,3,0,0,Left,0.5,2.5
S005,04,3,1,0,Left,0.75,2.75
S005,04,3,2,0,Left,1.0,3.0
S005,04,3,3,0,Left,1.25,3.25
S005,04,3,4,0,Left,1.5,3.5
S005,04,3,5,0,Left,1.75,3.75
S005,04,3,6,0,Left,2.0,4.0
S005,04,5,0,0,Left,0.5,2.5
S005,04,5,1,0,Left,0.75,2.75
S005,04,5,2,0,Left,1.0,3.0
S005,04,5,3,0,Left,1.25,3.25
S005,04,5,4,0,Left,1.5,3.5
S005,04,5,5,0,Left,1.75,3.75
S005,04,5,6,0,Left,2.0,4.0
S005,04,7,0,1,Right,0.5,2.5
S005,04,7,1,1,Right,0.75,2.75
S005,04,7,2,1,Right,1.0,3.0
S005,04,7,3,1,Right,1.25,3.25
S005,04,7,4,1,Right,1.5,3.5
S005,04,7,5,1,Right,1.75,3.75
S005,04,7,6,1,Right,2.0,4.0
S005,04,9,0,1,Right,0.5,2.5
S005,04,9,1,1,Right,0.75,2.75
S005,04,9,2,1,Right,1.0,3.0
S005,04,9,3,1,Right,1.25,3.25
S005,04,9,4,1,Right,1.5,3.5
S005,04,9,5,1,Right,1.75,3.75
S005,04,9,6,1,Right,2.0,4.0
S005,04,11,0,0,Left,0.5,2.5
S005,04,11,1,0,Left,0.75,2.75
S005,04,11,2,0,Left,1.0,3.0
S005,04,11,3,0,Left,1.25,3.25
S005,04,11,4,0,Left,1.5,3.5
S005,04,11,5,0,Left,1.75,3.75
S005,04,11,6,0,Left,2.0,4.0
S005,04,13,0,0,Left,0.5,2.5
S005,04,13,1,0,Left,0.75,2.75
S005,04,13,2,0,Left,1.0,3.0
S005,04,13,3,0,Left,1.25,3.25
S005,04,13,4,0,Left,1.5,3.5
S005,04,13,5,0,Left,1.75,3.75
S005,04,13,6,0,Left,2.0,4.0
S005,04,15,0,1,Right,0.5,2.5
S005,04,15,1,1,Right,0.75,2.75
S005,04,15,2,1,Right,1.0,3.0
S005,04,15,3,1,Right,1.25,3.25
S005,04,15,4,1,Right,1.5,3.5
S005,04,15,5,1,Right,1.75,3.75
S005,04,15,6,1,Right,2.0,4.0
S005,04,17,0,0,Left,0.5,2.5
S005,04,17,1,0,Left,0.75,2.75
S005,04,17,2,0,Left,1.0,3.0
S005,04,17,3,0,Left,1.25,3.25
S005,04,17,4,0,Left,1.5,3.5
S005,04,17,5,0,Left,1.75,3.75
S005,04,17,6,0,Left,2.0,4.0
S005,04,19,0,1,Right,0.5,2.5
S005,04,19,1,1,Right,0.75,2.75
S005,04,19,2,1,Right,1.0,3.0
S005,04,19,3,1,Right,1.25,3.25
S005,04,19,4,1,Right,1.5,3.5
S005,04,19,5,1,Right,1.75,3.75
S005,04,19,6,1,Right,2.0,4.0
S005,04,21,0,1,Right,0.5,2.5
S005,04,21,1,1,Right,0.75,2.75
S005,04,21,2,1,Right,1.0,3.0
S005,04,21,3,1,Right,1.25,3.25
S005,04,21,4,1,Right,1.5,3.5
S005,04,21,5,1,Right,1.75,3.75
S005,04,21,6,1,Right,2.0,4.0
S005,04,23,0,0,Left,0.5,2.5
S005,04,23,1,0,Left,0.75,2.75
S005,04,23,2,0,Left,1.0,3.0
S005,04,23,3,0,Left,1.25,3.25
S005,04,23,4,0,Left,1.5,3.5
S005,04,23,5,0,Left,1.75,3.75
S005,04,23,6,0,Left,2.0,4.0
S005,04,25,0,0,Left,0.5,2.5
S005,04,25,1,0,Left,0.75,2.75
S005,04,25,2,0,Left,1.0,3.0
S005,04,25,3,0,Left,1.25,3.25
S005,04,25,4,0,Left,1.5,3.5
S005,04,25,5,0,Left,1.75,3.75
S005,04,25,6,0,Left,2.0,4.0
S005,04,27,0,1,Right,0.5,2.5
S005,04,27,1,1,Right,0.75,2.75
S005,04,27,2,1,Right,1.0,3.0
S005,04,27,3,1,Right,1.25,3.25
S005,04,27,4,1,Right,1.5,3.5
S005,04,27,5,1,Right,1.75,3.75
S005,04,27,6,1,Right,2.0,4.0
S005,04,29,0,1,Right,0.5,2.5
S005,04,29,1,1,Right,0.75,2.75
S005,04,29,2,1,Right,1.0,3.0
S005,04,29,3,1,Right,1.25,3.25
S005,04,29,4,1,Right,1.5,3.5
S005,04,29,5,1,Right,1.75,3.75
S005,04,29,6,1,Right,2.0,4.0
S005,08,1,0,1,Right,0.5,2.5
S005,08,1,1,1,Right,0.75,2.75
S005,08,1,2,1,Right,1.0,3.0
S005,08,1,3,1,Right,1.25,3.25
S005,08,1,4,1,Right,1.5,3.5
S005,08,1,5,1,Right,1.75,3.75
S005,08,1,6,1,Right,2.0,4.0
S005,08,3,0,0,Left,0.5,2.5
S005,08,3,1,0,Left,0.75,2.75
S005,08,3,2,0,Left,1.0,3.0
S005,08,3,3,0,Left,1.25,3.25
S005,08,3,4,0,Left,1.5,3.5
S005,08,3,5,0,Left,1.75,3.75
S005,08,3,6,0,Left,2.0,4.0
S005,08,5,0,1,Right,0.5,2.5
S005,08,5,1,1,Right,0.75,2.75
S005,08,5,2,1,Right,1.0,3.0
S005,08,5,3,1,Right,1.25,3.25
S005,08,5,4,1,Right,1.5,3.5
S005,08,5,5,1,Right,1.75,3.75
S005,08,5,6,1,Right,2.0,4.0
S005,08,7,0,0,Left,0.5,2.5
S005,08,7,1,0,Left,0.75,2.75
S005,08,7,2,0,Left,1.0,3.0
S005,08,7,3,0,Left,1.25,3.25
S005,08,7,4,0,Left,1.5,3.5
S005,08,7,5,0,Left,1.75,3.75
S005,08,7,6,0,Left,2.0,4.0
S005,08,9,0,0,Left,0.5,2.5
S005,08,9,1,0,Left,0.75,2.75
S005,08,9,2,0,Left,1.0,3.0
S005,08,9,3,0,Left,1.25,3.25
S005,08,9,4,0,Left,1.5,3.5
S005,08,9,5,0,Left,1.75,3.75
S005,08,9,6,0,Left,2.0,4.0
S005,08,11,0,1,Right,0.5,2.5
S005,08,11,1,1,Right,0.75,2.75
S005,08,11,2,1,Right,1.0,3.0
S005,08,11,3,1,Right,1.25,3.25
S005,08,11,4,1,Right,1.5,3.5
S005,08,11,5,1,Right,1.75,3.75
S005,08,11,6,1,Right,2.0,4.0
S005,08,13,0,1,Right,0.5,2.5
S005,08,13,1,1,Right,0.75,2.75
S005,08,13,2,1,Right,1.0,3.0
S005,08,13,3,1,Right,1.25,3.25
S005,08,13,4,1,Right,1.5,3.5
S005,08,13,5,1,Right,1.75,3.75
S005,08,13,6,1,Right,2.0,4.0
S005,08,15,0,0,Left,0.5,2.5
S005,08,15,1,0,Left,0.75,2.75
S005,08,15,2,0,Left,1.0,3.0
S005,08,15,3,0,Left,1.25,3.25
S005,08,15,4,0,Left,1.5,3.5
S005,08,15,5,0,Left,1.75,3.75
S005,08,15,6,0,Left,2.0,4.0
S005,08,17,0,0,Left,0.5,2.5
S005,08,17,1,0,Left,0.75,2.75
S005,08,17,2,0,Left,1.0,3.0
S005,08,17,3,0,Left,1.25,3.25
S005,08,17,4,0,Left,1.5,3.5
S005,08,17,5,0,Left,1.75,3.75
S005,08,17,6,0,Left,2.0,4.0
S005,08,19,0,1,Right,0.5,2.5
S005,08,19,1,1,Right,0.75,2.75
S005,08,19,2,1,Right,1.0,3.0
S005,08,19,3,1,Right,1.25,3.25
S005,08,19,4,1,Right,1.5,3.5
S005,08,19,5,1,Right,1.75,3.75
S005,08,19,6,1,Right,2.0,4.0
S005,08,21,0,0,Left,0.5,2.5
S005,08,21,1,0,Left,0.75,2.75
S005,08,21,2,0,Left,1.0,3.0
S005,08,21,3,0,Left,1.25,3.25
S005,08,21,4,0,Left,1.5,3.5
S005,08,21,5,0,Left,1.75,3.75
S005,08,21,6,0,Left,2.0,4.0
S005,08,23,0,1,Right,0.5,2.5
S005,08,23,1,1,Right,0.75,2.75
S005,08,23,2,1,Right,1.0,3.0
S005,08,23,3,1,Right,1.25,3.25
S005,08,23,4,1,Right,1.5,3.5
S005,08,23,5,1,Right,1.75,3.75
S005,08,23,6,1,Right,2.0,4.0
S005,08,25,0,1,Right,0.5,2.5
S005,08,25,1,1,Right,0.75,2.75
S005,08,25,2,1,Right,1.0,3.0
S005,08,25,3,1,Right,1.25,3.25
S005,08,25,4,1,Right,1.5,3.5
S005,08,25,5,1,Right,1.75,3.75
S005,08,25,6,1,Right,2.0,4.0
S005,08,27,0,0,Left,0.5,2.5
S005,08,27,1,0,Left,0.75,2.75
S005,08,27,2,0,Left,1.0,3.0
S005,08,27,3,0,Left,1.25,3.25
S005,08,27,4,0,Left,1.5,3.5
S005,08,27,5,0,Left,1.75,3.75
S005,08,27,6,0,Left,2.0,4.0
S005,08,29,0,1,Right,0.5,2.5
S005,08,29,1,1,Right,0.75,2.75
S005,08,29,2,1,Right,1.0,3.0
S005,08,29,3,1,Right,1.25,3.25
S005,08,29,4,1,Right,1.5,3.5
S005,08,29,5,1,Right,1.75,3.75
S005,08,29,6,1,Right,2.0,4.0
S005,12,1,0,0,Left,0.5,2.5
S005,12,1,1,0,Left,0.75,2.75
S005,12,1,2,0,Left,1.0,3.0
S005,12,1,3,0,Left,1.25,3.25
S005,12,1,4,0,Left,1.5,3.5
S005,12,1,5,0,Left,1.75,3.75
S005,12,1,6,0,Left,2.0,4.0
S005,12,3,0,1,Right,0.5,2.5
S005,12,3,1,1,Right,0.75,2.75
S005,12,3,2,1,Right,1.0,3.0
S005,12,3,3,1,Right,1.25,3.25
S005,12,3,4,1,Right,1.5,3.5
S005,12,3,5,1,Right,1.75,3.75
S005,12,3,6,1,Right,2.0,4.0
S005,12,5,0,0,Left,0.5,2.5
S005,12,5,1,0,Left,0.75,2.75
S005,12,5,2,0,Left,1.0,3.0
S005,12,5,3,0,Left,1.25,3.25
S005,12,5,4,0,Left,1.5,3.5
S005,12,5,5,0,Left,1.75,3.75
S005,12,5,6,0,Left,2.0,4.0
S005,12,7,0,1,Right,0.5,2.5
S005,12,7,1,1,Right,0.75,2.75
S005,12,7,2,1,Right,1.0,3.0
S005,12,7,3,1,Right,1.25,3.25
S005,12,7,4,1,Right,1.5,3.5
S005,12,7,5,1,Right,1.75,3.75
S005,12,7,6,1,Right,2.0,4.0
S005,12,9,0,0,Left,0.5,2.5
S005,12,9,1,0,Left,0.75,2.75
S005,12,9,2,0,Left,1.0,3.0
S005,12,9,3,0,Left,1.25,3.25
S005,12,9,4,0,Left,1.5,3.5
S005,12,9,5,0,Left,1.75,3.75
S005,12,9,6,0,Left,2.0,4.0
S005,12,11,0,1,Right,0.5,2.5
S005,12,11,1,1,Right,0.75,2.75
S005,12,11,2,1,Right,1.0,3.0
S005,12,11,3,1,Right,1.25,3.25
S005,12,11,4,1,Right,1.5,3.5
S005,12,11,5,1,Right,1.75,3.75
S005,12,11,6,1,Right,2.0,4.0
S005,12,13,0,0,Left,0.5,2.5
S005,12,13,1,0,Left,0.75,2.75
S005,12,13,2,0,Left,1.0,3.0
S005,12,13,3,0,Left,1.25,3.25
S005,12,13,4,0,Left,1.5,3.5
S005,12,13,5,0,Left,1.75,3.75
S005,12,13,6,0,Left,2.0,4.0
S005,12,15,0,1,Right,0.5,2.5
S005,12,15,1,1,Right,0.75,2.75
S005,12,15,2,1,Right,1.0,3.0
S005,12,15,3,1,Right,1.25,3.25
S005,12,15,4,1,Right,1.5,3.5
S005,12,15,5,1,Right,1.75,3.75
S005,12,15,6,1,Right,2.0,4.0
S005,12,17,0,1,Right,0.5,2.5
S005,12,17,1,1,Right,0.75,2.75
S005,12,17,2,1,Right,1.0,3.0
S005,12,17,3,1,Right,1.25,3.25
S005,12,17,4,1,Right,1.5,3.5
S005,12,17,5,1,Right,1.75,3.75
S005,12,17,6,1,Right,2.0,4.0
S005,12,19,0,0,Left,0.5,2.5
S005,12,19,1,0,Left,0.75,2.75
S005,12,19,2,0,Left,1.0,3.0
S005,12,19,3,0,Left,1.25,3.25
S005,12,19,4,0,Left,1.5,3.5
S005,12,19,5,0,Left,1.75,3.75
S005,12,19,6,0,Left,2.0,4.0
S005,12,21,0,1,Right,0.5,2.5
S005,12,21,1,1,Right,0.75,2.75
S005,12,21,2,1,Right,1.0,3.0
S005,12,21,3,1,Right,1.25,3.25
S005,12,21,4,1,Right,1.5,3.5
S005,12,21,5,1,Right,1.75,3.75
S005,12,21,6,1,Right,2.0,4.0
S005,12,23,0,0,Left,0.5,2.5
S005,12,23,1,0,Left,0.75,2.75
S005,12,23,2,0,Left,1.0,3.0
S005,12,23,3,0,Left,1.25,3.25
S005,12,23,4,0,Left,1.5,3.5
S005,12,23,5,0,Left,1.75,3.75
S005,12,23,6,0,Left,2.0,4.0
S005,12,25,0,1,Right,0.5,2.5
S005,12,25,1,1,Right,0.75,2.75
S005,12,25,2,1,Right,1.0,3.0
S005,12,25,3,1,Right,1.25,3.25
S005,12,25,4,1,Right,1.5,3.5
S005,12,25,5,1,Right,1.75,3.75
S005,12,25,6,1,Right,2.0,4.0
S005,12,27,0,0,Left,0.5,2.5
S005,12,27,1,0,Left,0.75,2.75
S005,12,27,2,0,Left,1.0,3.0
S005,12,27,3,0,Left,1.25,3.25
S005,12,27,4,0,Left,1.5,3.5
S005,12,27,5,0,Left,1.75,3.75
S005,12,27,6,0,Left,2.0,4.0
S005,12,29,0,1,Right,0.5,2.5
S005,12,29,1,1,Right,0.75,2.75
S005,12,29,2,1,Right,1.0,3.0
S005,12,29,3,1,Right,1.25,3.25
S005,12,29,4,1,Right,1.5,3.5
S005,12,29,5,1,Right,1.75,3.75
S005,12,29,6,1,Right,2.0,4.0
S006,04,1,0,0,Left,0.5,2.5
S006,04,1,1,0,Left,0.75,2.75
S006,04,1,2,0,Left,1.0,3.0
S006,04,1,3,0,Left,1.25,3.25
S006,04,1,4,0,Left,1.5,3.5
S006,04,1,5,0,Left,1.75,3.75
S006,04,1,6,0,Left,2.0,4.0
S006,04,3,0,1,Right,0.5,2.5
S006,04,3,1,1,Right,0.75,2.75
S006,04,3,2,1,Right,1.0,3.0
S006,04,3,3,1,Right,1.25,3.25
S006,04,3,4,1,Right,1.5,3.5
S006,04,3,5,1,Right,1.75,3.75
S006,04,3,6,1,Right,2.0,4.0
S006,04,5,0,1,Right,0.5,2.5
S006,04,5,1,1,Right,0.75,2.75
S006,04,5,2,1,Right,1.0,3.0
S006,04,5,3,1,Right,1.25,3.25
S006,04,5,4,1,Right,1.5,3.5
S006,04,5,5,1,Right,1.75,3.75
S006,04,5,6,1,Right,2.0,4.0
S006,04,7,0,0,Left,0.5,2.5
S006,04,7,1,0,Left,0.75,2.75
S006,04,7,2,0,Left,1.0,3.0
S006,04,7,3,0,Left,1.25,3.25
S006,04,7,4,0,Left,1.5,3.5
S006,04,7,5,0,Left,1.75,3.75
S006,04,7,6,0,Left,2.0,4.0
S006,04,9,0,0,Left,0.5,2.5
S006,04,9,1,0,Left,0.75,2.75
S006,04,9,2,0,Left,1.0,3.0
S006,04,9,3,0,Left,1.25,3.25
S006,04,9,4,0,Left,1.5,3.5
S006,04,9,5,0,Left,1.75,3.75
S006,04,9,6,0,Left,2.0,4.0
S006,04,11,0,1,Right,0.5,2.5
S006,04,11,1,1,Right,0.75,2.75
S006,04,11,2,1,Right,1.0,3.0
S006,04,11,3,1,Right,1.25,3.25
S006,04,11,4,1,Right,1.5,3.5
S006,04,11,5,1,Right,1.75,3.75
S006,04,11,6,1,Right,2.0,4.0
S006,04,13,0,1,Right,0.5,2.5
S006,04,13,1,1,Right,0.75,2.75
S006,04,13,2,1,Right,1.0,3.0
S006,04,13,3,1,Right,1.25,3.25
S006,04,13,4,1,Right,1.5,3.5
S006,04,13,5,1,Right,1.75,3.75
S006,04,13,6,1,Right,2.0,4.0
S006,04,15,0,0,Left,0.5,2.5
S006,04,15,1,0,Left,0.75,2.75
S006,04,15,2,0,Left,1.0,3.0
S006,04,15,3,0,Left,1.25,3.25
S006,04,15,4,0,Left,1.5,3.5
S006,04,15,5,0,Left,1.75,3.75
S006,04,15,6,0,Left,2.0,4.0
S006,04,17,0,0,Left,0.5,2.5
S006,04,17,1,0,Left,0.75,2.75
S006,04,17,2,0,Left,1.0,3.0
S006,04,17,3,0,Left,1.25,3.25
S006,04,17,4,0,Left,1.5,3.5
S006,04,17,5,0,Left,1.75,3.75
S006,04,17,6,0,Left,2.0,4.0
S006,04,19,0,1,Right,0.5,2.5
S006,04,19,1,1,Right,0.75,2.75
S006,04,19,2,1,Right,1.0,3.0
S006,04,19,3,1,Right,1.25,3.25
S006,04,19,4,1,Right,1.5,3.5
S006,04,19,5,1,Right,1.75,3.75
S006,04,19,6,1,Right,2.0,4.0
S006,04,21,0,0,Left,0.5,2.5
S006,04,21,1,0,Left,0.75,2.75
S006,04,21,2,0,Left,1.0,3.0
S006,04,21,3,0,Left,1.25,3.25
S006,04,21,4,0,Left,1.5,3.5
S006,04,21,5,0,Left,1.75,3.75
S006,04,21,6,0,Left,2.0,4.0
S006,04,23,0,1,Right,0.5,2.5
S006,04,23,1,1,Right,0.75,2.75
S006,04,23,2,1,Right,1.0,3.0
S006,04,23,3,1,Right,1.25,3.25
S006,04,23,4,1,Right,1.5,3.5
S006,04,23,5,1,Right,1.75,3.75
S006,04,23,6,1,Right,2.0,4.0
S006,04,25,0,1,Right,0.5,2.5
S006,04,25,1,1,Right,0.75,2.75
S006,04,25,2,1,Right,1.0,3.0
S006,04,25,3,1,Right,1.25,3.25
S006,04,25,4,1,Right,1.5,3.5
S006,04,25,5,1,Right,1.75,3.75
S006,04,25,6,1,Right,2.0,4.0
S006,04,27,0,0,Left,0.5,2.5
S006,04,27,1,0,Left,0.75,2.75
S006,04,27,2,0,Left,1.0,3.0
S006,04,27,3,0,Left,1.25,3.25
S006,04,27,4,0,Left,1.5,3.5
S006,04,27,5,0,Left,1.75,3.75
S006,04,27,6,0,Left,2.0,4.0
S006,04,29,0,0,Left,0.5,2.5
S006,04,29,1,0,Left,0.75,2.75
S006,04,29,2,0,Left,1.0,3.0
S006,04,29,3,0,Left,1.25,3.25
S006,04,29,4,0,Left,1.5,3.5
S006,04,29,5,0,Left,1.75,3.75
S006,04,29,6,0,Left,2.0,4.0
S006,08,1,0,0,Left,0.5,2.5
S006,08,1,1,0,Left,0.75,2.75
S006,08,1,2,0,Left,1.0,3.0
S006,08,1,3,0,Left,1.25,3.25
S006,08,1,4,0,Left,1.5,3.5
S006,08,1,5,0,Left,1.75,3.75
S006,08,1,6,0,Left,2.0,4.0
S006,08,3,0,1,Right,0.5,2.5
S006,08,3,1,1,Right,0.75,2.75
S006,08,3,2,1,Right,1.0,3.0
S006,08,3,3,1,Right,1.25,3.25
S006,08,3,4,1,Right,1.5,3.5
S006,08,3,5,1,Right,1.75,3.75
S006,08,3,6,1,Right,2.0,4.0
S006,08,5,0,0,Left,0.5,2.5
S006,08,5,1,0,Left,0.75,2.75
S006,08,5,2,0,Left,1.0,3.0
S006,08,5,3,0,Left,1.25,3.25
S006,08,5,4,0,Left,1.5,3.5
S006,08,5,5,0,Left,1.75,3.75
S006,08,5,6,0,Left,2.0,4.0
S006,08,7,0,1,Right,0.5,2.5
S006,08,7,1,1,Right,0.75,2.75
S006,08,7,2,1,Right,1.0,3.0
S006,08,7,3,1,Right,1.25,3.25
S006,08,7,4,1,Right,1.5,3.5
S006,08,7,5,1,Right,1.75,3.75
S006,08,7,6,1,Right,2.0,4.0
S006,08,9,0,0,Left,0.5,2.5
S006,08,9,1,0,Left,0.75,2.75
S006,08,9,2,0,Left,1.0,3.0
S006,08,9,3,0,Left,1.25,3.25
S006,08,9,4,0,Left,1.5,3.5
S006,08,9,5,0,Left,1.75,3.75
S006,08,9,6,0,Left,2.0,4.0
S006,08,11,0,1,Right,0.5,2.5
S006,08,11,1,1,Right,0.75,2.75
S006,08,11,2,1,Right,1.0,3.0
S006,08,11,3,1,Right,1.25,3.25
S006,08,11,4,1,Right,1.5,3.5
S006,08,11,5,1,Right,1.75,3.75
S006,08,11,6,1,Right,2.0,4.0
S006,08,13,0,0,Left,0.5,2.5
S006,08,13,1,0,Left,0.75,2.75
S006,08,13,2,0,Left,1.0,3.0
S006,08,13,3,0,Left,1.25,3.25
S006,08,13,4,0,Left,1.5,3.5
S006,08,13,5,0,Left,1.75,3.75
S006,08,13,6,0,Left,2.0,4.0
S006,08,15,0,1,Right,0.5,2.5
S006,08,15,1,1,Right,0.75,2.75
S006,08,15,2,1,Right,1.0,3.0
S006,08,15,3,1,Right,1.25,3.25
S006,08,15,4,1,Right,1.5,3.5
S006,08,15,5,1,Right,1.75,3.75
S006,08,15,6,1,Right,2.0,4.0
S006,08,17,0,0,Left,0.5,2.5
S006,08,17,1,0,Left,0.75,2.75
S006,08,17,2,0,Left,1.0,3.0
S006,08,17,3,0,Left,1.25,3.25
S006,08,17,4,0,Left,1.5,3.5
S006,08,17,5,0,Left,1.75,3.75
S006,08,17,6,0,Left,2.0,4.0
S006,08,19,0,1,Right,0.5,2.5
S006,08,19,1,1,Right,0.75,2.75
S006,08,19,2,1,Right,1.0,3.0
S006,08,19,3,1,Right,1.25,3.25
S006,08,19,4,1,Right,1.5,3.5
S006,08,19,5,1,Right,1.75,3.75
S006,08,19,6,1,Right,2.0,4.0
S006,08,21,0,1,Right,0.5,2.5
S006,08,21,1,1,Right,0.75,2.75
S006,08,21,2,1,Right,1.0,3.0
S006,08,21,3,1,Right,1.25,3.25
S006,08,21,4,1,Right,1.5,3.5
S006,08,21,5,1,Right,1.75,3.75
S006,08,21,6,1,Right,2.0,4.0
S006,08,23,0,0,Left,0.5,2.5
S006,08,23,1,0,Left,0.75,2.75
S006,08,23,2,0,Left,1.0,3.0
S006,08,23,3,0,Left,1.25,3.25
S006,08,23,4,0,Left,1.5,3.5
S006,08,23,5,0,Left,1.75,3.75
S006,08,23,6,0,Left,2.0,4.0
S006,08,25,0,1,Right,0.5,2.5
S006,08,25,1,1,Right,0.75,2.75
S006,08,25,2,1,Right,1.0,3.0
S006,08,25,3,1,Right,1.25,3.25
S006,08,25,4,1,Right,1.5,3.5
S006,08,25,5,1,Right,1.75,3.75
S006,08,25,6,1,Right,2.0,4.0
S006,08,27,0,0,Left,0.5,2.5
S006,08,27,1,0,Left,0.75,2.75
S006,08,27,2,0,Left,1.0,3.0
S006,08,27,3,0,Left,1.25,3.25
S006,08,27,4,0,Left,1.5,3.5
S006,08,27,5,0,Left,1.75,3.75
S006,08,27,6,0,Left,2.0,4.0
S006,08,29,0,0,Left,0.5,2.5
S006,08,29,1,0,Left,0.75,2.75
S006,08,29,2,0,Left,1.0,3.0
S006,08,29,3,0,Left,1.25,3.25
S006,08,29,4,0,Left,1.5,3.5
S006,08,29,5,0,Left,1.75,3.75
S006,08,29,6,0,Left,2.0,4.0
S006,12,1,0,0,Left,0.5,2.5
S006,12,1,1,0,Left,0.75,2.75
S006,12,1,2,0,Left,1.0,3.0
S006,12,1,3,0,Left,1.25,3.25
S006,12,1,4,0,Left,1.5,3.5
S006,12,1,5,0,Left,1.75,3.75
S006,12,1,6,0,Left,2.0,4.0
S006,12,3,0,1,Right,0.5,2.5
S006,12,3,1,1,Right,0.75,2.75
S006,12,3,2,1,Right,1.0,3.0
S006,12,3,3,1,Right,1.25,3.25
S006,12,3,4,1,Right,1.5,3.5
S006,12,3,5,1,Right,1.75,3.75
S006,12,3,6,1,Right,2.0,4.0
S006,12,5,0,0,Left,0.5,2.5
S006,12,5,1,0,Left,0.75,2.75
S006,12,5,2,0,Left,1.0,3.0
S006,12,5,3,0,Left,1.25,3.25
S006,12,5,4,0,Left,1.5,3.5
S006,12,5,5,0,Left,1.75,3.75
S006,12,5,6,0,Left,2.0,4.0
S006,12,7,0,1,Right,0.5,2.5
S006,12,7,1,1,Right,0.75,2.75
S006,12,7,2,1,Right,1.0,3.0
S006,12,7,3,1,Right,1.25,3.25
S006,12,7,4,1,Right,1.5,3.5
S006,12,7,5,1,Right,1.75,3.75
S006,12,7,6,1,Right,2.0,4.0
S006,12,9,0,1,Right,0.5,2.5
S006,12,9,1,1,Right,0.75,2.75
S006,12,9,2,1,Right,1.0,3.0
S006,12,9,3,1,Right,1.25,3.25
S006,12,9,4,1,Right,1.5,3.5
S006,12,9,5,1,Right,1.75,3.75
S006,12,9,6,1,Right,2.0,4.0
S006,12,11,0,0,Left,0.5,2.5
S006,12,11,1,0,Left,0.75,2.75
S006,12,11,2,0,Left,1.0,3.0
S006,12,11,3,0,Left,1.25,3.25
S006,12,11,4,0,Left,1.5,3.5
S006,12,11,5,0,Left,1.75,3.75
S006,12,11,6,0,Left,2.0,4.0
S006,12,13,0,1,Right,0.5,2.5
S006,12,13,1,1,Right,0.75,2.75
S006,12,13,2,1,Right,1.0,3.0
S006,12,13,3,1,Right,1.25,3.25
S006,12,13,4,1,Right,1.5,3.5
S006,12,13,5,1,Right,1.75,3.75
S006,12,13,6,1,Right,2.0,4.0
S006,12,15,0,0,Left,0.5,2.5
S006,12,15,1,0,Left,0.75,2.75
S006,12,15,2,0,Left,1.0,3.0
S006,12,15,3,0,Left,1.25,3.25
S006,12,15,4,0,Left,1.5,3.5
S006,12,15,5,0,Left,1.75,3.75
S006,12,15,6,0,Left,2.0,4.0
S006,12,17,0,1,Right,0.5,2.5
S006,12,17,1,1,Right,0.75,2.75
S006,12,17,2,1,Right,1.0,3.0
S006,12,17,3,1,Right,1.25,3.25
S006,12,17,4,1,Right,1.5,3.5
S006,12,17,5,1,Right,1.75,3.75
S006,12,17,6,1,Right,2.0,4.0
S006,12,19,0,0,Left,0.5,2.5
S006,12,19,1,0,Left,0.75,2.75
S006,12,19,2,0,Left,1.0,3.0
S006,12,19,3,0,Left,1.25,3.25
S006,12,19,4,0,Left,1.5,3.5
S006,12,19,5,0,Left,1.75,3.75
S006,12,19,6,0,Left,2.0,4.0
S006,12,21,0,1,Right,0.5,2.5
S006,12,21,1,1,Right,0.75,2.75
S006,12,21,2,1,Right,1.0,3.0
S006,12,21,3,1,Right,1.25,3.25
S006,12,21,4,1,Right,1.5,3.5
S006,12,21,5,1,Right,1.75,3.75
S006,12,21,6,1,Right,2.0,4.0
S006,12,23,0,0,Left,0.5,2.5
S006,12,23,1,0,Left,0.75,2.75
S006,12,23,2,0,Left,1.0,3.0
S006,12,23,3,0,Left,1.25,3.25
S006,12,23,4,0,Left,1.5,3.5
S006,12,23,5,0,Left,1.75,3.75
S006,12,23,6,0,Left,2.0,4.0
S006,12,25,0,0,Left,0.5,2.5
S006,12,25,1,0,Left,0.75,2.75
S006,12,25,2,0,Left,1.0,3.0
S006,12,25,3,0,Left,1.25,3.25
S006,12,25,4,0,Left,1.5,3.5
S006,12,25,5,0,Left,1.75,3.75
S006,12,25,6,0,Left,2.0,4.0
S006,12,27,0,1,Right,0.5,2.5
S006,12,27,1,1,Right,0.75,2.75
S006,12,27,2,1,Right,1.0,3.0
S006,12,27,3,1,Right,1.25,3.25
S006,12,27,4,1,Right,1.5,3.5
S006,12,27,5,1,Right,1.75,3.75
S006,12,27,6,1,Right,2.0,4.0
S006,12,29,0,0,Left,0.5,2.5
S006,12,29,1,0,Left,0.75,2.75
S006,12,29,2,0,Left,1.0,3.0
S006,12,29,3,0,Left,1.25,3.25
S006,12,29,4,0,Left,1.5,3.5
S006,12,29,5,0,Left,1.75,3.75
S006,12,29,6,0,Left,2.0,4.0
S008,04,1,0,0,Left,0.5,2.5
S008,04,1,1,0,Left,0.75,2.75
S008,04,1,2,0,Left,1.0,3.0
S008,04,1,3,0,Left,1.25,3.25
S008,04,1,4,0,Left,1.5,3.5
S008,04,1,5,0,Left,1.75,3.75
S008,04,1,6,0,Left,2.0,4.0
S008,04,3,0,1,Right,0.5,2.5
S008,04,3,1,1,Right,0.75,2.75
S008,04,3,2,1,Right,1.0,3.0
S008,04,3,3,1,Right,1.25,3.25
S008,04,3,4,1,Right,1.5,3.5
S008,04,3,5,1,Right,1.75,3.75
S008,04,3,6,1,Right,2.0,4.0
S008,04,5,0,0,Left,0.5,2.5
S008,04,5,1,0,Left,0.75,2.75
S008,04,5,2,0,Left,1.0,3.0
S008,04,5,3,0,Left,1.25,3.25
S008,04,5,4,0,Left,1.5,3.5
S008,04,5,5,0,Left,1.75,3.75
S008,04,5,6,0,Left,2.0,4.0
S008,04,7,0,1,Right,0.5,2.5
S008,04,7,1,1,Right,0.75,2.75
S008,04,7,2,1,Right,1.0,3.0
S008,04,7,3,1,Right,1.25,3.25
S008,04,7,4,1,Right,1.5,3.5
S008,04,7,5,1,Right,1.75,3.75
S008,04,7,6,1,Right,2.0,4.0
S008,04,9,0,1,Right,0.5,2.5
S008,04,9,1,1,Right,0.75,2.75
S008,04,9,2,1,Right,1.0,3.0
S008,04,9,3,1,Right,1.25,3.25
S008,04,9,4,1,Right,1.5,3.5
S008,04,9,5,1,Right,1.75,3.75
S008,04,9,6,1,Right,2.0,4.0
S008,04,11,0,0,Left,0.5,2.5
S008,04,11,1,0,Left,0.75,2.75
S008,04,11,2,0,Left,1.0,3.0
S008,04,11,3,0,Left,1.25,3.25
S008,04,11,4,0,Left,1.5,3.5
S008,04,11,5,0,Left,1.75,3.75
S008,04,11,6,0,Left,2.0,4.0
S008,04,13,0,0,Left,0.5,2.5
S008,04,13,1,0,Left,0.75,2.75
S008,04,13,2,0,Left,1.0,3.0
S008,04,13,3,0,Left,1.25,3.25
S008,04,13,4,0,Left,1.5,3.5
S008,04,13,5,0,Left,1.75,3.75
S008,04,13,6,0,Left,2.0,4.0
S008,04,15,0,1,Right,0.5,2.5
S008,04,15,1,1,Right,0.75,2.75
S008,04,15,2,1,Right,1.0,3.0
S008,04,15,3,1,Right,1.25,3.25
S008,04,15,4,1,Right,1.5,3.5
S008,04,15,5,1,Right,1.75,3.75
S008,04,15,6,1,Right,2.0,4.0
S008,04,17,0,1,Right,0.5,2.5
S008,04,17,1,1,Right,0.75,2.75
S008,04,17,2,1,Right,1.0,3.0
S008,04,17,3,1,Right,1.25,3.25
S008,04,17,4,1,Right,1.5,3.5
S008,04,17,5,1,Right,1.75,3.75
S008,04,17,6,1,Right,2.0,4.0
S008,04,19,0,0,Left,0.5,2.5
S008,04,19,1,0,Left,0.75,2.75
S008,04,19,2,0,Left,1.0,3.0
S008,04,19,3,0,Left,1.25,3.25
S008,04,19,4,0,Left,1.5,3.5
S008,04,19,5,0,Left,1.75,3.75
S008,04,19,6,0,Left,2.0,4.0
S008,04,21,0,1,Right,0.5,2.5
S008,04,21,1,1,Right,0.75,2.75
S008,04,21,2,1,Right,1.0,3.0
S008,04,21,3,1,Right,1.25,3.25
S008,04,21,4,1,Right,1.5,3.5
S008,04,21,5,1,Right,1.75,3.75
S008,04,21,6,1,Right,2.0,4.0
S008,04,23,0,0,Left,0.5,2.5
S008,04,23,1,0,Left,0.75,2.75
S008,04,23,2,0,Left,1.0,3.0
S008,04,23,3,0,Left,1.25,3.25
S008,04,23,4,0,Left,1.5,3.5
S008,04,23,5,0,Left,1.75,3.75
S008,04,23,6,0,Left,2.0,4.0
S008,04,25,0,1,Right,0.5,2.5
S008,04,25,1,1,Right,0.75,2.75
S008,04,25,2,1,Right,1.0,3.0
S008,04,25,3,1,Right,1.25,3.25
S008,04,25,4,1,Right,1.5,3.5
S008,04,25,5,1,Right,1.75,3.75
S008,04,25,6,1,Right,2.0,4.0
S008,04,27,0,0,Left,0.5,2.5
S008,04,27,1,0,Left,0.75,2.75
S008,04,27,2,0,Left,1.0,3.0
S008,04,27,3,0,Left,1.25,3.25
S008,04,27,4,0,Left,1.5,3.5
S008,04,27,5,0,Left,1.75,3.75
S008,04,27,6,0,Left,2.0,4.0
S008,04,29,0,1,Right,0.5,2.5
S008,04,29,1,1,Right,0.75,2.75
S008,04,29,2,1,Right,1.0,3.0
S008,04,29,3,1,Right,1.25,3.25
S008,04,29,4,1,Right,1.5,3.5
S008,04,29,5,1,Right,1.75,3.75
S008,04,29,6,1,Right,2.0,4.0
S008,08,1,0,0,Left,0.5,2.5
S008,08,1,1,0,Left,0.75,2.75
S008,08,1,2,0,Left,1.0,3.0
S008,08,1,3,0,Left,1.25,3.25
S008,08,1,4,0,Left,1.5,3.5
S008,08,1,5,0,Left,1.75,3.75
S008,08,1,6,0,Left,2.0,4.0
S008,08,3,0,1,Right,0.5,2.5
S008,08,3,1,1,Right,0.75,2.75
S008,08,3,2,1,Right,1.0,3.0
S008,08,3,3,1,Right,1.25,3.25
S008,08,3,4,1,Right,1.5,3.5
S008,08,3,5,1,Right,1.75,3.75
S008,08,3,6,1,Right,2.0,4.0
S008,08,5,0,1,Right,0.5,2.5
S008,08,5,1,1,Right,0.75,2.75
S008,08,5,2,1,Right,1.0,3.0
S008,08,5,3,1,Right,1.25,3.25
S008,08,5,4,1,Right,1.5,3.5
S008,08,5,5,1,Right,1.75,3.75
S008,08,5,6,1,Right,2.0,4.0
S008,08,7,0,0,Left,0.5,2.5
S008,08,7,1,0,Left,0.75,2.75
S008,08,7,2,0,Left,1.0,3.0
S008,08,7,3,0,Left,1.25,3.25
S008,08,7,4,0,Left,1.5,3.5
S008,08,7,5,0,Left,1.75,3.75
S008,08,7,6,0,Left,2.0,4.0
S008,08,9,0,1,Right,0.5,2.5
S008,08,9,1,1,Right,0.75,2.75
S008,08,9,2,1,Right,1.0,3.0
S008,08,9,3,1,Right,1.25,3.25
S008,08,9,4,1,Right,1.5,3.5
S008,08,9,5,1,Right,1.75,3.75
S008,08,9,6,1,Right,2.0,4.0
S008,08,11,0,0,Left,0.5,2.5
S008,08,11,1,0,Left,0.75,2.75
S008,08,11,2,0,Left,1.0,3.0
S008,08,11,3,0,Left,1.25,3.25
S008,08,11,4,0,Left,1.5,3.5
S008,08,11,5,0,Left,1.75,3.75
S008,08,11,6,0,Left,2.0,4.0
S008,08,13,0,0,Left,0.5,2.5
S008,08,13,1,0,Left,0.75,2.75
S008,08,13,2,0,Left,1.0,3.0
S008,08,13,3,0,Left,1.25,3.25
S008,08,13,4,0,Left,1.5,3.5
S008,08,13,5,0,Left,1.75,3.75
S008,08,13,6,0,Left,2.0,4.0
S008,08,15,0,1,Right,0.5,2.5
S008,08,15,1,1,Right,0.75,2.75
S008,08,15,2,1,Right,1.0,3.0
S008,08,15,3,1,Right,1.25,3.25
S008,08,15,4,1,Right,1.5,3.5
S008,08,15,5,1,Right,1.75,3.75
S008,08,15,6,1,Right,2.0,4.0
S008,08,17,0,0,Left,0.5,2.5
S008,08,17,1,0,Left,0.75,2.75
S008,08,17,2,0,Left,1.0,3.0
S008,08,17,3,0,Left,1.25,3.25
S008,08,17,4,0,Left,1.5,3.5
S008,08,17,5,0,Left,1.75,3.75
S008,08,17,6,0,Left,2.0,4.0
S008,08,19,0,1,Right,0.5,2.5
S008,08,19,1,1,Right,0.75,2.75
S008,08,19,2,1,Right,1.0,3.0
S008,08,19,3,1,Right,1.25,3.25
S008,08,19,4,1,Right,1.5,3.5
S008,08,19,5,1,Right,1.75,3.75
S008,08,19,6,1,Right,2.0,4.0
S008,08,21,0,0,Left,0.5,2.5
S008,08,21,1,0,Left,0.75,2.75
S008,08,21,2,0,Left,1.0,3.0
S008,08,21,3,0,Left,1.25,3.25
S008,08,21,4,0,Left,1.5,3.5
S008,08,21,5,0,Left,1.75,3.75
S008,08,21,6,0,Left,2.0,4.0
S008,08,23,0,1,Right,0.5,2.5
S008,08,23,1,1,Right,0.75,2.75
S008,08,23,2,1,Right,1.0,3.0
S008,08,23,3,1,Right,1.25,3.25
S008,08,23,4,1,Right,1.5,3.5
S008,08,23,5,1,Right,1.75,3.75
S008,08,23,6,1,Right,2.0,4.0
S008,08,25,0,0,Left,0.5,2.5
S008,08,25,1,0,Left,0.75,2.75
S008,08,25,2,0,Left,1.0,3.0
S008,08,25,3,0,Left,1.25,3.25
S008,08,25,4,0,Left,1.5,3.5
S008,08,25,5,0,Left,1.75,3.75
S008,08,25,6,0,Left,2.0,4.0
S008,08,27,0,1,Right,0.5,2.5
S008,08,27,1,1,Right,0.75,2.75
S008,08,27,2,1,Right,1.0,3.0
S008,08,27,3,1,Right,1.25,3.25
S008,08,27,4,1,Right,1.5,3.5
S008,08,27,5,1,Right,1.75,3.75
S008,08,27,6,1,Right,2.0,4.0
S008,08,29,0,1,Right,0.5,2.5
S008,08,29,1,1,Right,0.75,2.75
S008,08,29,2,1,Right,1.0,3.0
S008,08,29,3,1,Right,1.25,3.25
S008,08,29,4,1,Right,1.5,3.5
S008,08,29,5,1,Right,1.75,3.75
S008,08,29,6,1,Right,2.0,4.0
S008,12,1,0,1,Right,0.5,2.5
S008,12,1,1,1,Right,0.75,2.75
S008,12,1,2,1,Right,1.0,3.0
S008,12,1,3,1,Right,1.25,3.25
S008,12,1,4,1,Right,1.5,3.5
S008,12,1,5,1,Right,1.75,3.75
S008,12,1,6,1,Right,2.0,4.0
S008,12,3,0,0,Left,0.5,2.5
S008,12,3,1,0,Left,0.75,2.75
S008,12,3,2,0,Left,1.0,3.0
S008,12,3,3,0,Left,1.25,3.25
S008,12,3,4,0,Left,1.5,3.5
S008,12,3,5,0,Left,1.75,3.75
S008,12,3,6,0,Left,2.0,4.0
S008,12,5,0,0,Left,0.5,2.5
S008,12,5,1,0,Left,0.75,2.75
S008,12,5,2,0,Left,1.0,3.0
S008,12,5,3,0,Left,1.25,3.25
S008,12,5,4,0,Left,1.5,3.5
S008,12,5,5,0,Left,1.75,3.75
S008,12,5,6,0,Left,2.0,4.0
S008,12,7,0,1,Right,0.5,2.5
S008,12,7,1,1,Right,0.75,2.75
S008,12,7,2,1,Right,1.0,3.0
S008,12,7,3,1,Right,1.25,3.25
S008,12,7,4,1,Right,1.5,3.5
S008,12,7,5,1,Right,1.75,3.75
S008,12,7,6,1,Right,2.0,4.0
S008,12,9,0,0,Left,0.5,2.5
S008,12,9,1,0,Left,0.75,2.75
S008,12,9,2,0,Left,1.0,3.0
S008,12,9,3,0,Left,1.25,3.25
S008,12,9,4,0,Left,1.5,3.5
S008,12,9,5,0,Left,1.75,3.75
S008,12,9,6,0,Left,2.0,4.0
S008,12,11,0,1,Right,0.5,2.5
S008,12,11,1,1,Right,0.75,2.75
S008,12,11,2,1,Right,1.0,3.0
S008,12,11,3,1,Right,1.25,3.25
S008,12,11,4,1,Right,1.5,3.5
S008,12,11,5,1,Right,1.75,3.75
S008,12,11,6,1,Right,2.0,4.0
S008,12,13,0,1,Right,0.5,2.5
S008,12,13,1,1,Right,0.75,2.75
S008,12,13,2,1,Right,1.0,3.0
S008,12,13,3,1,Right,1.25,3.25
S008,12,13,4,1,Right,1.5,3.5
S008,12,13,5,1,Right,1.75,3.75
S008,12,13,6,1,Right,2.0,4.0
S008,12,15,0,0,Left,0.5,2.5
S008,12,15,1,0,Left,0.75,2.75
S008,12,15,2,0,Left,1.0,3.0
S008,12,15,3,0,Left,1.25,3.25
S008,12,15,4,0,Left,1.5,3.5
S008,12,15,5,0,Left,1.75,3.75
S008,12,15,6,0,Left,2.0,4.0
S008,12,17,0,1,Right,0.5,2.5
S008,12,17,1,1,Right,0.75,2.75
S008,12,17,2,1,Right,1.0,3.0
S008,12,17,3,1,Right,1.25,3.25
S008,12,17,4,1,Right,1.5,3.5
S008,12,17,5,1,Right,1.75,3.75
S008,12,17,6,1,Right,2.0,4.0
S008,12,19,0,0,Left,0.5,2.5
S008,12,19,1,0,Left,0.75,2.75
S008,12,19,2,0,Left,1.0,3.0
S008,12,19,3,0,Left,1.25,3.25
S008,12,19,4,0,Left,1.5,3.5
S008,12,19,5,0,Left,1.75,3.75
S008,12,19,6,0,Left,2.0,4.0
S008,12,21,0,0,Left,0.5,2.5
S008,12,21,1,0,Left,0.75,2.75
S008,12,21,2,0,Left,1.0,3.0
S008,12,21,3,0,Left,1.25,3.25
S008,12,21,4,0,Left,1.5,3.5
S008,12,21,5,0,Left,1.75,3.75
S008,12,21,6,0,Left,2.0,4.0
S008,12,23,0,1,Right,0.5,2.5
S008,12,23,1,1,Right,0.75,2.75
S008,12,23,2,1,Right,1.0,3.0
S008,12,23,3,1,Right,1.25,3.25
S008,12,23,4,1,Right,1.5,3.5
S008,12,23,5,1,Right,1.75,3.75
S008,12,23,6,1,Right,2.0,4.0
S008,12,25,0,0,Left,0.5,2.5
S008,12,25,1,0,Left,0.75,2.75
S008,12,25,2,0,Left,1.0,3.0
S008,12,25,3,0,Left,1.25,3.25
S008,12,25,4,0,Left,1.5,3.5
S008,12,25,5,0,Left,1.75,3.75
S008,12,25,6,0,Left,2.0,4.0
S008,12,27,0,1,Right,0.5,2.5
S008,12,27,1,1,Right,0.75,2.75
S008,12,27,2,1,Right,1.0,3.0
S008,12,27,3,1,Right,1.25,3.25
S008,12,27,4,1,Right,1.5,3.5
S008,12,27,5,1,Right,1.75,3.75
S008,12,27,6,1,Right,2.0,4.0
S008,12,29,0,0,Left,0.5,2.5
S008,12,29,1,0,Left,0.75,2.75
S008,12,29,2,0,Left,1.0,3.0
S008,12,29,3,0,Left,1.25,3.25
S008,12,29,4,0,Left,1.5,3.5
S008,12,29,5,0,Left,1.75,3.75
S008,12,29,6,0,Left,2.0,4.0
S010,04,1,2,0,Left,1.0,3.0
S010,04,1,3,0,Left,1.25,3.25
S010,04,1,4,0,Left,1.5,3.5
S010,04,1,5,0,Left,1.75,3.75
S010,04,1,6,0,Left,2.0,4.0
S010,04,3,0,1,Right,0.5,2.5
S010,04,3,1,1,Right,0.75,2.75
S010,04,3,2,1,Right,1.0,3.0
S010,04,3,3,1,Right,1.25,3.25
S010,04,3,4,1,Right,1.5,3.5
S010,04,3,5,1,Right,1.75,3.75
S010,04,3,6,1,Right,2.0,4.0
S010,04,5,0,0,Left,0.5,2.5
S010,04,5,1,0,Left,0.75,2.75
S010,04,5,2,0,Left,1.0,3.0
S010,04,5,3,0,Left,1.25,3.25
S010,04,5,4,0,Left,1.5,3.5
S010,04,5,5,0,Left,1.75,3.75
S010,04,5,6,0,Left,2.0,4.0
S010,04,7,0,1,Right,0.5,2.5
S010,04,7,1,1,Right,0.75,2.75
S010,04,7,2,1,Right,1.0,3.0
S010,04,7,3,1,Right,1.25,3.25
S010,04,7,4,1,Right,1.5,3.5
S010,04,7,5,1,Right,1.75,3.75
S010,04,7,6,1,Right,2.0,4.0
S010,04,11,0,1,Right,0.5,2.5
S010,04,11,1,1,Right,0.75,2.75
S010,04,11,2,1,Right,1.0,3.0
S010,04,11,3,1,Right,1.25,3.25
S010,04,11,4,1,Right,1.5,3.5
S010,04,11,5,1,Right,1.75,3.75
S010,04,11,6,1,Right,2.0,4.0
S010,04,13,0,1,Right,0.5,2.5
S010,04,13,1,1,Right,0.75,2.75
S010,04,13,2,1,Right,1.0,3.0
S010,04,13,3,1,Right,1.25,3.25
S010,04,13,4,1,Right,1.5,3.5
S010,04,13,5,1,Right,1.75,3.75
S010,04,13,6,1,Right,2.0,4.0
S010,04,15,0,0,Left,0.5,2.5
S010,04,15,1,0,Left,0.75,2.75
S010,04,15,2,0,Left,1.0,3.0
S010,04,15,3,0,Left,1.25,3.25
S010,04,15,4,0,Left,1.5,3.5
S010,04,15,5,0,Left,1.75,3.75
S010,04,15,6,0,Left,2.0,4.0
S010,04,17,0,1,Right,0.5,2.5
S010,04,17,1,1,Right,0.75,2.75
S010,04,17,2,1,Right,1.0,3.0
S010,04,17,3,1,Right,1.25,3.25
S010,04,17,4,1,Right,1.5,3.5
S010,04,17,5,1,Right,1.75,3.75
S010,04,17,6,1,Right,2.0,4.0
S010,04,19,0,0,Left,0.5,2.5
S010,04,19,1,0,Left,0.75,2.75
S010,04,19,2,0,Left,1.0,3.0
S010,04,19,3,0,Left,1.25,3.25
S010,04,19,4,0,Left,1.5,3.5
S010,04,19,5,0,Left,1.75,3.75
S010,04,19,6,0,Left,2.0,4.0
S010,04,21,0,1,Right,0.5,2.5
S010,04,21,1,1,Right,0.75,2.75
S010,04,21,2,1,Right,1.0,3.0
S010,04,21,3,1,Right,1.25,3.25
S010,04,21,4,1,Right,1.5,3.5
S010,04,21,5,1,Right,1.75,3.75
S010,04,21,6,1,Right,2.0,4.0
S010,04,23,0,0,Left,0.5,2.5
S010,04,23,1,0,Left,0.75,2.75
S010,04,23,2,0,Left,1.0,3.0
S010,04,23,3,0,Left,1.25,3.25
S010,04,23,4,0,Left,1.5,3.5
S010,04,23,5,0,Left,1.75,3.75
S010,04,23,6,0,Left,2.0,4.0
S010,04,25,4,1,Right,1.5,3.5
S010,04,25,5,1,Right,1.75,3.75
S010,04,25,6,1,Right,2.0,4.0
S010,04,27,0,0,Left,0.5,2.5
S010,04,27,1,0,Left,0.75,2.75
S010,04,27,2,0,Left,1.0,3.0
S010,04,27,3,0,Left,1.25,3.25
S010,04,27,4,0,Left,1.5,3.5
S010,04,27,5,0,Left,1.75,3.75
S010,04,27,6,0,Left,2.0,4.0
S010,04,29,0,0,Left,0.5,2.5
S010,04,29,1,0,Left,0.75,2.75
S010,04,29,2,0,Left,1.0,3.0
S010,04,29,3,0,Left,1.25,3.25
S010,04,29,4,0,Left,1.5,3.5
S010,04,29,5,0,Left,1.75,3.75
S010,04,29,6,0,Left,2.0,4.0
S010,08,1,0,1,Right,0.5,2.5
S010,08,1,1,1,Right,0.75,2.75
S010,08,1,2,1,Right,1.0,3.0
S010,08,1,3,1,Right,1.25,3.25
S010,08,1,4,1,Right,1.5,3.5
S010,08,1,5,1,Right,1.75,3.75
S010,08,3,0,0,Left,0.5,2.5
S010,08,3,1,0,Left,0.75,2.75
S010,08,3,2,0,Left,1.0,3.0
S010,08,3,3,0,Left,1.25,3.25
S010,08,3,4,0,Left,1.5,3.5
S010,08,3,5,0,Left,1.75,3.75
S010,08,3,6,0,Left,2.0,4.0
S010,08,5,0,0,Left,0.5,2.5
S010,08,5,1,0,Left,0.75,2.75
S010,08,5,2,0,Left,1.0,3.0
S010,08,5,3,0,Left,1.25,3.25
S010,08,5,4,0,Left,1.5,3.5
S010,08,5,5,0,Left,1.75,3.75
S010,08,5,6,0,Left,2.0,4.0
S010,08,7,0,1,Right,0.5,2.5
S010,08,7,1,1,Right,0.75,2.75
S010,08,7,2,1,Right,1.0,3.0
S010,08,7,3,1,Right,1.25,3.25
S010,08,7,4,1,Right,1.5,3.5
S010,08,7,5,1,Right,1.75,3.75
S010,08,7,6,1,Right,2.0,4.0
S010,08,9,0,1,Right,0.5,2.5
S010,08,9,1,1,Right,0.75,2.75
S010,08,9,2,1,Right,1.0,3.0
S010,08,9,3,1,Right,1.25,3.25
S010,08,9,4,1,Right,1.5,3.5
S010,08,9,5,1,Right,1.75,3.75
S010,08,9,6,1,Right,2.0,4.0
S010,08,11,0,0,Left,0.5,2.5
S010,08,11,1,0,Left,0.75,2.75
S010,08,13,0,1,Right,0.5,2.5
S010,08,13,1,1,Right,0.75,2.75
S010,08,13,2,1,Right,1.0,3.0
S010,08,13,3,1,Right,1.25,3.25
S010,08,13,4,1,Right,1.5,3.5
S010,08,13,5,1,Right,1.75,3.75
S010,08,13,6,1,Right,2.0,4.0
S010,08,15,0,0,Left,0.5,2.5
S010,08,15,1,0,Left,0.75,2.75
S010,08,15,2,0,Left,1.0,3.0
S010,08,15,3,0,Left,1.25,3.25
S010,08,15,4,0,Left,1.5,3.5
S010,08,15,5,0,Left,1.75,3.75
S010,08,15,6,0,Left,2.0,4.0
S010,08,17,0,1,Right,0.5,2.5
S010,08,17,1,1,Right,0.75,2.75
S010,08,17,2,1,Right,1.0,3.0
S010,08,17,3,1,Right,1.25,3.25
S010,08,17,4,1,Right,1.5,3.5
S010,08,17,5,1,Right,1.75,3.75
S010,08,17,6,1,Right,2.0,4.0
S010,08,19,0,0,Left,0.5,2.5
S010,08,19,1,0,Left,0.75,2.75
S010,08,19,2,0,Left,1.0,3.0
S010,08,19,3,0,Left,1.25,3.25
S010,08,19,4,0,Left,1.5,3.5
S010,08,19,5,0,Left,1.75,3.75
S010,08,19,6,0,Left,2.0,4.0
S010,08,21,4,1,Right,1.5,3.5
S010,08,21,5,1,Right,1.75,3.75
S010,08,21,6,1,Right,2.0,4.0
S010,08,23,2,0,Left,1.0,3.0
S010,08,25,0,0,Left,0.5,2.5
S010,08,25,1,0,Left,0.75,2.75
S010,08,25,2,0,Left,1.0,3.0
S010,08,25,3,0,Left,1.25,3.25
S010,08,25,4,0,Left,1.5,3.5
S010,08,25,5,0,Left,1.75,3.75
S010,08,25,6,0,Left,2.0,4.0
S010,08,27,0,1,Right,0.5,2.5
S010,08,27,1,1,Right,0.75,2.75
S010,08,27,2,1,Right,1.0,3.0
S010,08,27,3,1,Right,1.25,3.25
S010,08,27,4,1,Right,1.5,3.5
S010,08,27,5,1,Right,1.75,3.75
S010,08,27,6,1,Right,2.0,4.0
S010,08,29,0,0,Left,0.5,2.5
S010,08,29,1,0,Left,0.75,2.75
S010,08,29,2,0,Left,1.0,3.0
S010,08,29,3,0,Left,1.25,3.25
S010,12,1,0,0,Left,0.5,2.5
S010,12,1,1,0,Left,0.75,2.75
S010,12,1,2,0,Left,1.0,3.0
S010,12,1,3,0,Left,1.25,3.25
S010,12,1,4,0,Left,1.5,3.5
S010,12,1,5,0,Left,1.75,3.75
S010,12,1,6,0,Left,2.0,4.0
S010,12,3,5,1,Right,1.75,3.75
S010,12,3,6,1,Right,2.0,4.0
S010,12,5,0,1,Right,0.5,2.5
S010,12,5,1,1,Right,0.75,2.75
S010,12,5,2,1,Right,1.0,3.0
S010,12,5,3,1,Right,1.25,3.25
S010,12,5,4,1,Right,1.5,3.5
S010,12,5,5,1,Right,1.75,3.75
S010,12,5,6,1,Right,2.0,4.0
S010,12,7,0,0,Left,0.5,2.5
S010,12,7,1,0,Left,0.75,2.75
S010,12,7,2,0,Left,1.0,3.0
S010,12,7,3,0,Left,1.25,3.25
S010,12,7,4,0,Left,1.5,3.5
S010,12,7,5,0,Left,1.75,3.75
S010,12,7,6,0,Left,2.0,4.0
S010,12,9,0,1,Right,0.5,2.5
S010,12,9,1,1,Right,0.75,2.75
S010,12,9,2,1,Right,1.0,3.0
S010,12,9,3,1,Right,1.25,3.25
S010,12,9,4,1,Right,1.5,3.5
S010,12,11,0,0,Left,0.5,2.5
S010,12,11,1,0,Left,0.75,2.75
S010,12,11,2,0,Left,1.0,3.0
S010,12,11,3,0,Left,1.25,3.25
S010,12,11,4,0,Left,1.5,3.5
S010,12,11,5,0,Left,1.75,3.75
S010,12,11,6,0,Left,2.0,4.0
S010,12,13,0,0,Left,0.5,2.5
S010,12,13,1,0,Left,0.75,2.75
S010,12,13,2,0,Left,1.0,3.0
S010,12,13,3,0,Left,1.25,3.25
S010,12,13,4,0,Left,1.5,3.5
S010,12,13,5,0,Left,1.75,3.75
S010,12,13,6,0,Left,2.0,4.0
S010,12,15,0,1,Right,0.5,2.5
S010,12,15,1,1,Right,0.75,2.75
S010,12,15,2,1,Right,1.0,3.0
S010,12,15,3,1,Right,1.25,3.25
S010,12,15,4,1,Right,1.5,3.5
S010,12,15,5,1,Right,1.75,3.75
S010,12,15,6,1,Right,2.0,4.0
S010,12,17,0,0,Left,0.5,2.5
S010,12,17,1,0,Left,0.75,2.75
S010,12,17,2,0,Left,1.0,3.0
S010,12,17,3,0,Left,1.25,3.25
S010,12,17,4,0,Left,1.5,3.5
S010,12,17,5,0,Left,1.75,3.75
S010,12,17,6,0,Left,2.0,4.0
S010,12,19,0,1,Right,0.5,2.5
S010,12,19,1,1,Right,0.75,2.75
S010,12,19,2,1,Right,1.0,3.0
S010,12,19,3,1,Right,1.25,3.25
S010,12,19,4,1,Right,1.5,3.5
S010,12,19,5,1,Right,1.75,3.75
S010,12,19,6,1,Right,2.0,4.0
S010,12,21,0,0,Left,0.5,2.5
S010,12,21,1,0,Left,0.75,2.75
S010,12,21,2,0,Left,1.0,3.0
S010,12,21,3,0,Left,1.25,3.25
S010,12,21,4,0,Left,1.5,3.5
S010,12,21,5,0,Left,1.75,3.75
S010,12,23,0,1,Right,0.5,2.5
S010,12,23,1,1,Right,0.75,2.75
S010,12,23,2,1,Right,1.0,3.0
S010,12,23,3,1,Right,1.25,3.25
S010,12,23,4,1,Right,1.5,3.5
S010,12,23,5,1,Right,1.75,3.75
S010,12,23,6,1,Right,2.0,4.0
S010,12,25,0,1,Right,0.5,2.5
S010,12,25,1,1,Right,0.75,2.75
S010,12,25,2,1,Right,1.0,3.0
S010,12,25,3,1,Right,1.25,3.25
S010,12,25,4,1,Right,1.5,3.5
S010,12,25,5,1,Right,1.75,3.75
S010,12,25,6,1,Right,2.0,4.0
S010,12,27,0,0,Left,0.5,2.5
S010,12,27,1,0,Left,0.75,2.75
S010,12,27,2,0,Left,1.0,3.0
S010,12,27,3,0,Left,1.25,3.25
S010,12,27,4,0,Left,1.5,3.5
S010,12,27,5,0,Left,1.75,3.75
S010,12,27,6,0,Left,2.0,4.0
S011,04,1,0,0,Left,0.5,2.5
S011,04,1,1,0,Left,0.75,2.75
S011,04,1,2,0,Left,1.0,3.0
S011,04,1,3,0,Left,1.25,3.25
S011,04,1,4,0,Left,1.5,3.5
S011,04,1,5,0,Left,1.75,3.75
S011,04,1,6,0,Left,2.0,4.0
S011,04,3,0,1,Right,0.5,2.5
S011,04,3,1,1,Right,0.75,2.75
S011,04,3,2,1,Right,1.0,3.0
S011,04,3,3,1,Right,1.25,3.25
S011,04,3,4,1,Right,1.5,3.5
S011,04,3,5,1,Right,1.75,3.75
S011,04,3,6,1,Right,2.0,4.0
S011,04,5,0,0,Left,0.5,2.5
S011,04,5,1,0,Left,0.75,2.75
S011,04,5,2,0,Left,1.0,3.0
S011,04,5,3,0,Left,1.25,3.25
S011,04,5,4,0,Left,1.5,3.5
S011,04,5,5,0,Left,1.75,3.75
S011,04,5,6,0,Left,2.0,4.0
S011,04,7,0,1,Right,0.5,2.5
S011,04,7,1,1,Right,0.75,2.75
S011,04,7,2,1,Right,1.0,3.0
S011,04,7,3,1,Right,1.25,3.25
S011,04,7,4,1,Right,1.5,3.5
S011,04,7,5,1,Right,1.75,3.75
S011,04,7,6,1,Right,2.0,4.0
S011,04,9,0,0,Left,0.5,2.5
S011,04,9,1,0,Left,0.75,2.75
S011,04,9,2,0,Left,1.0,3.0
S011,04,9,3,0,Left,1.25,3.25
S011,04,9,4,0,Left,1.5,3.5
S011,04,9,5,0,Left,1.75,3.75
S011,04,9,6,0,Left,2.0,4.0
S011,04,11,0,1,Right,0.5,2.5
S011,04,11,1,1,Right,0.75,2.75
S011,04,11,2,1,Right,1.0,3.0
S011,04,11,3,1,Right,1.25,3.25
S011,04,11,4,1,Right,1.5,3.5
S011,04,11,5,1,Right,1.75,3.75
S011,04,11,6,1,Right,2.0,4.0
S011,04,13,0,1,Right,0.5,2.5
S011,04,13,1,1,Right,0.75,2.75
S011,04,13,2,1,Right,1.0,3.0
S011,04,13,3,1,Right,1.25,3.25
S011,04,13,4,1,Right,1.5,3.5
S011,04,13,5,1,Right,1.75,3.75
S011,04,13,6,1,Right,2.0,4.0
S011,04,15,0,0,Left,0.5,2.5
S011,04,15,1,0,Left,0.75,2.75
S011,04,15,2,0,Left,1.0,3.0
S011,04,15,3,0,Left,1.25,3.25
S011,04,15,4,0,Left,1.5,3.5
S011,04,15,5,0,Left,1.75,3.75
S011,04,15,6,0,Left,2.0,4.0
S011,04,17,0,1,Right,0.5,2.5
S011,04,17,1,1,Right,0.75,2.75
S011,04,17,2,1,Right,1.0,3.0
S011,04,17,3,1,Right,1.25,3.25
S011,04,17,4,1,Right,1.5,3.5
S011,04,17,5,1,Right,1.75,3.75
S011,04,17,6,1,Right,2.0,4.0
S011,04,19,0,0,Left,0.5,2.5
S011,04,19,1,0,Left,0.75,2.75
S011,04,19,2,0,Left,1.0,3.0
S011,04,19,3,0,Left,1.25,3.25
S011,04,19,4,0,Left,1.5,3.5
S011,04,19,5,0,Left,1.75,3.75
S011,04,19,6,0,Left,2.0,4.0
S011,04,21,0,0,Left,0.5,2.5
S011,04,21,1,0,Left,0.75,2.75
S011,04,21,2,0,Left,1.0,3.0
S011,04,21,3,0,Left,1.25,3.25
S011,04,21,4,0,Left,1.5,3.5
S011,04,21,5,0,Left,1.75,3.75
S011,04,21,6,0,Left,2.0,4.0
S011,04,23,0,1,Right,0.5,2.5
S011,04,23,1,1,Right,0.75,2.75
S011,04,23,2,1,Right,1.0,3.0
S011,04,23,3,1,Right,1.25,3.25
S011,04,23,4,1,Right,1.5,3.5
S011,04,23,5,1,Right,1.75,3.75
S011,04,23,6,1,Right,2.0,4.0
S011,04,25,0,1,Right,0.5,2.5
S011,04,25,1,1,Right,0.75,2.75
S011,04,25,2,1,Right,1.0,3.0
S011,04,25,3,1,Right,1.25,3.25
S011,04,25,4,1,Right,1.5,3.5
S011,04,25,5,1,Right,1.75,3.75
S011,04,25,6,1,Right,2.0,4.0
S011,04,27,0,0,Left,0.5,2.5
S011,04,27,1,0,Left,0.75,2.75
S011,04,27,2,0,Left,1.0,3.0
S011,04,27,3,0,Left,1.25,3.25
S011,04,27,4,0,Left,1.5,3.5
S011,04,27,5,0,Left,1.75,3.75
S011,04,27,6,0,Left,2.0,4.0
S011,04,29,0,0,Left,0.5,2.5
S011,04,29,1,0,Left,0.75,2.75
S011,04,29,2,0,Left,1.0,3.0
S011,04,29,3,0,Left,1.25,3.25
S011,04,29,4,0,Left,1.5,3.5
S011,04,29,5,0,Left,1.75,3.75
S011,04,29,6,0,Left,2.0,4.0
S011,08,1,0,0,Left,0.5,2.5
S011,08,1,1,0,Left,0.75,2.75
S011,08,1,2,0,Left,1.0,3.0
S011,08,1,3,0,Left,1.25,3.25
S011,08,1,4,0,Left,1.5,3.5
S011,08,1,5,0,Left,1.75,3.75
S011,08,1,6,0,Left,2.0,4.0
S011,08,3,0,1,Right,0.5,2.5
S011,08,3,1,1,Right,0.75,2.75
S011,08,3,2,1,Right,1.0,3.0
S011,08,3,3,1,Right,1.25,3.25
S011,08,3,4,1,Right,1.5,3.5
S011,08,3,5,1,Right,1.75,3.75
S011,08,3,6,1,Right,2.0,4.0
S011,08,5,0,0,Left,0.5,2.5
S011,08,5,1,0,Left,0.75,2.75
S011,08,5,2,0,Left,1.0,3.0
S011,08,5,3,0,Left,1.25,3.25
S011,08,5,4,0,Left,1.5,3.5
S011,08,5,5,0,Left,1.75,3.75
S011,08,5,6,0,Left,2.0,4.0
S011,08,7,0,1,Right,0.5,2.5
S011,08,7,1,1,Right,0.75,2.75
S011,08,7,2,1,Right,1.0,3.0
S011,08,7,3,1,Right,1.25,3.25
S011,08,7,4,1,Right,1.5,3.5
S011,08,7,5,1,Right,1.75,3.75
S011,08,7,6,1,Right,2.0,4.0
S011,08,9,0,0,Left,0.5,2.5
S011,08,9,1,0,Left,0.75,2.75
S011,08,9,2,0,Left,1.0,3.0
S011,08,9,3,0,Left,1.25,3.25
S011,08,9,4,0,Left,1.5,3.5
S011,08,9,5,0,Left,1.75,3.75
S011,08,9,6,0,Left,2.0,4.0
S011,08,11,0,1,Right,0.5,2.5
S011,08,11,1,1,Right,0.75,2.75
S011,08,11,2,1,Right,1.0,3.0
S011,08,11,3,1,Right,1.25,3.25
S011,08,11,4,1,Right,1.5,3.5
S011,08,11,5,1,Right,1.75,3.75
S011,08,11,6,1,Right,2.0,4.0
S011,08,13,0,0,Left,0.5,2.5
S011,08,13,1,0,Left,0.75,2.75
S011,08,13,2,0,Left,1.0,3.0
S011,08,13,3,0,Left,1.25,3.25
S011,08,13,4,0,Left,1.5,3.5
S011,08,13,5,0,Left,1.75,3.75
S011,08,13,6,0,Left,2.0,4.0
S011,08,15,0,1,Right,0.5,2.5
S011,08,15,1,1,Right,0.75,2.75
S011,08,15,2,1,Right,1.0,3.0
S011,08,15,3,1,Right,1.25,3.25
S011,08,15,4,1,Right,1.5,3.5
S011,08,15,5,1,Right,1.75,3.75
S011,08,15,6,1,Right,2.0,4.0
S011,08,17,0,1,Right,0.5,2.5
S011,08,17,1,1,Right,0.75,2.75
S011,08,17,2,1,Right,1.0,3.0
S011,08,17,3,1,Right,1.25,3.25
S011,08,17,4,1,Right,1.5,3.5
S011,08,17,5,1,Right,1.75,3.75
S011,08,17,6,1,Right,2.0,4.0
S011,08,19,0,0,Left,0.5,2.5
S011,08,19,1,0,Left,0.75,2.75
S011,08,19,2,0,Left,1.0,3.0
S011,08,19,3,0,Left,1.25,3.25
S011,08,19,4,0,Left,1.5,3.5
S011,08,19,5,0,Left,1.75,3.75
S011,08,19,6,0,Left,2.0,4.0
S011,08,21,0,0,Left,0.5,2.5
S011,08,21,1,0,Left,0.75,2.75
S011,08,21,2,0,Left,1.0,3.0
S011,08,21,3,0,Left,1.25,3.25
S011,08,21,4,0,Left,1.5,3.5
S011,08,21,5,0,Left,1.75,3.75
S011,08,21,6,0,Left,2.0,4.0
S011,08,23,0,1,Right,0.5,2.5
S011,08,23,1,1,Right,0.75,2.75
S011,08,23,2,1,Right,1.0,3.0
S011,08,23,3,1,Right,1.25,3.25
S011,08,23,4,1,Right,1.5,3.5
S011,08,23,5,1,Right,1.75,3.75
S011,08,23,6,1,Right,2.0,4.0
S011,08,25,0,0,Left,0.5,2.5
S011,08,25,1,0,Left,0.75,2.75
S011,08,25,2,0,Left,1.0,3.0
S011,08,25,3,0,Left,1.25,3.25
S011,08,25,4,0,Left,1.5,3.5
S011,08,25,5,0,Left,1.75,3.75
S011,08,25,6,0,Left,2.0,4.0
S011,08,27,0,1,Right,0.5,2.5
S011,08,27,1,1,Right,0.75,2.75
S011,08,27,2,1,Right,1.0,3.0
S011,08,27,3,1,Right,1.25,3.25
S011,08,27,4,1,Right,1.5,3.5
S011,08,27,5,1,Right,1.75,3.75
S011,08,27,6,1,Right,2.0,4.0
S011,08,29,0,1,Right,0.5,2.5
S011,08,29,1,1,Right,0.75,2.75
S011,08,29,2,1,Right,1.0,3.0
S011,08,29,3,1,Right,1.25,3.25
S011,08,29,4,1,Right,1.5,3.5
S011,08,29,5,1,Right,1.75,3.75
S011,08,29,6,1,Right,2.0,4.0
S011,12,1,0,0,Left,0.5,2.5
S011,12,1,1,0,Left,0.75,2.75
S011,12,1,2,0,Left,1.0,3.0
S011,12,1,3,0,Left,1.25,3.25
S011,12,1,4,0,Left,1.5,3.5
S011,12,1,5,0,Left,1.75,3.75
S011,12,1,6,0,Left,2.0,4.0
S011,12,3,0,1,Right,0.5,2.5
S011,12,3,1,1,Right,0.75,2.75
S011,12,3,2,1,Right,1.0,3.0
S011,12,3,3,1,Right,1.25,3.25
S011,12,3,4,1,Right,1.5,3.5
S011,12,3,5,1,Right,1.75,3.75
S011,12,3,6,1,Right,2.0,4.0
S011,12,5,0,0,Left,0.5,2.5
S011,12,5,1,0,Left,0.75,2.75
S011,12,5,2,0,Left,1.0,3.0
S011,12,5,3,0,Left,1.25,3.25
S011,12,5,4,0,Left,1.5,3.5
S011,12,5,5,0,Left,1.75,3.75
S011,12,5,6,0,Left,2.0,4.0
S011,12,7,0,1,Right,0.5,2.5
S011,12,7,1,1,Right,0.75,2.75
S011,12,7,2,1,Right,1.0,3.0
S011,12,7,3,1,Right,1.25,3.25
S011,12,7,4,1,Right,1.5,3.5
S011,12,7,5,1,Right,1.75,3.75
S011,12,7,6,1,Right,2.0,4.0
S011,12,9,0,1,Right,0.5,2.5
S011,12,9,1,1,Right,0.75,2.75
S011,12,9,2,1,Right,1.0,3.0
S011,12,9,3,1,Right,1.25,3.25
S011,12,9,4,1,Right,1.5,3.5
S011,12,9,5,1,Right,1.75,3.75
S011,12,9,6,1,Right,2.0,4.0
S011,12,11,0,0,Left,0.5,2.5
S011,12,11,1,0,Left,0.75,2.75
S011,12,11,2,0,Left,1.0,3.0
S011,12,11,3,0,Left,1.25,3.25
S011,12,11,4,0,Left,1.5,3.5
S011,12,11,5,0,Left,1.75,3.75
S011,12,11,6,0,Left,2.0,4.0
S011,12,13,0,1,Right,0.5,2.5
S011,12,13,1,1,Right,0.75,2.75
S011,12,13,2,1,Right,1.0,3.0
S011,12,13,3,1,Right,1.25,3.25
S011,12,13,4,1,Right,1.5,3.5
S011,12,13,5,1,Right,1.75,3.75
S011,12,13,6,1,Right,2.0,4.0
S011,12,15,0,0,Left,0.5,2.5
S011,12,15,1,0,Left,0.75,2.75
S011,12,15,2,0,Left,1.0,3.0
S011,12,15,3,0,Left,1.25,3.25
S011,12,15,4,0,Left,1.5,3.5
S011,12,15,5,0,Left,1.75,3.75
S011,12,15,6,0,Left,2.0,4.0
S011,12,17,0,1,Right,0.5,2.5
S011,12,17,1,1,Right,0.75,2.75
S011,12,17,2,1,Right,1.0,3.0
S011,12,17,3,1,Right,1.25,3.25
S011,12,17,4,1,Right,1.5,3.5
S011,12,17,5,1,Right,1.75,3.75
S011,12,17,6,1,Right,2.0,4.0
S011,12,19,0,0,Left,0.5,2.5
S011,12,19,1,0,Left,0.75,2.75
S011,12,19,2,0,Left,1.0,3.0
S011,12,19,3,0,Left,1.25,3.25
S011,12,19,4,0,Left,1.5,3.5
S011,12,19,5,0,Left,1.75,3.75
S011,12,19,6,0,Left,2.0,4.0
S011,12,21,0,0,Left,0.5,2.5
S011,12,21,1,0,Left,0.75,2.75
S011,12,21,2,0,Left,1.0,3.0
S011,12,21,3,0,Left,1.25,3.25
S011,12,21,4,0,Left,1.5,3.5
S011,12,21,5,0,Left,1.75,3.75
S011,12,21,6,0,Left,2.0,4.0
S011,12,23,0,1,Right,0.5,2.5
S011,12,23,1,1,Right,0.75,2.75
S011,12,23,2,1,Right,1.0,3.0
S011,12,23,3,1,Right,1.25,3.25
S011,12,23,4,1,Right,1.5,3.5
S011,12,23,5,1,Right,1.75,3.75
S011,12,23,6,1,Right,2.0,4.0
S011,12,25,0,1,Right,0.5,2.5
S011,12,25,1,1,Right,0.75,2.75
S011,12,25,2,1,Right,1.0,3.0
S011,12,25,3,1,Right,1.25,3.25
S011,12,25,4,1,Right,1.5,3.5
S011,12,25,5,1,Right,1.75,3.75
S011,12,25,6,1,Right,2.0,4.0
S011,12,27,0,0,Left,0.5,2.5
S011,12,27,1,0,Left,0.75,2.75
S011,12,27,2,0,Left,1.0,3.0
S011,12,27,3,0,Left,1.25,3.25
S011,12,27,4,0,Left,1.5,3.5
S011,12,27,5,0,Left,1.75,3.75
S011,12,27,6,0,Left,2.0,4.0
S011,12,29,0,0,Left,0.5,2.5
S011,12,29,1,0,Left,0.75,2.75
S011,12,29,2,0,Left,1.0,3.0
S011,12,29,3,0,Left,1.25,3.25
S011,12,29,4,0,Left,1.5,3.5
S011,12,29,5,0,Left,1.75,3.75
S011,12,29,6,0,Left,2.0,4.0
S016,04,1,0,0,Left,0.5,2.5
S016,04,1,1,0,Left,0.75,2.75
S016,04,1,2,0,Left,1.0,3.0
S016,04,1,3,0,Left,1.25,3.25
S016,04,1,4,0,Left,1.5,3.5
S016,04,1,5,0,Left,1.75,3.75
S016,04,1,6,0,Left,2.0,4.0
S016,04,3,0,1,Right,0.5,2.5
S016,04,3,1,1,Right,0.75,2.75
S016,04,3,2,1,Right,1.0,3.0
S016,04,3,3,1,Right,1.25,3.25
S016,04,3,4,1,Right,1.5,3.5
S016,04,3,5,1,Right,1.75,3.75
S016,04,3,6,1,Right,2.0,4.0
S016,04,5,0,0,Left,0.5,2.5
S016,04,5,1,0,Left,0.75,2.75
S016,04,5,2,0,Left,1.0,3.0
S016,04,5,3,0,Left,1.25,3.25
S016,04,5,4,0,Left,1.5,3.5
S016,04,5,5,0,Left,1.75,3.75
S016,04,5,6,0,Left,2.0,4.0
S016,04,7,0,1,Right,0.5,2.5
S016,04,7,1,1,Right,0.75,2.75
S016,04,7,2,1,Right,1.0,3.0
S016,04,7,3,1,Right,1.25,3.25
S016,04,7,4,1,Right,1.5,3.5
S016,04,7,5,1,Right,1.75,3.75
S016,04,7,6,1,Right,2.0,4.0
S016,04,9,0,1,Right,0.5,2.5
S016,04,9,1,1,Right,0.75,2.75
S016,04,9,2,1,Right,1.0,3.0
S016,04,9,3,1,Right,1.25,3.25
S016,04,9,4,1,Right,1.5,3.5
S016,04,9,5,1,Right,1.75,3.75
S016,04,9,6,1,Right,2.0,4.0
S016,04,11,0,0,Left,0.5,2.5
S016,04,11,1,0,Left,0.75,2.75
S016,04,11,2,0,Left,1.0,3.0
S016,04,11,3,0,Left,1.25,3.25
S016,04,11,4,0,Left,1.5,3.5
S016,04,11,5,0,Left,1.75,3.75
S016,04,11,6,0,Left,2.0,4.0
S016,04,13,0,1,Right,0.5,2.5
S016,04,13,1,1,Right,0.75,2.75
S016,04,13,2,1,Right,1.0,3.0
S016,04,13,3,1,Right,1.25,3.25
S016,04,13,4,1,Right,1.5,3.5
S016,04,13,5,1,Right,1.75,3.75
S016,04,13,6,1,Right,2.0,4.0
S016,04,15,0,0,Left,0.5,2.5
S016,04,15,1,0,Left,0.75,2.75
S016,04,15,2,0,Left,1.0,3.0
S016,04,15,3,0,Left,1.25,3.25
S016,04,15,4,0,Left,1.5,3.5
S016,04,15,5,0,Left,1.75,3.75
S016,04,15,6,0,Left,2.0,4.0
S016,04,17,0,1,Right,0.5,2.5
S016,04,17,1,1,Right,0.75,2.75
S016,04,17,2,1,Right,1.0,3.0
S016,04,17,3,1,Right,1.25,3.25
S016,04,17,4,1,Right,1.5,3.5
S016,04,17,5,1,Right,1.75,3.75
S016,04,17,6,1,Right,2.0,4.0
S016,04,19,0,0,Left,0.5,2.5
S016,04,19,1,0,Left,0.75,2.75
S016,04,19,2,0,Left,1.0,3.0
S016,04,19,3,0,Left,1.25,3.25
S016,04,19,4,0,Left,1.5,3.5
S016,04,19,5,0,Left,1.75,3.75
S016,04,19,6,0,Left,2.0,4.0
S016,04,21,0,0,Left,0.5,2.5
S016,04,21,1,0,Left,0.75,2.75
S016,04,21,2,0,Left,1.0,3.0
S016,04,21,3,0,Left,1.25,3.25
S016,04,21,4,0,Left,1.5,3.5
S016,04,21,5,0,Left,1.75,3.75
S016,04,21,6,0,Left,2.0,4.0
S016,04,23,0,1,Right,0.5,2.5
S016,04,23,1,1,Right,0.75,2.75
S016,04,23,2,1,Right,1.0,3.0
S016,04,23,3,1,Right,1.25,3.25
S016,04,23,4,1,Right,1.5,3.5
S016,04,23,5,1,Right,1.75,3.75
S016,04,23,6,1,Right,2.0,4.0
S016,04,25,0,1,Right,0.5,2.5
S016,04,25,1,1,Right,0.75,2.75
S016,04,25,2,1,Right,1.0,3.0
S016,04,25,3,1,Right,1.25,3.25
S016,04,25,4,1,Right,1.5,3.5
S016,04,25,5,1,Right,1.75,3.75
S016,04,25,6,1,Right,2.0,4.0
S016,04,27,0,0,Left,0.5,2.5
S016,04,27,1,0,Left,0.75,2.75
S016,04,27,2,0,Left,1.0,3.0
S016,04,27,3,0,Left,1.25,3.25
S016,04,27,4,0,Left,1.5,3.5
S016,04,27,5,0,Left,1.75,3.75
S016,04,27,6,0,Left,2.0,4.0
S016,04,29,0,1,Right,0.5,2.5
S016,04,29,1,1,Right,0.75,2.75
S016,04,29,2,1,Right,1.0,3.0
S016,04,29,3,1,Right,1.25,3.25
S016,04,29,4,1,Right,1.5,3.5
S016,04,29,5,1,Right,1.75,3.75
S016,04,29,6,1,Right,2.0,4.0
S016,08,1,0,0,Left,0.5,2.5
S016,08,1,1,0,Left,0.75,2.75
S016,08,1,2,0,Left,1.0,3.0
S016,08,1,3,0,Left,1.25,3.25
S016,08,1,4,0,Left,1.5,3.5
S016,08,1,5,0,Left,1.75,3.75
S016,08,1,6,0,Left,2.0,4.0
S016,08,3,0,1,Right,0.5,2.5
S016,08,3,1,1,Right,0.75,2.75
S016,08,3,2,1,Right,1.0,3.0
S016,08,3,3,1,Right,1.25,3.25
S016,08,3,4,1,Right,1.5,3.5
S016,08,3,5,1,Right,1.75,3.75
S016,08,3,6,1,Right,2.0,4.0
S016,08,5,0,1,Right,0.5,2.5
S016,08,5,1,1,Right,0.75,2.75
S016,08,5,2,1,Right,1.0,3.0
S016,08,5,3,1,Right,1.25,3.25
S016,08,5,4,1,Right,1.5,3.5
S016,08,5,5,1,Right,1.75,3.75
S016,08,5,6,1,Right,2.0,4.0
S016,08,7,0,0,Left,0.5,2.5
S016,08,7,1,0,Left,0.75,2.75
S016,08,7,2,0,Left,1.0,3.0
S016,08,7,3,0,Left,1.25,3.25
S016,08,7,4,0,Left,1.5,3.5
S016,08,7,5,0,Left,1.75,3.75
S016,08,7,6,0,Left,2.0,4.0
S016,08,9,0,1,Right,0.5,2.5
S016,08,9,1,1,Right,0.75,2.75
S016,08,9,2,1,Right,1.0,3.0
S016,08,9,3,1,Right,1.25,3.25
S016,08,9,4,1,Right,1.5,3.5
S016,08,9,5,1,Right,1.75,3.75
S016,08,9,6,1,Right,2.0,4.0
S016,08,11,0,0,Left,0.5,2.5
S016,08,11,1,0,Left,0.75,2.75
S016,08,11,2,0,Left,1.0,3.0
S016,08,11,3,0,Left,1.25,3.25
S016,08,11,4,0,Left,1.5,3.5
S016,08,11,5,0,Left,1.75,3.75
S016,08,11,6,0,Left,2.0,4.0
S016,08,13,0,0,Left,0.5,2.5
S016,08,13,1,0,Left,0.75,2.75
S016,08,13,2,0,Left,1.0,3.0
S016,08,13,3,0,Left,1.25,3.25
S016,08,13,4,0,Left,1.5,3.5
S016,08,13,5,0,Left,1.75,3.75
S016,08,13,6,0,Left,2.0,4.0
S016,08,15,0,1,Right,0.5,2.5
S016,08,15,1,1,Right,0.75,2.75
S016,08,15,2,1,Right,1.0,3.0
S016,08,15,3,1,Right,1.25,3.25
S016,08,15,4,1,Right,1.5,3.5
S016,08,15,5,1,Right,1.75,3.75
S016,08,15,6,1,Right,2.0,4.0
S016,08,17,0,0,Left,0.5,2.5
S016,08,17,1,0,Left,0.75,2.75
S016,08,17,2,0,Left,1.0,3.0
S016,08,17,3,0,Left,1.25,3.25
S016,08,17,4,0,Left,1.5,3.5
S016,08,17,5,0,Left,1.75,3.75
S016,08,17,6,0,Left,2.0,4.0
S016,08,19,0,1,Right,0.5,2.5
S016,08,19,1,1,Right,0.75,2.75
S016,08,19,2,1,Right,1.0,3.0
S016,08,19,3,1,Right,1.25,3.25
S016,08,19,4,1,Right,1.5,3.5
S016,08,19,5,1,Right,1.75,3.75
S016,08,19,6,1,Right,2.0,4.0
S016,08,21,0,0,Left,0.5,2.5
S016,08,21,1,0,Left,0.75,2.75
S016,08,21,2,0,Left,1.0,3.0
S016,08,21,3,0,Left,1.25,3.25
S016,08,21,4,0,Left,1.5,3.5
S016,08,21,5,0,Left,1.75,3.75
S016,08,21,6,0,Left,2.0,4.0
S016,08,23,0,1,Right,0.5,2.5
S016,08,23,1,1,Right,0.75,2.75
S016,08,23,2,1,Right,1.0,3.0
S016,08,23,3,1,Right,1.25,3.25
S016,08,23,4,1,Right,1.5,3.5
S016,08,23,5,1,Right,1.75,3.75
S016,08,23,6,1,Right,2.0,4.0
S016,08,25,0,1,Right,0.5,2.5
S016,08,25,1,1,Right,0.75,2.75
S016,08,25,2,1,Right,1.0,3.0
S016,08,25,3,1,Right,1.25,3.25
S016,08,25,4,1,Right,1.5,3.5
S016,08,25,5,1,Right,1.75,3.75
S016,08,25,6,1,Right,2.0,4.0
S016,08,27,0,0,Left,0.5,2.5
S016,08,27,1,0,Left,0.75,2.75
S016,08,27,2,0,Left,1.0,3.0
S016,08,27,3,0,Left,1.25,3.25
S016,08,27,4,0,Left,1.5,3.5
S016,08,27,5,0,Left,1.75,3.75
S016,08,27,6,0,Left,2.0,4.0
S016,08,29,0,0,Left,0.5,2.5
S016,08,29,1,0,Left,0.75,2.75
S016,08,29,2,0,Left,1.0,3.0
S016,08,29,3,0,Left,1.25,3.25
S016,08,29,4,0,Left,1.5,3.5
S016,08,29,5,0,Left,1.75,3.75
S016,08,29,6,0,Left,2.0,4.0
S016,12,1,0,1,Right,0.5,2.5
S016,12,1,1,1,Right,0.75,2.75
S016,12,1,2,1,Right,1.0,3.0
S016,12,1,3,1,Right,1.25,3.25
S016,12,1,4,1,Right,1.5,3.5
S016,12,1,5,1,Right,1.75,3.75
S016,12,1,6,1,Right,2.0,4.0
S016,12,3,0,0,Left,0.5,2.5
S016,12,3,1,0,Left,0.75,2.75
S016,12,3,2,0,Left,1.0,3.0
S016,12,3,3,0,Left,1.25,3.25
S016,12,3,4,0,Left,1.5,3.5
S016,12,3,5,0,Left,1.75,3.75
S016,12,3,6,0,Left,2.0,4.0
S016,12,5,0,0,Left,0.5,2.5
S016,12,5,1,0,Left,0.75,2.75
S016,12,5,2,0,Left,1.0,3.0
S016,12,5,3,0,Left,1.25,3.25
S016,12,5,4,0,Left,1.5,3.5
S016,12,5,5,0,Left,1.75,3.75
S016,12,5,6,0,Left,2.0,4.0
S016,12,7,0,1,Right,0.5,2.5
S016,12,7,1,1,Right,0.75,2.75
S016,12,7,2,1,Right,1.0,3.0
S016,12,7,3,1,Right,1.25,3.25
S016,12,7,4,1,Right,1.5,3.5
S016,12,7,5,1,Right,1.75,3.75
S016,12,7,6,1,Right,2.0,4.0
S016,12,9,0,0,Left,0.5,2.5
S016,12,9,1,0,Left,0.75,2.75
S016,12,9,2,0,Left,1.0,3.0
S016,12,9,3,0,Left,1.25,3.25
S016,12,9,4,0,Left,1.5,3.5
S016,12,9,5,0,Left,1.75,3.75
S016,12,9,6,0,Left,2.0,4.0
S016,12,11,0,1,Right,0.5,2.5
S016,12,11,1,1,Right,0.75,2.75
S016,12,11,2,1,Right,1.0,3.0
S016,12,11,3,1,Right,1.25,3.25
S016,12,11,4,1,Right,1.5,3.5
S016,12,11,5,1,Right,1.75,3.75
S016,12,11,6,1,Right,2.0,4.0
S016,12,13,0,1,Right,0.5,2.5
S016,12,13,1,1,Right,0.75,2.75
S016,12,13,2,1,Right,1.0,3.0
S016,12,13,3,1,Right,1.25,3.25
S016,12,13,4,1,Right,1.5,3.5
S016,12,13,5,1,Right,1.75,3.75
S016,12,13,6,1,Right,2.0,4.0
S016,12,15,0,0,Left,0.5,2.5
S016,12,15,1,0,Left,0.75,2.75
S016,12,15,2,0,Left,1.0,3.0
S016,12,15,3,0,Left,1.25,3.25
S016,12,15,4,0,Left,1.5,3.5
S016,12,15,5,0,Left,1.75,3.75
S016,12,15,6,0,Left,2.0,4.0
S016,12,17,0,1,Right,0.5,2.5
S016,12,17,1,1,Right,0.75,2.75
S016,12,17,2,1,Right,1.0,3.0
S016,12,17,3,1,Right,1.25,3.25
S016,12,17,4,1,Right,1.5,3.5
S016,12,17,5,1,Right,1.75,3.75
S016,12,17,6,1,Right,2.0,4.0
S016,12,19,0,0,Left,0.5,2.5
S016,12,19,1,0,Left,0.75,2.75
S016,12,19,2,0,Left,1.0,3.0
S016,12,19,3,0,Left,1.25,3.25
S016,12,19,4,0,Left,1.5,3.5
S016,12,19,5,0,Left,1.75,3.75
S016,12,19,6,0,Left,2.0,4.0
S016,12,21,0,1,Right,0.5,2.5
S016,12,21,1,1,Right,0.75,2.75
S016,12,21,2,1,Right,1.0,3.0
S016,12,21,3,1,Right,1.25,3.25
S016,12,21,4,1,Right,1.5,3.5
S016,12,21,5,1,Right,1.75,3.75
S016,12,21,6,1,Right,2.0,4.0
S016,12,23,0,0,Left,0.5,2.5
S016,12,23,1,0,Left,0.75,2.75
S016,12,23,2,0,Left,1.0,3.0
S016,12,23,3,0,Left,1.25,3.25
S016,12,23,4,0,Left,1.5,3.5
S016,12,23,5,0,Left,1.75,3.75
S016,12,23,6,0,Left,2.0,4.0
S016,12,25,0,1,Right,0.5,2.5
S016,12,25,1,1,Right,0.75,2.75
S016,12,25,2,1,Right,1.0,3.0
S016,12,25,3,1,Right,1.25,3.25
S016,12,25,4,1,Right,1.5,3.5
S016,12,25,5,1,Right,1.75,3.75
S016,12,25,6,1,Right,2.0,4.0
S016,12,27,0,0,Left,0.5,2.5
S016,12,27,1,0,Left,0.75,2.75
S016,12,27,2,0,Left,1.0,3.0
S016,12,27,3,0,Left,1.25,3.25
S016,12,27,4,0,Left,1.5,3.5
S016,12,27,5,0,Left,1.75,3.75
S016,12,27,6,0,Left,2.0,4.0
S016,12,29,0,1,Right,0.5,2.5
S016,12,29,1,1,Right,0.75,2.75
S016,12,29,2,1,Right,1.0,3.0
S016,12,29,3,1,Right,1.25,3.25
S016,12,29,4,1,Right,1.5,3.5
S016,12,29,5,1,Right,1.75,3.75
S016,12,29,6,1,Right,2.0,4.0
S017,04,1,0,1,Right,0.5,2.5
S017,04,1,1,1,Right,0.75,2.75
S017,04,1,2,1,Right,1.0,3.0
S017,04,1,3,1,Right,1.25,3.25
S017,04,1,4,1,Right,1.5,3.5
S017,04,1,5,1,Right,1.75,3.75
S017,04,1,6,1,Right,2.0,4.0
S017,04,3,0,0,Left,0.5,2.5
S017,04,3,1,0,Left,0.75,2.75
S017,04,3,2,0,Left,1.0,3.0
S017,04,3,3,0,Left,1.25,3.25
S017,04,3,4,0,Left,1.5,3.5
S017,04,3,5,0,Left,1.75,3.75
S017,04,3,6,0,Left,2.0,4.0
S017,04,5,0,0,Left,0.5,2.5
S017,04,5,1,0,Left,0.75,2.75
S017,04,5,2,0,Left,1.0,3.0
S017,04,5,3,0,Left,1.25,3.25
S017,04,5,4,0,Left,1.5,3.5
S017,04,5,5,0,Left,1.75,3.75
S017,04,5,6,0,Left,2.0,4.0
S017,04,9,0,1,Right,0.5,2.5
S017,04,9,1,1,Right,0.75,2.75
S017,04,9,2,1,Right,1.0,3.0
S017,04,9,3,1,Right,1.25,3.25
S017,04,9,4,1,Right,1.5,3.5
S017,04,9,5,1,Right,1.75,3.75
S017,04,9,6,1,Right,2.0,4.0
S017,04,11,0,0,Left,0.5,2.5
S017,04,11,1,0,Left,0.75,2.75
S017,04,11,2,0,Left,1.0,3.0
S017,04,11,3,0,Left,1.25,3.25
S017,04,13,0,1,Right,0.5,2.5
S017,04,13,1,1,Right,0.75,2.75
S017,04,13,2,1,Right,1.0,3.0
S017,04,13,3,1,Right,1.25,3.25
S017,04,13,4,1,Right,1.5,3.5
S017,04,13,5,1,Right,1.75,3.75
S017,04,13,6,1,Right,2.0,4.0
S017,04,15,0,0,Left,0.5,2.5
S017,04,15,1,0,Left,0.75,2.75
S017,04,15,2,0,Left,1.0,3.0
S017,04,15,3,0,Left,1.25,3.25
S017,04,15,4,0,Left,1.5,3.5
S017,04,15,5,0,Left,1.75,3.75
S017,04,15,6,0,Left,2.0,4.0
S017,04,17,2,1,Right,1.0,3.0
S017,04,17,3,1,Right,1.25,3.25
S017,04,19,0,0,Left,0.5,2.5
S017,04,19,1,0,Left,0.75,2.75
S017,04,19,2,0,Left,1.0,3.0
S017,04,19,3,0,Left,1.25,3.25
S017,04,19,4,0,Left,1.5,3.5
S017,04,19,5,0,Left,1.75,3.75
S017,04,19,6,0,Left,2.0,4.0
S017,04,23,0,0,Left,0.5,2.5
S017,04,23,1,0,Left,0.75,2.75
S017,04,23,2,0,Left,1.0,3.0
S017,04,23,3,0,Left,1.25,3.25
S017,04,23,4,0,Left,1.5,3.5
S017,04,23,5,0,Left,1.75,3.75
S017,04,23,6,0,Left,2.0,4.0
S017,04,25,0,1,Right,0.5,2.5
S017,04,25,1,1,Right,0.75,2.75
S017,04,25,2,1,Right,1.0,3.0
S017,04,25,3,1,Right,1.25,3.25
S017,04,25,4,1,Right,1.5,3.5
S017,04,25,5,1,Right,1.75,3.75
S017,04,25,6,1,Right,2.0,4.0
S017,04,27,0,0,Left,0.5,2.5
S017,04,27,1,0,Left,0.75,2.75
S017,04,27,2,0,Left,1.0,3.0
S017,04,27,3,0,Left,1.25,3.25
S017,04,27,4,0,Left,1.5,3.5
S017,04,27,5,0,Left,1.75,3.75
S017,04,27,6,0,Left,2.0,4.0
S017,08,1,0,1,Right,0.5,2.5
S017,08,1,1,1,Right,0.75,2.75
S017,08,1,2,1,Right,1.0,3.0
S017,08,1,3,1,Right,1.25,3.25
S017,08,3,0,0,Left,0.5,2.5
S017,08,3,1,0,Left,0.75,2.75
S017,08,3,2,0,Left,1.0,3.0
S017,08,3,3,0,Left,1.25,3.25
S017,08,3,4,0,Left,1.5,3.5
S017,08,3,5,0,Left,1.75,3.75
S017,08,3,6,0,Left,2.0,4.0
S017,08,7,3,0,Left,1.25,3.25
S017,08,7,4,0,Left,1.5,3.5
S017,08,7,5,0,Left,1.75,3.75
S017,08,7,6,0,Left,2.0,4.0
S017,08,9,0,0,Left,0.5,2.5
S017,08,9,1,0,Left,0.75,2.75
S017,08,9,2,0,Left,1.0,3.0
S017,08,9,3,0,Left,1.25,3.25
S017,08,9,4,0,Left,1.5,3.5
S017,08,9,5,0,Left,1.75,3.75
S017,08,9,6,0,Left,2.0,4.0
S017,08,11,0,1,Right,0.5,2.5
S017,08,11,1,1,Right,0.75,2.75
S017,08,11,2,1,Right,1.0,3.0
S017,08,11,3,1,Right,1.25,3.25
S017,08,11,4,1,Right,1.5,3.5
S017,08,11,5,1,Right,1.75,3.75
S017,08,11,6,1,Right,2.0,4.0
S017,08,13,0,0,Left,0.5,2.5
S017,08,13,1,0,Left,0.75,2.75
S017,08,13,2,0,Left,1.0,3.0
S017,08,13,3,0,Left,1.25,3.25
S017,08,13,4,0,Left,1.5,3.5
S017,08,13,5,0,Left,1.75,3.75
S017,08,13,6,0,Left,2.0,4.0
S017,08,17,0,1,Right,0.5,2.5
S017,08,17,1,1,Right,0.75,2.75
S017,08,17,2,1,Right,1.0,3.0
S017,08,17,3,1,Right,1.25,3.25
S017,08,17,4,1,Right,1.5,3.5
S017,08,17,5,1,Right,1.75,3.75
S017,08,17,6,1,Right,2.0,4.0
S017,08,21,0,0,Left,0.5,2.5
S017,08,21,1,0,Left,0.75,2.75
S017,08,21,2,0,Left,1.0,3.0
S017,08,21,3,0,Left,1.25,3.25
S017,08,21,4,0,Left,1.5,3.5
S017,08,21,5,0,Left,1.75,3.75
S017,08,21,6,0,Left,2.0,4.0
S017,08,27,0,1,Right,0.5,2.5
S017,08,27,1,1,Right,0.75,2.75
S017,08,27,2,1,Right,1.0,3.0
S017,08,27,3,1,Right,1.25,3.25
S017,08,27,4,1,Right,1.5,3.5
S017,08,27,5,1,Right,1.75,3.75
S017,08,27,6,1,Right,2.0,4.0
S017,08,29,0,0,Left,0.5,2.5
S017,12,5,0,1,Right,0.5,2.5
S017,12,5,1,1,Right,0.75,2.75
S017,12,5,2,1,Right,1.0,3.0
S017,12,5,3,1,Right,1.25,3.25
S017,12,5,4,1,Right,1.5,3.5
S017,12,17,0,0,Left,0.5,2.5
S017,12,17,1,0,Left,0.75,2.75
S017,12,29,2,0,Left,1.0,3.0
S018,04,1,0,1,Right,0.5,2.5
S018,04,1,1,1,Right,0.75,2.75
S018,04,1,2,1,Right,1.0,3.0
S018,04,1,3,1,Right,1.25,3.25
S018,04,1,4,1,Right,1.5,3.5
S018,04,1,5,1,Right,1.75,3.75
S018,04,1,6,1,Right,2.0,4.0
S018,04,3,0,0,Left,0.5,2.5
S018,04,3,1,0,Left,0.75,2.75
S018,04,3,2,0,Left,1.0,3.0
S018,04,3,3,0,Left,1.25,3.25
S018,04,3,4,0,Left,1.5,3.5
S018,04,3,5,0,Left,1.75,3.75
S018,04,3,6,0,Left,2.0,4.0
S018,04,5,0,0,Left,0.5,2.5
S018,04,5,1,0,Left,0.75,2.75
S018,04,5,2,0,Left,1.0,3.0
S018,04,5,3,0,Left,1.25,3.25
S018,04,5,4,0,Left,1.5,3.5
S018,04,5,5,0,Left,1.75,3.75
S018,04,5,6,0,Left,2.0,4.0
S018,04,7,0,1,Right,0.5,2.5
S018,04,7,1,1,Right,0.75,2.75
S018,04,7,2,1,Right,1.0,3.0
S018,04,7,3,1,Right,1.25,3.25
S018,04,7,4,1,Right,1.5,3.5
S018,04,7,5,1,Right,1.75,3.75
S018,04,7,6,1,Right,2.0,4.0
S018,04,9,0,0,Left,0.5,2.5
S018,04,9,1,0,Left,0.75,2.75
S018,04,9,2,0,Left,1.0,3.0
S018,04,9,3,0,Left,1.25,3.25
S018,04,9,4,0,Left,1.5,3.5
S018,04,9,5,0,Left,1.75,3.75
S018,04,9,6,0,Left,2.0,4.0
S018,04,11,0,1,Right,0.5,2.5
S018,04,11,1,1,Right,0.75,2.75
S018,04,11,2,1,Right,1.0,3.0
S018,04,11,3,1,Right,1.25,3.25
S018,04,11,4,1,Right,1.5,3.5
S018,04,11,5,1,Right,1.75,3.75
S018,04,11,6,1,Right,2.0,4.0
S018,04,13,0,1,Right,0.5,2.5
S018,04,13,1,1,Right,0.75,2.75
S018,04,13,2,1,Right,1.0,3.0
S018,04,13,3,1,Right,1.25,3.25
S018,04,13,4,1,Right,1.5,3.5
S018,04,13,5,1,Right,1.75,3.75
S018,04,13,6,1,Right,2.0,4.0
S018,04,15,0,0,Left,0.5,2.5
S018,04,15,1,0,Left,0.75,2.75
S018,04,15,2,0,Left,1.0,3.0
S018,04,15,3,0,Left,1.25,3.25
S018,04,15,4,0,Left,1.5,3.5
S018,04,15,5,0,Left,1.75,3.75
S018,04,15,6,0,Left,2.0,4.0
S018,04,17,0,0,Left,0.5,2.5
S018,04,17,1,0,Left,0.75,2.75
S018,04,17,2,0,Left,1.0,3.0
S018,04,17,3,0,Left,1.25,3.25
S018,04,17,4,0,Left,1.5,3.5
S018,04,17,5,0,Left,1.75,3.75
S018,04,17,6,0,Left,2.0,4.0
S018,04,19,0,1,Right,0.5,2.5
S018,04,19,1,1,Right,0.75,2.75
S018,04,19,2,1,Right,1.0,3.0
S018,04,19,3,1,Right,1.25,3.25
S018,04,19,4,1,Right,1.5,3.5
S018,04,19,5,1,Right,1.75,3.75
S018,04,19,6,1,Right,2.0,4.0
S018,04,21,0,0,Left,0.5,2.5
S018,04,21,1,0,Left,0.75,2.75
S018,04,21,2,0,Left,1.0,3.0
S018,04,21,3,0,Left,1.25,3.25
S018,04,21,4,0,Left,1.5,3.5
S018,04,21,5,0,Left,1.75,3.75
S018,04,21,6,0,Left,2.0,4.0
S018,04,23,0,1,Right,0.5,2.5
S018,04,23,1,1,Right,0.75,2.75
S018,04,23,2,1,Right,1.0,3.0
S018,04,23,3,1,Right,1.25,3.25
S018,04,23,4,1,Right,1.5,3.5
S018,04,23,5,1,Right,1.75,3.75
S018,04,23,6,1,Right,2.0,4.0
S018,04,25,0,1,Right,0.5,2.5
S018,04,25,1,1,Right,0.75,2.75
S018,04,25,2,1,Right,1.0,3.0
S018,04,25,3,1,Right,1.25,3.25
S018,04,25,4,1,Right,1.5,3.5
S018,04,25,5,1,Right,1.75,3.75
S018,04,25,6,1,Right,2.0,4.0
S018,04,27,0,0,Left,0.5,2.5
S018,04,27,1,0,Left,0.75,2.75
S018,04,27,2,0,Left,1.0,3.0
S018,04,27,3,0,Left,1.25,3.25
S018,04,27,4,0,Left,1.5,3.5
S018,04,27,5,0,Left,1.75,3.75
S018,04,27,6,0,Left,2.0,4.0
S018,04,29,0,1,Right,0.5,2.5
S018,04,29,1,1,Right,0.75,2.75
S018,04,29,2,1,Right,1.0,3.0
S018,04,29,3,1,Right,1.25,3.25
S018,04,29,4,1,Right,1.5,3.5
S018,04,29,5,1,Right,1.75,3.75
S018,04,29,6,1,Right,2.0,4.0
S018,08,1,0,1,Right,0.5,2.5
S018,08,1,1,1,Right,0.75,2.75
S018,08,1,2,1,Right,1.0,3.0
S018,08,1,3,1,Right,1.25,3.25
S018,08,1,4,1,Right,1.5,3.5
S018,08,1,5,1,Right,1.75,3.75
S018,08,1,6,1,Right,2.0,4.0
S018,08,3,0,0,Left,0.5,2.5
S018,08,3,1,0,Left,0.75,2.75
S018,08,3,2,0,Left,1.0,3.0
S018,08,3,3,0,Left,1.25,3.25
S018,08,3,4,0,Left,1.5,3.5
S018,08,3,5,0,Left,1.75,3.75
S018,08,3,6,0,Left,2.0,4.0
S018,08,5,0,0,Left,0.5,2.5
S018,08,5,1,0,Left,0.75,2.75
S018,08,5,2,0,Left,1.0,3.0
S018,08,5,3,0,Left,1.25,3.25
S018,08,5,4,0,Left,1.5,3.5
S018,08,5,5,0,Left,1.75,3.75
S018,08,5,6,0,Left,2.0,4.0
S018,08,7,0,1,Right,0.5,2.5
S018,08,7,1,1,Right,0.75,2.75
S018,08,7,2,1,Right,1.0,3.0
S018,08,7,3,1,Right,1.25,3.25
S018,08,7,4,1,Right,1.5,3.5
S018,08,7,5,1,Right,1.75,3.75
S018,08,7,6,1,Right,2.0,4.0
S018,08,9,0,0,Left,0.5,2.5
S018,08,9,1,0,Left,0.75,2.75
S018,08,9,2,0,Left,1.0,3.0
S018,08,9,3,0,Left,1.25,3.25
S018,08,9,4,0,Left,1.5,3.5
S018,08,9,5,0,Left,1.75,3.75
S018,08,9,6,0,Left,2.0,4.0
S018,08,11,0,1,Right,0.5,2.5
S018,08,11,1,1,Right,0.75,2.75
S018,08,11,2,1,Right,1.0,3.0
S018,08,11,3,1,Right,1.25,3.25
S018,08,11,4,1,Right,1.5,3.5
S018,08,11,5,1,Right,1.75,3.75
S018,08,11,6,1,Right,2.0,4.0
S018,08,13,0,0,Left,0.5,2.5
S018,08,13,1,0,Left,0.75,2.75
S018,08,13,2,0,Left,1.0,3.0
S018,08,13,3,0,Left,1.25,3.25
S018,08,13,4,0,Left,1.5,3.5
S018,08,13,5,0,Left,1.75,3.75
S018,08,13,6,0,Left,2.0,4.0
S018,08,15,0,1,Right,0.5,2.5
S018,08,15,1,1,Right,0.75,2.75
S018,08,15,2,1,Right,1.0,3.0
S018,08,15,3,1,Right,1.25,3.25
S018,08,15,4,1,Right,1.5,3.5
S018,08,15,5,1,Right,1.75,3.75
S018,08,15,6,1,Right,2.0,4.0
S018,08,17,0,0,Left,0.5,2.5
S018,08,17,1,0,Left,0.75,2.75
S018,08,17,2,0,Left,1.0,3.0
S018,08,17,3,0,Left,1.25,3.25
S018,08,17,4,0,Left,1.5,3.5
S018,08,17,5,0,Left,1.75,3.75
S018,08,17,6,0,Left,2.0,4.0
S018,08,19,0,1,Right,0.5,2.5
S018,08,19,1,1,Right,0.75,2.75
S018,08,19,2,1,Right,1.0,3.0
S018,08,19,3,1,Right,1.25,3.25
S018,08,19,4,1,Right,1.5,3.5
S018,08,19,5,1,Right,1.75,3.75
S018,08,19,6,1,Right,2.0,4.0
S018,08,21,0,0,Left,0.5,2.5
S018,08,21,1,0,Left,0.75,2.75
S018,08,21,2,0,Left,1.0,3.0
S018,08,21,3,0,Left,1.25,3.25
S018,08,21,4,0,Left,1.5,3.5
S018,08,21,5,0,Left,1.75,3.75
S018,08,21,6,0,Left,2.0,4.0
S018,08,23,0,1,Right,0.5,2.5
S018,08,23,1,1,Right,0.75,2.75
S018,08,23,2,1,Right,1.0,3.0
S018,08,23,3,1,Right,1.25,3.25
S018,08,23,4,1,Right,1.5,3.5
S018,08,23,5,1,Right,1.75,3.75
S018,08,23,6,1,Right,2.0,4.0
S018,08,25,0,1,Right,0.5,2.5
S018,08,25,1,1,Right,0.75,2.75
S018,08,25,2,1,Right,1.0,3.0
S018,08,25,3,1,Right,1.25,3.25
S018,08,25,4,1,Right,1.5,3.5
S018,08,25,5,1,Right,1.75,3.75
S018,08,25,6,1,Right,2.0,4.0
S018,08,27,0,0,Left,0.5,2.5
S018,08,27,1,0,Left,0.75,2.75
S018,08,27,2,0,Left,1.0,3.0
S018,08,27,3,0,Left,1.25,3.25
S018,08,27,4,0,Left,1.5,3.5
S018,08,27,5,0,Left,1.75,3.75
S018,08,27,6,0,Left,2.0,4.0
S018,08,29,0,0,Left,0.5,2.5
S018,08,29,1,0,Left,0.75,2.75
S018,08,29,2,0,Left,1.0,3.0
S018,08,29,3,0,Left,1.25,3.25
S018,08,29,4,0,Left,1.5,3.5
S018,08,29,5,0,Left,1.75,3.75
S018,08,29,6,0,Left,2.0,4.0
S018,12,1,0,0,Left,0.5,2.5
S018,12,1,1,0,Left,0.75,2.75
S018,12,1,2,0,Left,1.0,3.0
S018,12,1,3,0,Left,1.25,3.25
S018,12,1,4,0,Left,1.5,3.5
S018,12,1,5,0,Left,1.75,3.75
S018,12,1,6,0,Left,2.0,4.0
S018,12,3,0,1,Right,0.5,2.5
S018,12,3,1,1,Right,0.75,2.75
S018,12,3,2,1,Right,1.0,3.0
S018,12,3,3,1,Right,1.25,3.25
S018,12,3,4,1,Right,1.5,3.5
S018,12,3,5,1,Right,1.75,3.75
S018,12,3,6,1,Right,2.0,4.0
S018,12,5,0,1,Right,0.5,2.5
S018,12,5,1,1,Right,0.75,2.75
S018,12,5,2,1,Right,1.0,3.0
S018,12,5,3,1,Right,1.25,3.25
S018,12,5,4,1,Right,1.5,3.5
S018,12,5,5,1,Right,1.75,3.75
S018,12,5,6,1,Right,2.0,4.0
S018,12,7,0,0,Left,0.5,2.5
S018,12,7,1,0,Left,0.75,2.75
S018,12,7,2,0,Left,1.0,3.0
S018,12,7,3,0,Left,1.25,3.25
S018,12,7,4,0,Left,1.5,3.5
S018,12,7,5,0,Left,1.75,3.75
S018,12,7,6,0,Left,2.0,4.0
S018,12,9,0,0,Left,0.5,2.5
S018,12,9,1,0,Left,0.75,2.75
S018,12,9,2,0,Left,1.0,3.0
S018,12,9,3,0,Left,1.25,3.25
S018,12,9,4,0,Left,1.5,3.5
S018,12,9,5,0,Left,1.75,3.75
S018,12,9,6,0,Left,2.0,4.0
S018,12,11,0,1,Right,0.5,2.5
S018,12,11,1,1,Right,0.75,2.75
S018,12,11,2,1,Right,1.0,3.0
S018,12,11,3,1,Right,1.25,3.25
S018,12,11,4,1,Right,1.5,3.5
S018,12,11,5,1,Right,1.75,3.75
S018,12,11,6,1,Right,2.0,4.0
S018,12,13,0,0,Left,0.5,2.5
S018,12,13,1,0,Left,0.75,2.75
S018,12,13,2,0,Left,1.0,3.0
S018,12,13,3,0,Left,1.25,3.25
S018,12,13,4,0,Left,1.5,3.5
S018,12,13,5,0,Left,1.75,3.75
S018,12,13,6,0,Left,2.0,4.0
S018,12,15,0,1,Right,0.5,2.5
S018,12,15,1,1,Right,0.75,2.75
S018,12,15,2,1,Right,1.0,3.0
S018,12,15,3,1,Right,1.25,3.25
S018,12,15,4,1,Right,1.5,3.5
S018,12,15,5,1,Right,1.75,3.75
S018,12,15,6,1,Right,2.0,4.0
S018,12,17,0,1,Right,0.5,2.5
S018,12,17,1,1,Right,0.75,2.75
S018,12,17,2,1,Right,1.0,3.0
S018,12,17,3,1,Right,1.25,3.25
S018,12,17,4,1,Right,1.5,3.5
S018,12,17,5,1,Right,1.75,3.75
S018,12,17,6,1,Right,2.0,4.0
S018,12,19,0,0,Left,0.5,2.5
S018,12,19,1,0,Left,0.75,2.75
S018,12,19,2,0,Left,1.0,3.0
S018,12,19,3,0,Left,1.25,3.25
S018,12,19,4,0,Left,1.5,3.5
S018,12,19,5,0,Left,1.75,3.75
S018,12,19,6,0,Left,2.0,4.0
S018,12,21,0,1,Right,0.5,2.5
S018,12,21,1,1,Right,0.75,2.75
S018,12,21,2,1,Right,1.0,3.0
S018,12,21,3,1,Right,1.25,3.25
S018,12,21,4,1,Right,1.5,3.5
S018,12,21,5,1,Right,1.75,3.75
S018,12,21,6,1,Right,2.0,4.0
S018,12,23,0,0,Left,0.5,2.5
S018,12,23,1,0,Left,0.75,2.75
S018,12,23,2,0,Left,1.0,3.0
S018,12,23,3,0,Left,1.25,3.25
S018,12,23,4,0,Left,1.5,3.5
S018,12,23,5,0,Left,1.75,3.75
S018,12,23,6,0,Left,2.0,4.0
S018,12,25,0,0,Left,0.5,2.5
S018,12,25,1,0,Left,0.75,2.75
S018,12,25,2,0,Left,1.0,3.0
S018,12,25,3,0,Left,1.25,3.25
S018,12,25,4,0,Left,1.5,3.5
S018,12,25,5,0,Left,1.75,3.75
S018,12,25,6,0,Left,2.0,4.0
S018,12,27,0,1,Right,0.5,2.5
S018,12,27,1,1,Right,0.75,2.75
S018,12,27,2,1,Right,1.0,3.0
S018,12,27,3,1,Right,1.25,3.25
S018,12,27,4,1,Right,1.5,3.5
S018,12,27,5,1,Right,1.75,3.75
S018,12,27,6,1,Right,2.0,4.0
S018,12,29,0,1,Right,0.5,2.5
S018,12,29,1,1,Right,0.75,2.75
S018,12,29,2,1,Right,1.0,3.0
S018,12,29,3,1,Right,1.25,3.25
S018,12,29,4,1,Right,1.5,3.5
S018,12,29,5,1,Right,1.75,3.75
S018,12,29,6,1,Right,2.0,4.0
S019,04,1,0,1,Right,0.5,2.5
S019,04,1,1,1,Right,0.75,2.75
S019,04,1,2,1,Right,1.0,3.0
S019,04,1,3,1,Right,1.25,3.25
S019,04,1,4,1,Right,1.5,3.5
S019,04,1,5,1,Right,1.75,3.75
S019,04,1,6,1,Right,2.0,4.0
S019,04,3,0,0,Left,0.5,2.5
S019,04,3,1,0,Left,0.75,2.75
S019,04,3,2,0,Left,1.0,3.0
S019,04,3,3,0,Left,1.25,3.25
S019,04,3,4,0,Left,1.5,3.5
S019,04,3,5,0,Left,1.75,3.75
S019,04,3,6,0,Left,2.0,4.0
S019,04,5,0,0,Left,0.5,2.5
S019,04,5,1,0,Left,0.75,2.75
S019,04,5,2,0,Left,1.0,3.0
S019,04,5,3,0,Left,1.25,3.25
S019,04,5,4,0,Left,1.5,3.5
S019,04,5,5,0,Left,1.75,3.75
S019,04,5,6,0,Left,2.0,4.0
S019,04,7,0,1,Right,0.5,2.5
S019,04,7,1,1,Right,0.75,2.75
S019,04,7,2,1,Right,1.0,3.0
S019,04,7,3,1,Right,1.25,3.25
S019,04,7,4,1,Right,1.5,3.5
S019,04,7,5,1,Right,1.75,3.75
S019,04,7,6,1,Right,2.0,4.0
S019,04,9,0,0,Left,0.5,2.5
S019,04,9,1,0,Left,0.75,2.75
S019,04,9,2,0,Left,1.0,3.0
S019,04,9,3,0,Left,1.25,3.25
S019,04,9,4,0,Left,1.5,3.5
S019,04,9,5,0,Left,1.75,3.75
S019,04,9,6,0,Left,2.0,4.0
S019,04,11,0,1,Right,0.5,2.5
S019,04,11,1,1,Right,0.75,2.75
S019,04,11,2,1,Right,1.0,3.0
S019,04,11,3,1,Right,1.25,3.25
S019,04,11,4,1,Right,1.5,3.5
S019,04,11,5,1,Right,1.75,3.75
S019,04,11,6,1,Right,2.0,4.0
S019,04,13,0,1,Right,0.5,2.5
S019,04,13,1,1,Right,0.75,2.75
S019,04,13,2,1,Right,1.0,3.0
S019,04,13,3,1,Right,1.25,3.25
S019,04,13,4,1,Right,1.5,3.5
S019,04,13,5,1,Right,1.75,3.75
S019,04,13,6,1,Right,2.0,4.0
S019,04,15,0,0,Left,0.5,2.5
S019,04,15,1,0,Left,0.75,2.75
S019,04,15,2,0,Left,1.0,3.0
S019,04,15,3,0,Left,1.25,3.25
S019,04,15,4,0,Left,1.5,3.5
S019,04,15,5,0,Left,1.75,3.75
S019,04,15,6,0,Left,2.0,4.0
S019,04,17,0,1,Right,0.5,2.5
S019,04,17,1,1,Right,0.75,2.75
S019,04,17,2,1,Right,1.0,3.0
S019,04,17,3,1,Right,1.25,3.25
S019,04,17,4,1,Right,1.5,3.5
S019,04,17,5,1,Right,1.75,3.75
S019,04,17,6,1,Right,2.0,4.0
S019,04,19,0,0,Left,0.5,2.5
S019,04,19,1,0,Left,0.75,2.75
S019,04,19,2,0,Left,1.0,3.0
S019,04,19,3,0,Left,1.25,3.25
S019,04,19,4,0,Left,1.5,3.5
S019,04,19,5,0,Left,1.75,3.75
S019,04,19,6,0,Left,2.0,4.0
S019,04,21,0,1,Right,0.5,2.5
S019,04,21,1,1,Right,0.75,2.75
S019,04,21,2,1,Right,1.0,3.0
S019,04,21,3,1,Right,1.25,3.25
S019,04,21,4,1,Right,1.5,3.5
S019,04,21,5,1,Right,1.75,3.75
S019,04,21,6,1,Right,2.0,4.0
S019,04,23,0,0,Left,0.5,2.5
S019,04,23,1,0,Left,0.75,2.75
S019,04,23,2,0,Left,1.0,3.0
S019,04,23,3,0,Left,1.25,3.25
S019,04,23,4,0,Left,1.5,3.5
S019,04,23,5,0,Left,1.75,3.75
S019,04,23,6,0,Left,2.0,4.0
S019,04,25,0,1,Right,0.5,2.5
S019,04,25,1,1,Right,0.75,2.75
S019,04,25,2,1,Right,1.0,3.0
S019,04,25,3,1,Right,1.25,3.25
S019,04,25,4,1,Right,1.5,3.5
S019,04,25,5,1,Right,1.75,3.75
S019,04,25,6,1,Right,2.0,4.0
S019,04,27,0,0,Left,0.5,2.5
S019,04,27,1,0,Left,0.75,2.75
S019,04,27,2,0,Left,1.0,3.0
S019,04,27,3,0,Left,1.25,3.25
S019,04,27,4,0,Left,1.5,3.5
S019,04,27,5,0,Left,1.75,3.75
S019,04,27,6,0,Left,2.0,4.0
S019,04,29,0,0,Left,0.5,2.5
S019,04,29,1,0,Left,0.75,2.75
S019,04,29,2,0,Left,1.0,3.0
S019,04,29,3,0,Left,1.25,3.25
S019,04,29,4,0,Left,1.5,3.5
S019,04,29,5,0,Left,1.75,3.75
S019,04,29,6,0,Left,2.0,4.0
S019,08,1,0,1,Right,0.5,2.5
S019,08,1,1,1,Right,0.75,2.75
S019,08,1,2,1,Right,1.0,3.0
S019,08,1,3,1,Right,1.25,3.25
S019,08,1,4,1,Right,1.5,3.5
S019,08,1,5,1,Right,1.75,3.75
S019,08,1,6,1,Right,2.0,4.0
S019,08,3,0,0,Left,0.5,2.5
S019,08,3,1,0,Left,0.75,2.75
S019,08,3,2,0,Left,1.0,3.0
S019,08,3,3,0,Left,1.25,3.25
S019,08,3,4,0,Left,1.5,3.5
S019,08,3,5,0,Left,1.75,3.75
S019,08,3,6,0,Left,2.0,4.0
S019,08,5,0,1,Right,0.5,2.5
S019,08,5,1,1,Right,0.75,2.75
S019,08,5,2,1,Right,1.0,3.0
S019,08,5,3,1,Right,1.25,3.25
S019,08,5,4,1,Right,1.5,3.5
S019,08,5,5,1,Right,1.75,3.75
S019,08,5,6,1,Right,2.0,4.0
S019,08,7,0,0,Left,0.5,2.5
S019,08,7,1,0,Left,0.75,2.75
S019,08,7,2,0,Left,1.0,3.0
S019,08,7,3,0,Left,1.25,3.25
S019,08,7,4,0,Left,1.5,3.5
S019,08,7,5,0,Left,1.75,3.75
S019,08,7,6,0,Left,2.0,4.0
S019,08,9,0,0,Left,0.5,2.5
S019,08,9,1,0,Left,0.75,2.75
S019,08,9,2,0,Left,1.0,3.0
S019,08,9,3,0,Left,1.25,3.25
S019,08,9,4,0,Left,1.5,3.5
S019,08,9,5,0,Left,1.75,3.75
S019,08,9,6,0,Left,2.0,4.0
S019,08,11,0,1,Right,0.5,2.5
S019,08,11,1,1,Right,0.75,2.75
S019,08,11,2,1,Right,1.0,3.0
S019,08,11,3,1,Right,1.25,3.25
S019,08,11,4,1,Right,1.5,3.5
S019,08,11,5,1,Right,1.75,3.75
S019,08,11,6,1,Right,2.0,4.0
S019,08,13,0,1,Right,0.5,2.5
S019,08,13,1,1,Right,0.75,2.75
S019,08,13,2,1,Right,1.0,3.0
S019,08,13,3,1,Right,1.25,3.25
S019,08,13,4,1,Right,1.5,3.5
S019,08,13,5,1,Right,1.75,3.75
S019,08,13,6,1,Right,2.0,4.0
S019,08,15,0,0,Left,0.5,2.5
S019,08,15,1,0,Left,0.75,2.75
S019,08,15,2,0,Left,1.0,3.0
S019,08,15,3,0,Left,1.25,3.25
S019,08,15,4,0,Left,1.5,3.5
S019,08,15,5,0,Left,1.75,3.75
S019,08,15,6,0,Left,2.0,4.0
S019,08,19,0,0,Left,0.5,2.5
S019,08,19,1,0,Left,0.75,2.75
S019,08,19,2,0,Left,1.0,3.0
S019,08,19,3,0,Left,1.25,3.25
S019,08,19,4,0,Left,1.5,3.5
S019,08,19,5,0,Left,1.75,3.75
S019,08,19,6,0,Left,2.0,4.0
S019,08,21,0,0,Left,0.5,2.5
S019,08,21,1,0,Left,0.75,2.75
S019,08,21,2,0,Left,1.0,3.0
S019,08,21,3,0,Left,1.25,3.25
S019,08,21,4,0,Left,1.5,3.5
S019,08,21,5,0,Left,1.75,3.75
S019,08,21,6,0,Left,2.0,4.0
S019,08,23,0,1,Right,0.5,2.5
S019,08,23,1,1,Right,0.75,2.75
S019,08,23,2,1,Right,1.0,3.0
S019,08,23,3,1,Right,1.25,3.25
S019,08,23,4,1,Right,1.5,3.5
S019,08,23,5,1,Right,1.75,3.75
S019,08,23,6,1,Right,2.0,4.0
S019,08,25,0,0,Left,0.5,2.5
S019,08,25,1,0,Left,0.75,2.75
S019,08,25,2,0,Left,1.0,3.0
S019,08,25,3,0,Left,1.25,3.25
S019,08,25,4,0,Left,1.5,3.5
S019,08,25,5,0,Left,1.75,3.75
S019,08,25,6,0,Left,2.0,4.0
S019,08,27,0,1,Right,0.5,2.5
S019,08,27,1,1,Right,0.75,2.75
S019,08,27,2,1,Right,1.0,3.0
S019,08,27,3,1,Right,1.25,3.25
S019,08,27,4,1,Right,1.5,3.5
S019,08,27,5,1,Right,1.75,3.75
S019,08,27,6,1,Right,2.0,4.0
S019,08,29,0,0,Left,0.5,2.5
S019,08,29,1,0,Left,0.75,2.75
S019,08,29,2,0,Left,1.0,3.0
S019,08,29,3,0,Left,1.25,3.25
S019,08,29,4,0,Left,1.5,3.5
S019,08,29,5,0,Left,1.75,3.75
S019,08,29,6,0,Left,2.0,4.0
S019,12,1,0,0,Left,0.5,2.5
S019,12,1,1,0,Left,0.75,2.75
S019,12,1,2,0,Left,1.0,3.0
S019,12,1,3,0,Left,1.25,3.25
S019,12,1,4,0,Left,1.5,3.5
S019,12,1,5,0,Left,1.75,3.75
S019,12,1,6,0,Left,2.0,4.0
S019,12,3,0,1,Right,0.5,2.5
S019,12,3,1,1,Right,0.75,2.75
S019,12,3,2,1,Right,1.0,3.0
S019,12,3,3,1,Right,1.25,3.25
S019,12,3,4,1,Right,1.5,3.5
S019,12,3,5,1,Right,1.75,3.75
S019,12,3,6,1,Right,2.0,4.0
S019,12,5,0,0,Left,0.5,2.5
S019,12,5,1,0,Left,0.75,2.75
S019,12,5,2,0,Left,1.0,3.0
S019,12,5,3,0,Left,1.25,3.25
S019,12,5,4,0,Left,1.5,3.5
S019,12,5,5,0,Left,1.75,3.75
S019,12,5,6,0,Left,2.0,4.0
S019,12,7,0,1,Right,0.5,2.5
S019,12,7,1,1,Right,0.75,2.75
S019,12,7,2,1,Right,1.0,3.0
S019,12,7,3,1,Right,1.25,3.25
S019,12,7,4,1,Right,1.5,3.5
S019,12,7,5,1,Right,1.75,3.75
S019,12,7,6,1,Right,2.0,4.0
S019,12,9,0,1,Right,0.5,2.5
S019,12,9,1,1,Right,0.75,2.75
S019,12,9,2,1,Right,1.0,3.0
S019,12,9,3,1,Right,1.25,3.25
S019,12,9,4,1,Right,1.5,3.5
S019,12,9,5,1,Right,1.75,3.75
S019,12,9,6,1,Right,2.0,4.0
S019,12,11,0,0,Left,0.5,2.5
S019,12,11,1,0,Left,0.75,2.75
S019,12,11,2,0,Left,1.0,3.0
S019,12,11,3,0,Left,1.25,3.25
S019,12,11,4,0,Left,1.5,3.5
S019,12,11,5,0,Left,1.75,3.75
S019,12,11,6,0,Left,2.0,4.0
S019,12,13,0,1,Right,0.5,2.5
S019,12,13,1,1,Right,0.75,2.75
S019,12,13,2,1,Right,1.0,3.0
S019,12,13,3,1,Right,1.25,3.25
S019,12,13,4,1,Right,1.5,3.5
S019,12,13,5,1,Right,1.75,3.75
S019,12,13,6,1,Right,2.0,4.0
S019,12,15,0,0,Left,0.5,2.5
S019,12,15,1,0,Left,0.75,2.75
S019,12,15,2,0,Left,1.0,3.0
S019,12,15,3,0,Left,1.25,3.25
S019,12,15,4,0,Left,1.5,3.5
S019,12,15,5,0,Left,1.75,3.75
S019,12,15,6,0,Left,2.0,4.0
S019,12,17,0,1,Right,0.5,2.5
S019,12,17,1,1,Right,0.75,2.75
S019,12,17,2,1,Right,1.0,3.0
S019,12,17,3,1,Right,1.25,3.25
S019,12,17,4,1,Right,1.5,3.5
S019,12,17,5,1,Right,1.75,3.75
S019,12,17,6,1,Right,2.0,4.0
S019,12,19,0,0,Left,0.5,2.5
S019,12,19,1,0,Left,0.75,2.75
S019,12,19,2,0,Left,1.0,3.0
S019,12,19,3,0,Left,1.25,3.25
S019,12,19,4,0,Left,1.5,3.5
S019,12,19,5,0,Left,1.75,3.75
S019,12,19,6,0,Left,2.0,4.0
S019,12,21,0,0,Left,0.5,2.5
S019,12,21,1,0,Left,0.75,2.75
S019,12,21,2,0,Left,1.0,3.0
S019,12,21,3,0,Left,1.25,3.25
S019,12,21,4,0,Left,1.5,3.5
S019,12,21,5,0,Left,1.75,3.75
S019,12,21,6,0,Left,2.0,4.0
S019,12,23,0,1,Right,0.5,2.5
S019,12,23,1,1,Right,0.75,2.75
S019,12,23,2,1,Right,1.0,3.0
S019,12,23,3,1,Right,1.25,3.25
S019,12,23,4,1,Right,1.5,3.5
S019,12,23,5,1,Right,1.75,3.75
S019,12,23,6,1,Right,2.0,4.0
S019,12,25,0,0,Left,0.5,2.5
S019,12,25,1,0,Left,0.75,2.75
S019,12,25,2,0,Left,1.0,3.0
S019,12,25,3,0,Left,1.25,3.25
S019,12,25,4,0,Left,1.5,3.5
S019,12,25,5,0,Left,1.75,3.75
S019,12,25,6,0,Left,2.0,4.0
S019,12,27,0,1,Right,0.5,2.5
S019,12,27,1,1,Right,0.75,2.75
S019,12,27,2,1,Right,1.0,3.0
S019,12,27,3,1,Right,1.25,3.25
S019,12,27,4,1,Right,1.5,3.5
S019,12,27,5,1,Right,1.75,3.75
S019,12,27,6,1,Right,2.0,4.0
S019,12,29,0,1,Right,0.5,2.5
S019,12,29,1,1,Right,0.75,2.75
S019,12,29,2,1,Right,1.0,3.0
S019,12,29,3,1,Right,1.25,3.25
S019,12,29,4,1,Right,1.5,3.5
S019,12,29,5,1,Right,1.75,3.75
S019,12,29,6,1,Right,2.0,4.0
S021,04,1,0,1,Right,0.5,2.5
S021,04,1,1,1,Right,0.75,2.75
S021,04,1,2,1,Right,1.0,3.0
S021,04,1,3,1,Right,1.25,3.25
S021,04,1,4,1,Right,1.5,3.5
S021,04,1,5,1,Right,1.75,3.75
S021,04,1,6,1,Right,2.0,4.0
S021,04,3,0,0,Left,0.5,2.5
S021,04,3,1,0,Left,0.75,2.75
S021,04,3,2,0,Left,1.0,3.0
S021,04,3,3,0,Left,1.25,3.25
S021,04,3,4,0,Left,1.5,3.5
S021,04,3,5,0,Left,1.75,3.75
S021,04,3,6,0,Left,2.0,4.0
S021,04,5,0,0,Left,0.5,2.5
S021,04,5,1,0,Left,0.75,2.75
S021,04,5,2,0,Left,1.0,3.0
S021,04,5,3,0,Left,1.25,3.25
S021,04,5,4,0,Left,1.5,3.5
S021,04,5,5,0,Left,1.75,3.75
S021,04,5,6,0,Left,2.0,4.0
S021,04,7,0,1,Right,0.5,2.5
S021,04,7,1,1,Right,0.75,2.75
S021,04,7,2,1,Right,1.0,3.0
S021,04,7,3,1,Right,1.25,3.25
S021,04,7,4,1,Right,1.5,3.5
S021,04,7,5,1,Right,1.75,3.75
S021,04,7,6,1,Right,2.0,4.0
S021,04,9,0,0,Left,0.5,2.5
S021,04,9,1,0,Left,0.75,2.75
S021,04,9,2,0,Left,1.0,3.0
S021,04,9,3,0,Left,1.25,3.25
S021,04,9,4,0,Left,1.5,3.5
S021,04,9,5,0,Left,1.75,3.75
S021,04,9,6,0,Left,2.0,4.0
S021,04,11,0,1,Right,0.5,2.5
S021,04,11,1,1,Right,0.75,2.75
S021,04,11,2,1,Right,1.0,3.0
S021,04,11,3,1,Right,1.25,3.25
S021,04,11,4,1,Right,1.5,3.5
S021,04,11,5,1,Right,1.75,3.75
S021,04,11,6,1,Right,2.0,4.0
S021,04,13,0,0,Left,0.5,2.5
S021,04,13,1,0,Left,0.75,2.75
S021,04,13,2,0,Left,1.0,3.0
S021,04,13,3,0,Left,1.25,3.25
S021,04,13,4,0,Left,1.5,3.5
S021,04,13,5,0,Left,1.75,3.75
S021,04,13,6,0,Left,2.0,4.0
S021,04,15,0,1,Right,0.5,2.5
S021,04,15,1,1,Right,0.75,2.75
S021,04,15,2,1,Right,1.0,3.0
S021,04,15,3,1,Right,1.25,3.25
S021,04,15,4,1,Right,1.5,3.5
S021,04,15,5,1,Right,1.75,3.75
S021,04,15,6,1,Right,2.0,4.0
S021,04,17,0,0,Left,0.5,2.5
S021,04,17,1,0,Left,0.75,2.75
S021,04,17,2,0,Left,1.0,3.0
S021,04,17,3,0,Left,1.25,3.25
S021,04,17,4,0,Left,1.5,3.5
S021,04,17,5,0,Left,1.75,3.75
S021,04,17,6,0,Left,2.0,4.0
S021,04,19,0,1,Right,0.5,2.5
S021,04,19,1,1,Right,0.75,2.75
S021,04,19,2,1,Right,1.0,3.0
S021,04,19,3,1,Right,1.25,3.25
S021,04,19,4,1,Right,1.5,3.5
S021,04,19,5,1,Right,1.75,3.75
S021,04,19,6,1,Right,2.0,4.0
S021,04,21,0,1,Right,0.5,2.5
S021,04,21,1,1,Right,0.75,2.75
S021,04,21,2,1,Right,1.0,3.0
S021,04,21,3,1,Right,1.25,3.25
S021,04,21,4,1,Right,1.5,3.5
S021,04,21,5,1,Right,1.75,3.75
S021,04,21,6,1,Right,2.0,4.0
S021,04,23,0,0,Left,0.5,2.5
S021,04,23,1,0,Left,0.75,2.75
S021,04,23,2,0,Left,1.0,3.0
S021,04,23,3,0,Left,1.25,3.25
S021,04,23,4,0,Left,1.5,3.5
S021,04,23,5,0,Left,1.75,3.75
S021,04,23,6,0,Left,2.0,4.0
S021,04,25,0,1,Right,0.5,2.5
S021,04,25,1,1,Right,0.75,2.75
S021,04,25,2,1,Right,1.0,3.0
S021,04,25,3,1,Right,1.25,3.25
S021,04,25,4,1,Right,1.5,3.5
S021,04,25,5,1,Right,1.75,3.75
S021,04,25,6,1,Right,2.0,4.0
S021,04,27,0,0,Left,0.5,2.5
S021,04,27,1,0,Left,0.75,2.75
S021,04,27,2,0,Left,1.0,3.0
S021,04,27,3,0,Left,1.25,3.25
S021,04,27,4,0,Left,1.5,3.5
S021,04,27,5,0,Left,1.75,3.75
S021,04,27,6,0,Left,2.0,4.0
S021,04,29,0,0,Left,0.5,2.5
S021,04,29,1,0,Left,0.75,2.75
S021,04,29,2,0,Left,1.0,3.0
S021,04,29,3,0,Left,1.25,3.25
S021,04,29,4,0,Left,1.5,3.5
S021,04,29,5,0,Left,1.75,3.75
S021,04,29,6,0,Left,2.0,4.0
S021,08,1,0,0,Left,0.5,2.5
S021,08,1,1,0,Left,0.75,2.75
S021,08,1,2,0,Left,1.0,3.0
S021,08,1,3,0,Left,1.25,3.25
S021,08,1,4,0,Left,1.5,3.5
S021,08,1,5,0,Left,1.75,3.75
S021,08,1,6,0,Left,2.0,4.0
S021,08,3,0,1,Right,0.5,2.5
S021,08,3,1,1,Right,0.75,2.75
S021,08,3,2,1,Right,1.0,3.0
S021,08,3,3,1,Right,1.25,3.25
S021,08,3,4,1,Right,1.5,3.5
S021,08,3,5,1,Right,1.75,3.75
S021,08,3,6,1,Right,2.0,4.0
S021,08,5,0,1,Right,0.5,2.5
S021,08,5,1,1,Right,0.75,2.75
S021,08,5,2,1,Right,1.0,3.0
S021,08,5,3,1,Right,1.25,3.25
S021,08,5,4,1,Right,1.5,3.5
S021,08,5,5,1,Right,1.75,3.75
S021,08,5,6,1,Right,2.0,4.0
S021,08,7,0,0,Left,0.5,2.5
S021,08,7,1,0,Left,0.75,2.75
S021,08,7,2,0,Left,1.0,3.0
S021,08,7,3,0,Left,1.25,3.25
S021,08,7,4,0,Left,1.5,3.5
S021,08,7,5,0,Left,1.75,3.75
S021,08,7,6,0,Left,2.0,4.0
S021,08,9,0,0,Left,0.5,2.5
S021,08,9,1,0,Left,0.75,2.75
S021,08,9,2,0,Left,1.0,3.0
S021,08,9,3,0,Left,1.25,3.25
S021,08,9,4,0,Left,1.5,3.5
S021,08,9,5,0,Left,1.75,3.75
S021,08,9,6,0,Left,2.0,4.0
S021,08,11,0,1,Right,0.5,2.5
S021,08,11,1,1,Right,0.75,2.75
S021,08,11,2,1,Right,1.0,3.0
S021,08,11,3,1,Right,1.25,3.25
S021,08,11,4,1,Right,1.5,3.5
S021,08,11,5,1,Right,1.75,3.75
S021,08,11,6,1,Right,2.0,4.0
S021,08,13,0,0,Left,0.5,2.5
S021,08,13,1,0,Left,0.75,2.75
S021,08,13,2,0,Left,1.0,3.0
S021,08,13,3,0,Left,1.25,3.25
S021,08,13,4,0,Left,1.5,3.5
S021,08,13,5,0,Left,1.75,3.75
S021,08,13,6,0,Left,2.0,4.0
S021,08,15,0,1,Right,0.5,2.5
S021,08,15,1,1,Right,0.75,2.75
S021,08,15,2,1,Right,1.0,3.0
S021,08,15,3,1,Right,1.25,3.25
S021,08,15,4,1,Right,1.5,3.5
S021,08,15,5,1,Right,1.75,3.75
S021,08,15,6,1,Right,2.0,4.0
S021,08,17,0,0,Left,0.5,2.5
S021,08,17,1,0,Left,0.75,2.75
S021,08,17,2,0,Left,1.0,3.0
S021,08,17,3,0,Left,1.25,3.25
S021,08,17,4,0,Left,1.5,3.5
S021,08,17,5,0,Left,1.75,3.75
S021,08,17,6,0,Left,2.0,4.0
S021,08,19,0,1,Right,0.5,2.5
S021,08,19,1,1,Right,0.75,2.75
S021,08,19,2,1,Right,1.0,3.0
S021,08,19,3,1,Right,1.25,3.25
S021,08,19,4,1,Right,1.5,3.5
S021,08,19,5,1,Right,1.75,3.75
S021,08,19,6,1,Right,2.0,4.0
S021,08,21,0,0,Left,0.5,2.5
S021,08,21,1,0,Left,0.75,2.75
S021,08,21,2,0,Left,1.0,3.0
S021,08,21,3,0,Left,1.25,3.25
S021,08,21,4,0,Left,1.5,3.5
S021,08,21,5,0,Left,1.75,3.75
S021,08,21,6,0,Left,2.0,4.0
S021,08,23,0,1,Right,0.5,2.5
S021,08,23,1,1,Right,0.75,2.75
S021,08,23,2,1,Right,1.0,3.0
S021,08,23,3,1,Right,1.25,3.25
S021,08,23,4,1,Right,1.5,3.5
S021,08,23,5,1,Right,1.75,3.75
S021,08,23,6,1,Right,2.0,4.0
S021,08,25,0,1,Right,0.5,2.5
S021,08,25,1,1,Right,0.75,2.75
S021,08,25,2,1,Right,1.0,3.0
S021,08,25,3,1,Right,1.25,3.25
S021,08,25,4,1,Right,1.5,3.5
S021,08,25,5,1,Right,1.75,3.75
S021,08,25,6,1,Right,2.0,4.0
S021,08,27,0,0,Left,0.5,2.5
S021,08,27,1,0,Left,0.75,2.75
S021,08,27,2,0,Left,1.0,3.0
S021,08,27,3,0,Left,1.25,3.25
S021,08,27,4,0,Left,1.5,3.5
S021,08,27,5,0,Left,1.75,3.75
S021,08,27,6,0,Left,2.0,4.0
S021,08,29,0,0,Left,0.5,2.5
S021,08,29,1,0,Left,0.75,2.75
S021,08,29,2,0,Left,1.0,3.0
S021,08,29,3,0,Left,1.25,3.25
S021,08,29,4,0,Left,1.5,3.5
S021,08,29,5,0,Left,1.75,3.75
S021,08,29,6,0,Left,2.0,4.0
S021,12,1,0,1,Right,0.5,2.5
S021,12,1,1,1,Right,0.75,2.75
S021,12,1,2,1,Right,1.0,3.0
S021,12,1,3,1,Right,1.25,3.25
S021,12,1,4,1,Right,1.5,3.5
S021,12,1,5,1,Right,1.75,3.75
S021,12,1,6,1,Right,2.0,4.0
S021,12,3,0,0,Left,0.5,2.5
S021,12,3,1,0,Left,0.75,2.75
S021,12,3,2,0,Left,1.0,3.0
S021,12,3,3,0,Left,1.25,3.25
S021,12,3,4,0,Left,1.5,3.5
S021,12,3,5,0,Left,1.75,3.75
S021,12,3,6,0,Left,2.0,4.0
S021,12,5,0,1,Right,0.5,2.5
S021,12,5,1,1,Right,0.75,2.75
S021,12,5,2,1,Right,1.0,3.0
S021,12,5,3,1,Right,1.25,3.25
S021,12,5,4,1,Right,1.5,3.5
S021,12,5,5,1,Right,1.75,3.75
S021,12,5,6,1,Right,2.0,4.0
S021,12,7,0,0,Left,0.5,2.5
S021,12,7,1,0,Left,0.75,2.75
S021,12,7,2,0,Left,1.0,3.0
S021,12,7,3,0,Left,1.25,3.25
S021,12,7,4,0,Left,1.5,3.5
S021,12,7,5,0,Left,1.75,3.75
S021,12,7,6,0,Left,2.0,4.0
S021,12,9,0,1,Right,0.5,2.5
S021,12,9,1,1,Right,0.75,2.75
S021,12,9,2,1,Right,1.0,3.0
S021,12,9,3,1,Right,1.25,3.25
S021,12,9,4,1,Right,1.5,3.5
S021,12,9,5,1,Right,1.75,3.75
S021,12,9,6,1,Right,2.0,4.0
S021,12,11,0,0,Left,0.5,2.5
S021,12,11,1,0,Left,0.75,2.75
S021,12,11,2,0,Left,1.0,3.0
S021,12,11,3,0,Left,1.25,3.25
S021,12,11,4,0,Left,1.5,3.5
S021,12,11,5,0,Left,1.75,3.75
S021,12,11,6,0,Left,2.0,4.0
S021,12,13,0,1,Right,0.5,2.5
S021,12,13,1,1,Right,0.75,2.75
S021,12,13,2,1,Right,1.0,3.0
S021,12,13,3,1,Right,1.25,3.25
S021,12,13,4,1,Right,1.5,3.5
S021,12,13,5,1,Right,1.75,3.75
S021,12,13,6,1,Right,2.0,4.0
S021,12,15,0,0,Left,0.5,2.5
S021,12,15,1,0,Left,0.75,2.75
S021,12,15,2,0,Left,1.0,3.0
S021,12,15,3,0,Left,1.25,3.25
S021,12,15,4,0,Left,1.5,3.5
S021,12,15,5,0,Left,1.75,3.75
S021,12,15,6,0,Left,2.0,4.0
S021,12,17,0,1,Right,0.5,2.5
S021,12,17,1,1,Right,0.75,2.75
S021,12,17,2,1,Right,1.0,3.0
S021,12,17,3,1,Right,1.25,3.25
S021,12,17,4,1,Right,1.5,3.5
S021,12,17,5,1,Right,1.75,3.75
S021,12,17,6,1,Right,2.0,4.0
S021,12,19,0,0,Left,0.5,2.5
S021,12,19,1,0,Left,0.75,2.75
S021,12,19,2,0,Left,1.0,3.0
S021,12,19,3,0,Left,1.25,3.25
S021,12,19,4,0,Left,1.5,3.5
S021,12,19,5,0,Left,1.75,3.75
S021,12,19,6,0,Left,2.0,4.0
S021,12,21,0,1,Right,0.5,2.5
S021,12,21,1,1,Right,0.75,2.75
S021,12,21,2,1,Right,1.0,3.0
S021,12,21,3,1,Right,1.25,3.25
S021,12,21,4,1,Right,1.5,3.5
S021,12,21,5,1,Right,1.75,3.75
S021,12,21,6,1,Right,2.0,4.0
S021,12,23,0,0,Left,0.5,2.5
S021,12,23,1,0,Left,0.75,2.75
S021,12,23,2,0,Left,1.0,3.0
S021,12,23,3,0,Left,1.25,3.25
S021,12,23,4,0,Left,1.5,3.5
S021,12,23,5,0,Left,1.75,3.75
S021,12,23,6,0,Left,2.0,4.0
S021,12,25,0,0,Left,0.5,2.5
S021,12,25,1,0,Left,0.75,2.75
S021,12,25,2,0,Left,1.0,3.0
S021,12,25,3,0,Left,1.25,3.25
S021,12,25,4,0,Left,1.5,3.5
S021,12,25,5,0,Left,1.75,3.75
S021,12,25,6,0,Left,2.0,4.0
S021,12,27,0,1,Right,0.5,2.5
S021,12,27,1,1,Right,0.75,2.75
S021,12,27,2,1,Right,1.0,3.0
S021,12,27,3,1,Right,1.25,3.25
S021,12,27,4,1,Right,1.5,3.5
S021,12,27,5,1,Right,1.75,3.75
S021,12,27,6,1,Right,2.0,4.0
S021,12,29,0,0,Left,0.5,2.5
S021,12,29,1,0,Left,0.75,2.75
S021,12,29,2,0,Left,1.0,3.0
S021,12,29,3,0,Left,1.25,3.25
S021,12,29,4,0,Left,1.5,3.5
S021,12,29,5,0,Left,1.75,3.75
S021,12,29,6,0,Left,2.0,4.0
S022,04,1,6,0,Left,2.0,4.0
S022,04,3,0,1,Right,0.5,2.5
S022,04,3,1,1,Right,0.75,2.75
S022,04,3,2,1,Right,1.0,3.0
S022,04,3,3,1,Right,1.25,3.25
S022,04,3,4,1,Right,1.5,3.5
S022,04,3,5,1,Right,1.75,3.75
S022,04,3,6,1,Right,2.0,4.0
S022,04,5,0,0,Left,0.5,2.5
S022,04,5,1,0,Left,0.75,2.75
S022,04,5,2,0,Left,1.0,3.0
S022,04,5,3,0,Left,1.25,3.25
S022,04,5,4,0,Left,1.5,3.5
S022,04,5,5,0,Left,1.75,3.75
S022,04,5,6,0,Left,2.0,4.0
S022,04,7,0,1,Right,0.5,2.5
S022,04,7,1,1,Right,0.75,2.75
S022,04,7,2,1,Right,1.0,3.0
S022,04,7,3,1,Right,1.25,3.25
S022,04,7,4,1,Right,1.5,3.5
S022,04,7,5,1,Right,1.75,3.75
S022,04,7,6,1,Right,2.0,4.0
S022,04,9,0,1,Right,0.5,2.5
S022,04,9,1,1,Right,0.75,2.75
S022,04,9,2,1,Right,1.0,3.0
S022,04,9,3,1,Right,1.25,3.25
S022,04,9,4,1,Right,1.5,3.5
S022,04,9,5,1,Right,1.75,3.75
S022,04,9,6,1,Right,2.0,4.0
S022,04,11,0,0,Left,0.5,2.5
S022,04,11,1,0,Left,0.75,2.75
S022,04,11,2,0,Left,1.0,3.0
S022,04,11,3,0,Left,1.25,3.25
S022,04,11,4,0,Left,1.5,3.5
S022,04,11,5,0,Left,1.75,3.75
S022,04,11,6,0,Left,2.0,4.0
S022,04,13,0,1,Right,0.5,2.5
S022,04,13,1,1,Right,0.75,2.75
S022,04,13,2,1,Right,1.0,3.0
S022,04,13,3,1,Right,1.25,3.25
S022,04,13,4,1,Right,1.5,3.5
S022,04,13,5,1,Right,1.75,3.75
S022,04,13,6,1,Right,2.0,4.0
S022,04,15,5,0,Left,1.75,3.75
S022,04,15,6,0,Left,2.0,4.0
S022,04,17,1,0,Left,0.75,2.75
S022,04,17,2,0,Left,1.0,3.0
S022,04,17,3,0,Left,1.25,3.25
S022,04,17,4,0,Left,1.5,3.5
S022,04,17,5,0,Left,1.75,3.75
S022,04,17,6,0,Left,2.0,4.0
S022,04,19,0,1,Right,0.5,2.5
S022,04,19,1,1,Right,0.75,2.75
S022,04,19,2,1,Right,1.0,3.0
S022,04,19,3,1,Right,1.25,3.25
S022,04,19,4,1,Right,1.5,3.5
S022,04,19,5,1,Right,1.75,3.75
S022,04,19,6,1,Right,2.0,4.0
S022,04,21,0,0,Left,0.5,2.5
S022,04,21,1,0,Left,0.75,2.75
S022,04,21,2,0,Left,1.0,3.0
S022,04,21,3,0,Left,1.25,3.25
S022,04,21,4,0,Left,1.5,3.5
S022,04,21,5,0,Left,1.75,3.75
S022,04,21,6,0,Left,2.0,4.0
S022,04,23,0,1,Right,0.5,2.5
S022,04,23,1,1,Right,0.75,2.75
S022,04,23,2,1,Right,1.0,3.0
S022,04,23,3,1,Right,1.25,3.25
S022,04,23,4,1,Right,1.5,3.5
S022,04,23,5,1,Right,1.75,3.75
S022,04,23,6,1,Right,2.0,4.0
S022,04,25,0,1,Right,0.5,2.5
S022,04,25,1,1,Right,0.75,2.75
S022,04,25,2,1,Right,1.0,3.0
S022,04,25,3,1,Right,1.25,3.25
S022,04,25,4,1,Right,1.5,3.5
S022,04,25,5,1,Right,1.75,3.75
S022,04,25,6,1,Right,2.0,4.0
S022,04,27,0,0,Left,0.5,2.5
S022,04,27,1,0,Left,0.75,2.75
S022,04,27,2,0,Left,1.0,3.0
S022,04,27,3,0,Left,1.25,3.25
S022,04,27,4,0,Left,1.5,3.5
S022,04,27,5,0,Left,1.75,3.75
S022,04,27,6,0,Left,2.0,4.0
S022,04,29,0,1,Right,0.5,2.5
S022,04,29,1,1,Right,0.75,2.75
S022,04,29,2,1,Right,1.0,3.0
S022,04,29,3,1,Right,1.25,3.25
S022,04,29,4,1,Right,1.5,3.5
S022,04,29,5,1,Right,1.75,3.75
S022,04,29,6,1,Right,2.0,4.0
S022,08,1,0,0,Left,0.5,2.5
S022,08,1,1,0,Left,0.75,2.75
S022,08,1,2,0,Left,1.0,3.0
S022,08,1,3,0,Left,1.25,3.25
S022,08,1,4,0,Left,1.5,3.5
S022,08,1,5,0,Left,1.75,3.75
S022,08,1,6,0,Left,2.0,4.0
S022,08,3,0,1,Right,0.5,2.5
S022,08,3,1,1,Right,0.75,2.75
S022,08,3,2,1,Right,1.0,3.0
S022,08,3,3,1,Right,1.25,3.25
S022,08,3,4,1,Right,1.5,3.5
S022,08,3,5,1,Right,1.75,3.75
S022,08,3,6,1,Right,2.0,4.0
S022,08,5,0,0,Left,0.5,2.5
S022,08,5,1,0,Left,0.75,2.75
S022,08,5,2,0,Left,1.0,3.0
S022,08,5,3,0,Left,1.25,3.25
S022,08,5,4,0,Left,1.5,3.5
S022,08,5,5,0,Left,1.75,3.75
S022,08,5,6,0,Left,2.0,4.0
S022,08,7,0,1,Right,0.5,2.5
S022,08,7,1,1,Right,0.75,2.75
S022,08,7,2,1,Right,1.0,3.0
S022,08,7,3,1,Right,1.25,3.25
S022,08,7,4,1,Right,1.5,3.5
S022,08,7,5,1,Right,1.75,3.75
S022,08,7,6,1,Right,2.0,4.0
S022,08,9,0,0,Left,0.5,2.5
S022,08,9,1,0,Left,0.75,2.75
S022,08,9,2,0,Left,1.0,3.0
S022,08,9,3,0,Left,1.25,3.25
S022,08,9,4,0,Left,1.5,3.5
S022,08,9,5,0,Left,1.75,3.75
S022,08,9,6,0,Left,2.0,4.0
S022,08,11,0,1,Right,0.5,2.5
S022,08,11,1,1,Right,0.75,2.75
S022,08,11,2,1,Right,1.0,3.0
S022,08,11,3,1,Right,1.25,3.25
S022,08,11,4,1,Right,1.5,3.5
S022,08,11,5,1,Right,1.75,3.75
S022,08,11,6,1,Right,2.0,4.0
S022,08,13,0,1,Right,0.5,2.5
S022,08,13,1,1,Right,0.75,2.75
S022,08,13,2,1,Right,1.0,3.0
S022,08,13,3,1,Right,1.25,3.25
S022,08,13,4,1,Right,1.5,3.5
S022,08,13,5,1,Right,1.75,3.75
S022,08,13,6,1,Right,2.0,4.0
S022,08,15,0,0,Left,0.5,2.5
S022,08,15,1,0,Left,0.75,2.75
S022,08,15,2,0,Left,1.0,3.0
S022,08,15,3,0,Left,1.25,3.25
S022,08,15,4,0,Left,1.5,3.5
S022,08,15,5,0,Left,1.75,3.75
S022,08,15,6,0,Left,2.0,4.0
S022,08,17,0,0,Left,0.5,2.5
S022,08,17,1,0,Left,0.75,2.75
S022,08,17,2,0,Left,1.0,3.0
S022,08,17,3,0,Left,1.25,3.25
S022,08,17,4,0,Left,1.5,3.5
S022,08,17,5,0,Left,1.75,3.75
S022,08,17,6,0,Left,2.0,4.0
S022,08,19,0,1,Right,0.5,2.5
S022,08,19,1,1,Right,0.75,2.75
S022,08,19,2,1,Right,1.0,3.0
S022,08,19,3,1,Right,1.25,3.25
S022,08,19,4,1,Right,1.5,3.5
S022,08,19,5,1,Right,1.75,3.75
S022,08,19,6,1,Right,2.0,4.0
S022,08,21,0,0,Left,0.5,2.5
S022,08,21,1,0,Left,0.75,2.75
S022,08,21,2,0,Left,1.0,3.0
S022,08,21,3,0,Left,1.25,3.25
S022,08,21,4,0,Left,1.5,3.5
S022,08,21,5,0,Left,1.75,3.75
S022,08,21,6,0,Left,2.0,4.0
S022,08,25,0,0,Left,0.5,2.5
S022,08,25,1,0,Left,0.75,2.75
S022,08,25,2,0,Left,1.0,3.0
S022,08,25,3,0,Left,1.25,3.25
S022,08,25,4,0,Left,1.5,3.5
S022,08,25,5,0,Left,1.75,3.75
S022,08,25,6,0,Left,2.0,4.0
S022,08,27,0,1,Right,0.5,2.5
S022,08,27,1,1,Right,0.75,2.75
S022,08,27,2,1,Right,1.0,3.0
S022,08,27,3,1,Right,1.25,3.25
S022,08,27,4,1,Right,1.5,3.5
S022,08,27,5,1,Right,1.75,3.75
S022,08,27,6,1,Right,2.0,4.0
S022,08,29,0,0,Left,0.5,2.5
S022,08,29,1,0,Left,0.75,2.75
S022,08,29,2,0,Left,1.0,3.0
S022,08,29,3,0,Left,1.25,3.25
S022,08,29,4,0,Left,1.5,3.5
S022,08,29,5,0,Left,1.75,3.75
S022,12,1,0,0,Left,0.5,2.5
S022,12,1,1,0,Left,0.75,2.75
S022,12,1,2,0,Left,1.0,3.0
S022,12,1,3,0,Left,1.25,3.25
S022,12,1,4,0,Left,1.5,3.5
S022,12,1,5,0,Left,1.75,3.75
S022,12,1,6,0,Left,2.0,4.0
S022,12,3,0,1,Right,0.5,2.5
S022,12,3,1,1,Right,0.75,2.75
S022,12,3,2,1,Right,1.0,3.0
S022,12,3,3,1,Right,1.25,3.25
S022,12,3,4,1,Right,1.5,3.5
S022,12,3,5,1,Right,1.75,3.75
S022,12,3,6,1,Right,2.0,4.0
S022,12,5,0,0,Left,0.5,2.5
S022,12,5,1,0,Left,0.75,2.75
S022,12,5,2,0,Left,1.0,3.0
S022,12,5,3,0,Left,1.25,3.25
S022,12,5,4,0,Left,1.5,3.5
S022,12,5,5,0,Left,1.75,3.75
S022,12,5,6,0,Left,2.0,4.0
S022,12,7,0,1,Right,0.5,2.5
S022,12,7,1,1,Right,0.75,2.75
S022,12,7,2,1,Right,1.0,3.0
S022,12,7,3,1,Right,1.25,3.25
S022,12,7,4,1,Right,1.5,3.5
S022,12,7,5,1,Right,1.75,3.75
S022,12,7,6,1,Right,2.0,4.0
S022,12,9,0,0,Left,0.5,2.5
S022,12,9,1,0,Left,0.75,2.75
S022,12,9,2,0,Left,1.0,3.0
S022,12,9,3,0,Left,1.25,3.25
S022,12,9,4,0,Left,1.5,3.5
S022,12,9,5,0,Left,1.75,3.75
S022,12,9,6,0,Left,2.0,4.0
S022,12,11,0,1,Right,0.5,2.5
S022,12,11,1,1,Right,0.75,2.75
S022,12,11,2,1,Right,1.0,3.0
S022,12,11,3,1,Right,1.25,3.25
S022,12,11,4,1,Right,1.5,3.5
S022,12,11,5,1,Right,1.75,3.75
S022,12,11,6,1,Right,2.0,4.0
S022,12,13,0,0,Left,0.5,2.5
S022,12,13,1,0,Left,0.75,2.75
S022,12,13,2,0,Left,1.0,3.0
S022,12,13,3,0,Left,1.25,3.25
S022,12,13,4,0,Left,1.5,3.5
S022,12,13,5,0,Left,1.75,3.75
S022,12,13,6,0,Left,2.0,4.0
S022,12,15,0,1,Right,0.5,2.5
S022,12,15,1,1,Right,0.75,2.75
S022,12,15,2,1,Right,1.0,3.0
S022,12,15,3,1,Right,1.25,3.25
S022,12,15,4,1,Right,1.5,3.5
S022,12,15,5,1,Right,1.75,3.75
S022,12,15,6,1,Right,2.0,4.0
S022,12,17,0,0,Left,0.5,2.5
S022,12,17,1,0,Left,0.75,2.75
S022,12,17,2,0,Left,1.0,3.0
S022,12,17,3,0,Left,1.25,3.25
S022,12,17,4,0,Left,1.5,3.5
S022,12,17,5,0,Left,1.75,3.75
S022,12,17,6,0,Left,2.0,4.0
S022,12,19,0,1,Right,0.5,2.5
S022,12,19,1,1,Right,0.75,2.75
S022,12,19,2,1,Right,1.0,3.0
S022,12,19,3,1,Right,1.25,3.25
S022,12,19,4,1,Right,1.5,3.5
S022,12,19,5,1,Right,1.75,3.75
S022,12,19,6,1,Right,2.0,4.0
S022,12,21,0,0,Left,0.5,2.5
S022,12,21,1,0,Left,0.75,2.75
S022,12,21,2,0,Left,1.0,3.0
S022,12,21,3,0,Left,1.25,3.25
S022,12,21,4,0,Left,1.5,3.5
S022,12,21,5,0,Left,1.75,3.75
S022,12,21,6,0,Left,2.0,4.0
S022,12,23,0,1,Right,0.5,2.5
S022,12,23,1,1,Right,0.75,2.75
S022,12,23,2,1,Right,1.0,3.0
S022,12,23,3,1,Right,1.25,3.25
S022,12,23,4,1,Right,1.5,3.5
S022,12,23,5,1,Right,1.75,3.75
S022,12,23,6,1,Right,2.0,4.0
S022,12,25,0,1,Right,0.5,2.5
S022,12,25,1,1,Right,0.75,2.75
S022,12,25,2,1,Right,1.0,3.0
S022,12,25,3,1,Right,1.25,3.25
S022,12,25,4,1,Right,1.5,3.5
S022,12,25,5,1,Right,1.75,3.75
S022,12,25,6,1,Right,2.0,4.0
S022,12,27,0,0,Left,0.5,2.5
S022,12,27,1,0,Left,0.75,2.75
S022,12,27,2,0,Left,1.0,3.0
S022,12,27,3,0,Left,1.25,3.25
S022,12,27,4,0,Left,1.5,3.5
S022,12,27,5,0,Left,1.75,3.75
S022,12,27,6,0,Left,2.0,4.0
S022,12,29,0,1,Right,0.5,2.5
S022,12,29,1,1,Right,0.75,2.75
S022,12,29,2,1,Right,1.0,3.0
S022,12,29,3,1,Right,1.25,3.25
S022,12,29,4,1,Right,1.5,3.5
S022,12,29,5,1,Right,1.75,3.75
S022,12,29,6,1,Right,2.0,4.0
S024,04,1,5,1,Right,1.75,3.75
S024,04,1,6,1,Right,2.0,4.0
S024,04,3,0,0,Left,0.5,2.5
S024,04,3,1,0,Left,0.75,2.75
S024,04,3,2,0,Left,1.0,3.0
S024,04,3,3,0,Left,1.25,3.25
S024,04,3,4,0,Left,1.5,3.5
S024,04,3,5,0,Left,1.75,3.75
S024,04,3,6,0,Left,2.0,4.0
S024,04,5,0,1,Right,0.5,2.5
S024,04,5,1,1,Right,0.75,2.75
S024,04,5,2,1,Right,1.0,3.0
S024,04,5,3,1,Right,1.25,3.25
S024,04,5,4,1,Right,1.5,3.5
S024,04,5,5,1,Right,1.75,3.75
S024,04,5,6,1,Right,2.0,4.0
S024,04,7,0,0,Left,0.5,2.5
S024,04,15,0,0,Left,0.5,2.5
S024,04,15,1,0,Left,0.75,2.75
S024,04,15,2,0,Left,1.0,3.0
S024,04,15,3,0,Left,1.25,3.25
S024,04,15,4,0,Left,1.5,3.5
S024,04,17,0,1,Right,0.5,2.5
S024,04,21,1,1,Right,0.75,2.75
S024,04,21,2,1,Right,1.0,3.0
S024,04,21,3,1,Right,1.25,3.25
S024,04,25,0,0,Left,0.5,2.5
S024,04,25,1,0,Left,0.75,2.75
S024,04,25,2,0,Left,1.0,3.0
S024,04,25,3,0,Left,1.25,3.25
S024,04,25,4,0,Left,1.5,3.5
S024,04,25,5,0,Left,1.75,3.75
S024,04,25,6,0,Left,2.0,4.0
S024,04,27,3,1,Right,1.25,3.25
S024,04,27,4,1,Right,1.5,3.5
S024,04,27,5,1,Right,1.75,3.75
S024,04,27,6,1,Right,2.0,4.0
S024,04,29,0,1,Right,0.5,2.5
S024,04,29,1,1,Right,0.75,2.75
S024,08,5,0,0,Left,0.5,2.5
S024,08,5,1,0,Left,0.75,2.75
S024,08,5,2,0,Left,1.0,3.0
S024,08,5,3,0,Left,1.25,3.25
S024,08,5,4,0,Left,1.5,3.5
S024,08,5,5,0,Left,1.75,3.75
S024,08,5,6,0,Left,2.0,4.0
S024,12,3,2,1,Right,1.0,3.0
S024,12,3,3,1,Right,1.25,3.25
S024,12,13,0,0,Left,0.5,2.5
S024,12,13,1,0,Left,0.75,2.75
S024,12,13,2,0,Left,1.0,3.0
S025,04,1,0,1,Right,0.5,2.5
S025,04,1,1,1,Right,0.75,2.75
S025,04,1,2,1,Right,1.0,3.0
S025,04,1,3,1,Right,1.25,3.25
S025,04,1,4,1,Right,1.5,3.5
S025,04,1,5,1,Right,1.75,3.75
S025,04,1,6,1,Right,2.0,4.0
S025,04,3,0,0,Left,0.5,2.5
S025,04,3,1,0,Left,0.75,2.75
S025,04,3,2,0,Left,1.0,3.0
S025,04,3,3,0,Left,1.25,3.25
S025,04,3,4,0,Left,1.5,3.5
S025,04,3,5,0,Left,1.75,3.75
S025,04,3,6,0,Left,2.0,4.0
S025,04,5,0,1,Right,0.5,2.5
S025,04,5,1,1,Right,0.75,2.75
S025,04,5,2,1,Right,1.0,3.0
S025,04,5,3,1,Right,1.25,3.25
S025,04,5,4,1,Right,1.5,3.5
S025,04,5,5,1,Right,1.75,3.75
S025,04,5,6,1,Right,2.0,4.0
S025,04,7,0,0,Left,0.5,2.5
S025,04,7,1,0,Left,0.75,2.75
S025,04,7,2,0,Left,1.0,3.0
S025,04,7,3,0,Left,1.25,3.25
S025,04,7,4,0,Left,1.5,3.5
S025,04,7,5,0,Left,1.75,3.75
S025,04,7,6,0,Left,2.0,4.0
S025,04,9,0,1,Right,0.5,2.5
S025,04,9,1,1,Right,0.75,2.75
S025,04,9,2,1,Right,1.0,3.0
S025,04,9,3,1,Right,1.25,3.25
S025,04,9,4,1,Right,1.5,3.5
S025,04,9,5,1,Right,1.75,3.75
S025,04,9,6,1,Right,2.0,4.0
S025,04,11,0,0,Left,0.5,2.5
S025,04,11,1,0,Left,0.75,2.75
S025,04,11,2,0,Left,1.0,3.0
S025,04,11,3,0,Left,1.25,3.25
S025,04,11,4,0,Left,1.5,3.5
S025,04,11,5,0,Left,1.75,3.75
S025,04,11,6,0,Left,2.0,4.0
S025,04,13,0,1,Right,0.5,2.5
S025,04,13,1,1,Right,0.75,2.75
S025,04,13,2,1,Right,1.0,3.0
S025,04,13,3,1,Right,1.25,3.25
S025,04,13,4,1,Right,1.5,3.5
S025,04,13,5,1,Right,1.75,3.75
S025,04,13,6,1,Right,2.0,4.0
S025,04,15,0,0,Left,0.5,2.5
S025,04,15,1,0,Left,0.75,2.75
S025,04,15,2,0,Left,1.0,3.0
S025,04,15,3,0,Left,1.25,3.25
S025,04,15,4,0,Left,1.5,3.5
S025,04,15,5,0,Left,1.75,3.75
S025,04,15,6,0,Left,2.0,4.0
S025,04,17,0,1,Right,0.5,2.5
S025,04,17,1,1,Right,0.75,2.75
S025,04,17,2,1,Right,1.0,3.0
S025,04,17,3,1,Right,1.25,3.25
S025,04,17,4,1,Right,1.5,3.5
S025,04,17,5,1,Right,1.75,3.75
S025,04,17,6,1,Right,2.0,4.0
S025,04,19,0,0,Left,0.5,2.5
S025,04,19,1,0,Left,0.75,2.75
S025,04,19,2,0,Left,1.0,3.0
S025,04,19,3,0,Left,1.25,3.25
S025,04,19,4,0,Left,1.5,3.5
S025,04,19,5,0,Left,1.75,3.75
S025,04,19,6,0,Left,2.0,4.0
S025,04,21,0,1,Right,0.5,2.5
S025,04,21,1,1,Right,0.75,2.75
S025,04,21,2,1,Right,1.0,3.0
S025,04,21,3,1,Right,1.25,3.25
S025,04,21,4,1,Right,1.5,3.5
S025,04,21,5,1,Right,1.75,3.75
S025,04,21,6,1,Right,2.0,4.0
S025,04,23,0,0,Left,0.5,2.5
S025,04,23,1,0,Left,0.75,2.75
S025,04,23,2,0,Left,1.0,3.0
S025,04,23,3,0,Left,1.25,3.25
S025,04,23,4,0,Left,1.5,3.5
S025,04,23,5,0,Left,1.75,3.75
S025,04,23,6,0,Left,2.0,4.0
S025,04,25,0,0,Left,0.5,2.5
S025,04,25,1,0,Left,0.75,2.75
S025,04,25,2,0,Left,1.0,3.0
S025,04,25,3,0,Left,1.25,3.25
S025,04,25,4,0,Left,1.5,3.5
S025,04,25,5,0,Left,1.75,3.75
S025,04,25,6,0,Left,2.0,4.0
S025,04,27,0,1,Right,0.5,2.5
S025,04,27,1,1,Right,0.75,2.75
S025,04,27,2,1,Right,1.0,3.0
S025,04,27,3,1,Right,1.25,3.25
S025,04,27,4,1,Right,1.5,3.5
S025,04,27,5,1,Right,1.75,3.75
S025,04,27,6,1,Right,2.0,4.0
S025,04,29,0,1,Right,0.5,2.5
S025,04,29,1,1,Right,0.75,2.75
S025,04,29,2,1,Right,1.0,3.0
S025,04,29,3,1,Right,1.25,3.25
S025,04,29,4,1,Right,1.5,3.5
S025,04,29,5,1,Right,1.75,3.75
S025,04,29,6,1,Right,2.0,4.0
S025,08,1,0,0,Left,0.5,2.5
S025,08,1,1,0,Left,0.75,2.75
S025,08,1,2,0,Left,1.0,3.0
S025,08,1,3,0,Left,1.25,3.25
S025,08,1,4,0,Left,1.5,3.5
S025,08,1,5,0,Left,1.75,3.75
S025,08,1,6,0,Left,2.0,4.0
S025,08,3,0,1,Right,0.5,2.5
S025,08,3,1,1,Right,0.75,2.75
S025,08,3,2,1,Right,1.0,3.0
S025,08,3,3,1,Right,1.25,3.25
S025,08,3,4,1,Right,1.5,3.5
S025,08,3,5,1,Right,1.75,3.75
S025,08,3,6,1,Right,2.0,4.0
S025,08,5,0,1,Right,0.5,2.5
S025,08,5,1,1,Right,0.75,2.75
S025,08,5,2,1,Right,1.0,3.0
S025,08,5,3,1,Right,1.25,3.25
S025,08,5,4,1,Right,1.5,3.5
S025,08,5,5,1,Right,1.75,3.75
S025,08,5,6,1,Right,2.0,4.0
S025,08,7,0,0,Left,0.5,2.5
S025,08,7,1,0,Left,0.75,2.75
S025,08,7,2,0,Left,1.0,3.0
S025,08,7,3,0,Left,1.25,3.25
S025,08,7,4,0,Left,1.5,3.5
S025,08,7,5,0,Left,1.75,3.75
S025,08,7,6,0,Left,2.0,4.0
S025,08,9,0,0,Left,0.5,2.5
S025,08,9,1,0,Left,0.75,2.75
S025,08,9,2,0,Left,1.0,3.0
S025,08,9,3,0,Left,1.25,3.25
S025,08,9,4,0,Left,1.5,3.5
S025,08,9,5,0,Left,1.75,3.75
S025,08,9,6,0,Left,2.0,4.0
S025,08,11,0,1,Right,0.5,2.5
S025,08,11,1,1,Right,0.75,2.75
S025,08,11,2,1,Right,1.0,3.0
S025,08,11,3,1,Right,1.25,3.25
S025,08,11,4,1,Right,1.5,3.5
S025,08,11,5,1,Right,1.75,3.75
S025,08,11,6,1,Right,2.0,4.0
S025,08,13,0,1,Right,0.5,2.5
S025,08,13,1,1,Right,0.75,2.75
S025,08,13,2,1,Right,1.0,3.0
S025,08,13,3,1,Right,1.25,3.25
S025,08,13,4,1,Right,1.5,3.5
S025,08,13,5,1,Right,1.75,3.75
S025,08,13,6,1,Right,2.0,4.0
S025,08,15,0,0,Left,0.5,2.5
S025,08,15,1,0,Left,0.75,2.75
S025,08,15,2,0,Left,1.0,3.0
S025,08,15,3,0,Left,1.25,3.25
S025,08,15,4,0,Left,1.5,3.5
S025,08,15,5,0,Left,1.75,3.75
S025,08,15,6,0,Left,2.0,4.0
S025,08,17,0,0,Left,0.5,2.5
S025,08,17,1,0,Left,0.75,2.75
S025,08,17,2,0,Left,1.0,3.0
S025,08,17,3,0,Left,1.25,3.25
S025,08,17,4,0,Left,1.5,3.5
S025,08,17,5,0,Left,1.75,3.75
S025,08,17,6,0,Left,2.0,4.0
S025,08,19,0,1,Right,0.5,2.5
S025,08,19,1,1,Right,0.75,2.75
S025,08,19,2,1,Right,1.0,3.0
S025,08,19,3,1,Right,1.25,3.25
S025,08,19,4,1,Right,1.5,3.5
S025,08,19,5,1,Right,1.75,3.75
S025,08,19,6,1,Right,2.0,4.0
S025,08,21,0,0,Left,0.5,2.5
S025,08,21,1,0,Left,0.75,2.75
S025,08,21,2,0,Left,1.0,3.0
S025,08,21,3,0,Left,1.25,3.25
S025,08,21,4,0,Left,1.5,3.5
S025,08,21,5,0,Left,1.75,3.75
S025,08,21,6,0,Left,2.0,4.0
S025,08,23,0,1,Right,0.5,2.5
S025,08,23,1,1,Right,0.75,2.75
S025,08,23,2,1,Right,1.0,3.0
S025,08,23,3,1,Right,1.25,3.25
S025,08,23,4,1,Right,1.5,3.5
S025,08,23,5,1,Right,1.75,3.75
S025,08,23,6,1,Right,2.0,4.0
S025,08,25,0,1,Right,0.5,2.5
S025,08,25,1,1,Right,0.75,2.75
S025,08,25,2,1,Right,1.0,3.0
S025,08,25,3,1,Right,1.25,3.25
S025,08,25,4,1,Right,1.5,3.5
S025,08,25,5,1,Right,1.75,3.75
S025,08,25,6,1,Right,2.0,4.0
S025,08,27,0,0,Left,0.5,2.5
S025,08,27,1,0,Left,0.75,2.75
S025,08,27,2,0,Left,1.0,3.0
S025,08,27,3,0,Left,1.25,3.25
S025,08,27,4,0,Left,1.5,3.5
S025,08,27,5,0,Left,1.75,3.75
S025,08,27,6,0,Left,2.0,4.0
S025,08,29,0,1,Right,0.5,2.5
S025,08,29,1,1,Right,0.75,2.75
S025,08,29,2,1,Right,1.0,3.0
S025,08,29,3,1,Right,1.25,3.25
S025,08,29,4,1,Right,1.5,3.5
S025,08,29,5,1,Right,1.75,3.75
S025,08,29,6,1,Right,2.0,4.0
S025,12,1,0,1,Right,0.5,2.5
S025,12,1,1,1,Right,0.75,2.75
S025,12,1,2,1,Right,1.0,3.0
S025,12,1,3,1,Right,1.25,3.25
S025,12,1,4,1,Right,1.5,3.5
S025,12,1,5,1,Right,1.75,3.75
S025,12,1,6,1,Right,2.0,4.0
S025,12,3,0,0,Left,0.5,2.5
S025,12,3,1,0,Left,0.75,2.75
S025,12,3,2,0,Left,1.0,3.0
S025,12,3,3,0,Left,1.25,3.25
S025,12,3,4,0,Left,1.5,3.5
S025,12,3,5,0,Left,1.75,3.75
S025,12,3,6,0,Left,2.0,4.0
S025,12,5,0,0,Left,0.5,2.5
S025,12,5,1,0,Left,0.75,2.75
S025,12,5,2,0,Left,1.0,3.0
S025,12,5,3,0,Left,1.25,3.25
S025,12,5,4,0,Left,1.5,3.5
S025,12,5,5,0,Left,1.75,3.75
S025,12,5,6,0,Left,2.0,4.0
S025,12,7,0,1,Right,0.5,2.5
S025,12,7,1,1,Right,0.75,2.75
S025,12,7,2,1,Right,1.0,3.0
S025,12,7,3,1,Right,1.25,3.25
S025,12,7,4,1,Right,1.5,3.5
S025,12,7,5,1,Right,1.75,3.75
S025,12,7,6,1,Right,2.0,4.0
S025,12,9,0,0,Left,0.5,2.5
S025,12,9,1,0,Left,0.75,2.75
S025,12,9,2,0,Left,1.0,3.0
S025,12,9,3,0,Left,1.25,3.25
S025,12,9,4,0,Left,1.5,3.5
S025,12,9,5,0,Left,1.75,3.75
S025,12,9,6,0,Left,2.0,4.0
S025,12,11,0,1,Right,0.5,2.5
S025,12,11,1,1,Right,0.75,2.75
S025,12,11,2,1,Right,1.0,3.0
S025,12,11,3,1,Right,1.25,3.25
S025,12,11,4,1,Right,1.5,3.5
S025,12,11,5,1,Right,1.75,3.75
S025,12,11,6,1,Right,2.0,4.0
S025,12,13,0,1,Right,0.5,2.5
S025,12,13,1,1,Right,0.75,2.75
S025,12,13,2,1,Right,1.0,3.0
S025,12,13,3,1,Right,1.25,3.25
S025,12,13,4,1,Right,1.5,3.5
S025,12,13,5,1,Right,1.75,3.75
S025,12,13,6,1,Right,2.0,4.0
S025,12,15,0,0,Left,0.5,2.5
S025,12,15,1,0,Left,0.75,2.75
S025,12,15,2,0,Left,1.0,3.0
S025,12,15,3,0,Left,1.25,3.25
S025,12,15,4,0,Left,1.5,3.5
S025,12,15,5,0,Left,1.75,3.75
S025,12,15,6,0,Left,2.0,4.0
S025,12,17,0,1,Right,0.5,2.5
S025,12,17,1,1,Right,0.75,2.75
S025,12,17,2,1,Right,1.0,3.0
S025,12,17,3,1,Right,1.25,3.25
S025,12,17,4,1,Right,1.5,3.5
S025,12,17,5,1,Right,1.75,3.75
S025,12,17,6,1,Right,2.0,4.0
S025,12,19,0,0,Left,0.5,2.5
S025,12,19,1,0,Left,0.75,2.75
S025,12,19,2,0,Left,1.0,3.0
S025,12,19,3,0,Left,1.25,3.25
S025,12,19,4,0,Left,1.5,3.5
S025,12,19,5,0,Left,1.75,3.75
S025,12,19,6,0,Left,2.0,4.0
S025,12,21,0,1,Right,0.5,2.5
S025,12,21,1,1,Right,0.75,2.75
S025,12,21,2,1,Right,1.0,3.0
S025,12,21,3,1,Right,1.25,3.25
S025,12,21,4,1,Right,1.5,3.5
S025,12,21,5,1,Right,1.75,3.75
S025,12,21,6,1,Right,2.0,4.0
S025,12,23,0,0,Left,0.5,2.5
S025,12,23,1,0,Left,0.75,2.75
S025,12,23,2,0,Left,1.0,3.0
S025,12,23,3,0,Left,1.25,3.25
S025,12,23,4,0,Left,1.5,3.5
S025,12,23,5,0,Left,1.75,3.75
S025,12,23,6,0,Left,2.0,4.0
S025,12,25,0,0,Left,0.5,2.5
S025,12,25,1,0,Left,0.75,2.75
S025,12,25,2,0,Left,1.0,3.0
S025,12,25,3,0,Left,1.25,3.25
S025,12,25,4,0,Left,1.5,3.5
S025,12,25,5,0,Left,1.75,3.75
S025,12,25,6,0,Left,2.0,4.0
S025,12,27,0,1,Right,0.5,2.5
S025,12,27,1,1,Right,0.75,2.75
S025,12,27,2,1,Right,1.0,3.0
S025,12,27,3,1,Right,1.25,3.25
S025,12,27,4,1,Right,1.5,3.5
S025,12,27,5,1,Right,1.75,3.75
S025,12,27,6,1,Right,2.0,4.0
S025,12,29,0,0,Left,0.5,2.5
S025,12,29,1,0,Left,0.75,2.75
S025,12,29,2,0,Left,1.0,3.0
S025,12,29,3,0,Left,1.25,3.25
S025,12,29,4,0,Left,1.5,3.5
S025,12,29,5,0,Left,1.75,3.75
S025,12,29,6,0,Left,2.0,4.0
S026,04,1,0,1,Right,0.5,2.5
S026,04,1,1,1,Right,0.75,2.75
S026,04,1,2,1,Right,1.0,3.0
S026,04,1,3,1,Right,1.25,3.25
S026,04,1,4,1,Right,1.5,3.5
S026,04,1,5,1,Right,1.75,3.75
S026,04,1,6,1,Right,2.0,4.0
S026,04,3,0,0,Left,0.5,2.5
S026,04,3,1,0,Left,0.75,2.75
S026,04,3,2,0,Left,1.0,3.0
S026,04,3,3,0,Left,1.25,3.25
S026,04,3,4,0,Left,1.5,3.5
S026,04,3,5,0,Left,1.75,3.75
S026,04,3,6,0,Left,2.0,4.0
S026,04,5,0,1,Right,0.5,2.5
S026,04,5,1,1,Right,0.75,2.75
S026,04,5,2,1,Right,1.0,3.0
S026,04,5,3,1,Right,1.25,3.25
S026,04,5,4,1,Right,1.5,3.5
S026,04,5,5,1,Right,1.75,3.75
S026,04,5,6,1,Right,2.0,4.0
S026,04,7,0,0,Left,0.5,2.5
S026,04,7,1,0,Left,0.75,2.75
S026,04,7,2,0,Left,1.0,3.0
S026,04,7,3,0,Left,1.25,3.25
S026,04,7,4,0,Left,1.5,3.5
S026,04,7,5,0,Left,1.75,3.75
S026,04,7,6,0,Left,2.0,4.0
S026,04,9,0,1,Right,0.5,2.5
S026,04,9,1,1,Right,0.75,2.75
S026,04,9,2,1,Right,1.0,3.0
S026,04,9,3,1,Right,1.25,3.25
S026,04,9,4,1,Right,1.5,3.5
S026,04,9,5,1,Right,1.75,3.75
S026,04,9,6,1,Right,2.0,4.0
S026,04,11,0,0,Left,0.5,2.5
S026,04,11,1,0,Left,0.75,2.75
S026,04,11,2,0,Left,1.0,3.0
S026,04,11,3,0,Left,1.25,3.25
S026,04,11,4,0,Left,1.5,3.5
S026,04,11,5,0,Left,1.75,3.75
S026,04,11,6,0,Left,2.0,4.0
S026,04,13,0,0,Left,0.5,2.5
S026,04,13,1,0,Left,0.75,2.75
S026,04,13,2,0,Left,1.0,3.0
S026,04,13,3,0,Left,1.25,3.25
S026,04,13,4,0,Left,1.5,3.5
S026,04,13,5,0,Left,1.75,3.75
S026,04,13,6,0,Left,2.0,4.0
S026,04,15,0,1,Right,0.5,2.5
S026,04,15,1,1,Right,0.75,2.75
S026,04,15,2,1,Right,1.0,3.0
S026,04,15,3,1,Right,1.25,3.25
S026,04,15,4,1,Right,1.5,3.5
S026,04,15,5,1,Right,1.75,3.75
S026,04,15,6,1,Right,2.0,4.0
S026,04,17,0,0,Left,0.5,2.5
S026,04,17,1,0,Left,0.75,2.75
S026,04,17,2,0,Left,1.0,3.0
S026,04,17,3,0,Left,1.25,3.25
S026,04,17,4,0,Left,1.5,3.5
S026,04,17,5,0,Left,1.75,3.75
S026,04,17,6,0,Left,2.0,4.0
S026,04,19,0,1,Right,0.5,2.5
S026,04,19,1,1,Right,0.75,2.75
S026,04,19,2,1,Right,1.0,3.0
S026,04,19,3,1,Right,1.25,3.25
S026,04,19,4,1,Right,1.5,3.5
S026,04,19,5,1,Right,1.75,3.75
S026,04,19,6,1,Right,2.0,4.0
S026,04,21,0,0,Left,0.5,2.5
S026,04,21,1,0,Left,0.75,2.75
S026,04,21,2,0,Left,1.0,3.0
S026,04,21,3,0,Left,1.25,3.25
S026,04,21,4,0,Left,1.5,3.5
S026,04,21,5,0,Left,1.75,3.75
S026,04,21,6,0,Left,2.0,4.0
S026,04,23,0,1,Right,0.5,2.5
S026,04,23,1,1,Right,0.75,2.75
S026,04,23,2,1,Right,1.0,3.0
S026,04,23,3,1,Right,1.25,3.25
S026,04,23,4,1,Right,1.5,3.5
S026,04,23,5,1,Right,1.75,3.75
S026,04,23,6,1,Right,2.0,4.0
S026,04,25,0,1,Right,0.5,2.5
S026,04,25,1,1,Right,0.75,2.75
S026,04,25,2,1,Right,1.0,3.0
S026,04,25,3,1,Right,1.25,3.25
S026,04,25,4,1,Right,1.5,3.5
S026,04,25,5,1,Right,1.75,3.75
S026,04,25,6,1,Right,2.0,4.0
S026,04,27,0,0,Left,0.5,2.5
S026,04,27,1,0,Left,0.75,2.75
S026,04,27,2,0,Left,1.0,3.0
S026,04,27,3,0,Left,1.25,3.25
S026,04,27,4,0,Left,1.5,3.5
S026,04,27,5,0,Left,1.75,3.75
S026,04,27,6,0,Left,2.0,4.0
S026,04,29,0,0,Left,0.5,2.5
S026,04,29,1,0,Left,0.75,2.75
S026,04,29,2,0,Left,1.0,3.0
S026,04,29,3,0,Left,1.25,3.25
S026,04,29,4,0,Left,1.5,3.5
S026,04,29,5,0,Left,1.75,3.75
S026,04,29,6,0,Left,2.0,4.0
S026,08,1,0,0,Left,0.5,2.5
S026,08,1,1,0,Left,0.75,2.75
S026,08,1,2,0,Left,1.0,3.0
S026,08,1,3,0,Left,1.25,3.25
S026,08,1,4,0,Left,1.5,3.5
S026,08,1,5,0,Left,1.75,3.75
S026,08,1,6,0,Left,2.0,4.0
S026,08,3,0,1,Right,0.5,2.5
S026,08,3,1,1,Right,0.75,2.75
S026,08,3,2,1,Right,1.0,3.0
S026,08,3,3,1,Right,1.25,3.25
S026,08,3,4,1,Right,1.5,3.5
S026,08,3,5,1,Right,1.75,3.75
S026,08,3,6,1,Right,2.0,4.0
S026,08,5,0,0,Left,0.5,2.5
S026,08,5,1,0,Left,0.75,2.75
S026,08,5,2,0,Left,1.0,3.0
S026,08,5,3,0,Left,1.25,3.25
S026,08,5,4,0,Left,1.5,3.5
S026,08,5,5,0,Left,1.75,3.75
S026,08,5,6,0,Left,2.0,4.0
S026,08,7,0,1,Right,0.5,2.5
S026,08,7,1,1,Right,0.75,2.75
S026,08,7,2,1,Right,1.0,3.0
S026,08,7,3,1,Right,1.25,3.25
S026,08,7,4,1,Right,1.5,3.5
S026,08,7,5,1,Right,1.75,3.75
S026,08,7,6,1,Right,2.0,4.0
S026,08,9,0,1,Right,0.5,2.5
S026,08,9,1,1,Right,0.75,2.75
S026,08,9,2,1,Right,1.0,3.0
S026,08,9,3,1,Right,1.25,3.25
S026,08,9,4,1,Right,1.5,3.5
S026,08,9,5,1,Right,1.75,3.75
S026,08,9,6,1,Right,2.0,4.0
S026,08,11,0,0,Left,0.5,2.5
S026,08,11,1,0,Left,0.75,2.75
S026,08,11,2,0,Left,1.0,3.0
S026,08,11,3,0,Left,1.25,3.25
S026,08,11,4,0,Left,1.5,3.5
S026,08,11,5,0,Left,1.75,3.75
S026,08,11,6,0,Left,2.0,4.0
S026,08,13,0,1,Right,0.5,2.5
S026,08,13,1,1,Right,0.75,2.75
S026,08,13,2,1,Right,1.0,3.0
S026,08,13,3,1,Right,1.25,3.25
S026,08,13,4,1,Right,1.5,3.5
S026,08,13,5,1,Right,1.75,3.75
S026,08,13,6,1,Right,2.0,4.0
S026,08,15,0,0,Left,0.5,2.5
S026,08,15,1,0,Left,0.75,2.75
S026,08,15,2,0,Left,1.0,3.0
S026,08,15,3,0,Left,1.25,3.25
S026,08,15,4,0,Left,1.5,3.5
S026,08,15,5,0,Left,1.75,3.75
S026,08,15,6,0,Left,2.0,4.0
S026,08,17,0,1,Right,0.5,2.5
S026,08,17,1,1,Right,0.75,2.75
S026,08,17,2,1,Right,1.0,3.0
S026,08,17,3,1,Right,1.25,3.25
S026,08,17,4,1,Right,1.5,3.5
S026,08,17,5,1,Right,1.75,3.75
S026,08,17,6,1,Right,2.0,4.0
S026,08,19,0,0,Left,0.5,2.5
S026,08,19,1,0,Left,0.75,2.75
S026,08,19,2,0,Left,1.0,3.0
S026,08,19,3,0,Left,1.25,3.25
S026,08,19,4,0,Left,1.5,3.5
S026,08,19,5,0,Left,1.75,3.75
S026,08,19,6,0,Left,2.0,4.0
S026,08,21,0,1,Right,0.5,2.5
S026,08,21,1,1,Right,0.75,2.75
S026,08,21,2,1,Right,1.0,3.0
S026,08,21,3,1,Right,1.25,3.25
S026,08,21,4,1,Right,1.5,3.5
S026,08,21,5,1,Right,1.75,3.75
S026,08,21,6,1,Right,2.0,4.0
S026,08,23,0,0,Left,0.5,2.5
S026,08,23,1,0,Left,0.75,2.75
S026,08,23,2,0,Left,1.0,3.0
S026,08,23,3,0,Left,1.25,3.25
S026,08,23,4,0,Left,1.5,3.5
S026,08,23,5,0,Left,1.75,3.75
S026,08,23,6,0,Left,2.0,4.0
S026,08,25,0,1,Right,0.5,2.5
S026,08,25,1,1,Right,0.75,2.75
S026,08,25,2,1,Right,1.0,3.0
S026,08,25,3,1,Right,1.25,3.25
S026,08,25,4,1,Right,1.5,3.5
S026,08,25,5,1,Right,1.75,3.75
S026,08,25,6,1,Right,2.0,4.0
S026,08,27,0,0,Left,0.5,2.5
S026,08,27,1,0,Left,0.75,2.75
S026,08,27,2,0,Left,1.0,3.0
S026,08,27,3,0,Left,1.25,3.25
S026,08,27,4,0,Left,1.5,3.5
S026,08,27,5,0,Left,1.75,3.75
S026,08,27,6,0,Left,2.0,4.0
S026,08,29,0,0,Left,0.5,2.5
S026,08,29,1,0,Left,0.75,2.75
S026,08,29,2,0,Left,1.0,3.0
S026,08,29,3,0,Left,1.25,3.25
S026,08,29,4,0,Left,1.5,3.5
S026,08,29,5,0,Left,1.75,3.75
S026,08,29,6,0,Left,2.0,4.0
S026,12,1,0,0,Left,0.5,2.5
S026,12,1,1,0,Left,0.75,2.75
S026,12,1,2,0,Left,1.0,3.0
S026,12,1,3,0,Left,1.25,3.25
S026,12,1,4,0,Left,1.5,3.5
S026,12,1,5,0,Left,1.75,3.75
S026,12,1,6,0,Left,2.0,4.0
S026,12,3,0,1,Right,0.5,2.5
S026,12,3,1,1,Right,0.75,2.75
S026,12,3,2,1,Right,1.0,3.0
S026,12,3,3,1,Right,1.25,3.25
S026,12,3,4,1,Right,1.5,3.5
S026,12,3,5,1,Right,1.75,3.75
S026,12,3,6,1,Right,2.0,4.0
S026,12,5,0,1,Right,0.5,2.5
S026,12,5,1,1,Right,0.75,2.75
S026,12,5,2,1,Right,1.0,3.0
S026,12,5,3,1,Right,1.25,3.25
S026,12,5,4,1,Right,1.5,3.5
S026,12,5,5,1,Right,1.75,3.75
S026,12,5,6,1,Right,2.0,4.0
S026,12,7,0,0,Left,0.5,2.5
S026,12,7,1,0,Left,0.75,2.75
S026,12,7,2,0,Left,1.0,3.0
S026,12,7,3,0,Left,1.25,3.25
S026,12,7,4,0,Left,1.5,3.5
S026,12,7,5,0,Left,1.75,3.75
S026,12,7,6,0,Left,2.0,4.0
S026,12,9,0,1,Right,0.5,2.5
S026,12,9,1,1,Right,0.75,2.75
S026,12,9,2,1,Right,1.0,3.0
S026,12,9,3,1,Right,1.25,3.25
S026,12,9,4,1,Right,1.5,3.5
S026,12,9,5,1,Right,1.75,3.75
S026,12,9,6,1,Right,2.0,4.0
S026,12,11,0,0,Left,0.5,2.5
S026,12,11,1,0,Left,0.75,2.75
S026,12,11,2,0,Left,1.0,3.0
S026,12,11,3,0,Left,1.25,3.25
S026,12,11,4,0,Left,1.5,3.5
S026,12,11,5,0,Left,1.75,3.75
S026,12,11,6,0,Left,2.0,4.0
S026,12,13,0,0,Left,0.5,2.5
S026,12,13,1,0,Left,0.75,2.75
S026,12,13,2,0,Left,1.0,3.0
S026,12,13,3,0,Left,1.25,3.25
S026,12,13,4,0,Left,1.5,3.5
S026,12,13,5,0,Left,1.75,3.75
S026,12,13,6,0,Left,2.0,4.0
S026,12,15,0,1,Right,0.5,2.5
S026,12,15,1,1,Right,0.75,2.75
S026,12,15,2,1,Right,1.0,3.0
S026,12,15,3,1,Right,1.25,3.25
S026,12,15,4,1,Right,1.5,3.5
S026,12,15,5,1,Right,1.75,3.75
S026,12,15,6,1,Right,2.0,4.0
S026,12,17,0,0,Left,0.5,2.5
S026,12,17,1,0,Left,0.75,2.75
S026,12,17,2,0,Left,1.0,3.0
S026,12,17,3,0,Left,1.25,3.25
S026,12,17,4,0,Left,1.5,3.5
S026,12,17,5,0,Left,1.75,3.75
S026,12,17,6,0,Left,2.0,4.0
S026,12,19,0,1,Right,0.5,2.5
S026,12,19,1,1,Right,0.75,2.75
S026,12,19,2,1,Right,1.0,3.0
S026,12,19,3,1,Right,1.25,3.25
S026,12,19,4,1,Right,1.5,3.5
S026,12,19,5,1,Right,1.75,3.75
S026,12,19,6,1,Right,2.0,4.0
S026,12,21,0,0,Left,0.5,2.5
S026,12,21,1,0,Left,0.75,2.75
S026,12,21,2,0,Left,1.0,3.0
S026,12,21,3,0,Left,1.25,3.25
S026,12,21,4,0,Left,1.5,3.5
S026,12,21,5,0,Left,1.75,3.75
S026,12,21,6,0,Left,2.0,4.0
S026,12,23,0,1,Right,0.5,2.5
S026,12,23,1,1,Right,0.75,2.75
S026,12,23,2,1,Right,1.0,3.0
S026,12,23,3,1,Right,1.25,3.25
S026,12,23,4,1,Right,1.5,3.5
S026,12,23,5,1,Right,1.75,3.75
S026,12,23,6,1,Right,2.0,4.0
S026,12,25,0,0,Left,0.5,2.5
S026,12,25,1,0,Left,0.75,2.75
S026,12,25,2,0,Left,1.0,3.0
S026,12,25,3,0,Left,1.25,3.25
S026,12,25,4,0,Left,1.5,3.5
S026,12,25,5,0,Left,1.75,3.75
S026,12,25,6,0,Left,2.0,4.0
S026,12,27,0,1,Right,0.5,2.5
S026,12,27,1,1,Right,0.75,2.75
S026,12,27,2,1,Right,1.0,3.0
S026,12,27,3,1,Right,1.25,3.25
S026,12,27,4,1,Right,1.5,3.5
S026,12,27,5,1,Right,1.75,3.75
S026,12,27,6,1,Right,2.0,4.0
S026,12,29,0,0,Left,0.5,2.5
S026,12,29,1,0,Left,0.75,2.75
S026,12,29,2,0,Left,1.0,3.0
S026,12,29,3,0,Left,1.25,3.25
S026,12,29,4,0,Left,1.5,3.5
S026,12,29,5,0,Left,1.75,3.75
S026,12,29,6,0,Left,2.0,4.0
S027,04,3,0,1,Right,0.5,2.5
S027,04,3,1,1,Right,0.75,2.75
S027,04,3,2,1,Right,1.0,3.0
S027,04,3,3,1,Right,1.25,3.25
S027,04,3,4,1,Right,1.5,3.5
S027,04,3,5,1,Right,1.75,3.75
S027,04,3,6,1,Right,2.0,4.0
S027,04,5,0,0,Left,0.5,2.5
S027,04,5,1,0,Left,0.75,2.75
S027,04,5,2,0,Left,1.0,3.0
S027,04,5,3,0,Left,1.25,3.25
S027,04,5,4,0,Left,1.5,3.5
S027,04,5,5,0,Left,1.75,3.75
S027,04,5,6,0,Left,2.0,4.0
S027,04,7,0,1,Right,0.5,2.5
S027,04,7,1,1,Right,0.75,2.75
S027,04,7,2,1,Right,1.0,3.0
S027,04,7,3,1,Right,1.25,3.25
S027,04,7,4,1,Right,1.5,3.5
S027,04,7,5,1,Right,1.75,3.75
S027,04,7,6,1,Right,2.0,4.0
S027,04,9,0,1,Right,0.5,2.5
S027,04,9,1,1,Right,0.75,2.75
S027,04,9,2,1,Right,1.0,3.0
S027,04,9,3,1,Right,1.25,3.25
S027,04,9,4,1,Right,1.5,3.5
S027,04,9,5,1,Right,1.75,3.75
S027,04,9,6,1,Right,2.0,4.0
S027,04,11,0,0,Left,0.5,2.5
S027,04,11,1,0,Left,0.75,2.75
S027,04,11,2,0,Left,1.0,3.0
S027,04,11,3,0,Left,1.25,3.25
S027,04,11,4,0,Left,1.5,3.5
S027,04,11,5,0,Left,1.75,3.75
S027,04,11,6,0,Left,2.0,4.0
S027,04,13,0,1,Right,0.5,2.5
S027,04,13,1,1,Right,0.75,2.75
S027,04,13,2,1,Right,1.0,3.0
S027,04,13,3,1,Right,1.25,3.25
S027,04,13,4,1,Right,1.5,3.5
S027,04,13,5,1,Right,1.75,3.75
S027,04,13,6,1,Right,2.0,4.0
S027,04,15,0,0,Left,0.5,2.5
S027,04,15,1,0,Left,0.75,2.75
S027,04,15,2,0,Left,1.0,3.0
S027,04,15,3,0,Left,1.25,3.25
S027,04,15,4,0,Left,1.5,3.5
S027,04,15,5,0,Left,1.75,3.75
S027,04,15,6,0,Left,2.0,4.0
S027,04,17,0,0,Left,0.5,2.5
S027,04,17,1,0,Left,0.75,2.75
S027,04,17,2,0,Left,1.0,3.0
S027,04,17,3,0,Left,1.25,3.25
S027,04,17,4,0,Left,1.5,3.5
S027,04,17,5,0,Left,1.75,3.75
S027,04,17,6,0,Left,2.0,4.0
S027,04,19,0,1,Right,0.5,2.5
S027,04,19,1,1,Right,0.75,2.75
S027,04,19,2,1,Right,1.0,3.0
S027,04,19,3,1,Right,1.25,3.25
S027,04,19,4,1,Right,1.5,3.5
S027,04,19,5,1,Right,1.75,3.75
S027,04,19,6,1,Right,2.0,4.0
S027,04,21,0,0,Left,0.5,2.5
S027,04,21,1,0,Left,0.75,2.75
S027,04,21,2,0,Left,1.0,3.0
S027,04,21,3,0,Left,1.25,3.25
S027,04,21,4,0,Left,1.5,3.5
S027,04,21,5,0,Left,1.75,3.75
S027,04,21,6,0,Left,2.0,4.0
S027,04,23,0,1,Right,0.5,2.5
S027,04,23,1,1,Right,0.75,2.75
S027,04,23,2,1,Right,1.0,3.0
S027,04,23,3,1,Right,1.25,3.25
S027,04,23,4,1,Right,1.5,3.5
S027,04,23,5,1,Right,1.75,3.75
S027,04,23,6,1,Right,2.0,4.0
S027,04,25,0,1,Right,0.5,2.5
S027,04,25,1,1,Right,0.75,2.75
S027,04,25,2,1,Right,1.0,3.0
S027,04,25,3,1,Right,1.25,3.25
S027,04,27,0,0,Left,0.5,2.5
S027,04,27,1,0,Left,0.75,2.75
S027,04,27,2,0,Left,1.0,3.0
S027,04,27,3,0,Left,1.25,3.25
S027,04,27,4,0,Left,1.5,3.5
S027,04,27,5,0,Left,1.75,3.75
S027,04,27,6,0,Left,2.0,4.0
S027,04,29,0,0,Left,0.5,2.5
S027,04,29,1,0,Left,0.75,2.75
S027,04,29,2,0,Left,1.0,3.0
S027,04,29,3,0,Left,1.25,3.25
S027,04,29,4,0,Left,1.5,3.5
S027,04,29,5,0,Left,1.75,3.75
S027,04,29,6,0,Left,2.0,4.0
S027,08,1,0,0,Left,0.5,2.5
S027,08,1,1,0,Left,0.75,2.75
S027,08,1,2,0,Left,1.0,3.0
S027,08,1,3,0,Left,1.25,3.25
S027,08,1,4,0,Left,1.5,3.5
S027,08,1,5,0,Left,1.75,3.75
S027,08,1,6,0,Left,2.0,4.0
S027,08,3,0,1,Right,0.5,2.5
S027,08,3,1,1,Right,0.75,2.75
S027,08,3,2,1,Right,1.0,3.0
S027,08,3,3,1,Right,1.25,3.25
S027,08,3,4,1,Right,1.5,3.5
S027,08,3,5,1,Right,1.75,3.75
S027,08,3,6,1,Right,2.0,4.0
S027,08,5,0,1,Right,0.5,2.5
S027,08,5,1,1,Right,0.75,2.75
S027,08,5,2,1,Right,1.0,3.0
S027,08,5,3,1,Right,1.25,3.25
S027,08,5,4,1,Right,1.5,3.5
S027,08,5,5,1,Right,1.75,3.75
S027,08,5,6,1,Right,2.0,4.0
S027,08,7,0,0,Left,0.5,2.5
S027,08,7,1,0,Left,0.75,2.75
S027,08,7,2,0,Left,1.0,3.0
S027,08,7,3,0,Left,1.25,3.25
S027,08,7,4,0,Left,1.5,3.5
S027,08,7,5,0,Left,1.75,3.75
S027,08,7,6,0,Left,2.0,4.0
S027,08,9,0,1,Right,0.5,2.5
S027,08,9,1,1,Right,0.75,2.75
S027,08,9,2,1,Right,1.0,3.0
S027,08,9,3,1,Right,1.25,3.25
S027,08,9,4,1,Right,1.5,3.5
S027,08,9,5,1,Right,1.75,3.75
S027,08,9,6,1,Right,2.0,4.0
S027,08,11,0,0,Left,0.5,2.5
S027,08,11,1,0,Left,0.75,2.75
S027,08,11,2,0,Left,1.0,3.0
S027,08,11,3,0,Left,1.25,3.25
S027,08,11,4,0,Left,1.5,3.5
S027,08,11,5,0,Left,1.75,3.75
S027,08,11,6,0,Left,2.0,4.0
S027,08,13,0,0,Left,0.5,2.5
S027,08,13,1,0,Left,0.75,2.75
S027,08,13,2,0,Left,1.0,3.0
S027,08,13,3,0,Left,1.25,3.25
S027,08,13,4,0,Left,1.5,3.5
S027,08,13,5,0,Left,1.75,3.75
S027,08,13,6,0,Left,2.0,4.0
S027,08,15,0,1,Right,0.5,2.5
S027,08,15,1,1,Right,0.75,2.75
S027,08,15,2,1,Right,1.0,3.0
S027,08,15,3,1,Right,1.25,3.25
S027,08,15,4,1,Right,1.5,3.5
S027,08,15,5,1,Right,1.75,3.75
S027,08,15,6,1,Right,2.0,4.0
S027,08,17,0,1,Right,0.5,2.5
S027,08,17,1,1,Right,0.75,2.75
S027,08,17,2,1,Right,1.0,3.0
S027,08,17,3,1,Right,1.25,3.25
S027,08,17,4,1,Right,1.5,3.5
S027,08,17,5,1,Right,1.75,3.75
S027,08,17,6,1,Right,2.0,4.0
S027,08,19,0,0,Left,0.5,2.5
S027,08,19,1,0,Left,0.75,2.75
S027,08,19,2,0,Left,1.0,3.0
S027,08,19,3,0,Left,1.25,3.25
S027,08,19,4,0,Left,1.5,3.5
S027,08,19,5,0,Left,1.75,3.75
S027,08,19,6,0,Left,2.0,4.0
S027,08,21,0,1,Right,0.5,2.5
S027,08,21,1,1,Right,0.75,2.75
S027,08,21,2,1,Right,1.0,3.0
S027,08,21,3,1,Right,1.25,3.25
S027,08,21,4,1,Right,1.5,3.5
S027,08,21,5,1,Right,1.75,3.75
S027,08,21,6,1,Right,2.0,4.0
S027,08,23,0,0,Left,0.5,2.5
S027,08,23,1,0,Left,0.75,2.75
S027,08,23,2,0,Left,1.0,3.0
S027,08,23,3,0,Left,1.25,3.25
S027,08,23,4,0,Left,1.5,3.5
S027,08,23,5,0,Left,1.75,3.75
S027,08,23,6,0,Left,2.0,4.0
S027,08,25,0,0,Left,0.5,2.5
S027,08,25,1,0,Left,0.75,2.75
S027,08,25,2,0,Left,1.0,3.0
S027,08,25,3,0,Left,1.25,3.25
S027,08,25,4,0,Left,1.5,3.5
S027,08,25,5,0,Left,1.75,3.75
S027,08,25,6,0,Left,2.0,4.0
S027,08,27,0,1,Right,0.5,2.5
S027,08,27,1,1,Right,0.75,2.75
S027,08,27,2,1,Right,1.0,3.0
S027,08,27,3,1,Right,1.25,3.25
S027,08,27,4,1,Right,1.5,3.5
S027,08,27,5,1,Right,1.75,3.75
S027,08,27,6,1,Right,2.0,4.0
S027,08,29,0,1,Right,0.5,2.5
S027,08,29,1,1,Right,0.75,2.75
S027,08,29,2,1,Right,1.0,3.0
S027,08,29,3,1,Right,1.25,3.25
S027,08,29,4,1,Right,1.5,3.5
S027,08,29,5,1,Right,1.75,3.75
S027,08,29,6,1,Right,2.0,4.0
S027,12,1,0,0,Left,0.5,2.5
S027,12,1,1,0,Left,0.75,2.75
S027,12,1,2,0,Left,1.0,3.0
S027,12,1,3,0,Left,1.25,3.25
S027,12,1,4,0,Left,1.5,3.5
S027,12,1,5,0,Left,1.75,3.75
S027,12,1,6,0,Left,2.0,4.0
S027,12,3,0,1,Right,0.5,2.5
S027,12,3,1,1,Right,0.75,2.75
S027,12,3,2,1,Right,1.0,3.0
S027,12,3,3,1,Right,1.25,3.25
S027,12,3,4,1,Right,1.5,3.5
S027,12,3,5,1,Right,1.75,3.75
S027,12,3,6,1,Right,2.0,4.0
S027,12,5,0,0,Left,0.5,2.5
S027,12,5,1,0,Left,0.75,2.75
S027,12,5,2,0,Left,1.0,3.0
S027,12,5,3,0,Left,1.25,3.25
S027,12,5,4,0,Left,1.5,3.5
S027,12,5,5,0,Left,1.75,3.75
S027,12,5,6,0,Left,2.0,4.0
S027,12,7,0,1,Right,0.5,2.5
S027,12,7,1,1,Right,0.75,2.75
S027,12,7,2,1,Right,1.0,3.0
S027,12,7,3,1,Right,1.25,3.25
S027,12,7,4,1,Right,1.5,3.5
S027,12,7,5,1,Right,1.75,3.75
S027,12,7,6,1,Right,2.0,4.0
S027,12,9,0,0,Left,0.5,2.5
S027,12,9,1,0,Left,0.75,2.75
S027,12,9,2,0,Left,1.0,3.0
S027,12,9,3,0,Left,1.25,3.25
S027,12,9,4,0,Left,1.5,3.5
S027,12,9,5,0,Left,1.75,3.75
S027,12,9,6,0,Left,2.0,4.0
S027,12,11,0,1,Right,0.5,2.5
S027,12,11,1,1,Right,0.75,2.75
S027,12,11,2,1,Right,1.0,3.0
S027,12,13,4,0,Left,1.5,3.5
S027,12,13,5,0,Left,1.75,3.75
S027,12,13,6,0,Left,2.0,4.0
S027,12,15,0,1,Right,0.5,2.5
S027,12,15,1,1,Right,0.75,2.75
S027,12,15,2,1,Right,1.0,3.0
S027,12,15,3,1,Right,1.25,3.25
S027,12,15,4,1,Right,1.5,3.5
S027,12,15,5,1,Right,1.75,3.75
S027,12,15,6,1,Right,2.0,4.0
S027,12,17,0,1,Right,0.5,2.5
S027,12,17,1,1,Right,0.75,2.75
S027,12,17,2,1,Right,1.0,3.0
S027,12,17,3,1,Right,1.25,3.25
S027,12,17,4,1,Right,1.5,3.5
S027,12,17,5,1,Right,1.75,3.75
S027,12,17,6,1,Right,2.0,4.0
S027,12,19,0,0,Left,0.5,2.5
S027,12,19,1,0,Left,0.75,2.75
S027,12,19,2,0,Left,1.0,3.0
S027,12,19,3,0,Left,1.25,3.25
S027,12,19,4,0,Left,1.5,3.5
S027,12,19,5,0,Left,1.75,3.75
S027,12,19,6,0,Left,2.0,4.0
S027,12,21,0,0,Left,0.5,2.5
S027,12,21,1,0,Left,0.75,2.75
S027,12,21,2,0,Left,1.0,3.0
S027,12,21,3,0,Left,1.25,3.25
S027,12,21,4,0,Left,1.5,3.5
S027,12,21,5,0,Left,1.75,3.75
S027,12,21,6,0,Left,2.0,4.0
S027,12,23,0,1,Right,0.5,2.5
S027,12,23,1,1,Right,0.75,2.75
S027,12,23,2,1,Right,1.0,3.0
S027,12,23,3,1,Right,1.25,3.25
S027,12,23,4,1,Right,1.5,3.5
S027,12,23,5,1,Right,1.75,3.75
S027,12,23,6,1,Right,2.0,4.0
S027,12,25,0,0,Left,0.5,2.5
S027,12,25,1,0,Left,0.75,2.75
S027,12,25,2,0,Left,1.0,3.0
S027,12,25,3,0,Left,1.25,3.25
S027,12,25,4,0,Left,1.5,3.5
S027,12,25,5,0,Left,1.75,3.75
S027,12,25,6,0,Left,2.0,4.0
S027,12,27,0,1,Right,0.5,2.5
S027,12,27,1,1,Right,0.75,2.75
S027,12,27,2,1,Right,1.0,3.0
S027,12,27,3,1,Right,1.25,3.25
S027,12,27,4,1,Right,1.5,3.5
S027,12,27,5,1,Right,1.75,3.75
S027,12,27,6,1,Right,2.0,4.0
S027,12,29,0,0,Left,0.5,2.5
S027,12,29,1,0,Left,0.75,2.75
S027,12,29,2,0,Left,1.0,3.0
S027,12,29,3,0,Left,1.25,3.25
S027,12,29,4,0,Left,1.5,3.5
S027,12,29,5,0,Left,1.75,3.75
S027,12,29,6,0,Left,2.0,4.0
S028,04,1,0,0,Left,0.5,2.5
S028,04,1,1,0,Left,0.75,2.75
S028,04,1,2,0,Left,1.0,3.0
S028,04,1,3,0,Left,1.25,3.25
S028,04,1,4,0,Left,1.5,3.5
S028,04,1,5,0,Left,1.75,3.75
S028,04,1,6,0,Left,2.0,4.0
S028,04,3,0,1,Right,0.5,2.5
S028,04,3,1,1,Right,0.75,2.75
S028,04,3,2,1,Right,1.0,3.0
S028,04,3,3,1,Right,1.25,3.25
S028,04,3,4,1,Right,1.5,3.5
S028,04,3,5,1,Right,1.75,3.75
S028,04,3,6,1,Right,2.0,4.0
S028,04,5,0,1,Right,0.5,2.5
S028,04,5,1,1,Right,0.75,2.75
S028,04,5,2,1,Right,1.0,3.0
S028,04,5,3,1,Right,1.25,3.25
S028,04,5,4,1,Right,1.5,3.5
S028,04,5,5,1,Right,1.75,3.75
S028,04,5,6,1,Right,2.0,4.0
S028,04,7,0,0,Left,0.5,2.5
S028,04,7,1,0,Left,0.75,2.75
S028,04,7,2,0,Left,1.0,3.0
S028,04,7,3,0,Left,1.25,3.25
S028,04,7,4,0,Left,1.5,3.5
S028,04,7,5,0,Left,1.75,3.75
S028,04,7,6,0,Left,2.0,4.0
S028,04,9,0,1,Right,0.5,2.5
S028,04,9,1,1,Right,0.75,2.75
S028,04,9,2,1,Right,1.0,3.0
S028,04,9,3,1,Right,1.25,3.25
S028,04,9,4,1,Right,1.5,3.5
S028,04,9,5,1,Right,1.75,3.75
S028,04,9,6,1,Right,2.0,4.0
S028,04,11,0,0,Left,0.5,2.5
S028,04,11,1,0,Left,0.75,2.75
S028,04,11,2,0,Left,1.0,3.0
S028,04,11,3,0,Left,1.25,3.25
S028,04,11,4,0,Left,1.5,3.5
S028,04,11,5,0,Left,1.75,3.75
S028,04,11,6,0,Left,2.0,4.0
S028,04,13,0,1,Right,0.5,2.5
S028,04,13,1,1,Right,0.75,2.75
S028,04,13,2,1,Right,1.0,3.0
S028,04,13,3,1,Right,1.25,3.25
S028,04,13,4,1,Right,1.5,3.5
S028,04,13,5,1,Right,1.75,3.75
S028,04,13,6,1,Right,2.0,4.0
S028,04,15,0,0,Left,0.5,2.5
S028,04,15,1,0,Left,0.75,2.75
S028,04,15,2,0,Left,1.0,3.0
S028,04,15,3,0,Left,1.25,3.25
S028,04,15,4,0,Left,1.5,3.5
S028,04,15,5,0,Left,1.75,3.75
S028,04,15,6,0,Left,2.0,4.0
S028,04,17,0,0,Left,0.5,2.5
S028,04,17,1,0,Left,0.75,2.75
S028,04,17,2,0,Left,1.0,3.0
S028,04,17,3,0,Left,1.25,3.25
S028,04,17,4,0,Left,1.5,3.5
S028,04,17,5,0,Left,1.75,3.75
S028,04,17,6,0,Left,2.0,4.0
S028,04,19,0,1,Right,0.5,2.5
S028,04,19,1,1,Right,0.75,2.75
S028,04,19,2,1,Right,1.0,3.0
S028,04,19,3,1,Right,1.25,3.25
S028,04,19,4,1,Right,1.5,3.5
S028,04,19,5,1,Right,1.75,3.75
S028,04,19,6,1,Right,2.0,4.0
S028,04,21,0,0,Left,0.5,2.5
S028,04,21,1,0,Left,0.75,2.75
S028,04,21,2,0,Left,1.0,3.0
S028,04,21,3,0,Left,1.25,3.25
S028,04,21,4,0,Left,1.5,3.5
S028,04,21,5,0,Left,1.75,3.75
S028,04,21,6,0,Left,2.0,4.0
S028,04,23,0,1,Right,0.5,2.5
S028,04,23,1,1,Right,0.75,2.75
S028,04,23,2,1,Right,1.0,3.0
S028,04,23,3,1,Right,1.25,3.25
S028,04,23,4,1,Right,1.5,3.5
S028,04,23,5,1,Right,1.75,3.75
S028,04,23,6,1,Right,2.0,4.0
S028,04,25,0,0,Left,0.5,2.5
S028,04,25,1,0,Left,0.75,2.75
S028,04,25,2,0,Left,1.0,3.0
S028,04,29,1,0,Left,0.75,2.75
S028,04,29,2,0,Left,1.0,3.0
S028,04,29,3,0,Left,1.25,3.25
S028,04,29,4,0,Left,1.5,3.5
S028,04,29,5,0,Left,1.75,3.75
S028,04,29,6,0,Left,2.0,4.0
S028,08,1,0,0,Left,0.5,2.5
S028,08,1,1,0,Left,0.75,2.75
S028,08,1,2,0,Left,1.0,3.0
S028,08,1,3,0,Left,1.25,3.25
S028,08,1,4,0,Left,1.5,3.5
S028,08,1,5,0,Left,1.75,3.75
S028,08,1,6,0,Left,2.0,4.0
S028,08,3,0,1,Right,0.5,2.5
S028,08,3,1,1,Right,0.75,2.75
S028,08,3,2,1,Right,1.0,3.0
S028,08,3,3,1,Right,1.25,3.25
S028,08,3,4,1,Right,1.5,3.5
S028,08,3,5,1,Right,1.75,3.75
S028,08,3,6,1,Right,2.0,4.0
S028,08,5,0,1,Right,0.5,2.5
S028,08,5,1,1,Right,0.75,2.75
S028,08,5,2,1,Right,1.0,3.0
S028,08,5,3,1,Right,1.25,3.25
S028,08,5,4,1,Right,1.5,3.5
S028,08,5,5,1,Right,1.75,3.75
S028,08,5,6,1,Right,2.0,4.0
S028,08,7,0,0,Left,0.5,2.5
S028,08,7,1,0,Left,0.75,2.75
S028,08,7,2,0,Left,1.0,3.0
S028,08,7,3,0,Left,1.25,3.25
S028,08,7,4,0,Left,1.5,3.5
S028,08,7,5,0,Left,1.75,3.75
S028,08,7,6,0,Left,2.0,4.0
S028,08,13,0,1,Right,0.5,2.5
S028,08,13,1,1,Right,0.75,2.75
S028,08,13,2,1,Right,1.0,3.0
S028,08,13,3,1,Right,1.25,3.25
S028,08,13,4,1,Right,1.5,3.5
S028,08,13,5,1,Right,1.75,3.75
S028,08,13,6,1,Right,2.0,4.0
S028,08,15,0,0,Left,0.5,2.5
S028,08,15,1,0,Left,0.75,2.75
S028,08,15,2,0,Left,1.0,3.0
S028,08,15,3,0,Left,1.25,3.25
S028,08,15,4,0,Left,1.5,3.5
S028,08,15,5,0,Left,1.75,3.75
S028,08,15,6,0,Left,2.0,4.0
S028,08,17,0,1,Right,0.5,2.5
S028,08,17,1,1,Right,0.75,2.75
S028,08,17,2,1,Right,1.0,3.0
S028,08,17,3,1,Right,1.25,3.25
S028,08,17,4,1,Right,1.5,3.5
S028,08,17,5,1,Right,1.75,3.75
S028,08,17,6,1,Right,2.0,4.0
S028,08,19,0,0,Left,0.5,2.5
S028,08,19,1,0,Left,0.75,2.75
S028,08,19,2,0,Left,1.0,3.0
S028,08,19,3,0,Left,1.25,3.25
S028,08,19,4,0,Left,1.5,3.5
S028,08,19,5,0,Left,1.75,3.75
S028,08,19,6,0,Left,2.0,4.0
S028,08,21,0,0,Left,0.5,2.5
S028,08,21,1,0,Left,0.75,2.75
S028,08,21,2,0,Left,1.0,3.0
S028,08,21,3,0,Left,1.25,3.25
S028,08,21,4,0,Left,1.5,3.5
S028,08,21,5,0,Left,1.75,3.75
S028,08,21,6,0,Left,2.0,4.0
S028,08,23,0,1,Right,0.5,2.5
S028,08,23,1,1,Right,0.75,2.75
S028,08,23,2,1,Right,1.0,3.0
S028,08,23,3,1,Right,1.25,3.25
S028,08,23,4,1,Right,1.5,3.5
S028,08,23,5,1,Right,1.75,3.75
S028,08,23,6,1,Right,2.0,4.0
S028,08,25,0,0,Left,0.5,2.5
S028,08,25,1,0,Left,0.75,2.75
S028,08,25,2,0,Left,1.0,3.0
S028,08,25,3,0,Left,1.25,3.25
S028,08,25,4,0,Left,1.5,3.5
S028,08,25,5,0,Left,1.75,3.75
S028,08,25,6,0,Left,2.0,4.0
S028,08,27,0,1,Right,0.5,2.5
S028,08,27,1,1,Right,0.75,2.75
S028,08,27,2,1,Right,1.0,3.0
S028,08,27,3,1,Right,1.25,3.25
S028,08,27,4,1,Right,1.5,3.5
S028,08,27,5,1,Right,1.75,3.75
S028,08,27,6,1,Right,2.0,4.0
S028,08,29,0,1,Right,0.5,2.5
S028,08,29,1,1,Right,0.75,2.75
S028,12,1,0,0,Left,0.5,2.5
S028,12,1,1,0,Left,0.75,2.75
S028,12,1,2,0,Left,1.0,3.0
S028,12,1,3,0,Left,1.25,3.25
S028,12,1,4,0,Left,1.5,3.5
S028,12,1,5,0,Left,1.75,3.75
S028,12,1,6,0,Left,2.0,4.0
S028,12,3,0,1,Right,0.5,2.5
S028,12,3,1,1,Right,0.75,2.75
S028,12,3,2,1,Right,1.0,3.0
S028,12,3,3,1,Right,1.25,3.25
S028,12,3,4,1,Right,1.5,3.5
S028,12,3,5,1,Right,1.75,3.75
S028,12,3,6,1,Right,2.0,4.0
S028,12,5,0,0,Left,0.5,2.5
S028,12,5,1,0,Left,0.75,2.75
S028,12,5,2,0,Left,1.0,3.0
S028,12,5,3,0,Left,1.25,3.25
S028,12,5,4,0,Left,1.5,3.5
S028,12,5,5,0,Left,1.75,3.75
S028,12,5,6,0,Left,2.0,4.0
S028,12,7,0,1,Right,0.5,2.5
S028,12,7,1,1,Right,0.75,2.75
S028,12,7,2,1,Right,1.0,3.0
S028,12,7,3,1,Right,1.25,3.25
S028,12,7,4,1,Right,1.5,3.5
S028,12,7,5,1,Right,1.75,3.75
S028,12,7,6,1,Right,2.0,4.0
S028,12,9,5,0,Left,1.75,3.75
S028,12,9,6,0,Left,2.0,4.0
S028,12,11,0,1,Right,0.5,2.5
S028,12,11,1,1,Right,0.75,2.75
S028,12,11,2,1,Right,1.0,3.0
S028,12,13,2,1,Right,1.0,3.0
S028,12,13,3,1,Right,1.25,3.25
S028,12,13,4,1,Right,1.5,3.5
S028,12,13,5,1,Right,1.75,3.75
S028,12,15,0,0,Left,0.5,2.5
S028,12,15,1,0,Left,0.75,2.75
S028,12,15,2,0,Left,1.0,3.0
S028,12,15,3,0,Left,1.25,3.25
S028,12,15,4,0,Left,1.5,3.5
S028,12,15,5,0,Left,1.75,3.75
S028,12,15,6,0,Left,2.0,4.0
S028,12,17,0,1,Right,0.5,2.5
S028,12,17,1,1,Right,0.75,2.75
S028,12,17,2,1,Right,1.0,3.0
S028,12,17,3,1,Right,1.25,3.25
S028,12,17,4,1,Right,1.5,3.5
S028,12,17,5,1,Right,1.75,3.75
S028,12,17,6,1,Right,2.0,4.0
S028,12,19,0,0,Left,0.5,2.5
S028,12,19,1,0,Left,0.75,2.75
S028,12,23,0,1,Right,0.5,2.5
S028,12,23,1,1,Right,0.75,2.75
S028,12,23,2,1,Right,1.0,3.0
S028,12,23,3,1,Right,1.25,3.25
S028,12,23,4,1,Right,1.5,3.5
S028,12,23,5,1,Right,1.75,3.75
S028,12,23,6,1,Right,2.0,4.0
S028,12,25,5,0,Left,1.75,3.75
S028,12,25,6,0,Left,2.0,4.0
S028,12,29,0,1,Right,0.5,2.5
S028,12,29,1,1,Right,0.75,2.75
S028,12,29,2,1,Right,1.0,3.0
S028,12,29,3,1,Right,1.25,3.25
S028,12,29,4,1,Right,1.5,3.5
S028,12,29,5,1,Right,1.75,3.75
S028,12,29,6,1,Right,2.0,4.0
S029,04,1,0,1,Right,0.5,2.5
S029,04,1,1,1,Right,0.75,2.75
S029,04,1,2,1,Right,1.0,3.0
S029,04,1,3,1,Right,1.25,3.25
S029,04,1,4,1,Right,1.5,3.5
S029,04,1,5,1,Right,1.75,3.75
S029,04,1,6,1,Right,2.0,4.0
S029,04,3,0,0,Left,0.5,2.5
S029,04,3,1,0,Left,0.75,2.75
S029,04,3,2,0,Left,1.0,3.0
S029,04,3,3,0,Left,1.25,3.25
S029,04,3,4,0,Left,1.5,3.5
S029,04,3,5,0,Left,1.75,3.75
S029,04,3,6,0,Left,2.0,4.0
S029,04,5,0,1,Right,0.5,2.5
S029,04,5,1,1,Right,0.75,2.75
S029,04,5,2,1,Right,1.0,3.0
S029,04,5,3,1,Right,1.25,3.25
S029,04,5,4,1,Right,1.5,3.5
S029,04,5,5,1,Right,1.75,3.75
S029,04,5,6,1,Right,2.0,4.0
S029,04,7,0,0,Left,0.5,2.5
S029,04,7,1,0,Left,0.75,2.75
S029,04,7,2,0,Left,1.0,3.0
S029,04,7,3,0,Left,1.25,3.25
S029,04,7,4,0,Left,1.5,3.5
S029,04,7,5,0,Left,1.75,3.75
S029,04,7,6,0,Left,2.0,4.0
S029,04,9,0,1,Right,0.5,2.5
S029,04,9,1,1,Right,0.75,2.75
S029,04,9,2,1,Right,1.0,3.0
S029,04,9,3,1,Right,1.25,3.25
S029,04,9,4,1,Right,1.5,3.5
S029,04,9,5,1,Right,1.75,3.75
S029,04,9,6,1,Right,2.0,4.0
S029,04,11,0,0,Left,0.5,2.5
S029,04,11,1,0,Left,0.75,2.75
S029,04,11,2,0,Left,1.0,3.0
S029,04,11,3,0,Left,1.25,3.25
S029,04,11,4,0,Left,1.5,3.5
S029,04,11,5,0,Left,1.75,3.75
S029,04,11,6,0,Left,2.0,4.0
S029,04,13,0,1,Right,0.5,2.5
S029,04,13,1,1,Right,0.75,2.75
S029,04,13,2,1,Right,1.0,3.0
S029,04,13,3,1,Right,1.25,3.25
S029,04,13,4,1,Right,1.5,3.5
S029,04,13,5,1,Right,1.75,3.75
S029,04,13,6,1,Right,2.0,4.0
S029,04,15,0,0,Left,0.5,2.5
S029,04,15,1,0,Left,0.75,2.75
S029,04,15,2,0,Left,1.0,3.0
S029,04,15,3,0,Left,1.25,3.25
S029,04,15,4,0,Left,1.5,3.5
S029,04,15,5,0,Left,1.75,3.75
S029,04,15,6,0,Left,2.0,4.0
S029,04,17,0,1,Right,0.5,2.5
S029,04,17,1,1,Right,0.75,2.75
S029,04,17,2,1,Right,1.0,3.0
S029,04,17,3,1,Right,1.25,3.25
S029,04,17,4,1,Right,1.5,3.5
S029,04,17,5,1,Right,1.75,3.75
S029,04,17,6,1,Right,2.0,4.0
S029,04,19,0,0,Left,0.5,2.5
S029,04,19,1,0,Left,0.75,2.75
S029,04,19,2,0,Left,1.0,3.0
S029,04,19,3,0,Left,1.25,3.25
S029,04,19,4,0,Left,1.5,3.5
S029,04,19,5,0,Left,1.75,3.75
S029,04,19,6,0,Left,2.0,4.0
S029,04,21,0,0,Left,0.5,2.5
S029,04,21,1,0,Left,0.75,2.75
S029,04,21,2,0,Left,1.0,3.0
S029,04,21,3,0,Left,1.25,3.25
S029,04,21,4,0,Left,1.5,3.5
S029,04,21,5,0,Left,1.75,3.75
S029,04,21,6,0,Left,2.0,4.0
S029,04,23,0,1,Right,0.5,2.5
S029,04,23,1,1,Right,0.75,2.75
S029,04,23,2,1,Right,1.0,3.0
S029,04,23,3,1,Right,1.25,3.25
S029,04,23,4,1,Right,1.5,3.5
S029,04,23,5,1,Right,1.75,3.75
S029,04,23,6,1,Right,2.0,4.0
S029,04,25,0,1,Right,0.5,2.5
S029,04,25,1,1,Right,0.75,2.75
S029,04,25,2,1,Right,1.0,3.0
S029,04,25,3,1,Right,1.25,3.25
S029,04,25,4,1,Right,1.5,3.5
S029,04,25,5,1,Right,1.75,3.75
S029,04,25,6,1,Right,2.0,4.0
S029,04,27,0,0,Left,0.5,2.5
S029,04,27,1,0,Left,0.75,2.75
S029,04,27,2,0,Left,1.0,3.0
S029,04,27,3,0,Left,1.25,3.25
S029,04,27,4,0,Left,1.5,3.5
S029,04,27,5,0,Left,1.75,3.75
S029,04,27,6,0,Left,2.0,4.0
S029,04,29,0,0,Left,0.5,2.5
S029,04,29,1,0,Left,0.75,2.75
S029,04,29,2,0,Left,1.0,3.0
S029,04,29,3,0,Left,1.25,3.25
S029,04,29,4,0,Left,1.5,3.5
S029,04,29,5,0,Left,1.75,3.75
S029,04,29,6,0,Left,2.0,4.0
S029,08,1,0,0,Left,0.5,2.5
S029,08,1,1,0,Left,0.75,2.75
S029,08,1,2,0,Left,1.0,3.0
S029,08,1,3,0,Left,1.25,3.25
S029,08,1,4,0,Left,1.5,3.5
S029,08,1,5,0,Left,1.75,3.75
S029,08,1,6,0,Left,2.0,4.0
S029,08,3,0,1,Right,0.5,2.5
S029,08,3,1,1,Right,0.75,2.75
S029,08,3,2,1,Right,1.0,3.0
S029,08,3,3,1,Right,1.25,3.25
S029,08,3,4,1,Right,1.5,3.5
S029,08,3,5,1,Right,1.75,3.75
S029,08,3,6,1,Right,2.0,4.0
S029,08,5,0,1,Right,0.5,2.5
S029,08,5,1,1,Right,0.75,2.75
S029,08,5,2,1,Right,1.0,3.0
S029,08,5,3,1,Right,1.25,3.25
S029,08,5,4,1,Right,1.5,3.5
S029,08,5,5,1,Right,1.75,3.75
S029,08,5,6,1,Right,2.0,4.0
S029,08,7,0,0,Left,0.5,2.5
S029,08,7,1,0,Left,0.75,2.75
S029,08,7,2,0,Left,1.0,3.0
S029,08,7,3,0,Left,1.25,3.25
S029,08,7,4,0,Left,1.5,3.5
S029,08,7,5,0,Left,1.75,3.75
S029,08,7,6,0,Left,2.0,4.0
S029,08,9,0,0,Left,0.5,2.5
S029,08,9,1,0,Left,0.75,2.75
S029,08,9,2,0,Left,1.0,3.0
S029,08,9,3,0,Left,1.25,3.25
S029,08,9,4,0,Left,1.5,3.5
S029,08,9,5,0,Left,1.75,3.75
S029,08,9,6,0,Left,2.0,4.0
S029,08,11,0,1,Right,0.5,2.5
S029,08,11,1,1,Right,0.75,2.75
S029,08,11,2,1,Right,1.0,3.0
S029,08,11,3,1,Right,1.25,3.25
S029,08,11,4,1,Right,1.5,3.5
S029,08,11,5,1,Right,1.75,3.75
S029,08,11,6,1,Right,2.0,4.0
S029,08,13,0,0,Left,0.5,2.5
S029,08,13,1,0,Left,0.75,2.75
S029,08,13,2,0,Left,1.0,3.0
S029,08,13,3,0,Left,1.25,3.25
S029,08,13,4,0,Left,1.5,3.5
S029,08,13,5,0,Left,1.75,3.75
S029,08,13,6,0,Left,2.0,4.0
S029,08,15,0,1,Right,0.5,2.5
S029,08,15,1,1,Right,0.75,2.75
S029,08,15,2,1,Right,1.0,3.0
S029,08,15,3,1,Right,1.25,3.25
S029,08,15,4,1,Right,1.5,3.5
S029,08,15,5,1,Right,1.75,3.75
S029,08,15,6,1,Right,2.0,4.0
S029,08,17,0,0,Left,0.5,2.5
S029,08,17,1,0,Left,0.75,2.75
S029,08,17,2,0,Left,1.0,3.0
S029,08,17,3,0,Left,1.25,3.25
S029,08,17,4,0,Left,1.5,3.5
S029,08,17,5,0,Left,1.75,3.75
S029,08,17,6,0,Left,2.0,4.0
S029,08,19,0,1,Right,0.5,2.5
S029,08,19,1,1,Right,0.75,2.75
S029,08,19,2,1,Right,1.0,3.0
S029,08,19,3,1,Right,1.25,3.25
S029,08,19,4,1,Right,1.5,3.5
S029,08,19,5,1,Right,1.75,3.75
S029,08,19,6,1,Right,2.0,4.0
S029,08,21,0,0,Left,0.5,2.5
S029,08,21,1,0,Left,0.75,2.75
S029,08,21,2,0,Left,1.0,3.0
S029,08,21,3,0,Left,1.25,3.25
S029,08,21,4,0,Left,1.5,3.5
S029,08,21,5,0,Left,1.75,3.75
S029,08,21,6,0,Left,2.0,4.0
S029,08,23,0,1,Right,0.5,2.5
S029,08,23,1,1,Right,0.75,2.75
S029,08,23,2,1,Right,1.0,3.0
S029,08,23,3,1,Right,1.25,3.25
S029,08,23,4,1,Right,1.5,3.5
S029,08,23,5,1,Right,1.75,3.75
S029,08,23,6,1,Right,2.0,4.0
S029,08,25,0,1,Right,0.5,2.5
S029,08,25,1,1,Right,0.75,2.75
S029,08,25,2,1,Right,1.0,3.0
S029,08,25,3,1,Right,1.25,3.25
S029,08,25,4,1,Right,1.5,3.5
S029,08,25,5,1,Right,1.75,3.75
S029,08,25,6,1,Right,2.0,4.0
S029,08,27,0,0,Left,0.5,2.5
S029,08,27,1,0,Left,0.75,2.75
S029,08,27,2,0,Left,1.0,3.0
S029,08,27,3,0,Left,1.25,3.25
S029,08,27,4,0,Left,1.5,3.5
S029,08,27,5,0,Left,1.75,3.75
S029,08,27,6,0,Left,2.0,4.0
S029,08,29,0,0,Left,0.5,2.5
S029,08,29,1,0,Left,0.75,2.75
S029,08,29,2,0,Left,1.0,3.0
S029,08,29,3,0,Left,1.25,3.25
S029,08,29,4,0,Left,1.5,3.5
S029,08,29,5,0,Left,1.75,3.75
S029,08,29,6,0,Left,2.0,4.0
S029,12,1,0,0,Left,0.5,2.5
S029,12,1,1,0,Left,0.75,2.75
S029,12,1,2,0,Left,1.0,3.0
S029,12,1,3,0,Left,1.25,3.25
S029,12,1,4,0,Left,1.5,3.5
S029,12,1,5,0,Left,1.75,3.75
S029,12,1,6,0,Left,2.0,4.0
S029,12,3,0,1,Right,0.5,2.5
S029,12,3,1,1,Right,0.75,2.75
S029,12,3,2,1,Right,1.0,3.0
S029,12,3,3,1,Right,1.25,3.25
S029,12,3,4,1,Right,1.5,3.5
S029,12,3,5,1,Right,1.75,3.75
S029,12,3,6,1,Right,2.0,4.0
S029,12,5,0,1,Right,0.5,2.5
S029,12,5,1,1,Right,0.75,2.75
S029,12,5,2,1,Right,1.0,3.0
S029,12,5,3,1,Right,1.25,3.25
S029,12,5,4,1,Right,1.5,3.5
S029,12,5,5,1,Right,1.75,3.75
S029,12,5,6,1,Right,2.0,4.0
S029,12,7,0,0,Left,0.5,2.5
S029,12,7,1,0,Left,0.75,2.75
S029,12,7,2,0,Left,1.0,3.0
S029,12,7,3,0,Left,1.25,3.25
S029,12,7,4,0,Left,1.5,3.5
S029,12,7,5,0,Left,1.75,3.75
S029,12,7,6,0,Left,2.0,4.0
S029,12,9,0,1,Right,0.5,2.5
S029,12,9,1,1,Right,0.75,2.75
S029,12,9,2,1,Right,1.0,3.0
S029,12,9,3,1,Right,1.25,3.25
S029,12,9,4,1,Right,1.5,3.5
S029,12,9,5,1,Right,1.75,3.75
S029,12,9,6,1,Right,2.0,4.0
S029,12,11,0,0,Left,0.5,2.5
S029,12,11,1,0,Left,0.75,2.75
S029,12,11,2,0,Left,1.0,3.0
S029,12,11,3,0,Left,1.25,3.25
S029,12,11,4,0,Left,1.5,3.5
S029,12,11,5,0,Left,1.75,3.75
S029,12,11,6,0,Left,2.0,4.0
S029,12,13,0,1,Right,0.5,2.5
S029,12,13,1,1,Right,0.75,2.75
S029,12,13,2,1,Right,1.0,3.0
S029,12,13,3,1,Right,1.25,3.25
S029,12,13,4,1,Right,1.5,3.5
S029,12,13,5,1,Right,1.75,3.75
S029,12,13,6,1,Right,2.0,4.0
S029,12,15,0,0,Left,0.5,2.5
S029,12,15,1,0,Left,0.75,2.75
S029,12,15,2,0,Left,1.0,3.0
S029,12,15,3,0,Left,1.25,3.25
S029,12,15,4,0,Left,1.5,3.5
S029,12,15,5,0,Left,1.75,3.75
S029,12,15,6,0,Left,2.0,4.0
S029,12,17,0,1,Right,0.5,2.5
S029,12,17,1,1,Right,0.75,2.75
S029,12,17,2,1,Right,1.0,3.0
S029,12,17,3,1,Right,1.25,3.25
S029,12,17,4,1,Right,1.5,3.5
S029,12,17,5,1,Right,1.75,3.75
S029,12,17,6,1,Right,2.0,4.0
S029,12,19,0,0,Left,0.5,2.5
S029,12,19,1,0,Left,0.75,2.75
S029,12,19,2,0,Left,1.0,3.0
S029,12,19,3,0,Left,1.25,3.25
S029,12,19,4,0,Left,1.5,3.5
S029,12,19,5,0,Left,1.75,3.75
S029,12,19,6,0,Left,2.0,4.0
S029,12,21,0,0,Left,0.5,2.5
S029,12,21,1,0,Left,0.75,2.75
S029,12,21,2,0,Left,1.0,3.0
S029,12,21,3,0,Left,1.25,3.25
S029,12,21,4,0,Left,1.5,3.5
S029,12,21,5,0,Left,1.75,3.75
S029,12,21,6,0,Left,2.0,4.0
S029,12,23,0,1,Right,0.5,2.5
S029,12,23,1,1,Right,0.75,2.75
S029,12,23,2,1,Right,1.0,3.0
S029,12,23,3,1,Right,1.25,3.25
S029,12,23,4,1,Right,1.5,3.5
S029,12,23,5,1,Right,1.75,3.75
S029,12,23,6,1,Right,2.0,4.0
S029,12,25,0,0,Left,0.5,2.5
S029,12,25,1,0,Left,0.75,2.75
S029,12,25,2,0,Left,1.0,3.0
S029,12,25,3,0,Left,1.25,3.25
S029,12,25,4,0,Left,1.5,3.5
S029,12,25,5,0,Left,1.75,3.75
S029,12,25,6,0,Left,2.0,4.0
S029,12,27,0,1,Right,0.5,2.5
S029,12,27,1,1,Right,0.75,2.75
S029,12,27,2,1,Right,1.0,3.0
S029,12,27,3,1,Right,1.25,3.25
S029,12,27,4,1,Right,1.5,3.5
S029,12,27,5,1,Right,1.75,3.75
S029,12,27,6,1,Right,2.0,4.0
S029,12,29,0,1,Right,0.5,2.5
S029,12,29,1,1,Right,0.75,2.75
S029,12,29,2,1,Right,1.0,3.0
S029,12,29,3,1,Right,1.25,3.25
S029,12,29,4,1,Right,1.5,3.5
S029,12,29,5,1,Right,1.75,3.75
S029,12,29,6,1,Right,2.0,4.0
S030,04,1,0,1,Right,0.5,2.5
S030,04,1,1,1,Right,0.75,2.75
S030,04,1,2,1,Right,1.0,3.0
S030,04,1,3,1,Right,1.25,3.25
S030,04,1,4,1,Right,1.5,3.5
S030,04,1,5,1,Right,1.75,3.75
S030,04,1,6,1,Right,2.0,4.0
S030,04,3,0,0,Left,0.5,2.5
S030,04,3,1,0,Left,0.75,2.75
S030,04,3,2,0,Left,1.0,3.0
S030,04,3,3,0,Left,1.25,3.25
S030,04,3,4,0,Left,1.5,3.5
S030,04,3,5,0,Left,1.75,3.75
S030,04,3,6,0,Left,2.0,4.0
S030,04,5,0,0,Left,0.5,2.5
S030,04,5,1,0,Left,0.75,2.75
S030,04,5,2,0,Left,1.0,3.0
S030,04,5,3,0,Left,1.25,3.25
S030,04,5,4,0,Left,1.5,3.5
S030,04,5,5,0,Left,1.75,3.75
S030,04,5,6,0,Left,2.0,4.0
S030,04,7,0,1,Right,0.5,2.5
S030,04,7,1,1,Right,0.75,2.75
S030,04,7,2,1,Right,1.0,3.0
S030,04,7,3,1,Right,1.25,3.25
S030,04,7,4,1,Right,1.5,3.5
S030,04,7,5,1,Right,1.75,3.75
S030,04,7,6,1,Right,2.0,4.0
S030,04,9,0,1,Right,0.5,2.5
S030,04,9,1,1,Right,0.75,2.75
S030,04,9,2,1,Right,1.0,3.0
S030,04,9,3,1,Right,1.25,3.25
S030,04,9,4,1,Right,1.5,3.5
S030,04,9,5,1,Right,1.75,3.75
S030,04,9,6,1,Right,2.0,4.0
S030,04,11,0,0,Left,0.5,2.5
S030,04,11,1,0,Left,0.75,2.75
S030,04,11,2,0,Left,1.0,3.0
S030,04,11,3,0,Left,1.25,3.25
S030,04,11,4,0,Left,1.5,3.5
S030,04,11,5,0,Left,1.75,3.75
S030,04,11,6,0,Left,2.0,4.0
S030,04,13,0,0,Left,0.5,2.5
S030,04,13,1,0,Left,0.75,2.75
S030,04,13,2,0,Left,1.0,3.0
S030,04,13,3,0,Left,1.25,3.25
S030,04,13,4,0,Left,1.5,3.5
S030,04,13,5,0,Left,1.75,3.75
S030,04,13,6,0,Left,2.0,4.0
S030,04,15,0,1,Right,0.5,2.5
S030,04,15,1,1,Right,0.75,2.75
S030,04,15,2,1,Right,1.0,3.0
S030,04,15,3,1,Right,1.25,3.25
S030,04,15,4,1,Right,1.5,3.5
S030,04,15,5,1,Right,1.75,3.75
S030,04,15,6,1,Right,2.0,4.0
S030,04,17,0,0,Left,0.5,2.5
S030,04,17,1,0,Left,0.75,2.75
S030,04,17,2,0,Left,1.0,3.0
S030,04,17,3,0,Left,1.25,3.25
S030,04,17,4,0,Left,1.5,3.5
S030,04,17,5,0,Left,1.75,3.75
S030,04,17,6,0,Left,2.0,4.0
S030,04,19,0,1,Right,0.5,2.5
S030,04,19,1,1,Right,0.75,2.75
S030,04,19,2,1,Right,1.0,3.0
S030,04,19,3,1,Right,1.25,3.25
S030,04,19,4,1,Right,1.5,3.5
S030,04,19,5,1,Right,1.75,3.75
S030,04,19,6,1,Right,2.0,4.0
S030,04,21,0,0,Left,0.5,2.5
S030,04,21,1,0,Left,0.75,2.75
S030,04,21,2,0,Left,1.0,3.0
S030,04,21,3,0,Left,1.25,3.25
S030,04,21,4,0,Left,1.5,3.5
S030,04,21,5,0,Left,1.75,3.75
S030,04,21,6,0,Left,2.0,4.0
S030,04,23,0,1,Right,0.5,2.5
S030,04,23,1,1,Right,0.75,2.75
S030,04,23,2,1,Right,1.0,3.0
S030,04,23,3,1,Right,1.25,3.25
S030,04,23,4,1,Right,1.5,3.5
S030,04,23,5,1,Right,1.75,3.75
S030,04,23,6,1,Right,2.0,4.0
S030,04,25,0,1,Right,0.5,2.5
S030,04,25,1,1,Right,0.75,2.75
S030,04,25,2,1,Right,1.0,3.0
S030,04,25,3,1,Right,1.25,3.25
S030,04,25,4,1,Right,1.5,3.5
S030,04,25,5,1,Right,1.75,3.75
S030,04,25,6,1,Right,2.0,4.0
S030,04,27,0,0,Left,0.5,2.5
S030,04,27,1,0,Left,0.75,2.75
S030,04,27,2,0,Left,1.0,3.0
S030,04,27,3,0,Left,1.25,3.25
S030,04,27,4,0,Left,1.5,3.5
S030,04,27,5,0,Left,1.75,3.75
S030,04,27,6,0,Left,2.0,4.0
S030,04,29,0,0,Left,0.5,2.5
S030,04,29,1,0,Left,0.75,2.75
S030,04,29,2,0,Left,1.0,3.0
S030,04,29,3,0,Left,1.25,3.25
S030,04,29,4,0,Left,1.5,3.5
S030,04,29,5,0,Left,1.75,3.75
S030,04,29,6,0,Left,2.0,4.0
S030,08,1,0,0,Left,0.5,2.5
S030,08,1,1,0,Left,0.75,2.75
S030,08,1,2,0,Left,1.0,3.0
S030,08,1,3,0,Left,1.25,3.25
S030,08,1,4,0,Left,1.5,3.5
S030,08,1,5,0,Left,1.75,3.75
S030,08,1,6,0,Left,2.0,4.0
S030,08,3,0,1,Right,0.5,2.5
S030,08,3,1,1,Right,0.75,2.75
S030,08,3,2,1,Right,1.0,3.0
S030,08,3,3,1,Right,1.25,3.25
S030,08,3,4,1,Right,1.5,3.5
S030,08,3,5,1,Right,1.75,3.75
S030,08,3,6,1,Right,2.0,4.0
S030,08,5,0,1,Right,0.5,2.5
S030,08,5,1,1,Right,0.75,2.75
S030,08,5,2,1,Right,1.0,3.0
S030,08,5,3,1,Right,1.25,3.25
S030,08,5,4,1,Right,1.5,3.5
S030,08,5,5,1,Right,1.75,3.75
S030,08,5,6,1,Right,2.0,4.0
S030,08,7,0,0,Left,0.5,2.5
S030,08,7,1,0,Left,0.75,2.75
S030,08,7,2,0,Left,1.0,3.0
S030,08,7,3,0,Left,1.25,3.25
S030,08,7,4,0,Left,1.5,3.5
S030,08,7,5,0,Left,1.75,3.75
S030,08,7,6,0,Left,2.0,4.0
S030,08,9,0,0,Left,0.5,2.5
S030,08,9,1,0,Left,0.75,2.75
S030,08,9,2,0,Left,1.0,3.0
S030,08,9,3,0,Left,1.25,3.25
S030,08,9,4,0,Left,1.5,3.5
S030,08,9,5,0,Left,1.75,3.75
S030,08,9,6,0,Left,2.0,4.0
S030,08,11,0,1,Right,0.5,2.5
S030,08,11,1,1,Right,0.75,2.75
S030,08,11,2,1,Right,1.0,3.0
S030,08,11,3,1,Right,1.25,3.25
S030,08,11,4,1,Right,1.5,3.5
S030,08,11,5,1,Right,1.75,3.75
S030,08,11,6,1,Right,2.0,4.0
S030,08,13,0,0,Left,0.5,2.5
S030,08,13,1,0,Left,0.75,2.75
S030,08,13,2,0,Left,1.0,3.0
S030,08,13,3,0,Left,1.25,3.25
S030,08,13,4,0,Left,1.5,3.5
S030,08,13,5,0,Left,1.75,3.75
S030,08,13,6,0,Left,2.0,4.0
S030,08,15,0,1,Right,0.5,2.5
S030,08,15,1,1,Right,0.75,2.75
S030,08,15,2,1,Right,1.0,3.0
S030,08,15,3,1,Right,1.25,3.25
S030,08,15,4,1,Right,1.5,3.5
S030,08,15,5,1,Right,1.75,3.75
S030,08,15,6,1,Right,2.0,4.0
S030,08,17,0,1,Right,0.5,2.5
S030,08,17,1,1,Right,0.75,2.75
S030,08,17,2,1,Right,1.0,3.0
S030,08,17,3,1,Right,1.25,3.25
S030,08,17,4,1,Right,1.5,3.5
S030,08,17,5,1,Right,1.75,3.75
S030,08,17,6,1,Right,2.0,4.0
S030,08,19,0,0,Left,0.5,2.5
S030,08,19,1,0,Left,0.75,2.75
S030,08,19,2,0,Left,1.0,3.0
S030,08,19,3,0,Left,1.25,3.25
S030,08,19,4,0,Left,1.5,3.5
S030,08,19,5,0,Left,1.75,3.75
S030,08,19,6,0,Left,2.0,4.0
S030,08,21,0,1,Right,0.5,2.5
S030,08,21,1,1,Right,0.75,2.75
S030,08,21,2,1,Right,1.0,3.0
S030,08,21,3,1,Right,1.25,3.25
S030,08,21,4,1,Right,1.5,3.5
S030,08,21,5,1,Right,1.75,3.75
S030,08,21,6,1,Right,2.0,4.0
S030,08,23,0,0,Left,0.5,2.5
S030,08,23,1,0,Left,0.75,2.75
S030,08,23,2,0,Left,1.0,3.0
S030,08,23,3,0,Left,1.25,3.25
S030,08,23,4,0,Left,1.5,3.5
S030,08,23,5,0,Left,1.75,3.75
S030,08,23,6,0,Left,2.0,4.0
S030,08,25,0,1,Right,0.5,2.5
S030,08,25,1,1,Right,0.75,2.75
S030,08,25,2,1,Right,1.0,3.0
S030,08,25,3,1,Right,1.25,3.25
S030,08,25,4,1,Right,1.5,3.5
S030,08,25,5,1,Right,1.75,3.75
S030,08,25,6,1,Right,2.0,4.0
S030,08,27,0,0,Left,0.5,2.5
S030,08,27,1,0,Left,0.75,2.75
S030,08,27,2,0,Left,1.0,3.0
S030,08,27,3,0,Left,1.25,3.25
S030,08,27,4,0,Left,1.5,3.5
S030,08,27,5,0,Left,1.75,3.75
S030,08,27,6,0,Left,2.0,4.0
S030,08,29,0,0,Left,0.5,2.5
S030,08,29,1,0,Left,0.75,2.75
S030,08,29,2,0,Left,1.0,3.0
S030,08,29,3,0,Left,1.25,3.25
S030,08,29,4,0,Left,1.5,3.5
S030,08,29,5,0,Left,1.75,3.75
S030,08,29,6,0,Left,2.0,4.0
S030,12,1,0,1,Right,0.5,2.5
S030,12,1,1,1,Right,0.75,2.75
S030,12,1,2,1,Right,1.0,3.0
S030,12,1,3,1,Right,1.25,3.25
S030,12,1,4,1,Right,1.5,3.5
S030,12,1,5,1,Right,1.75,3.75
S030,12,1,6,1,Right,2.0,4.0
S030,12,3,0,0,Left,0.5,2.5
S030,12,3,1,0,Left,0.75,2.75
S030,12,3,2,0,Left,1.0,3.0
S030,12,3,3,0,Left,1.25,3.25
S030,12,3,4,0,Left,1.5,3.5
S030,12,3,5,0,Left,1.75,3.75
S030,12,3,6,0,Left,2.0,4.0
S030,12,5,0,1,Right,0.5,2.5
S030,12,5,1,1,Right,0.75,2.75
S030,12,5,2,1,Right,1.0,3.0
S030,12,5,3,1,Right,1.25,3.25
S030,12,5,4,1,Right,1.5,3.5
S030,12,5,5,1,Right,1.75,3.75
S030,12,5,6,1,Right,2.0,4.0
S030,12,7,0,0,Left,0.5,2.5
S030,12,7,1,0,Left,0.75,2.75
S030,12,7,2,0,Left,1.0,3.0
S030,12,7,3,0,Left,1.25,3.25
S030,12,7,4,0,Left,1.5,3.5
S030,12,7,5,0,Left,1.75,3.75
S030,12,7,6,0,Left,2.0,4.0
S030,12,9,0,0,Left,0.5,2.5
S030,12,9,1,0,Left,0.75,2.75
S030,12,9,2,0,Left,1.0,3.0
S030,12,9,3,0,Left,1.25,3.25
S030,12,9,4,0,Left,1.5,3.5
S030,12,9,5,0,Left,1.75,3.75
S030,12,9,6,0,Left,2.0,4.0
S030,12,11,0,1,Right,0.5,2.5
S030,12,11,1,1,Right,0.75,2.75
S030,12,11,2,1,Right,1.0,3.0
S030,12,11,3,1,Right,1.25,3.25
S030,12,11,4,1,Right,1.5,3.5
S030,12,11,5,1,Right,1.75,3.75
S030,12,11,6,1,Right,2.0,4.0
S030,12,13,0,1,Right,0.5,2.5
S030,12,13,1,1,Right,0.75,2.75
S030,12,13,2,1,Right,1.0,3.0
S030,12,13,3,1,Right,1.25,3.25
S030,12,13,4,1,Right,1.5,3.5
S030,12,13,5,1,Right,1.75,3.75
S030,12,13,6,1,Right,2.0,4.0
S030,12,15,0,0,Left,0.5,2.5
S030,12,15,1,0,Left,0.75,2.75
S030,12,15,2,0,Left,1.0,3.0
S030,12,15,3,0,Left,1.25,3.25
S030,12,15,4,0,Left,1.5,3.5
S030,12,15,5,0,Left,1.75,3.75
S030,12,15,6,0,Left,2.0,4.0
S030,12,17,0,0,Left,0.5,2.5
S030,12,17,1,0,Left,0.75,2.75
S030,12,17,2,0,Left,1.0,3.0
S030,12,17,3,0,Left,1.25,3.25
S030,12,17,4,0,Left,1.5,3.5
S030,12,17,5,0,Left,1.75,3.75
S030,12,17,6,0,Left,2.0,4.0
S030,12,19,0,1,Right,0.5,2.5
S030,12,19,1,1,Right,0.75,2.75
S030,12,19,2,1,Right,1.0,3.0
S030,12,19,3,1,Right,1.25,3.25
S030,12,19,4,1,Right,1.5,3.5
S030,12,19,5,1,Right,1.75,3.75
S030,12,19,6,1,Right,2.0,4.0
S030,12,21,0,0,Left,0.5,2.5
S030,12,21,1,0,Left,0.75,2.75
S030,12,21,2,0,Left,1.0,3.0
S030,12,21,3,0,Left,1.25,3.25
S030,12,21,4,0,Left,1.5,3.5
S030,12,21,5,0,Left,1.75,3.75
S030,12,21,6,0,Left,2.0,4.0
S030,12,23,0,1,Right,0.5,2.5
S030,12,23,1,1,Right,0.75,2.75
S030,12,23,2,1,Right,1.0,3.0
S030,12,23,3,1,Right,1.25,3.25
S030,12,23,4,1,Right,1.5,3.5
S030,12,23,5,1,Right,1.75,3.75
S030,12,23,6,1,Right,2.0,4.0
S030,12,25,0,1,Right,0.5,2.5
S030,12,25,1,1,Right,0.75,2.75
S030,12,25,2,1,Right,1.0,3.0
S030,12,25,3,1,Right,1.25,3.25
S030,12,25,4,1,Right,1.5,3.5
S030,12,25,5,1,Right,1.75,3.75
S030,12,25,6,1,Right,2.0,4.0
S030,12,27,0,0,Left,0.5,2.5
S030,12,27,1,0,Left,0.75,2.75
S030,12,27,2,0,Left,1.0,3.0
S030,12,27,3,0,Left,1.25,3.25
S030,12,27,4,0,Left,1.5,3.5
S030,12,27,5,0,Left,1.75,3.75
S030,12,27,6,0,Left,2.0,4.0
S030,12,29,0,0,Left,0.5,2.5
S030,12,29,1,0,Left,0.75,2.75
S030,12,29,2,0,Left,1.0,3.0
S030,12,29,3,0,Left,1.25,3.25
S030,12,29,4,0,Left,1.5,3.5
S030,12,29,5,0,Left,1.75,3.75
S030,12,29,6,0,Left,2.0,4.0
S032,04,1,0,1,Right,0.5,2.5
S032,04,1,1,1,Right,0.75,2.75
S032,04,1,2,1,Right,1.0,3.0
S032,04,1,3,1,Right,1.25,3.25
S032,04,1,4,1,Right,1.5,3.5
S032,04,1,5,1,Right,1.75,3.75
S032,04,1,6,1,Right,2.0,4.0
S032,04,3,0,0,Left,0.5,2.5
S032,04,3,1,0,Left,0.75,2.75
S032,04,3,2,0,Left,1.0,3.0
S032,04,3,3,0,Left,1.25,3.25
S032,04,3,4,0,Left,1.5,3.5
S032,04,3,5,0,Left,1.75,3.75
S032,04,3,6,0,Left,2.0,4.0
S032,04,5,0,1,Right,0.5,2.5
S032,04,5,1,1,Right,0.75,2.75
S032,04,5,2,1,Right,1.0,3.0
S032,04,7,0,0,Left,0.5,2.5
S032,04,7,1,0,Left,0.75,2.75
S032,04,7,2,0,Left,1.0,3.0
S032,04,7,3,0,Left,1.25,3.25
S032,04,7,4,0,Left,1.5,3.5
S032,04,7,5,0,Left,1.75,3.75
S032,04,7,6,0,Left,2.0,4.0
S032,04,9,0,0,Left,0.5,2.5
S032,04,9,1,0,Left,0.75,2.75
S032,04,9,2,0,Left,1.0,3.0
S032,04,9,3,0,Left,1.25,3.25
S032,04,9,4,0,Left,1.5,3.5
S032,04,9,5,0,Left,1.75,3.75
S032,04,9,6,0,Left,2.0,4.0
S032,04,11,0,1,Right,0.5,2.5
S032,04,11,1,1,Right,0.75,2.75
S032,04,11,2,1,Right,1.0,3.0
S032,04,11,3,1,Right,1.25,3.25
S032,04,11,4,1,Right,1.5,3.5
S032,04,11,5,1,Right,1.75,3.75
S032,04,11,6,1,Right,2.0,4.0
S032,04,13,0,0,Left,0.5,2.5
S032,04,13,1,0,Left,0.75,2.75
S032,04,13,2,0,Left,1.0,3.0
S032,04,13,3,0,Left,1.25,3.25
S032,04,13,4,0,Left,1.5,3.5
S032,04,13,5,0,Left,1.75,3.75
S032,04,13,6,0,Left,2.0,4.0
S032,04,15,0,1,Right,0.5,2.5
S032,04,15,1,1,Right,0.75,2.75
S032,04,15,2,1,Right,1.0,3.0
S032,04,15,3,1,Right,1.25,3.25
S032,04,15,4,1,Right,1.5,3.5
S032,04,15,5,1,Right,1.75,3.75
S032,04,15,6,1,Right,2.0,4.0
S032,04,17,0,1,Right,0.5,2.5
S032,04,17,1,1,Right,0.75,2.75
S032,04,17,2,1,Right,1.0,3.0
S032,04,17,3,1,Right,1.25,3.25
S032,04,17,4,1,Right,1.5,3.5
S032,04,17,5,1,Right,1.75,3.75
S032,04,17,6,1,Right,2.0,4.0
S032,04,19,0,0,Left,0.5,2.5
S032,04,19,1,0,Left,0.75,2.75
S032,04,19,2,0,Left,1.0,3.0
S032,04,19,3,0,Left,1.25,3.25
S032,04,19,4,0,Left,1.5,3.5
S032,04,19,5,0,Left,1.75,3.75
S032,04,19,6,0,Left,2.0,4.0
S032,04,21,0,0,Left,0.5,2.5
S032,04,21,1,0,Left,0.75,2.75
S032,04,21,2,0,Left,1.0,3.0
S032,04,21,3,0,Left,1.25,3.25
S032,04,21,4,0,Left,1.5,3.5
S032,04,21,5,0,Left,1.75,3.75
S032,04,21,6,0,Left,2.0,4.0
S032,04,23,0,1,Right,0.5,2.5
S032,04,23,1,1,Right,0.75,2.75
S032,04,23,2,1,Right,1.0,3.0
S032,04,23,3,1,Right,1.25,3.25
S032,04,23,4,1,Right,1.5,3.5
S032,04,23,5,1,Right,1.75,3.75
S032,04,23,6,1,Right,2.0,4.0
S032,04,25,0,1,Right,0.5,2.5
S032,04,25,1,1,Right,0.75,2.75
S032,04,25,2,1,Right,1.0,3.0
S032,04,25,3,1,Right,1.25,3.25
S032,04,25,4,1,Right,1.5,3.5
S032,04,25,5,1,Right,1.75,3.75
S032,04,25,6,1,Right,2.0,4.0
S032,04,27,0,0,Left,0.5,2.5
S032,04,27,1,0,Left,0.75,2.75
S032,04,27,2,0,Left,1.0,3.0
S032,04,27,3,0,Left,1.25,3.25
S032,04,27,4,0,Left,1.5,3.5
S032,04,27,5,0,Left,1.75,3.75
S032,04,27,6,0,Left,2.0,4.0
S032,04,29,0,1,Right,0.5,2.5
S032,04,29,1,1,Right,0.75,2.75
S032,04,29,2,1,Right,1.0,3.0
S032,04,29,3,1,Right,1.25,3.25
S032,04,29,4,1,Right,1.5,3.5
S032,04,29,5,1,Right,1.75,3.75
S032,04,29,6,1,Right,2.0,4.0
S032,08,1,0,0,Left,0.5,2.5
S032,08,1,1,0,Left,0.75,2.75
S032,08,1,2,0,Left,1.0,3.0
S032,08,1,3,0,Left,1.25,3.25
S032,08,1,4,0,Left,1.5,3.5
S032,08,1,5,0,Left,1.75,3.75
S032,08,1,6,0,Left,2.0,4.0
S032,08,3,0,1,Right,0.5,2.5
S032,08,3,1,1,Right,0.75,2.75
S032,08,3,2,1,Right,1.0,3.0
S032,08,3,3,1,Right,1.25,3.25
S032,08,3,4,1,Right,1.5,3.5
S032,08,3,5,1,Right,1.75,3.75
S032,08,3,6,1,Right,2.0,4.0
S032,08,5,0,1,Right,0.5,2.5
S032,08,5,1,1,Right,0.75,2.75
S032,08,5,2,1,Right,1.0,3.0
S032,08,5,3,1,Right,1.25,3.25
S032,08,5,4,1,Right,1.5,3.5
S032,08,5,5,1,Right,1.75,3.75
S032,08,5,6,1,Right,2.0,4.0
S032,08,7,0,0,Left,0.5,2.5
S032,08,7,1,0,Left,0.75,2.75
S032,08,7,2,0,Left,1.0,3.0
S032,08,7,3,0,Left,1.25,3.25
S032,08,7,4,0,Left,1.5,3.5
S032,08,7,5,0,Left,1.75,3.75
S032,08,7,6,0,Left,2.0,4.0
S032,08,9,0,0,Left,0.5,2.5
S032,08,9,1,0,Left,0.75,2.75
S032,08,9,2,0,Left,1.0,3.0
S032,08,9,3,0,Left,1.25,3.25
S032,08,9,4,0,Left,1.5,3.5
S032,08,9,5,0,Left,1.75,3.75
S032,08,9,6,0,Left,2.0,4.0
S032,08,11,0,1,Right,0.5,2.5
S032,08,11,1,1,Right,0.75,2.75
S032,08,11,2,1,Right,1.0,3.0
S032,08,11,3,1,Right,1.25,3.25
S032,08,11,4,1,Right,1.5,3.5
S032,08,11,5,1,Right,1.75,3.75
S032,08,11,6,1,Right,2.0,4.0
S032,08,13,0,0,Left,0.5,2.5
S032,08,13,1,0,Left,0.75,2.75
S032,08,13,2,0,Left,1.0,3.0
S032,08,13,3,0,Left,1.25,3.25
S032,08,13,4,0,Left,1.5,3.5
S032,08,13,5,0,Left,1.75,3.75
S032,08,13,6,0,Left,2.0,4.0
S032,08,15,0,1,Right,0.5,2.5
S032,08,15,1,1,Right,0.75,2.75
S032,08,15,2,1,Right,1.0,3.0
S032,08,15,3,1,Right,1.25,3.25
S032,08,15,4,1,Right,1.5,3.5
S032,08,15,5,1,Right,1.75,3.75
S032,08,15,6,1,Right,2.0,4.0
S032,08,17,0,0,Left,0.5,2.5
S032,08,17,1,0,Left,0.75,2.75
S032,08,17,2,0,Left,1.0,3.0
S032,08,17,3,0,Left,1.25,3.25
S032,08,17,4,0,Left,1.5,3.5
S032,08,17,5,0,Left,1.75,3.75
S032,08,17,6,0,Left,2.0,4.0
S032,08,19,0,1,Right,0.5,2.5
S032,08,19,1,1,Right,0.75,2.75
S032,08,19,2,1,Right,1.0,3.0
S032,08,19,3,1,Right,1.25,3.25
S032,08,19,4,1,Right,1.5,3.5
S032,08,19,5,1,Right,1.75,3.75
S032,08,21,0,1,Right,0.5,2.5
S032,08,21,1,1,Right,0.75,2.75
S032,08,21,2,1,Right,1.0,3.0
S032,08,21,3,1,Right,1.25,3.25
S032,08,21,4,1,Right,1.5,3.5
S032,08,21,5,1,Right,1.75,3.75
S032,08,21,6,1,Right,2.0,4.0
S032,08,23,0,0,Left,0.5,2.5
S032,08,23,1,0,Left,0.75,2.75
S032,08,23,2,0,Left,1.0,3.0
S032,08,23,3,0,Left,1.25,3.25
S032,08,23,4,0,Left,1.5,3.5
S032,08,23,5,0,Left,1.75,3.75
S032,08,23,6,0,Left,2.0,4.0
S032,08,25,0,1,Right,0.5,2.5
S032,08,25,1,1,Right,0.75,2.75
S032,08,25,2,1,Right,1.0,3.0
S032,08,25,3,1,Right,1.25,3.25
S032,08,25,4,1,Right,1.5,3.5
S032,08,25,5,1,Right,1.75,3.75
S032,08,25,6,1,Right,2.0,4.0
S032,08,27,0,0,Left,0.5,2.5
S032,08,27,1,0,Left,0.75,2.75
S032,08,27,2,0,Left,1.0,3.0
S032,08,27,3,0,Left,1.25,3.25
S032,08,27,4,0,Left,1.5,3.5
S032,08,27,5,0,Left,1.75,3.75
S032,08,27,6,0,Left,2.0,4.0
S032,08,29,0,1,Right,0.5,2.5
S032,08,29,1,1,Right,0.75,2.75
S032,08,29,2,1,Right,1.0,3.0
S032,08,29,3,1,Right,1.25,3.25
S032,08,29,4,1,Right,1.5,3.5
S032,08,29,5,1,Right,1.75,3.75
S032,08,29,6,1,Right,2.0,4.0
S032,12,1,0,0,Left,0.5,2.5
S032,12,1,1,0,Left,0.75,2.75
S032,12,1,2,0,Left,1.0,3.0
S032,12,1,3,0,Left,1.25,3.25
S032,12,1,4,0,Left,1.5,3.5
S032,12,1,5,0,Left,1.75,3.75
S032,12,1,6,0,Left,2.0,4.0
S032,12,3,0,1,Right,0.5,2.5
S032,12,3,1,1,Right,0.75,2.75
S032,12,3,2,1,Right,1.0,3.0
S032,12,3,3,1,Right,1.25,3.25
S032,12,3,4,1,Right,1.5,3.5
S032,12,3,5,1,Right,1.75,3.75
S032,12,3,6,1,Right,2.0,4.0
S032,12,5,0,1,Right,0.5,2.5
S032,12,5,1,1,Right,0.75,2.75
S032,12,5,2,1,Right,1.0,3.0
S032,12,5,3,1,Right,1.25,3.25
S032,12,5,4,1,Right,1.5,3.5
S032,12,5,5,1,Right,1.75,3.75
S032,12,5,6,1,Right,2.0,4.0
S032,12,7,0,0,Left,0.5,2.5
S032,12,7,1,0,Left,0.75,2.75
S032,12,7,2,0,Left,1.0,3.0
S032,12,7,3,0,Left,1.25,3.25
S032,12,7,4,0,Left,1.5,3.5
S032,12,7,5,0,Left,1.75,3.75
S032,12,7,6,0,Left,2.0,4.0
S032,12,9,0,0,Left,0.5,2.5
S032,12,9,1,0,Left,0.75,2.75
S032,12,9,2,0,Left,1.0,3.0
S032,12,9,3,0,Left,1.25,3.25
S032,12,9,4,0,Left,1.5,3.5
S032,12,9,5,0,Left,1.75,3.75
S032,12,9,6,0,Left,2.0,4.0
S032,12,11,0,1,Right,0.5,2.5
S032,12,11,1,1,Right,0.75,2.75
S032,12,11,2,1,Right,1.0,3.0
S032,12,11,3,1,Right,1.25,3.25
S032,12,11,4,1,Right,1.5,3.5
S032,12,11,5,1,Right,1.75,3.75
S032,12,11,6,1,Right,2.0,4.0
S032,12,13,0,1,Right,0.5,2.5
S032,12,13,1,1,Right,0.75,2.75
S032,12,13,2,1,Right,1.0,3.0
S032,12,13,3,1,Right,1.25,3.25
S032,12,13,4,1,Right,1.5,3.5
S032,12,13,5,1,Right,1.75,3.75
S032,12,13,6,1,Right,2.0,4.0
S032,12,15,0,0,Left,0.5,2.5
S032,12,15,1,0,Left,0.75,2.75
S032,12,15,2,0,Left,1.0,3.0
S032,12,15,3,0,Left,1.25,3.25
S032,12,15,4,0,Left,1.5,3.5
S032,12,15,5,0,Left,1.75,3.75
S032,12,15,6,0,Left,2.0,4.0
S032,12,17,0,0,Left,0.5,2.5
S032,12,17,1,0,Left,0.75,2.75
S032,12,17,2,0,Left,1.0,3.0
S032,12,17,3,0,Left,1.25,3.25
S032,12,17,4,0,Left,1.5,3.5
S032,12,17,5,0,Left,1.75,3.75
S032,12,17,6,0,Left,2.0,4.0
S032,12,19,0,1,Right,0.5,2.5
S032,12,19,1,1,Right,0.75,2.75
S032,12,19,2,1,Right,1.0,3.0
S032,12,19,3,1,Right,1.25,3.25
S032,12,19,4,1,Right,1.5,3.5
S032,12,19,5,1,Right,1.75,3.75
S032,12,19,6,1,Right,2.0,4.0
S032,12,21,0,0,Left,0.5,2.5
S032,12,21,1,0,Left,0.75,2.75
S032,12,21,2,0,Left,1.0,3.0
S032,12,21,3,0,Left,1.25,3.25
S032,12,21,4,0,Left,1.5,3.5
S032,12,21,5,0,Left,1.75,3.75
S032,12,21,6,0,Left,2.0,4.0
S032,12,23,0,1,Right,0.5,2.5
S032,12,23,1,1,Right,0.75,2.75
S032,12,23,2,1,Right,1.0,3.0
S032,12,23,3,1,Right,1.25,3.25
S032,12,23,4,1,Right,1.5,3.5
S032,12,23,5,1,Right,1.75,3.75
S032,12,23,6,1,Right,2.0,4.0
S032,12,25,0,0,Left,0.5,2.5
S032,12,25,1,0,Left,0.75,2.75
S032,12,25,2,0,Left,1.0,3.0
S032,12,25,3,0,Left,1.25,3.25
S032,12,25,4,0,Left,1.5,3.5
S032,12,25,5,0,Left,1.75,3.75
S032,12,25,6,0,Left,2.0,4.0
S032,12,27,0,1,Right,0.5,2.5
S032,12,27,1,1,Right,0.75,2.75
S032,12,27,2,1,Right,1.0,3.0
S032,12,27,3,1,Right,1.25,3.25
S032,12,27,4,1,Right,1.5,3.5
S032,12,27,5,1,Right,1.75,3.75
S032,12,27,6,1,Right,2.0,4.0
S032,12,29,0,1,Right,0.5,2.5
S032,12,29,1,1,Right,0.75,2.75
S032,12,29,2,1,Right,1.0,3.0
S032,12,29,3,1,Right,1.25,3.25
S032,12,29,4,1,Right,1.5,3.5
S032,12,29,5,1,Right,1.75,3.75
S032,12,29,6,1,Right,2.0,4.0
S033,04,1,0,0,Left,0.5,2.5
S033,04,1,1,0,Left,0.75,2.75
S033,04,1,2,0,Left,1.0,3.0
S033,04,1,3,0,Left,1.25,3.25
S033,04,1,4,0,Left,1.5,3.5
S033,04,1,5,0,Left,1.75,3.75
S033,04,1,6,0,Left,2.0,4.0
S033,04,3,0,1,Right,0.5,2.5
S033,04,3,1,1,Right,0.75,2.75
S033,04,3,2,1,Right,1.0,3.0
S033,04,3,3,1,Right,1.25,3.25
S033,04,3,4,1,Right,1.5,3.5
S033,04,3,5,1,Right,1.75,3.75
S033,04,3,6,1,Right,2.0,4.0
S033,04,5,0,1,Right,0.5,2.5
S033,04,5,1,1,Right,0.75,2.75
S033,04,5,2,1,Right,1.0,3.0
S033,04,5,3,1,Right,1.25,3.25
S033,04,5,4,1,Right,1.5,3.5
S033,04,5,5,1,Right,1.75,3.75
S033,04,5,6,1,Right,2.0,4.0
S033,04,7,0,0,Left,0.5,2.5
S033,04,7,1,0,Left,0.75,2.75
S033,04,7,2,0,Left,1.0,3.0
S033,04,7,3,0,Left,1.25,3.25
S033,04,7,4,0,Left,1.5,3.5
S033,04,7,5,0,Left,1.75,3.75
S033,04,7,6,0,Left,2.0,4.0
S033,04,9,0,1,Right,0.5,2.5
S033,04,9,1,1,Right,0.75,2.75
S033,04,9,2,1,Right,1.0,3.0
S033,04,9,3,1,Right,1.25,3.25
S033,04,9,4,1,Right,1.5,3.5
S033,04,9,5,1,Right,1.75,3.75
S033,04,9,6,1,Right,2.0,4.0
S033,04,11,0,0,Left,0.5,2.5
S033,04,11,1,0,Left,0.75,2.75
S033,04,11,2,0,Left,1.0,3.0
S033,04,11,3,0,Left,1.25,3.25
S033,04,11,4,0,Left,1.5,3.5
S033,04,11,5,0,Left,1.75,3.75
S033,04,11,6,0,Left,2.0,4.0
S033,04,13,0,1,Right,0.5,2.5
S033,04,13,1,1,Right,0.75,2.75
S033,04,13,2,1,Right,1.0,3.0
S033,04,13,3,1,Right,1.25,3.25
S033,04,13,4,1,Right,1.5,3.5
S033,04,13,5,1,Right,1.75,3.75
S033,04,13,6,1,Right,2.0,4.0
S033,04,15,0,0,Left,0.5,2.5
S033,04,15,1,0,Left,0.75,2.75
S033,04,15,2,0,Left,1.0,3.0
S033,04,15,3,0,Left,1.25,3.25
S033,04,15,4,0,Left,1.5,3.5
S033,04,15,5,0,Left,1.75,3.75
S033,04,15,6,0,Left,2.0,4.0
S033,04,17,0,0,Left,0.5,2.5
S033,04,17,1,0,Left,0.75,2.75
S033,04,17,2,0,Left,1.0,3.0
S033,04,17,3,0,Left,1.25,3.25
S033,04,17,4,0,Left,1.5,3.5
S033,04,17,5,0,Left,1.75,3.75
S033,04,17,6,0,Left,2.0,4.0
S033,04,19,0,1,Right,0.5,2.5
S033,04,19,1,1,Right,0.75,2.75
S033,04,19,2,1,Right,1.0,3.0
S033,04,19,3,1,Right,1.25,3.25
S033,04,19,4,1,Right,1.5,3.5
S033,04,19,5,1,Right,1.75,3.75
S033,04,19,6,1,Right,2.0,4.0
S033,04,21,0,1,Right,0.5,2.5
S033,04,21,1,1,Right,0.75,2.75
S033,04,21,2,1,Right,1.0,3.0
S033,04,21,3,1,Right,1.25,3.25
S033,04,21,4,1,Right,1.5,3.5
S033,04,21,5,1,Right,1.75,3.75
S033,04,21,6,1,Right,2.0,4.0
S033,04,23,0,0,Left,0.5,2.5
S033,04,23,1,0,Left,0.75,2.75
S033,04,23,2,0,Left,1.0,3.0
S033,04,23,3,0,Left,1.25,3.25
S033,04,23,4,0,Left,1.5,3.5
S033,04,23,5,0,Left,1.75,3.75
S033,04,23,6,0,Left,2.0,4.0
S033,04,25,0,1,Right,0.5,2.5
S033,04,25,1,1,Right,0.75,2.75
S033,04,25,2,1,Right,1.0,3.0
S033,04,25,3,1,Right,1.25,3.25
S033,04,25,4,1,Right,1.5,3.5
S033,04,25,5,1,Right,1.75,3.75
S033,04,25,6,1,Right,2.0,4.0
S033,04,27,0,0,Left,0.5,2.5
S033,04,27,1,0,Left,0.75,2.75
S033,04,27,2,0,Left,1.0,3.0
S033,04,27,3,0,Left,1.25,3.25
S033,04,27,4,0,Left,1.5,3.5
S033,04,27,5,0,Left,1.75,3.75
S033,04,27,6,0,Left,2.0,4.0
S033,04,29,0,0,Left,0.5,2.5
S033,04,29,1,0,Left,0.75,2.75
S033,04,29,2,0,Left,1.0,3.0
S033,04,29,3,0,Left,1.25,3.25
S033,04,29,4,0,Left,1.5,3.5
S033,04,29,5,0,Left,1.75,3.75
S033,04,29,6,0,Left,2.0,4.0
S033,08,1,0,1,Right,0.5,2.5
S033,08,1,1,1,Right,0.75,2.75
S033,08,1,2,1,Right,1.0,3.0
S033,08,1,3,1,Right,1.25,3.25
S033,08,1,4,1,Right,1.5,3.5
S033,08,1,5,1,Right,1.75,3.75
S033,08,1,6,1,Right,2.0,4.0
S033,08,3,0,0,Left,0.5,2.5
S033,08,3,1,0,Left,0.75,2.75
S033,08,3,2,0,Left,1.0,3.0
S033,08,3,3,0,Left,1.25,3.25
S033,08,3,4,0,Left,1.5,3.5
S033,08,3,5,0,Left,1.75,3.75
S033,08,3,6,0,Left,2.0,4.0
S033,08,5,0,0,Left,0.5,2.5
S033,08,5,1,0,Left,0.75,2.75
S033,08,5,2,0,Left,1.0,3.0
S033,08,5,3,0,Left,1.25,3.25
S033,08,5,4,0,Left,1.5,3.5
S033,08,5,5,0,Left,1.75,3.75
S033,08,5,6,0,Left,2.0,4.0
S033,08,7,0,1,Right,0.5,2.5
S033,08,7,1,1,Right,0.75,2.75
S033,08,7,2,1,Right,1.0,3.0
S033,08,7,3,1,Right,1.25,3.25
S033,08,7,4,1,Right,1.5,3.5
S033,08,7,5,1,Right,1.75,3.75
S033,08,7,6,1,Right,2.0,4.0
S033,08,9,0,1,Right,0.5,2.5
S033,08,9,1,1,Right,0.75,2.75
S033,08,9,2,1,Right,1.0,3.0
S033,08,9,3,1,Right,1.25,3.25
S033,08,9,4,1,Right,1.5,3.5
S033,08,9,5,1,Right,1.75,3.75
S033,08,9,6,1,Right,2.0,4.0
S033,08,11,0,0,Left,0.5,2.5
S033,08,11,1,0,Left,0.75,2.75
S033,08,11,2,0,Left,1.0,3.0
S033,08,11,3,0,Left,1.25,3.25
S033,08,11,4,0,Left,1.5,3.5
S033,08,11,5,0,Left,1.75,3.75
S033,08,11,6,0,Left,2.0,4.0
S033,08,13,0,0,Left,0.5,2.5
S033,08,13,1,0,Left,0.75,2.75
S033,08,13,2,0,Left,1.0,3.0
S033,08,13,3,0,Left,1.25,3.25
S033,08,13,4,0,Left,1.5,3.5
S033,08,13,5,0,Left,1.75,3.75
S033,08,13,6,0,Left,2.0,4.0
S033,08,15,0,1,Right,0.5,2.5
S033,08,15,1,1,Right,0.75,2.75
S033,08,15,2,1,Right,1.0,3.0
S033,08,15,3,1,Right,1.25,3.25
S033,08,15,4,1,Right,1.5,3.5
S033,08,15,5,1,Right,1.75,3.75
S033,08,15,6,1,Right,2.0,4.0
S033,08,17,0,1,Right,0.5,2.5
S033,08,17,1,1,Right,0.75,2.75
S033,08,17,2,1,Right,1.0,3.0
S033,08,17,3,1,Right,1.25,3.25
S033,08,17,4,1,Right,1.5,3.5
S033,08,17,5,1,Right,1.75,3.75
S033,08,17,6,1,Right,2.0,4.0
S033,08,19,0,0,Left,0.5,2.5
S033,08,19,1,0,Left,0.75,2.75
S033,08,19,2,0,Left,1.0,3.0
S033,08,19,3,0,Left,1.25,3.25
S033,08,19,4,0,Left,1.5,3.5
S033,08,19,5,0,Left,1.75,3.75
S033,08,19,6,0,Left,2.0,4.0
S033,08,21,0,1,Right,0.5,2.5
S033,08,21,1,1,Right,0.75,2.75
S033,08,21,2,1,Right,1.0,3.0
S033,08,21,3,1,Right,1.25,3.25
S033,08,21,4,1,Right,1.5,3.5
S033,08,21,5,1,Right,1.75,3.75
S033,08,21,6,1,Right,2.0,4.0
S033,08,23,0,0,Left,0.5,2.5
S033,08,23,1,0,Left,0.75,2.75
S033,08,23,2,0,Left,1.0,3.0
S033,08,23,3,0,Left,1.25,3.25
S033,08,23,4,0,Left,1.5,3.5
S033,08,23,5,0,Left,1.75,3.75
S033,08,23,6,0,Left,2.0,4.0
S033,08,25,0,1,Right,0.5,2.5
S033,08,25,1,1,Right,0.75,2.75
S033,08,25,2,1,Right,1.0,3.0
S033,08,25,3,1,Right,1.25,3.25
S033,08,25,4,1,Right,1.5,3.5
S033,08,25,5,1,Right,1.75,3.75
S033,08,25,6,1,Right,2.0,4.0
S033,08,27,0,0,Left,0.5,2.5
S033,08,27,1,0,Left,0.75,2.75
S033,08,27,2,0,Left,1.0,3.0
S033,08,27,3,0,Left,1.25,3.25
S033,08,27,4,0,Left,1.5,3.5
S033,08,27,5,0,Left,1.75,3.75
S033,08,27,6,0,Left,2.0,4.0
S033,08,29,0,0,Left,0.5,2.5
S033,08,29,1,0,Left,0.75,2.75
S033,08,29,2,0,Left,1.0,3.0
S033,08,29,3,0,Left,1.25,3.25
S033,08,29,4,0,Left,1.5,3.5
S033,08,29,5,0,Left,1.75,3.75
S033,08,29,6,0,Left,2.0,4.0
S033,12,1,0,0,Left,0.5,2.5
S033,12,1,1,0,Left,0.75,2.75
S033,12,1,2,0,Left,1.0,3.0
S033,12,1,3,0,Left,1.25,3.25
S033,12,1,4,0,Left,1.5,3.5
S033,12,1,5,0,Left,1.75,3.75
S033,12,1,6,0,Left,2.0,4.0
S033,12,3,0,1,Right,0.5,2.5
S033,12,3,1,1,Right,0.75,2.75
S033,12,3,2,1,Right,1.0,3.0
S033,12,3,3,1,Right,1.25,3.25
S033,12,3,4,1,Right,1.5,3.5
S033,12,3,5,1,Right,1.75,3.75
S033,12,3,6,1,Right,2.0,4.0
S033,12,5,0,1,Right,0.5,2.5
S033,12,5,1,1,Right,0.75,2.75
S033,12,5,2,1,Right,1.0,3.0
S033,12,5,3,1,Right,1.25,3.25
S033,12,5,4,1,Right,1.5,3.5
S033,12,5,5,1,Right,1.75,3.75
S033,12,5,6,1,Right,2.0,4.0
S033,12,7,0,0,Left,0.5,2.5
S033,12,7,1,0,Left,0.75,2.75
S033,12,7,2,0,Left,1.0,3.0
S033,12,7,3,0,Left,1.25,3.25
S033,12,7,4,0,Left,1.5,3.5
S033,12,7,5,0,Left,1.75,3.75
S033,12,7,6,0,Left,2.0,4.0
S033,12,9,0,0,Left,0.5,2.5
S033,12,9,1,0,Left,0.75,2.75
S033,12,9,2,0,Left,1.0,3.0
S033,12,9,3,0,Left,1.25,3.25
S033,12,9,4,0,Left,1.5,3.5
S033,12,9,5,0,Left,1.75,3.75
S033,12,9,6,0,Left,2.0,4.0
S033,12,11,0,1,Right,0.5,2.5
S033,12,11,1,1,Right,0.75,2.75
S033,12,11,2,1,Right,1.0,3.0
S033,12,11,3,1,Right,1.25,3.25
S033,12,11,4,1,Right,1.5,3.5
S033,12,11,5,1,Right,1.75,3.75
S033,12,11,6,1,Right,2.0,4.0
S033,12,13,0,0,Left,0.5,2.5
S033,12,13,1,0,Left,0.75,2.75
S033,12,13,2,0,Left,1.0,3.0
S033,12,13,3,0,Left,1.25,3.25
S033,12,13,4,0,Left,1.5,3.5
S033,12,13,5,0,Left,1.75,3.75
S033,12,13,6,0,Left,2.0,4.0
S033,12,15,0,1,Right,0.5,2.5
S033,12,15,1,1,Right,0.75,2.75
S033,12,15,2,1,Right,1.0,3.0
S033,12,15,3,1,Right,1.25,3.25
S033,12,15,4,1,Right,1.5,3.5
S033,12,15,5,1,Right,1.75,3.75
S033,12,15,6,1,Right,2.0,4.0
S033,12,17,0,0,Left,0.5,2.5
S033,12,17,1,0,Left,0.75,2.75
S033,12,17,2,0,Left,1.0,3.0
S033,12,17,3,0,Left,1.25,3.25
S033,12,17,4,0,Left,1.5,3.5
S033,12,17,5,0,Left,1.75,3.75
S033,12,17,6,0,Left,2.0,4.0
S033,12,19,0,1,Right,0.5,2.5
S033,12,19,1,1,Right,0.75,2.75
S033,12,19,2,1,Right,1.0,3.0
S033,12,19,3,1,Right,1.25,3.25
S033,12,19,4,1,Right,1.5,3.5
S033,12,19,5,1,Right,1.75,3.75
S033,12,19,6,1,Right,2.0,4.0
S033,12,21,0,0,Left,0.5,2.5
S033,12,21,1,0,Left,0.75,2.75
S033,12,21,2,0,Left,1.0,3.0
S033,12,21,3,0,Left,1.25,3.25
S033,12,21,4,0,Left,1.5,3.5
S033,12,21,5,0,Left,1.75,3.75
S033,12,21,6,0,Left,2.0,4.0
S033,12,23,0,1,Right,0.5,2.5
S033,12,23,1,1,Right,0.75,2.75
S033,12,23,2,1,Right,1.0,3.0
S033,12,23,3,1,Right,1.25,3.25
S033,12,23,4,1,Right,1.5,3.5
S033,12,23,5,1,Right,1.75,3.75
S033,12,23,6,1,Right,2.0,4.0
S033,12,25,0,0,Left,0.5,2.5
S033,12,25,1,0,Left,0.75,2.75
S033,12,25,2,0,Left,1.0,3.0
S033,12,25,3,0,Left,1.25,3.25
S033,12,25,4,0,Left,1.5,3.5
S033,12,25,5,0,Left,1.75,3.75
S033,12,25,6,0,Left,2.0,4.0
S033,12,27,0,1,Right,0.5,2.5
S033,12,27,1,1,Right,0.75,2.75
S033,12,27,2,1,Right,1.0,3.0
S033,12,27,3,1,Right,1.25,3.25
S033,12,27,4,1,Right,1.5,3.5
S033,12,27,5,1,Right,1.75,3.75
S033,12,27,6,1,Right,2.0,4.0
S033,12,29,0,1,Right,0.5,2.5
S033,12,29,1,1,Right,0.75,2.75
S033,12,29,2,1,Right,1.0,3.0
S033,12,29,3,1,Right,1.25,3.25
S033,12,29,4,1,Right,1.5,3.5
S033,12,29,5,1,Right,1.75,3.75
S033,12,29,6,1,Right,2.0,4.0
S034,04,1,0,0,Left,0.5,2.5
S034,04,1,1,0,Left,0.75,2.75
S034,04,1,2,0,Left,1.0,3.0
S034,04,1,3,0,Left,1.25,3.25
S034,04,1,4,0,Left,1.5,3.5
S034,04,1,5,0,Left,1.75,3.75
S034,04,1,6,0,Left,2.0,4.0
S034,04,3,0,1,Right,0.5,2.5
S034,04,3,1,1,Right,0.75,2.75
S034,04,3,2,1,Right,1.0,3.0
S034,04,3,3,1,Right,1.25,3.25
S034,04,3,4,1,Right,1.5,3.5
S034,04,3,5,1,Right,1.75,3.75
S034,04,3,6,1,Right,2.0,4.0
S034,04,5,0,0,Left,0.5,2.5
S034,04,5,1,0,Left,0.75,2.75
S034,04,5,2,0,Left,1.0,3.0
S034,04,5,3,0,Left,1.25,3.25
S034,04,5,4,0,Left,1.5,3.5
S034,04,5,5,0,Left,1.75,3.75
S034,04,5,6,0,Left,2.0,4.0
S034,04,7,0,1,Right,0.5,2.5
S034,04,7,1,1,Right,0.75,2.75
S034,04,7,2,1,Right,1.0,3.0
S034,04,7,3,1,Right,1.25,3.25
S034,04,7,4,1,Right,1.5,3.5
S034,04,7,5,1,Right,1.75,3.75
S034,04,7,6,1,Right,2.0,4.0
S034,04,9,0,0,Left,0.5,2.5
S034,04,9,1,0,Left,0.75,2.75
S034,04,9,2,0,Left,1.0,3.0
S034,04,9,3,0,Left,1.25,3.25
S034,04,9,4,0,Left,1.5,3.5
S034,04,9,5,0,Left,1.75,3.75
S034,04,9,6,0,Left,2.0,4.0
S034,04,11,0,1,Right,0.5,2.5
S034,04,11,1,1,Right,0.75,2.75
S034,04,11,2,1,Right,1.0,3.0
S034,04,11,3,1,Right,1.25,3.25
S034,04,11,4,1,Right,1.5,3.5
S034,04,11,5,1,Right,1.75,3.75
S034,04,11,6,1,Right,2.0,4.0
S034,04,13,0,0,Left,0.5,2.5
S034,04,13,1,0,Left,0.75,2.75
S034,04,13,2,0,Left,1.0,3.0
S034,04,13,3,0,Left,1.25,3.25
S034,04,13,4,0,Left,1.5,3.5
S034,04,13,5,0,Left,1.75,3.75
S034,04,13,6,0,Left,2.0,4.0
S034,04,15,0,1,Right,0.5,2.5
S034,04,15,1,1,Right,0.75,2.75
S034,04,15,2,1,Right,1.0,3.0
S034,04,15,3,1,Right,1.25,3.25
S034,04,15,4,1,Right,1.5,3.5
S034,04,15,5,1,Right,1.75,3.75
S034,04,15,6,1,Right,2.0,4.0
S034,04,17,0,1,Right,0.5,2.5
S034,04,17,1,1,Right,0.75,2.75
S034,04,17,2,1,Right,1.0,3.0
S034,04,17,3,1,Right,1.25,3.25
S034,04,17,4,1,Right,1.5,3.5
S034,04,17,5,1,Right,1.75,3.75
S034,04,17,6,1,Right,2.0,4.0
S034,04,19,0,0,Left,0.5,2.5
S034,04,19,1,0,Left,0.75,2.75
S034,04,19,2,0,Left,1.0,3.0
S034,04,19,3,0,Left,1.25,3.25
S034,04,19,4,0,Left,1.5,3.5
S034,04,19,5,0,Left,1.75,3.75
S034,04,19,6,0,Left,2.0,4.0
S034,04,21,0,0,Left,0.5,2.5
S034,04,21,1,0,Left,0.75,2.75
S034,04,21,2,0,Left,1.0,3.0
S034,04,21,3,0,Left,1.25,3.25
S034,04,21,4,0,Left,1.5,3.5
S034,04,21,5,0,Left,1.75,3.75
S034,04,21,6,0,Left,2.0,4.0
S034,04,23,0,1,Right,0.5,2.5
S034,04,23,1,1,Right,0.75,2.75
S034,04,23,2,1,Right,1.0,3.0
S034,04,23,3,1,Right,1.25,3.25
S034,04,23,4,1,Right,1.5,3.5
S034,04,23,5,1,Right,1.75,3.75
S034,04,23,6,1,Right,2.0,4.0
S034,04,25,0,1,Right,0.5,2.5
S034,04,25,1,1,Right,0.75,2.75
S034,04,25,2,1,Right,1.0,3.0
S034,04,25,3,1,Right,1.25,3.25
S034,04,25,4,1,Right,1.5,3.5
S034,04,25,5,1,Right,1.75,3.75
S034,04,25,6,1,Right,2.0,4.0
S034,04,27,0,0,Left,0.5,2.5
S034,04,27,1,0,Left,0.75,2.75
S034,04,27,2,0,Left,1.0,3.0
S034,04,27,3,0,Left,1.25,3.25
S034,04,27,4,0,Left,1.5,3.5
S034,04,27,5,0,Left,1.75,3.75
S034,04,27,6,0,Left,2.0,4.0
S034,04,29,0,1,Right,0.5,2.5
S034,04,29,1,1,Right,0.75,2.75
S034,04,29,2,1,Right,1.0,3.0
S034,04,29,3,1,Right,1.25,3.25
S034,04,29,4,1,Right,1.5,3.5
S034,04,29,5,1,Right,1.75,3.75
S034,04,29,6,1,Right,2.0,4.0
S034,08,1,0,0,Left,0.5,2.5
S034,08,1,1,0,Left,0.75,2.75
S034,08,1,2,0,Left,1.0,3.0
S034,08,1,3,0,Left,1.25,3.25
S034,08,1,4,0,Left,1.5,3.5
S034,08,1,5,0,Left,1.75,3.75
S034,08,1,6,0,Left,2.0,4.0
S034,08,3,0,1,Right,0.5,2.5
S034,08,3,1,1,Right,0.75,2.75
S034,08,3,2,1,Right,1.0,3.0
S034,08,3,3,1,Right,1.25,3.25
S034,08,3,4,1,Right,1.5,3.5
S034,08,3,5,1,Right,1.75,3.75
S034,08,3,6,1,Right,2.0,4.0
S034,08,5,0,0,Left,0.5,2.5
S034,08,5,1,0,Left,0.75,2.75
S034,08,5,2,0,Left,1.0,3.0
S034,08,5,3,0,Left,1.25,3.25
S034,08,5,4,0,Left,1.5,3.5
S034,08,5,5,0,Left,1.75,3.75
S034,08,5,6,0,Left,2.0,4.0
S034,08,7,0,1,Right,0.5,2.5
S034,08,7,1,1,Right,0.75,2.75
S034,08,7,2,1,Right,1.0,3.0
S034,08,7,3,1,Right,1.25,3.25
S034,08,7,4,1,Right,1.5,3.5
S034,08,7,5,1,Right,1.75,3.75
S034,08,7,6,1,Right,2.0,4.0
S034,08,9,0,0,Left,0.5,2.5
S034,08,9,1,0,Left,0.75,2.75
S034,08,9,2,0,Left,1.0,3.0
S034,08,9,3,0,Left,1.25,3.25
S034,08,9,4,0,Left,1.5,3.5
S034,08,9,5,0,Left,1.75,3.75
S034,08,9,6,0,Left,2.0,4.0
S034,08,11,0,1,Right,0.5,2.5
S034,08,11,1,1,Right,0.75,2.75
S034,08,11,2,1,Right,1.0,3.0
S034,08,11,3,1,Right,1.25,3.25
S034,08,11,4,1,Right,1.5,3.5
S034,08,11,5,1,Right,1.75,3.75
S034,08,11,6,1,Right,2.0,4.0
S034,08,13,0,0,Left,0.5,2.5
S034,08,13,1,0,Left,0.75,2.75
S034,08,13,2,0,Left,1.0,3.0
S034,08,13,3,0,Left,1.25,3.25
S034,08,13,4,0,Left,1.5,3.5
S034,08,13,5,0,Left,1.75,3.75
S034,08,13,6,0,Left,2.0,4.0
S034,08,15,0,1,Right,0.5,2.5
S034,08,15,1,1,Right,0.75,2.75
S034,08,15,2,1,Right,1.0,3.0
S034,08,15,3,1,Right,1.25,3.25
S034,08,15,4,1,Right,1.5,3.5
S034,08,15,5,1,Right,1.75,3.75
S034,08,15,6,1,Right,2.0,4.0
S034,08,17,0,1,Right,0.5,2.5
S034,08,17,1,1,Right,0.75,2.75
S034,08,17,2,1,Right,1.0,3.0
S034,08,17,3,1,Right,1.25,3.25
S034,08,17,4,1,Right,1.5,3.5
S034,08,17,5,1,Right,1.75,3.75
S034,08,17,6,1,Right,2.0,4.0
S034,08,19,0,0,Left,0.5,2.5
S034,08,19,1,0,Left,0.75,2.75
S034,08,19,2,0,Left,1.0,3.0
S034,08,19,3,0,Left,1.25,3.25
S034,08,19,4,0,Left,1.5,3.5
S034,08,19,5,0,Left,1.75,3.75
S034,08,19,6,0,Left,2.0,4.0
S034,08,21,0,0,Left,0.5,2.5
S034,08,21,1,0,Left,0.75,2.75
S034,08,21,2,0,Left,1.0,3.0
S034,08,21,3,0,Left,1.25,3.25
S034,08,21,4,0,Left,1.5,3.5
S034,08,21,5,0,Left,1.75,3.75
S034,08,21,6,0,Left,2.0,4.0
S034,08,23,0,1,Right,0.5,2.5
S034,08,23,1,1,Right,0.75,2.75
S034,08,23,2,1,Right,1.0,3.0
S034,08,23,3,1,Right,1.25,3.25
S034,08,23,4,1,Right,1.5,3.5
S034,08,23,5,1,Right,1.75,3.75
S034,08,23,6,1,Right,2.0,4.0
S034,08,25,0,0,Left,0.5,2.5
S034,08,25,1,0,Left,0.75,2.75
S034,08,25,2,0,Left,1.0,3.0
S034,08,25,3,0,Left,1.25,3.25
S034,08,25,4,0,Left,1.5,3.5
S034,08,25,5,0,Left,1.75,3.75
S034,08,25,6,0,Left,2.0,4.0
S034,08,27,0,1,Right,0.5,2.5
S034,08,27,1,1,Right,0.75,2.75
S034,08,27,2,1,Right,1.0,3.0
S034,08,27,3,1,Right,1.25,3.25
S034,08,27,4,1,Right,1.5,3.5
S034,08,27,5,1,Right,1.75,3.75
S034,08,27,6,1,Right,2.0,4.0
S034,12,1,0,0,Left,0.5,2.5
S034,12,1,1,0,Left,0.75,2.75
S034,12,1,2,0,Left,1.0,3.0
S034,12,1,3,0,Left,1.25,3.25
S034,12,1,4,0,Left,1.5,3.5
S034,12,1,5,0,Left,1.75,3.75
S034,12,1,6,0,Left,2.0,4.0
S034,12,3,0,1,Right,0.5,2.5
S034,12,3,1,1,Right,0.75,2.75
S034,12,3,2,1,Right,1.0,3.0
S034,12,3,3,1,Right,1.25,3.25
S034,12,3,4,1,Right,1.5,3.5
S034,12,3,5,1,Right,1.75,3.75
S034,12,3,6,1,Right,2.0,4.0
S034,12,5,0,0,Left,0.5,2.5
S034,12,5,1,0,Left,0.75,2.75
S034,12,5,2,0,Left,1.0,3.0
S034,12,5,3,0,Left,1.25,3.25
S034,12,5,4,0,Left,1.5,3.5
S034,12,5,5,0,Left,1.75,3.75
S034,12,5,6,0,Left,2.0,4.0
S034,12,7,0,1,Right,0.5,2.5
S034,12,7,1,1,Right,0.75,2.75
S034,12,7,2,1,Right,1.0,3.0
S034,12,7,3,1,Right,1.25,3.25
S034,12,7,4,1,Right,1.5,3.5
S034,12,7,5,1,Right,1.75,3.75
S034,12,7,6,1,Right,2.0,4.0
S034,12,9,0,0,Left,0.5,2.5
S034,12,9,1,0,Left,0.75,2.75
S034,12,9,2,0,Left,1.0,3.0
S034,12,9,3,0,Left,1.25,3.25
S034,12,9,4,0,Left,1.5,3.5
S034,12,9,5,0,Left,1.75,3.75
S034,12,9,6,0,Left,2.0,4.0
S034,12,11,0,1,Right,0.5,2.5
S034,12,11,1,1,Right,0.75,2.75
S034,12,11,2,1,Right,1.0,3.0
S034,12,11,3,1,Right,1.25,3.25
S034,12,11,4,1,Right,1.5,3.5
S034,12,11,5,1,Right,1.75,3.75
S034,12,11,6,1,Right,2.0,4.0
S034,12,13,0,0,Left,0.5,2.5
S034,12,13,1,0,Left,0.75,2.75
S034,12,13,2,0,Left,1.0,3.0
S034,12,13,3,0,Left,1.25,3.25
S034,12,13,4,0,Left,1.5,3.5
S034,12,13,5,0,Left,1.75,3.75
S034,12,13,6,0,Left,2.0,4.0
S034,12,15,0,1,Right,0.5,2.5
S034,12,15,1,1,Right,0.75,2.75
S034,12,15,2,1,Right,1.0,3.0
S034,12,15,3,1,Right,1.25,3.25
S034,12,15,4,1,Right,1.5,3.5
S034,12,15,5,1,Right,1.75,3.75
S034,12,15,6,1,Right,2.0,4.0
S034,12,17,0,0,Left,0.5,2.5
S034,12,17,1,0,Left,0.75,2.75
S034,12,17,2,0,Left,1.0,3.0
S034,12,17,3,0,Left,1.25,3.25
S034,12,17,4,0,Left,1.5,3.5
S034,12,17,5,0,Left,1.75,3.75
S034,12,17,6,0,Left,2.0,4.0
S034,12,19,0,1,Right,0.5,2.5
S034,12,19,1,1,Right,0.75,2.75
S034,12,19,2,1,Right,1.0,3.0
S034,12,19,3,1,Right,1.25,3.25
S034,12,19,4,1,Right,1.5,3.5
S034,12,19,5,1,Right,1.75,3.75
S034,12,19,6,1,Right,2.0,4.0
S034,12,21,0,1,Right,0.5,2.5
S034,12,21,1,1,Right,0.75,2.75
S034,12,21,2,1,Right,1.0,3.0
S034,12,21,3,1,Right,1.25,3.25
S034,12,21,4,1,Right,1.5,3.5
S034,12,21,5,1,Right,1.75,3.75
S034,12,21,6,1,Right,2.0,4.0
S034,12,23,0,0,Left,0.5,2.5
S034,12,23,1,0,Left,0.75,2.75
S034,12,23,2,0,Left,1.0,3.0
S034,12,23,3,0,Left,1.25,3.25
S034,12,23,4,0,Left,1.5,3.5
S034,12,23,5,0,Left,1.75,3.75
S034,12,23,6,0,Left,2.0,4.0
S034,12,25,0,1,Right,0.5,2.5
S034,12,25,1,1,Right,0.75,2.75
S034,12,25,2,1,Right,1.0,3.0
S034,12,25,3,1,Right,1.25,3.25
S034,12,25,4,1,Right,1.5,3.5
S034,12,25,5,1,Right,1.75,3.75
S034,12,25,6,1,Right,2.0,4.0
S034,12,27,0,0,Left,0.5,2.5
S034,12,27,1,0,Left,0.75,2.75
S034,12,27,2,0,Left,1.0,3.0
S034,12,27,3,0,Left,1.25,3.25
S034,12,27,4,0,Left,1.5,3.5
S034,12,27,5,0,Left,1.75,3.75
S034,12,27,6,0,Left,2.0,4.0
S038,04,1,0,1,Right,0.5,2.5
S038,04,1,1,1,Right,0.75,2.75
S038,04,1,2,1,Right,1.0,3.0
S038,04,1,3,1,Right,1.25,3.25
S038,04,1,4,1,Right,1.5,3.5
S038,04,1,5,1,Right,1.75,3.75
S038,04,1,6,1,Right,2.0,4.0
S038,04,3,0,0,Left,0.5,2.5
S038,04,3,1,0,Left,0.75,2.75
S038,04,3,2,0,Left,1.0,3.0
S038,04,3,3,0,Left,1.25,3.25
S038,04,3,4,0,Left,1.5,3.5
S038,04,3,5,0,Left,1.75,3.75
S038,04,3,6,0,Left,2.0,4.0
S038,04,5,0,0,Left,0.5,2.5
S038,04,5,1,0,Left,0.75,2.75
S038,04,5,2,0,Left,1.0,3.0
S038,04,5,3,0,Left,1.25,3.25
S038,04,5,4,0,Left,1.5,3.5
S038,04,5,5,0,Left,1.75,3.75
S038,04,5,6,0,Left,2.0,4.0
S038,04,7,0,1,Right,0.5,2.5
S038,04,7,1,1,Right,0.75,2.75
S038,04,7,2,1,Right,1.0,3.0
S038,04,7,3,1,Right,1.25,3.25
S038,04,7,4,1,Right,1.5,3.5
S038,04,7,5,1,Right,1.75,3.75
S038,04,7,6,1,Right,2.0,4.0
S038,04,9,0,0,Left,0.5,2.5
S038,04,9,1,0,Left,0.75,2.75
S038,04,9,2,0,Left,1.0,3.0
S038,04,9,3,0,Left,1.25,3.25
S038,04,9,4,0,Left,1.5,3.5
S038,04,9,5,0,Left,1.75,3.75
S038,04,9,6,0,Left,2.0,4.0
S038,04,11,0,1,Right,0.5,2.5
S038,04,11,1,1,Right,0.75,2.75
S038,04,11,2,1,Right,1.0,3.0
S038,04,11,3,1,Right,1.25,3.25
S038,04,11,4,1,Right,1.5,3.5
S038,04,11,5,1,Right,1.75,3.75
S038,04,11,6,1,Right,2.0,4.0
S038,04,13,0,0,Left,0.5,2.5
S038,04,13,1,0,Left,0.75,2.75
S038,04,13,2,0,Left,1.0,3.0
S038,04,13,3,0,Left,1.25,3.25
S038,04,13,4,0,Left,1.5,3.5
S038,04,13,5,0,Left,1.75,3.75
S038,04,13,6,0,Left,2.0,4.0
S038,04,15,0,1,Right,0.5,2.5
S038,04,15,1,1,Right,0.75,2.75
S038,04,15,2,1,Right,1.0,3.0
S038,04,15,3,1,Right,1.25,3.25
S038,04,15,4,1,Right,1.5,3.5
S038,04,15,5,1,Right,1.75,3.75
S038,04,15,6,1,Right,2.0,4.0
S038,04,17,0,1,Right,0.5,2.5
S038,04,17,1,1,Right,0.75,2.75
S038,04,17,2,1,Right,1.0,3.0
S038,04,17,3,1,Right,1.25,3.25
S038,04,17,4,1,Right,1.5,3.5
S038,04,17,5,1,Right,1.75,3.75
S038,04,17,6,1,Right,2.0,4.0
S038,04,19,0,0,Left,0.5,2.5
S038,04,19,1,0,Left,0.75,2.75
S038,04,19,2,0,Left,1.0,3.0
S038,04,19,3,0,Left,1.25,3.25
S038,04,19,4,0,Left,1.5,3.5
S038,04,19,5,0,Left,1.75,3.75
S038,04,19,6,0,Left,2.0,4.0
S038,04,21,0,0,Left,0.5,2.5
S038,04,21,1,0,Left,0.75,2.75
S038,04,21,2,0,Left,1.0,3.0
S038,04,21,3,0,Left,1.25,3.25
S038,04,21,4,0,Left,1.5,3.5
S038,04,21,5,0,Left,1.75,3.75
S038,04,21,6,0,Left,2.0,4.0
S038,04,23,0,1,Right,0.5,2.5
S038,04,23,1,1,Right,0.75,2.75
S038,04,23,2,1,Right,1.0,3.0
S038,04,23,3,1,Right,1.25,3.25
S038,04,23,4,1,Right,1.5,3.5
S038,04,23,5,1,Right,1.75,3.75
S038,04,23,6,1,Right,2.0,4.0
S038,04,25,0,0,Left,0.5,2.5
S038,04,25,1,0,Left,0.75,2.75
S038,04,25,2,0,Left,1.0,3.0
S038,04,25,3,0,Left,1.25,3.25
S038,04,25,4,0,Left,1.5,3.5
S038,04,25,5,0,Left,1.75,3.75
S038,04,25,6,0,Left,2.0,4.0
S038,04,27,0,1,Right,0.5,2.5
S038,04,27,1,1,Right,0.75,2.75
S038,04,27,2,1,Right,1.0,3.0
S038,04,27,3,1,Right,1.25,3.25
S038,04,27,4,1,Right,1.5,3.5
S038,04,27,5,1,Right,1.75,3.75
S038,04,27,6,1,Right,2.0,4.0
S038,04,29,0,0,Left,0.5,2.5
S038,04,29,1,0,Left,0.75,2.75
S038,04,29,2,0,Left,1.0,3.0
S038,04,29,3,0,Left,1.25,3.25
S038,04,29,4,0,Left,1.5,3.5
S038,04,29,5,0,Left,1.75,3.75
S038,04,29,6,0,Left,2.0,4.0
S038,08,1,0,1,Right,0.5,2.5
S038,08,1,1,1,Right,0.75,2.75
S038,08,1,2,1,Right,1.0,3.0
S038,08,1,3,1,Right,1.25,3.25
S038,08,1,4,1,Right,1.5,3.5
S038,08,1,5,1,Right,1.75,3.75
S038,08,1,6,1,Right,2.0,4.0
S038,08,3,0,0,Left,0.5,2.5
S038,08,3,1,0,Left,0.75,2.75
S038,08,3,2,0,Left,1.0,3.0
S038,08,3,3,0,Left,1.25,3.25
S038,08,3,4,0,Left,1.5,3.5
S038,08,3,5,0,Left,1.75,3.75
S038,08,3,6,0,Left,2.0,4.0
S038,08,5,0,0,Left,0.5,2.5
S038,08,5,1,0,Left,0.75,2.75
S038,08,5,2,0,Left,1.0,3.0
S038,08,5,3,0,Left,1.25,3.25
S038,08,5,4,0,Left,1.5,3.5
S038,08,5,5,0,Left,1.75,3.75
S038,08,5,6,0,Left,2.0,4.0
S038,08,7,0,1,Right,0.5,2.5
S038,08,7,1,1,Right,0.75,2.75
S038,08,7,2,1,Right,1.0,3.0
S038,08,7,3,1,Right,1.25,3.25
S038,08,7,4,1,Right,1.5,3.5
S038,08,7,5,1,Right,1.75,3.75
S038,08,7,6,1,Right,2.0,4.0
S038,08,9,0,0,Left,0.5,2.5
S038,08,9,1,0,Left,0.75,2.75
S038,08,9,2,0,Left,1.0,3.0
S038,08,9,3,0,Left,1.25,3.25
S038,08,9,4,0,Left,1.5,3.5
S038,08,9,5,0,Left,1.75,3.75
S038,08,9,6,0,Left,2.0,4.0
S038,08,11,0,1,Right,0.5,2.5
S038,08,11,1,1,Right,0.75,2.75
S038,08,11,2,1,Right,1.0,3.0
S038,08,11,3,1,Right,1.25,3.25
S038,08,11,4,1,Right,1.5,3.5
S038,08,11,5,1,Right,1.75,3.75
S038,08,11,6,1,Right,2.0,4.0
S038,08,13,0,1,Right,0.5,2.5
S038,08,13,1,1,Right,0.75,2.75
S038,08,13,2,1,Right,1.0,3.0
S038,08,13,3,1,Right,1.25,3.25
S038,08,13,4,1,Right,1.5,3.5
S038,08,13,5,1,Right,1.75,3.75
S038,08,13,6,1,Right,2.0,4.0
S038,08,15,0,0,Left,0.5,2.5
S038,08,15,1,0,Left,0.75,2.75
S038,08,15,2,0,Left,1.0,3.0
S038,08,15,3,0,Left,1.25,3.25
S038,08,15,4,0,Left,1.5,3.5
S038,08,15,5,0,Left,1.75,3.75
S038,08,15,6,0,Left,2.0,4.0
S038,08,17,0,1,Right,0.5,2.5
S038,08,17,1,1,Right,0.75,2.75
S038,08,17,2,1,Right,1.0,3.0
S038,08,17,3,1,Right,1.25,3.25
S038,08,17,4,1,Right,1.5,3.5
S038,08,17,5,1,Right,1.75,3.75
S038,08,17,6,1,Right,2.0,4.0
S038,08,19,0,0,Left,0.5,2.5
S038,08,19,1,0,Left,0.75,2.75
S038,08,19,2,0,Left,1.0,3.0
S038,08,19,3,0,Left,1.25,3.25
S038,08,19,4,0,Left,1.5,3.5
S038,08,19,5,0,Left,1.75,3.75
S038,08,19,6,0,Left,2.0,4.0
S038,08,21,0,1,Right,0.5,2.5
S038,08,21,1,1,Right,0.75,2.75
S038,08,21,2,1,Right,1.0,3.0
S038,08,21,3,1,Right,1.25,3.25
S038,08,21,4,1,Right,1.5,3.5
S038,08,21,5,1,Right,1.75,3.75
S038,08,21,6,1,Right,2.0,4.0
S038,08,23,0,0,Left,0.5,2.5
S038,08,23,1,0,Left,0.75,2.75
S038,08,23,2,0,Left,1.0,3.0
S038,08,23,3,0,Left,1.25,3.25
S038,08,23,4,0,Left,1.5,3.5
S038,08,23,5,0,Left,1.75,3.75
S038,08,23,6,0,Left,2.0,4.0
S038,08,25,0,0,Left,0.5,2.5
S038,08,25,1,0,Left,0.75,2.75
S038,08,25,2,0,Left,1.0,3.0
S038,08,25,3,0,Left,1.25,3.25
S038,08,25,4,0,Left,1.5,3.5
S038,08,25,5,0,Left,1.75,3.75
S038,08,25,6,0,Left,2.0,4.0
S038,08,27,0,1,Right,0.5,2.5
S038,08,27,1,1,Right,0.75,2.75
S038,08,27,2,1,Right,1.0,3.0
S038,08,27,3,1,Right,1.25,3.25
S038,08,27,4,1,Right,1.5,3.5
S038,08,27,5,1,Right,1.75,3.75
S038,08,27,6,1,Right,2.0,4.0
S038,08,29,0,0,Left,0.5,2.5
S038,08,29,1,0,Left,0.75,2.75
S038,08,29,2,0,Left,1.0,3.0
S038,08,29,3,0,Left,1.25,3.25
S038,08,29,4,0,Left,1.5,3.5
S038,08,29,5,0,Left,1.75,3.75
S038,08,29,6,0,Left,2.0,4.0
S038,12,1,0,1,Right,0.5,2.5
S038,12,1,1,1,Right,0.75,2.75
S038,12,1,2,1,Right,1.0,3.0
S038,12,1,3,1,Right,1.25,3.25
S038,12,1,4,1,Right,1.5,3.5
S038,12,1,5,1,Right,1.75,3.75
S038,12,1,6,1,Right,2.0,4.0
S038,12,3,0,0,Left,0.5,2.5
S038,12,3,1,0,Left,0.75,2.75
S038,12,3,2,0,Left,1.0,3.0
S038,12,3,3,0,Left,1.25,3.25
S038,12,3,4,0,Left,1.5,3.5
S038,12,3,5,0,Left,1.75,3.75
S038,12,3,6,0,Left,2.0,4.0
S038,12,5,0,1,Right,0.5,2.5
S038,12,5,1,1,Right,0.75,2.75
S038,12,5,2,1,Right,1.0,3.0
S038,12,5,3,1,Right,1.25,3.25
S038,12,5,4,1,Right,1.5,3.5
S038,12,5,5,1,Right,1.75,3.75
S038,12,5,6,1,Right,2.0,4.0
S038,12,7,0,0,Left,0.5,2.5
S038,12,7,1,0,Left,0.75,2.75
S038,12,7,2,0,Left,1.0,3.0
S038,12,7,3,0,Left,1.25,3.25
S038,12,7,4,0,Left,1.5,3.5
S038,12,7,5,0,Left,1.75,3.75
S038,12,7,6,0,Left,2.0,4.0
S038,12,9,0,1,Right,0.5,2.5
S038,12,9,1,1,Right,0.75,2.75
S038,12,9,2,1,Right,1.0,3.0
S038,12,9,3,1,Right,1.25,3.25
S038,12,9,4,1,Right,1.5,3.5
S038,12,9,5,1,Right,1.75,3.75
S038,12,9,6,1,Right,2.0,4.0
S038,12,11,0,0,Left,0.5,2.5
S038,12,11,1,0,Left,0.75,2.75
S038,12,11,2,0,Left,1.0,3.0
S038,12,11,3,0,Left,1.25,3.25
S038,12,11,4,0,Left,1.5,3.5
S038,12,11,5,0,Left,1.75,3.75
S038,12,11,6,0,Left,2.0,4.0
S038,12,13,0,1,Right,0.5,2.5
S038,12,13,1,1,Right,0.75,2.75
S038,12,13,2,1,Right,1.0,3.0
S038,12,13,3,1,Right,1.25,3.25
S038,12,13,4,1,Right,1.5,3.5
S038,12,13,5,1,Right,1.75,3.75
S038,12,13,6,1,Right,2.0,4.0
S038,12,15,0,0,Left,0.5,2.5
S038,12,15,1,0,Left,0.75,2.75
S038,12,15,2,0,Left,1.0,3.0
S038,12,15,3,0,Left,1.25,3.25
S038,12,15,4,0,Left,1.5,3.5
S038,12,15,5,0,Left,1.75,3.75
S038,12,15,6,0,Left,2.0,4.0
S038,12,17,0,1,Right,0.5,2.5
S038,12,17,1,1,Right,0.75,2.75
S038,12,17,2,1,Right,1.0,3.0
S038,12,17,3,1,Right,1.25,3.25
S038,12,17,4,1,Right,1.5,3.5
S038,12,17,5,1,Right,1.75,3.75
S038,12,17,6,1,Right,2.0,4.0
S038,12,19,0,0,Left,0.5,2.5
S038,12,19,1,0,Left,0.75,2.75
S038,12,19,2,0,Left,1.0,3.0
S038,12,19,3,0,Left,1.25,3.25
S038,12,19,4,0,Left,1.5,3.5
S038,12,19,5,0,Left,1.75,3.75
S038,12,19,6,0,Left,2.0,4.0
S038,12,21,0,1,Right,0.5,2.5
S038,12,21,1,1,Right,0.75,2.75
S038,12,21,2,1,Right,1.0,3.0
S038,12,21,3,1,Right,1.25,3.25
S038,12,21,4,1,Right,1.5,3.5
S038,12,21,5,1,Right,1.75,3.75
S038,12,21,6,1,Right,2.0,4.0
S038,12,23,0,0,Left,0.5,2.5
S038,12,23,1,0,Left,0.75,2.75
S038,12,23,2,0,Left,1.0,3.0
S038,12,23,3,0,Left,1.25,3.25
S038,12,23,4,0,Left,1.5,3.5
S038,12,23,5,0,Left,1.75,3.75
S038,12,23,6,0,Left,2.0,4.0
S038,12,25,0,0,Left,0.5,2.5
S038,12,25,1,0,Left,0.75,2.75
S038,12,25,2,0,Left,1.0,3.0
S038,12,25,3,0,Left,1.25,3.25
S038,12,25,4,0,Left,1.5,3.5
S038,12,25,5,0,Left,1.75,3.75
S038,12,25,6,0,Left,2.0,4.0
S038,12,27,0,1,Right,0.5,2.5
S038,12,27,1,1,Right,0.75,2.75
S038,12,27,2,1,Right,1.0,3.0
S038,12,27,3,1,Right,1.25,3.25
S038,12,27,4,1,Right,1.5,3.5
S038,12,27,5,1,Right,1.75,3.75
S038,12,27,6,1,Right,2.0,4.0
S038,12,29,0,1,Right,0.5,2.5
S038,12,29,1,1,Right,0.75,2.75
S038,12,29,2,1,Right,1.0,3.0
S038,12,29,3,1,Right,1.25,3.25
S038,12,29,4,1,Right,1.5,3.5
S038,12,29,5,1,Right,1.75,3.75
S038,12,29,6,1,Right,2.0,4.0
S039,04,1,0,1,Right,0.5,2.5
S039,04,1,1,1,Right,0.75,2.75
S039,04,1,2,1,Right,1.0,3.0
S039,04,1,3,1,Right,1.25,3.25
S039,04,1,4,1,Right,1.5,3.5
S039,04,1,5,1,Right,1.75,3.75
S039,04,1,6,1,Right,2.0,4.0
S039,04,3,0,0,Left,0.5,2.5
S039,04,3,1,0,Left,0.75,2.75
S039,04,3,2,0,Left,1.0,3.0
S039,04,3,3,0,Left,1.25,3.25
S039,04,3,4,0,Left,1.5,3.5
S039,04,3,5,0,Left,1.75,3.75
S039,04,3,6,0,Left,2.0,4.0
S039,04,5,1,1,Right,0.75,2.75
S039,04,5,2,1,Right,1.0,3.0
S039,04,5,3,1,Right,1.25,3.25
S039,04,5,4,1,Right,1.5,3.5
S039,04,5,5,1,Right,1.75,3.75
S039,04,5,6,1,Right,2.0,4.0
S039,04,7,0,0,Left,0.5,2.5
S039,04,7,1,0,Left,0.75,2.75
S039,04,7,2,0,Left,1.0,3.0
S039,04,7,3,0,Left,1.25,3.25
S039,04,7,4,0,Left,1.5,3.5
S039,04,7,5,0,Left,1.75,3.75
S039,04,7,6,0,Left,2.0,4.0
S039,04,9,0,0,Left,0.5,2.5
S039,04,9,1,0,Left,0.75,2.75
S039,04,9,2,0,Left,1.0,3.0
S039,04,9,3,0,Left,1.25,3.25
S039,04,9,4,0,Left,1.5,3.5
S039,04,9,5,0,Left,1.75,3.75
S039,04,9,6,0,Left,2.0,4.0
S039,04,11,0,1,Right,0.5,2.5
S039,04,11,1,1,Right,0.75,2.75
S039,04,11,2,1,Right,1.0,3.0
S039,04,11,3,1,Right,1.25,3.25
S039,04,11,4,1,Right,1.5,3.5
S039,04,11,5,1,Right,1.75,3.75
S039,04,11,6,1,Right,2.0,4.0
S039,04,13,0,0,Left,0.5,2.5
S039,04,13,1,0,Left,0.75,2.75
S039,04,13,2,0,Left,1.0,3.0
S039,04,13,3,0,Left,1.25,3.25
S039,04,13,4,0,Left,1.5,3.5
S039,04,13,5,0,Left,1.75,3.75
S039,04,13,6,0,Left,2.0,4.0
S039,04,15,0,1,Right,0.5,2.5
S039,04,15,1,1,Right,0.75,2.75
S039,04,15,2,1,Right,1.0,3.0
S039,04,15,3,1,Right,1.25,3.25
S039,04,15,4,1,Right,1.5,3.5
S039,04,15,5,1,Right,1.75,3.75
S039,04,15,6,1,Right,2.0,4.0
S039,04,17,0,1,Right,0.5,2.5
S039,04,17,1,1,Right,0.75,2.75
S039,04,17,2,1,Right,1.0,3.0
S039,04,17,3,1,Right,1.25,3.25
S039,04,17,4,1,Right,1.5,3.5
S039,04,17,5,1,Right,1.75,3.75
S039,04,17,6,1,Right,2.0,4.0
S039,04,19,0,0,Left,0.5,2.5
S039,04,19,1,0,Left,0.75,2.75
S039,04,19,2,0,Left,1.0,3.0
S039,04,19,3,0,Left,1.25,3.25
S039,04,19,4,0,Left,1.5,3.5
S039,04,19,5,0,Left,1.75,3.75
S039,04,19,6,0,Left,2.0,4.0
S039,04,21,4,0,Left,1.5,3.5
S039,04,21,5,0,Left,1.75,3.75
S039,04,21,6,0,Left,2.0,4.0
S039,04,23,0,1,Right,0.5,2.5
S039,04,23,1,1,Right,0.75,2.75
S039,04,23,2,1,Right,1.0,3.0
S039,04,23,3,1,Right,1.25,3.25
S039,04,23,4,1,Right,1.5,3.5
S039,04,23,5,1,Right,1.75,3.75
S039,04,23,6,1,Right,2.0,4.0
S039,04,25,0,1,Right,0.5,2.5
S039,04,25,1,1,Right,0.75,2.75
S039,04,25,2,1,Right,1.0,3.0
S039,04,25,3,1,Right,1.25,3.25
S039,04,25,4,1,Right,1.5,3.5
S039,04,25,5,1,Right,1.75,3.75
S039,04,25,6,1,Right,2.0,4.0
S039,04,27,0,0,Left,0.5,2.5
S039,04,27,1,0,Left,0.75,2.75
S039,04,27,2,0,Left,1.0,3.0
S039,04,27,3,0,Left,1.25,3.25
S039,04,27,4,0,Left,1.5,3.5
S039,04,27,5,0,Left,1.75,3.75
S039,04,27,6,0,Left,2.0,4.0
S039,04,29,0,0,Left,0.5,2.5
S039,04,29,1,0,Left,0.75,2.75
S039,04,29,2,0,Left,1.0,3.0
S039,04,29,3,0,Left,1.25,3.25
S039,04,29,4,0,Left,1.5,3.5
S039,04,29,5,0,Left,1.75,3.75
S039,04,29,6,0,Left,2.0,4.0
S039,08,1,6,1,Right,2.0,4.0
S039,08,3,0,0,Left,0.5,2.5
S039,08,3,1,0,Left,0.75,2.75
S039,08,3,2,0,Left,1.0,3.0
S039,08,3,3,0,Left,1.25,3.25
S039,08,3,4,0,Left,1.5,3.5
S039,08,3,5,0,Left,1.75,3.75
S039,08,3,6,0,Left,2.0,4.0
S039,08,5,0,1,Right,0.5,2.5
S039,08,5,1,1,Right,0.75,2.75
S039,08,5,2,1,Right,1.0,3.0
S039,08,5,3,1,Right,1.25,3.25
S039,08,5,4,1,Right,1.5,3.5
S039,08,5,5,1,Right,1.75,3.75
S039,08,5,6,1,Right,2.0,4.0
S039,08,7,0,0,Left,0.5,2.5
S039,08,7,1,0,Left,0.75,2.75
S039,08,9,4,1,Right,1.5,3.5
S039,08,11,2,0,Left,1.0,3.0
S039,08,11,3,0,Left,1.25,3.25
S039,08,11,4,0,Left,1.5,3.5
S039,08,11,5,0,Left,1.75,3.75
S039,08,11,6,0,Left,2.0,4.0
S039,08,13,0,1,Right,0.5,2.5
S039,08,13,1,1,Right,0.75,2.75
S039,08,13,2,1,Right,1.0,3.0
S039,08,13,3,1,Right,1.25,3.25
S039,08,13,4,1,Right,1.5,3.5
S039,08,13,5,1,Right,1.75,3.75
S039,08,13,6,1,Right,2.0,4.0
S039,08,15,3,0,Left,1.25,3.25
S039,08,15,4,0,Left,1.5,3.5
S039,08,15,5,0,Left,1.75,3.75
S039,08,15,6,0,Left,2.0,4.0
S039,08,17,0,1,Right,0.5,2.5
S039,08,17,1,1,Right,0.75,2.75
S039,08,17,2,1,Right,1.0,3.0
S039,08,17,3,1,Right,1.25,3.25
S039,08,17,4,1,Right,1.5,3.5
S039,08,17,5,1,Right,1.75,3.75
S039,08,17,6,1,Right,2.0,4.0
S039,08,19,0,0,Left,0.5,2.5
S039,08,19,1,0,Left,0.75,2.75
S039,08,19,2,0,Left,1.0,3.0
S039,08,19,3,0,Left,1.25,3.25
S039,08,19,4,0,Left,1.5,3.5
S039,08,19,5,0,Left,1.75,3.75
S039,08,19,6,0,Left,2.0,4.0
S039,08,21,0,1,Right,0.5,2.5
S039,08,21,1,1,Right,0.75,2.75
S039,08,21,2,1,Right,1.0,3.0
S039,08,21,3,1,Right,1.25,3.25
S039,08,21,4,1,Right,1.5,3.5
S039,08,21,5,1,Right,1.75,3.75
S039,08,21,6,1,Right,2.0,4.0
S039,08,23,0,0,Left,0.5,2.5
S039,08,23,1,0,Left,0.75,2.75
S039,08,23,2,0,Left,1.0,3.0
S039,08,23,3,0,Left,1.25,3.25
S039,08,23,4,0,Left,1.5,3.5
S039,08,23,5,0,Left,1.75,3.75
S039,08,23,6,0,Left,2.0,4.0
S039,08,25,4,0,Left,1.5,3.5
S039,08,25,5,0,Left,1.75,3.75
S039,08,25,6,0,Left,2.0,4.0
S039,08,27,0,1,Right,0.5,2.5
S039,08,27,1,1,Right,0.75,2.75
S039,08,27,2,1,Right,1.0,3.0
S039,08,27,3,1,Right,1.25,3.25
S039,08,27,4,1,Right,1.5,3.5
S039,08,27,5,1,Right,1.75,3.75
S039,08,27,6,1,Right,2.0,4.0
S039,12,1,0,0,Left,0.5,2.5
S039,12,1,1,0,Left,0.75,2.75
S039,12,1,2,0,Left,1.0,3.0
S039,12,1,3,0,Left,1.25,3.25
S039,12,1,4,0,Left,1.5,3.5
S039,12,1,5,0,Left,1.75,3.75
S039,12,1,6,0,Left,2.0,4.0
S039,12,3,0,1,Right,0.5,2.5
S039,12,3,1,1,Right,0.75,2.75
S039,12,3,2,1,Right,1.0,3.0
S039,12,3,3,1,Right,1.25,3.25
S039,12,3,4,1,Right,1.5,3.5
S039,12,3,5,1,Right,1.75,3.75
S039,12,3,6,1,Right,2.0,4.0
S039,12,7,6,0,Left,2.0,4.0
S039,12,9,0,1,Right,0.5,2.5
S039,12,9,1,1,Right,0.75,2.75
S039,12,9,2,1,Right,1.0,3.0
S039,12,9,3,1,Right,1.25,3.25
S039,12,9,4,1,Right,1.5,3.5
S039,12,9,5,1,Right,1.75,3.75
S039,12,9,6,1,Right,2.0,4.0
S039,12,11,3,0,Left,1.25,3.25
S039,12,11,4,0,Left,1.5,3.5
S039,12,11,5,0,Left,1.75,3.75
S039,12,11,6,0,Left,2.0,4.0
S039,12,13,0,0,Left,0.5,2.5
S039,12,13,1,0,Left,0.75,2.75
S039,12,13,2,0,Left,1.0,3.0
S039,12,13,3,0,Left,1.25,3.25
S039,12,13,4,0,Left,1.5,3.5
S039,12,13,5,0,Left,1.75,3.75
S039,12,13,6,0,Left,2.0,4.0
S039,12,15,0,1,Right,0.5,2.5
S039,12,19,0,1,Right,0.5,2.5
S039,12,19,1,1,Right,0.75,2.75
S039,12,19,2,1,Right,1.0,3.0
S039,12,19,3,1,Right,1.25,3.25
S039,12,19,4,1,Right,1.5,3.5
S039,12,19,5,1,Right,1.75,3.75
S039,12,19,6,1,Right,2.0,4.0
S039,12,25,3,1,Right,1.25,3.25
S039,12,25,4,1,Right,1.5,3.5
S039,12,25,5,1,Right,1.75,3.75
S039,12,27,0,0,Left,0.5,2.5
S039,12,27,1,0,Left,0.75,2.75
S039,12,27,2,0,Left,1.0,3.0
S039,12,27,3,0,Left,1.25,3.25
S039,12,27,4,0,Left,1.5,3.5
S039,12,27,5,0,Left,1.75,3.75
S039,12,27,6,0,Left,2.0,4.0
S039,12,29,0,1,Right,0.5,2.5
S039,12,29,1,1,Right,0.75,2.75
S039,12,29,2,1,Right,1.0,3.0
S039,12,29,3,1,Right,1.25,3.25
S039,12,29,4,1,Right,1.5,3.5
S039,12,29,5,1,Right,1.75,3.75
S039,12,29,6,1,Right,2.0,4.0
S040,04,1,0,1,Right,0.5,2.5
S040,04,1,1,1,Right,0.75,2.75
S040,04,1,2,1,Right,1.0,3.0
S040,04,1,3,1,Right,1.25,3.25
S040,04,1,4,1,Right,1.5,3.5
S040,04,1,5,1,Right,1.75,3.75
S040,04,1,6,1,Right,2.0,4.0
S040,04,3,0,0,Left,0.5,2.5
S040,04,3,1,0,Left,0.75,2.75
S040,04,3,2,0,Left,1.0,3.0
S040,04,3,3,0,Left,1.25,3.25
S040,04,3,4,0,Left,1.5,3.5
S040,04,3,5,0,Left,1.75,3.75
S040,04,3,6,0,Left,2.0,4.0
S040,04,5,0,0,Left,0.5,2.5
S040,04,5,1,0,Left,0.75,2.75
S040,04,5,2,0,Left,1.0,3.0
S040,04,5,3,0,Left,1.25,3.25
S040,04,5,4,0,Left,1.5,3.5
S040,04,5,5,0,Left,1.75,3.75
S040,04,5,6,0,Left,2.0,4.0
S040,04,7,0,1,Right,0.5,2.5
S040,04,7,1,1,Right,0.75,2.75
S040,04,7,2,1,Right,1.0,3.0
S040,04,7,3,1,Right,1.25,3.25
S040,04,7,4,1,Right,1.5,3.5
S040,04,7,5,1,Right,1.75,3.75
S040,04,7,6,1,Right,2.0,4.0
S040,04,9,0,0,Left,0.5,2.5
S040,04,9,1,0,Left,0.75,2.75
S040,04,9,2,0,Left,1.0,3.0
S040,04,9,3,0,Left,1.25,3.25
S040,04,9,4,0,Left,1.5,3.5
S040,04,9,5,0,Left,1.75,3.75
S040,04,9,6,0,Left,2.0,4.0
S040,04,11,0,1,Right,0.5,2.5
S040,04,11,1,1,Right,0.75,2.75
S040,04,11,2,1,Right,1.0,3.0
S040,04,11,3,1,Right,1.25,3.25
S040,04,11,4,1,Right,1.5,3.5
S040,04,11,5,1,Right,1.75,3.75
S040,04,11,6,1,Right,2.0,4.0
S040,04,13,0,0,Left,0.5,2.5
S040,04,13,1,0,Left,0.75,2.75
S040,04,13,2,0,Left,1.0,3.0
S040,04,13,3,0,Left,1.25,3.25
S040,04,13,4,0,Left,1.5,3.5
S040,04,13,5,0,Left,1.75,3.75
S040,04,13,6,0,Left,2.0,4.0
S040,04,15,0,1,Right,0.5,2.5
S040,04,15,1,1,Right,0.75,2.75
S040,04,15,2,1,Right,1.0,3.0
S040,04,15,3,1,Right,1.25,3.25
S040,04,15,4,1,Right,1.5,3.5
S040,04,15,5,1,Right,1.75,3.75
S040,04,15,6,1,Right,2.0,4.0
S040,04,17,0,1,Right,0.5,2.5
S040,04,17,1,1,Right,0.75,2.75
S040,04,17,2,1,Right,1.0,3.0
S040,04,17,3,1,Right,1.25,3.25
S040,04,17,4,1,Right,1.5,3.5
S040,04,17,5,1,Right,1.75,3.75
S040,04,17,6,1,Right,2.0,4.0
S040,04,19,0,0,Left,0.5,2.5
S040,04,19,1,0,Left,0.75,2.75
S040,04,19,2,0,Left,1.0,3.0
S040,04,19,3,0,Left,1.25,3.25
S040,04,19,4,0,Left,1.5,3.5
S040,04,19,5,0,Left,1.75,3.75
S040,04,19,6,0,Left,2.0,4.0
S040,04,21,0,0,Left,0.5,2.5
S040,04,21,1,0,Left,0.75,2.75
S040,04,21,2,0,Left,1.0,3.0
S040,04,21,3,0,Left,1.25,3.25
S040,04,21,4,0,Left,1.5,3.5
S040,04,21,5,0,Left,1.75,3.75
S040,04,21,6,0,Left,2.0,4.0
S040,04,23,0,1,Right,0.5,2.5
S040,04,23,1,1,Right,0.75,2.75
S040,04,23,2,1,Right,1.0,3.0
S040,04,23,3,1,Right,1.25,3.25
S040,04,23,4,1,Right,1.5,3.5
S040,04,23,5,1,Right,1.75,3.75
S040,04,23,6,1,Right,2.0,4.0
S040,04,25,0,0,Left,0.5,2.5
S040,04,25,1,0,Left,0.75,2.75
S040,04,25,2,0,Left,1.0,3.0
S040,04,25,3,0,Left,1.25,3.25
S040,04,25,4,0,Left,1.5,3.5
S040,04,25,5,0,Left,1.75,3.75
S040,04,25,6,0,Left,2.0,4.0
S040,04,27,0,1,Right,0.5,2.5
S040,04,27,1,1,Right,0.75,2.75
S040,04,27,2,1,Right,1.0,3.0
S040,04,27,3,1,Right,1.25,3.25
S040,04,27,4,1,Right,1.5,3.5
S040,04,27,5,1,Right,1.75,3.75
S040,04,27,6,1,Right,2.0,4.0
S040,04,29,0,1,Right,0.5,2.5
S040,04,29,1,1,Right,0.75,2.75
S040,04,29,2,1,Right,1.0,3.0
S040,04,29,3,1,Right,1.25,3.25
S040,04,29,4,1,Right,1.5,3.5
S040,04,29,5,1,Right,1.75,3.75
S040,04,29,6,1,Right,2.0,4.0
S040,08,1,0,1,Right,0.5,2.5
S040,08,1,1,1,Right,0.75,2.75
S040,08,1,2,1,Right,1.0,3.0
S040,08,1,3,1,Right,1.25,3.25
S040,08,1,4,1,Right,1.5,3.5
S040,08,1,5,1,Right,1.75,3.75
S040,08,1,6,1,Right,2.0,4.0
S040,08,3,0,0,Left,0.5,2.5
S040,08,3,1,0,Left,0.75,2.75
S040,08,3,2,0,Left,1.0,3.0
S040,08,3,3,0,Left,1.25,3.25
S040,08,3,4,0,Left,1.5,3.5
S040,08,3,5,0,Left,1.75,3.75
S040,08,3,6,0,Left,2.0,4.0
S040,08,5,0,0,Left,0.5,2.5
S040,08,5,1,0,Left,0.75,2.75
S040,08,5,2,0,Left,1.0,3.0
S040,08,5,3,0,Left,1.25,3.25
S040,08,5,4,0,Left,1.5,3.5
S040,08,5,5,0,Left,1.75,3.75
S040,08,5,6,0,Left,2.0,4.0
S040,08,7,0,1,Right,0.5,2.5
S040,08,7,1,1,Right,0.75,2.75
S040,08,7,2,1,Right,1.0,3.0
S040,08,7,3,1,Right,1.25,3.25
S040,08,7,4,1,Right,1.5,3.5
S040,08,7,5,1,Right,1.75,3.75
S040,08,7,6,1,Right,2.0,4.0
S040,08,9,0,1,Right,0.5,2.5
S040,08,9,1,1,Right,0.75,2.75
S040,08,9,2,1,Right,1.0,3.0
S040,08,9,3,1,Right,1.25,3.25
S040,08,9,4,1,Right,1.5,3.5
S040,08,9,5,1,Right,1.75,3.75
S040,08,9,6,1,Right,2.0,4.0
S040,08,11,0,0,Left,0.5,2.5
S040,08,11,1,0,Left,0.75,2.75
S040,08,11,2,0,Left,1.0,3.0
S040,08,11,3,0,Left,1.25,3.25
S040,08,11,4,0,Left,1.5,3.5
S040,08,11,5,0,Left,1.75,3.75
S040,08,11,6,0,Left,2.0,4.0
S040,08,13,0,1,Right,0.5,2.5
S040,08,13,1,1,Right,0.75,2.75
S040,08,13,2,1,Right,1.0,3.0
S040,08,13,3,1,Right,1.25,3.25
S040,08,13,4,1,Right,1.5,3.5
S040,08,13,5,1,Right,1.75,3.75
S040,08,13,6,1,Right,2.0,4.0
S040,08,15,0,0,Left,0.5,2.5
S040,08,15,1,0,Left,0.75,2.75
S040,08,15,2,0,Left,1.0,3.0
S040,08,15,3,0,Left,1.25,3.25
S040,08,15,4,0,Left,1.5,3.5
S040,08,15,5,0,Left,1.75,3.75
S040,08,15,6,0,Left,2.0,4.0
S040,08,17,0,0,Left,0.5,2.5
S040,08,17,1,0,Left,0.75,2.75
S040,08,17,2,0,Left,1.0,3.0
S040,08,17,3,0,Left,1.25,3.25
S040,08,17,4,0,Left,1.5,3.5
S040,08,17,5,0,Left,1.75,3.75
S040,08,17,6,0,Left,2.0,4.0
S040,08,19,0,1,Right,0.5,2.5
S040,08,19,1,1,Right,0.75,2.75
S040,08,19,2,1,Right,1.0,3.0
S040,08,19,3,1,Right,1.25,3.25
S040,08,19,4,1,Right,1.5,3.5
S040,08,19,5,1,Right,1.75,3.75
S040,08,19,6,1,Right,2.0,4.0
S040,08,21,0,0,Left,0.5,2.5
S040,08,21,1,0,Left,0.75,2.75
S040,08,21,2,0,Left,1.0,3.0
S040,08,21,3,0,Left,1.25,3.25
S040,08,21,4,0,Left,1.5,3.5
S040,08,21,5,0,Left,1.75,3.75
S040,08,21,6,0,Left,2.0,4.0
S040,08,23,0,1,Right,0.5,2.5
S040,08,23,1,1,Right,0.75,2.75
S040,08,23,2,1,Right,1.0,3.0
S040,08,23,3,1,Right,1.25,3.25
S040,08,23,4,1,Right,1.5,3.5
S040,08,23,5,1,Right,1.75,3.75
S040,08,23,6,1,Right,2.0,4.0
S040,08,25,0,1,Right,0.5,2.5
S040,08,25,1,1,Right,0.75,2.75
S040,08,25,2,1,Right,1.0,3.0
S040,08,25,3,1,Right,1.25,3.25
S040,08,25,4,1,Right,1.5,3.5
S040,08,25,5,1,Right,1.75,3.75
S040,08,25,6,1,Right,2.0,4.0
S040,08,27,0,0,Left,0.5,2.5
S040,08,27,1,0,Left,0.75,2.75
S040,08,27,2,0,Left,1.0,3.0
S040,08,27,3,0,Left,1.25,3.25
S040,08,27,4,0,Left,1.5,3.5
S040,08,27,5,0,Left,1.75,3.75
S040,08,27,6,0,Left,2.0,4.0
S040,08,29,0,1,Right,0.5,2.5
S040,08,29,1,1,Right,0.75,2.75
S040,08,29,2,1,Right,1.0,3.0
S040,08,29,3,1,Right,1.25,3.25
S040,08,29,4,1,Right,1.5,3.5
S040,08,29,5,1,Right,1.75,3.75
S040,08,29,6,1,Right,2.0,4.0
S040,12,1,0,1,Right,0.5,2.5
S040,12,1,1,1,Right,0.75,2.75
S040,12,1,2,1,Right,1.0,3.0
S040,12,1,3,1,Right,1.25,3.25
S040,12,1,4,1,Right,1.5,3.5
S040,12,1,5,1,Right,1.75,3.75
S040,12,1,6,1,Right,2.0,4.0
S040,12,3,0,0,Left,0.5,2.5
S040,12,3,1,0,Left,0.75,2.75
S040,12,3,2,0,Left,1.0,3.0
S040,12,3,3,0,Left,1.25,3.25
S040,12,3,4,0,Left,1.5,3.5
S040,12,3,5,0,Left,1.75,3.75
S040,12,3,6,0,Left,2.0,4.0
S040,12,5,0,0,Left,0.5,2.5
S040,12,5,1,0,Left,0.75,2.75
S040,12,5,2,0,Left,1.0,3.0
S040,12,5,3,0,Left,1.25,3.25
S040,12,5,4,0,Left,1.5,3.5
S040,12,5,5,0,Left,1.75,3.75
S040,12,5,6,0,Left,2.0,4.0
S040,12,7,0,1,Right,0.5,2.5
S040,12,7,1,1,Right,0.75,2.75
S040,12,7,2,1,Right,1.0,3.0
S040,12,7,3,1,Right,1.25,3.25
S040,12,7,4,1,Right,1.5,3.5
S040,12,7,5,1,Right,1.75,3.75
S040,12,7,6,1,Right,2.0,4.0
S040,12,9,0,1,Right,0.5,2.5
S040,12,9,1,1,Right,0.75,2.75
S040,12,9,2,1,Right,1.0,3.0
S040,12,9,3,1,Right,1.25,3.25
S040,12,9,4,1,Right,1.5,3.5
S040,12,9,5,1,Right,1.75,3.75
S040,12,9,6,1,Right,2.0,4.0
S040,12,11,0,0,Left,0.5,2.5
S040,12,11,1,0,Left,0.75,2.75
S040,12,11,2,0,Left,1.0,3.0
S040,12,11,3,0,Left,1.25,3.25
S040,12,11,4,0,Left,1.5,3.5
S040,12,11,5,0,Left,1.75,3.75
S040,12,11,6,0,Left,2.0,4.0
S040,12,13,0,1,Right,0.5,2.5
S040,12,13,1,1,Right,0.75,2.75
S040,12,13,2,1,Right,1.0,3.0
S040,12,13,3,1,Right,1.25,3.25
S040,12,13,4,1,Right,1.5,3.5
S040,12,13,5,1,Right,1.75,3.75
S040,12,13,6,1,Right,2.0,4.0
S040,12,15,0,0,Left,0.5,2.5
S040,12,15,1,0,Left,0.75,2.75
S040,12,15,2,0,Left,1.0,3.0
S040,12,15,3,0,Left,1.25,3.25
S040,12,15,4,0,Left,1.5,3.5
S040,12,15,5,0,Left,1.75,3.75
S040,12,15,6,0,Left,2.0,4.0
S040,12,19,0,0,Left,0.5,2.5
S040,12,19,1,0,Left,0.75,2.75
S040,12,19,2,0,Left,1.0,3.0
S040,12,19,3,0,Left,1.25,3.25
S040,12,19,4,0,Left,1.5,3.5
S040,12,19,5,0,Left,1.75,3.75
S040,12,19,6,0,Left,2.0,4.0
S040,12,21,1,0,Left,0.75,2.75
S040,12,21,2,0,Left,1.0,3.0
S040,12,21,3,0,Left,1.25,3.25
S040,12,21,4,0,Left,1.5,3.5
S040,12,21,5,0,Left,1.75,3.75
S040,12,21,6,0,Left,2.0,4.0
S040,12,23,0,1,Right,0.5,2.5
S040,12,23,1,1,Right,0.75,2.75
S040,12,23,2,1,Right,1.0,3.0
S040,12,23,3,1,Right,1.25,3.25
S040,12,23,4,1,Right,1.5,3.5
S040,12,23,5,1,Right,1.75,3.75
S040,12,23,6,1,Right,2.0,4.0
S040,12,25,0,1,Right,0.5,2.5
S040,12,25,1,1,Right,0.75,2.75
S040,12,25,2,1,Right,1.0,3.0
S040,12,25,3,1,Right,1.25,3.25
S040,12,25,4,1,Right,1.5,3.5
S040,12,25,5,1,Right,1.75,3.75
S040,12,25,6,1,Right,2.0,4.0
S040,12,27,0,0,Left,0.5,2.5
S040,12,27,1,0,Left,0.75,2.75
S040,12,27,2,0,Left,1.0,3.0
S040,12,27,3,0,Left,1.25,3.25
S040,12,27,4,0,Left,1.5,3.5
S040,12,27,5,0,Left,1.75,3.75
S040,12,27,6,0,Left,2.0,4.0
S040,12,29,0,1,Right,0.5,2.5
S040,12,29,1,1,Right,0.75,2.75
S040,12,29,2,1,Right,1.0,3.0
S040,12,29,3,1,Right,1.25,3.25
S040,12,29,4,1,Right,1.5,3.5
S040,12,29,5,1,Right,1.75,3.75
S040,12,29,6,1,Right,2.0,4.0
S041,04,1,0,0,Left,0.5,2.5
S041,04,1,1,0,Left,0.75,2.75
S041,04,1,2,0,Left,1.0,3.0
S041,04,1,3,0,Left,1.25,3.25
S041,04,1,4,0,Left,1.5,3.5
S041,04,1,5,0,Left,1.75,3.75
S041,04,1,6,0,Left,2.0,4.0
S041,04,3,0,1,Right,0.5,2.5
S041,04,3,1,1,Right,0.75,2.75
S041,04,3,2,1,Right,1.0,3.0
S041,04,3,3,1,Right,1.25,3.25
S041,04,3,4,1,Right,1.5,3.5
S041,04,3,5,1,Right,1.75,3.75
S041,04,3,6,1,Right,2.0,4.0
S041,04,5,0,0,Left,0.5,2.5
S041,04,5,1,0,Left,0.75,2.75
S041,04,5,2,0,Left,1.0,3.0
S041,04,5,3,0,Left,1.25,3.25
S041,04,5,4,0,Left,1.5,3.5
S041,04,5,5,0,Left,1.75,3.75
S041,04,5,6,0,Left,2.0,4.0
S041,04,7,0,1,Right,0.5,2.5
S041,04,7,1,1,Right,0.75,2.75
S041,04,7,2,1,Right,1.0,3.0
S041,04,7,3,1,Right,1.25,3.25
S041,04,7,4,1,Right,1.5,3.5
S041,04,7,5,1,Right,1.75,3.75
S041,04,7,6,1,Right,2.0,4.0
S041,04,9,0,0,Left,0.5,2.5
S041,04,9,1,0,Left,0.75,2.75
S041,04,9,2,0,Left,1.0,3.0
S041,04,9,3,0,Left,1.25,3.25
S041,04,9,4,0,Left,1.5,3.5
S041,04,9,5,0,Left,1.75,3.75
S041,04,9,6,0,Left,2.0,4.0
S041,04,11,0,1,Right,0.5,2.5
S041,04,11,1,1,Right,0.75,2.75
S041,04,11,2,1,Right,1.0,3.0
S041,04,11,3,1,Right,1.25,3.25
S041,04,11,4,1,Right,1.5,3.5
S041,04,11,5,1,Right,1.75,3.75
S041,04,11,6,1,Right,2.0,4.0
S041,04,13,0,0,Left,0.5,2.5
S041,04,13,1,0,Left,0.75,2.75
S041,04,13,2,0,Left,1.0,3.0
S041,04,13,3,0,Left,1.25,3.25
S041,04,13,4,0,Left,1.5,3.5
S041,04,13,5,0,Left,1.75,3.75
S041,04,13,6,0,Left,2.0,4.0
S041,04,15,0,1,Right,0.5,2.5
S041,04,15,1,1,Right,0.75,2.75
S041,04,15,2,1,Right,1.0,3.0
S041,04,15,3,1,Right,1.25,3.25
S041,04,15,4,1,Right,1.5,3.5
S041,04,15,5,1,Right,1.75,3.75
S041,04,15,6,1,Right,2.0,4.0
S041,04,17,0,0,Left,0.5,2.5
S041,04,17,1,0,Left,0.75,2.75
S041,04,17,2,0,Left,1.0,3.0
S041,04,17,3,0,Left,1.25,3.25
S041,04,17,4,0,Left,1.5,3.5
S041,04,17,5,0,Left,1.75,3.75
S041,04,17,6,0,Left,2.0,4.0
S041,04,19,0,1,Right,0.5,2.5
S041,04,19,1,1,Right,0.75,2.75
S041,04,19,2,1,Right,1.0,3.0
S041,04,19,3,1,Right,1.25,3.25
S041,04,19,4,1,Right,1.5,3.5
S041,04,19,5,1,Right,1.75,3.75
S041,04,19,6,1,Right,2.0,4.0
S041,04,21,0,1,Right,0.5,2.5
S041,04,21,1,1,Right,0.75,2.75
S041,04,21,2,1,Right,1.0,3.0
S041,04,21,3,1,Right,1.25,3.25
S041,04,21,4,1,Right,1.5,3.5
S041,04,21,5,1,Right,1.75,3.75
S041,04,21,6,1,Right,2.0,4.0
S041,04,23,0,0,Left,0.5,2.5
S041,04,23,1,0,Left,0.75,2.75
S041,04,23,2,0,Left,1.0,3.0
S041,04,23,3,0,Left,1.25,3.25
S041,04,23,4,0,Left,1.5,3.5
S041,04,23,5,0,Left,1.75,3.75
S041,04,23,6,0,Left,2.0,4.0
S041,04,25,0,1,Right,0.5,2.5
S041,04,25,1,1,Right,0.75,2.75
S041,04,25,2,1,Right,1.0,3.0
S041,04,25,3,1,Right,1.25,3.25
S041,04,25,4,1,Right,1.5,3.5
S041,04,25,5,1,Right,1.75,3.75
S041,04,25,6,1,Right,2.0,4.0
S041,04,27,0,0,Left,0.5,2.5
S041,04,27,1,0,Left,0.75,2.75
S041,04,27,2,0,Left,1.0,3.0
S041,04,27,3,0,Left,1.25,3.25
S041,04,27,4,0,Left,1.5,3.5
S041,04,27,5,0,Left,1.75,3.75
S041,04,27,6,0,Left,2.0,4.0
S041,04,29,0,0,Left,0.5,2.5
S041,04,29,1,0,Left,0.75,2.75
S041,04,29,2,0,Left,1.0,3.0
S041,04,29,3,0,Left,1.25,3.25
S041,04,29,4,0,Left,1.5,3.5
S041,04,29,5,0,Left,1.75,3.75
S041,04,29,6,0,Left,2.0,4.0
S041,08,1,0,1,Right,0.5,2.5
S041,08,1,1,1,Right,0.75,2.75
S041,08,1,2,1,Right,1.0,3.0
S041,08,1,3,1,Right,1.25,3.25
S041,08,1,4,1,Right,1.5,3.5
S041,08,1,5,1,Right,1.75,3.75
S041,08,1,6,1,Right,2.0,4.0
S041,08,3,0,0,Left,0.5,2.5
S041,08,3,1,0,Left,0.75,2.75
S041,08,3,2,0,Left,1.0,3.0
S041,08,3,3,0,Left,1.25,3.25
S041,08,3,4,0,Left,1.5,3.5
S041,08,3,5,0,Left,1.75,3.75
S041,08,3,6,0,Left,2.0,4.0
S041,08,5,0,0,Left,0.5,2.5
S041,08,5,1,0,Left,0.75,2.75
S041,08,5,2,0,Left,1.0,3.0
S041,08,5,3,0,Left,1.25,3.25
S041,08,5,4,0,Left,1.5,3.5
S041,08,5,5,0,Left,1.75,3.75
S041,08,5,6,0,Left,2.0,4.0
S041,08,7,0,1,Right,0.5,2.5
S041,08,7,1,1,Right,0.75,2.75
S041,08,7,2,1,Right,1.0,3.0
S041,08,7,3,1,Right,1.25,3.25
S041,08,7,4,1,Right,1.5,3.5
S041,08,7,5,1,Right,1.75,3.75
S041,08,7,6,1,Right,2.0,4.0
S041,08,9,0,1,Right,0.5,2.5
S041,08,9,1,1,Right,0.75,2.75
S041,08,9,2,1,Right,1.0,3.0
S041,08,9,3,1,Right,1.25,3.25
S041,08,9,4,1,Right,1.5,3.5
S041,08,9,5,1,Right,1.75,3.75
S041,08,9,6,1,Right,2.0,4.0
S041,08,11,0,0,Left,0.5,2.5
S041,08,11,1,0,Left,0.75,2.75
S041,08,11,2,0,Left,1.0,3.0
S041,08,11,3,0,Left,1.25,3.25
S041,08,11,4,0,Left,1.5,3.5
S041,08,11,5,0,Left,1.75,3.75
S041,08,11,6,0,Left,2.0,4.0
S041,08,13,0,1,Right,0.5,2.5
S041,08,13,1,1,Right,0.75,2.75
S041,08,13,2,1,Right,1.0,3.0
S041,08,13,3,1,Right,1.25,3.25
S041,08,13,4,1,Right,1.5,3.5
S041,08,13,5,1,Right,1.75,3.75
S041,08,13,6,1,Right,2.0,4.0
S041,08,15,0,0,Left,0.5,2.5
S041,08,15,1,0,Left,0.75,2.75
S041,08,15,2,0,Left,1.0,3.0
S041,08,15,3,0,Left,1.25,3.25
S041,08,15,4,0,Left,1.5,3.5
S041,08,15,5,0,Left,1.75,3.75
S041,08,15,6,0,Left,2.0,4.0
S041,08,17,0,0,Left,0.5,2.5
S041,08,17,1,0,Left,0.75,2.75
S041,08,17,2,0,Left,1.0,3.0
S041,08,17,3,0,Left,1.25,3.25
S041,08,17,4,0,Left,1.5,3.5
S041,08,17,5,0,Left,1.75,3.75
S041,08,17,6,0,Left,2.0,4.0
S041,08,19,0,1,Right,0.5,2.5
S041,08,19,1,1,Right,0.75,2.75
S041,08,19,2,1,Right,1.0,3.0
S041,08,19,3,1,Right,1.25,3.25
S041,08,19,4,1,Right,1.5,3.5
S041,08,19,5,1,Right,1.75,3.75
S041,08,19,6,1,Right,2.0,4.0
S041,08,21,0,0,Left,0.5,2.5
S041,08,21,1,0,Left,0.75,2.75
S041,08,21,2,0,Left,1.0,3.0
S041,08,21,3,0,Left,1.25,3.25
S041,08,21,4,0,Left,1.5,3.5
S041,08,21,5,0,Left,1.75,3.75
S041,08,21,6,0,Left,2.0,4.0
S041,08,23,0,1,Right,0.5,2.5
S041,08,23,1,1,Right,0.75,2.75
S041,08,23,2,1,Right,1.0,3.0
S041,08,23,3,1,Right,1.25,3.25
S041,08,23,4,1,Right,1.5,3.5
S041,08,23,5,1,Right,1.75,3.75
S041,08,23,6,1,Right,2.0,4.0
S041,08,25,0,1,Right,0.5,2.5
S041,08,25,1,1,Right,0.75,2.75
S041,08,25,2,1,Right,1.0,3.0
S041,08,25,3,1,Right,1.25,3.25
S041,08,25,4,1,Right,1.5,3.5
S041,08,25,5,1,Right,1.75,3.75
S041,08,25,6,1,Right,2.0,4.0
S041,08,27,0,0,Left,0.5,2.5
S041,08,27,1,0,Left,0.75,2.75
S041,08,27,2,0,Left,1.0,3.0
S041,08,27,3,0,Left,1.25,3.25
S041,08,27,4,0,Left,1.5,3.5
S041,08,27,5,0,Left,1.75,3.75
S041,08,27,6,0,Left,2.0,4.0
S041,12,1,0,1,Right,0.5,2.5
S041,12,1,1,1,Right,0.75,2.75
S041,12,1,2,1,Right,1.0,3.0
S041,12,1,3,1,Right,1.25,3.25
S041,12,1,4,1,Right,1.5,3.5
S041,12,1,5,1,Right,1.75,3.75
S041,12,1,6,1,Right,2.0,4.0
S041,12,3,0,0,Left,0.5,2.5
S041,12,3,1,0,Left,0.75,2.75
S041,12,3,2,0,Left,1.0,3.0
S041,12,3,3,0,Left,1.25,3.25
S041,12,3,4,0,Left,1.5,3.5
S041,12,3,5,0,Left,1.75,3.75
S041,12,3,6,0,Left,2.0,4.0
S041,12,5,0,1,Right,0.5,2.5
S041,12,5,1,1,Right,0.75,2.75
S041,12,5,2,1,Right,1.0,3.0
S041,12,5,3,1,Right,1.25,3.25
S041,12,5,4,1,Right,1.5,3.5
S041,12,5,5,1,Right,1.75,3.75
S041,12,5,6,1,Right,2.0,4.0
S041,12,7,0,0,Left,0.5,2.5
S041,12,7,1,0,Left,0.75,2.75
S041,12,7,2,0,Left,1.0,3.0
S041,12,7,3,0,Left,1.25,3.25
S041,12,7,4,0,Left,1.5,3.5
S041,12,7,5,0,Left,1.75,3.75
S041,12,7,6,0,Left,2.0,4.0
S041,12,9,0,1,Right,0.5,2.5
S041,12,9,1,1,Right,0.75,2.75
S041,12,9,2,1,Right,1.0,3.0
S041,12,9,3,1,Right,1.25,3.25
S041,12,9,4,1,Right,1.5,3.5
S041,12,9,5,1,Right,1.75,3.75
S041,12,9,6,1,Right,2.0,4.0
S041,12,11,0,0,Left,0.5,2.5
S041,12,11,1,0,Left,0.75,2.75
S041,12,11,2,0,Left,1.0,3.0
S041,12,11,3,0,Left,1.25,3.25
S041,12,11,4,0,Left,1.5,3.5
S041,12,11,5,0,Left,1.75,3.75
S041,12,11,6,0,Left,2.0,4.0
S041,12,13,0,1,Right,0.5,2.5
S041,12,13,1,1,Right,0.75,2.75
S041,12,13,2,1,Right,1.0,3.0
S041,12,13,3,1,Right,1.25,3.25
S041,12,13,4,1,Right,1.5,3.5
S041,12,13,5,1,Right,1.75,3.75
S041,12,13,6,1,Right,2.0,4.0
S041,12,15,0,0,Left,0.5,2.5
S041,12,15,1,0,Left,0.75,2.75
S041,12,15,2,0,Left,1.0,3.0
S041,12,15,3,0,Left,1.25,3.25
S041,12,15,4,0,Left,1.5,3.5
S041,12,15,5,0,Left,1.75,3.75
S041,12,15,6,0,Left,2.0,4.0
S041,12,17,0,1,Right,0.5,2.5
S041,12,17,1,1,Right,0.75,2.75
S041,12,17,2,1,Right,1.0,3.0
S041,12,17,3,1,Right,1.25,3.25
S041,12,17,4,1,Right,1.5,3.5
S041,12,17,5,1,Right,1.75,3.75
S041,12,17,6,1,Right,2.0,4.0
S041,12,19,0,0,Left,0.5,2.5
S041,12,19,1,0,Left,0.75,2.75
S041,12,19,2,0,Left,1.0,3.0
S041,12,19,3,0,Left,1.25,3.25
S041,12,19,4,0,Left,1.5,3.5
S041,12,19,5,0,Left,1.75,3.75
S041,12,19,6,0,Left,2.0,4.0
S041,12,21,0,0,Left,0.5,2.5
S041,12,21,1,0,Left,0.75,2.75
S041,12,21,2,0,Left,1.0,3.0
S041,12,21,3,0,Left,1.25,3.25
S041,12,21,4,0,Left,1.5,3.5
S041,12,21,5,0,Left,1.75,3.75
S041,12,21,6,0,Left,2.0,4.0
S041,12,23,0,1,Right,0.5,2.5
S041,12,23,1,1,Right,0.75,2.75
S041,12,23,2,1,Right,1.0,3.0
S041,12,23,3,1,Right,1.25,3.25
S041,12,23,4,1,Right,1.5,3.5
S041,12,23,5,1,Right,1.75,3.75
S041,12,23,6,1,Right,2.0,4.0
S041,12,25,0,1,Right,0.5,2.5
S041,12,25,1,1,Right,0.75,2.75
S041,12,25,2,1,Right,1.0,3.0
S041,12,25,3,1,Right,1.25,3.25
S041,12,25,4,1,Right,1.5,3.5
S041,12,25,5,1,Right,1.75,3.75
S041,12,25,6,1,Right,2.0,4.0
S041,12,27,0,0,Left,0.5,2.5
S041,12,27,1,0,Left,0.75,2.75
S041,12,27,2,0,Left,1.0,3.0
S041,12,27,3,0,Left,1.25,3.25
S041,12,27,4,0,Left,1.5,3.5
S041,12,27,5,0,Left,1.75,3.75
S041,12,27,6,0,Left,2.0,4.0
S041,12,29,0,0,Left,0.5,2.5
S041,12,29,1,0,Left,0.75,2.75
S041,12,29,2,0,Left,1.0,3.0
S041,12,29,3,0,Left,1.25,3.25
S041,12,29,4,0,Left,1.5,3.5
S041,12,29,5,0,Left,1.75,3.75
S041,12,29,6,0,Left,2.0,4.0
S043,04,1,0,0,Left,0.5,2.5
S043,04,1,1,0,Left,0.75,2.75
S043,04,1,2,0,Left,1.0,3.0
S043,04,1,3,0,Left,1.25,3.25
S043,04,1,4,0,Left,1.5,3.5
S043,04,1,5,0,Left,1.75,3.75
S043,04,1,6,0,Left,2.0,4.0
S043,04,3,0,1,Right,0.5,2.5
S043,04,3,1,1,Right,0.75,2.75
S043,04,3,2,1,Right,1.0,3.0
S043,04,3,3,1,Right,1.25,3.25
S043,04,3,4,1,Right,1.5,3.5
S043,04,3,5,1,Right,1.75,3.75
S043,04,3,6,1,Right,2.0,4.0
S043,04,5,0,1,Right,0.5,2.5
S043,04,5,1,1,Right,0.75,2.75
S043,04,5,2,1,Right,1.0,3.0
S043,04,5,3,1,Right,1.25,3.25
S043,04,5,4,1,Right,1.5,3.5
S043,04,5,5,1,Right,1.75,3.75
S043,04,5,6,1,Right,2.0,4.0
S043,04,7,0,0,Left,0.5,2.5
S043,04,7,1,0,Left,0.75,2.75
S043,04,7,2,0,Left,1.0,3.0
S043,04,7,3,0,Left,1.25,3.25
S043,04,7,4,0,Left,1.5,3.5
S043,04,7,5,0,Left,1.75,3.75
S043,04,7,6,0,Left,2.0,4.0
S043,04,9,0,0,Left,0.5,2.5
S043,04,9,1,0,Left,0.75,2.75
S043,04,9,2,0,Left,1.0,3.0
S043,04,9,3,0,Left,1.25,3.25
S043,04,9,4,0,Left,1.5,3.5
S043,04,9,5,0,Left,1.75,3.75
S043,04,9,6,0,Left,2.0,4.0
S043,04,11,0,1,Right,0.5,2.5
S043,04,11,1,1,Right,0.75,2.75
S043,04,11,2,1,Right,1.0,3.0
S043,04,11,3,1,Right,1.25,3.25
S043,04,11,4,1,Right,1.5,3.5
S043,04,11,5,1,Right,1.75,3.75
S043,04,11,6,1,Right,2.0,4.0
S043,04,13,0,1,Right,0.5,2.5
S043,04,13,1,1,Right,0.75,2.75
S043,04,13,2,1,Right,1.0,3.0
S043,04,13,3,1,Right,1.25,3.25
S043,04,13,4,1,Right,1.5,3.5
S043,04,13,5,1,Right,1.75,3.75
S043,04,13,6,1,Right,2.0,4.0
S043,04,15,0,0,Left,0.5,2.5
S043,04,15,1,0,Left,0.75,2.75
S043,04,15,2,0,Left,1.0,3.0
S043,04,15,3,0,Left,1.25,3.25
S043,04,15,4,0,Left,1.5,3.5
S043,04,15,5,0,Left,1.75,3.75
S043,04,15,6,0,Left,2.0,4.0
S043,04,17,0,0,Left,0.5,2.5
S043,04,17,1,0,Left,0.75,2.75
S043,04,17,2,0,Left,1.0,3.0
S043,04,17,3,0,Left,1.25,3.25
S043,04,17,4,0,Left,1.5,3.5
S043,04,17,5,0,Left,1.75,3.75
S043,04,17,6,0,Left,2.0,4.0
S043,04,19,0,1,Right,0.5,2.5
S043,04,19,1,1,Right,0.75,2.75
S043,04,19,2,1,Right,1.0,3.0
S043,04,19,3,1,Right,1.25,3.25
S043,04,19,4,1,Right,1.5,3.5
S043,04,19,5,1,Right,1.75,3.75
S043,04,19,6,1,Right,2.0,4.0
S043,04,21,0,1,Right,0.5,2.5
S043,04,21,1,1,Right,0.75,2.75
S043,04,21,2,1,Right,1.0,3.0
S043,04,21,3,1,Right,1.25,3.25
S043,04,21,4,1,Right,1.5,3.5
S043,04,21,5,1,Right,1.75,3.75
S043,04,21,6,1,Right,2.0,4.0
S043,04,23,0,0,Left,0.5,2.5
S043,04,23,1,0,Left,0.75,2.75
S043,04,23,2,0,Left,1.0,3.0
S043,04,23,3,0,Left,1.25,3.25
S043,04,23,4,0,Left,1.5,3.5
S043,04,23,5,0,Left,1.75,3.75
S043,04,23,6,0,Left,2.0,4.0
S043,04,25,0,1,Right,0.5,2.5
S043,04,25,1,1,Right,0.75,2.75
S043,04,25,2,1,Right,1.0,3.0
S043,04,25,3,1,Right,1.25,3.25
S043,04,25,4,1,Right,1.5,3.5
S043,04,25,5,1,Right,1.75,3.75
S043,04,25,6,1,Right,2.0,4.0
S043,04,27,0,0,Left,0.5,2.5
S043,04,27,1,0,Left,0.75,2.75
S043,04,27,2,0,Left,1.0,3.0
S043,04,27,3,0,Left,1.25,3.25
S043,04,27,4,0,Left,1.5,3.5
S043,04,27,5,0,Left,1.75,3.75
S043,04,27,6,0,Left,2.0,4.0
S043,04,29,0,0,Left,0.5,2.5
S043,04,29,1,0,Left,0.75,2.75
S043,04,29,2,0,Left,1.0,3.0
S043,04,29,3,0,Left,1.25,3.25
S043,04,29,4,0,Left,1.5,3.5
S043,04,29,5,0,Left,1.75,3.75
S043,04,29,6,0,Left,2.0,4.0
S043,08,1,0,0,Left,0.5,2.5
S043,08,1,1,0,Left,0.75,2.75
S043,08,1,2,0,Left,1.0,3.0
S043,08,1,3,0,Left,1.25,3.25
S043,08,1,4,0,Left,1.5,3.5
S043,08,1,5,0,Left,1.75,3.75
S043,08,1,6,0,Left,2.0,4.0
S043,08,3,0,1,Right,0.5,2.5
S043,08,3,1,1,Right,0.75,2.75
S043,08,3,2,1,Right,1.0,3.0
S043,08,3,3,1,Right,1.25,3.25
S043,08,3,4,1,Right,1.5,3.5
S043,08,3,5,1,Right,1.75,3.75
S043,08,3,6,1,Right,2.0,4.0
S043,08,5,0,0,Left,0.5,2.5
S043,08,5,1,0,Left,0.75,2.75
S043,08,5,2,0,Left,1.0,3.0
S043,08,5,3,0,Left,1.25,3.25
S043,08,5,4,0,Left,1.5,3.5
S043,08,5,5,0,Left,1.75,3.75
S043,08,5,6,0,Left,2.0,4.0
S043,08,7,0,1,Right,0.5,2.5
S043,08,7,1,1,Right,0.75,2.75
S043,08,7,2,1,Right,1.0,3.0
S043,08,7,3,1,Right,1.25,3.25
S043,08,7,4,1,Right,1.5,3.5
S043,08,7,5,1,Right,1.75,3.75
S043,08,7,6,1,Right,2.0,4.0
S043,08,9,4,0,Left,1.5,3.5
S043,08,9,5,0,Left,1.75,3.75
S043,08,9,6,0,Left,2.0,4.0
S043,08,11,0,1,Right,0.5,2.5
S043,08,11,1,1,Right,0.75,2.75
S043,08,11,2,1,Right,1.0,3.0
S043,08,11,3,1,Right,1.25,3.25
S043,08,11,4,1,Right,1.5,3.5
S043,08,11,5,1,Right,1.75,3.75
S043,08,11,6,1,Right,2.0,4.0
S043,08,13,0,0,Left,0.5,2.5
S043,08,13,1,0,Left,0.75,2.75
S043,08,13,2,0,Left,1.0,3.0
S043,08,13,3,0,Left,1.25,3.25
S043,08,13,4,0,Left,1.5,3.5
S043,08,13,5,0,Left,1.75,3.75
S043,08,13,6,0,Left,2.0,4.0
S043,08,15,0,1,Right,0.5,2.5
S043,08,15,1,1,Right,0.75,2.75
S043,08,15,2,1,Right,1.0,3.0
S043,08,15,3,1,Right,1.25,3.25
S043,08,15,4,1,Right,1.5,3.5
S043,08,15,5,1,Right,1.75,3.75
S043,08,15,6,1,Right,2.0,4.0
S043,08,17,0,1,Right,0.5,2.5
S043,08,17,1,1,Right,0.75,2.75
S043,08,17,2,1,Right,1.0,3.0
S043,08,17,3,1,Right,1.25,3.25
S043,08,17,4,1,Right,1.5,3.5
S043,08,17,5,1,Right,1.75,3.75
S043,08,17,6,1,Right,2.0,4.0
S043,08,19,0,0,Left,0.5,2.5
S043,08,19,1,0,Left,0.75,2.75
S043,08,19,2,0,Left,1.0,3.0
S043,08,19,3,0,Left,1.25,3.25
S043,08,19,4,0,Left,1.5,3.5
S043,08,19,5,0,Left,1.75,3.75
S043,08,19,6,0,Left,2.0,4.0
S043,08,21,0,1,Right,0.5,2.5
S043,08,21,1,1,Right,0.75,2.75
S043,08,21,2,1,Right,1.0,3.0
S043,08,21,3,1,Right,1.25,3.25
S043,08,21,4,1,Right,1.5,3.5
S043,08,21,5,1,Right,1.75,3.75
S043,08,21,6,1,Right,2.0,4.0
S043,08,23,0,0,Left,0.5,2.5
S043,08,23,1,0,Left,0.75,2.75
S043,08,23,2,0,Left,1.0,3.0
S043,08,23,3,0,Left,1.25,3.25
S043,08,23,4,0,Left,1.5,3.5
S043,08,23,5,0,Left,1.75,3.75
S043,08,23,6,0,Left,2.0,4.0
S043,08,25,0,1,Right,0.5,2.5
S043,08,25,1,1,Right,0.75,2.75
S043,08,25,2,1,Right,1.0,3.0
S043,08,25,3,1,Right,1.25,3.25
S043,08,25,4,1,Right,1.5,3.5
S043,08,25,5,1,Right,1.75,3.75
S043,08,25,6,1,Right,2.0,4.0
S043,08,27,0,0,Left,0.5,2.5
S043,08,27,1,0,Left,0.75,2.75
S043,08,27,2,0,Left,1.0,3.0
S043,08,27,3,0,Left,1.25,3.25
S043,08,27,4,0,Left,1.5,3.5
S043,08,27,5,0,Left,1.75,3.75
S043,08,27,6,0,Left,2.0,4.0
S043,08,29,0,1,Right,0.5,2.5
S043,08,29,1,1,Right,0.75,2.75
S043,08,29,2,1,Right,1.0,3.0
S043,08,29,3,1,Right,1.25,3.25
S043,08,29,4,1,Right,1.5,3.5
S043,08,29,5,1,Right,1.75,3.75
S043,08,29,6,1,Right,2.0,4.0
S043,12,1,0,0,Left,0.5,2.5
S043,12,1,1,0,Left,0.75,2.75
S043,12,1,2,0,Left,1.0,3.0
S043,12,1,3,0,Left,1.25,3.25
S043,12,1,4,0,Left,1.5,3.5
S043,12,1,5,0,Left,1.75,3.75
S043,12,1,6,0,Left,2.0,4.0
S043,12,3,0,1,Right,0.5,2.5
S043,12,3,1,1,Right,0.75,2.75
S043,12,3,2,1,Right,1.0,3.0
S043,12,3,3,1,Right,1.25,3.25
S043,12,3,4,1,Right,1.5,3.5
S043,12,3,5,1,Right,1.75,3.75
S043,12,3,6,1,Right,2.0,4.0
S043,12,5,0,0,Left,0.5,2.5
S043,12,5,1,0,Left,0.75,2.75
S043,12,5,2,0,Left,1.0,3.0
S043,12,5,3,0,Left,1.25,3.25
S043,12,5,4,0,Left,1.5,3.5
S043,12,5,5,0,Left,1.75,3.75
S043,12,5,6,0,Left,2.0,4.0
S043,12,7,0,1,Right,0.5,2.5
S043,12,7,1,1,Right,0.75,2.75
S043,12,7,2,1,Right,1.0,3.0
S043,12,7,3,1,Right,1.25,3.25
S043,12,7,4,1,Right,1.5,3.5
S043,12,7,5,1,Right,1.75,3.75
S043,12,7,6,1,Right,2.0,4.0
S043,12,9,0,1,Right,0.5,2.5
S043,12,9,1,1,Right,0.75,2.75
S043,12,9,2,1,Right,1.0,3.0
S043,12,9,3,1,Right,1.25,3.25
S043,12,9,4,1,Right,1.5,3.5
S043,12,9,5,1,Right,1.75,3.75
S043,12,9,6,1,Right,2.0,4.0
S043,12,11,0,0,Left,0.5,2.5
S043,12,11,1,0,Left,0.75,2.75
S043,12,11,2,0,Left,1.0,3.0
S043,12,11,3,0,Left,1.25,3.25
S043,12,11,4,0,Left,1.5,3.5
S043,12,11,5,0,Left,1.75,3.75
S043,12,11,6,0,Left,2.0,4.0
S043,12,15,0,1,Right,0.5,2.5
S043,12,15,1,1,Right,0.75,2.75
S043,12,15,2,1,Right,1.0,3.0
S043,12,15,3,1,Right,1.25,3.25
S043,12,15,4,1,Right,1.5,3.5
S043,12,15,5,1,Right,1.75,3.75
S043,12,15,6,1,Right,2.0,4.0
S043,12,17,0,1,Right,0.5,2.5
S043,12,17,1,1,Right,0.75,2.75
S043,12,17,2,1,Right,1.0,3.0
S043,12,17,3,1,Right,1.25,3.25
S043,12,17,4,1,Right,1.5,3.5
S043,12,17,5,1,Right,1.75,3.75
S043,12,17,6,1,Right,2.0,4.0
S043,12,19,0,0,Left,0.5,2.5
S043,12,19,1,0,Left,0.75,2.75
S043,12,19,2,0,Left,1.0,3.0
S043,12,19,3,0,Left,1.25,3.25
S043,12,19,4,0,Left,1.5,3.5
S043,12,19,5,0,Left,1.75,3.75
S043,12,19,6,0,Left,2.0,4.0
S043,12,21,0,1,Right,0.5,2.5
S043,12,21,1,1,Right,0.75,2.75
S043,12,21,2,1,Right,1.0,3.0
S043,12,21,3,1,Right,1.25,3.25
S043,12,21,4,1,Right,1.5,3.5
S043,12,21,5,1,Right,1.75,3.75
S043,12,23,2,0,Left,1.0,3.0
S043,12,23,3,0,Left,1.25,3.25
S043,12,25,0,1,Right,0.5,2.5
S043,12,25,1,1,Right,0.75,2.75
S043,12,25,2,1,Right,1.0,3.0
S043,12,25,3,1,Right,1.25,3.25
S043,12,25,4,1,Right,1.5,3.5
S043,12,25,5,1,Right,1.75,3.75
S043,12,25,6,1,Right,2.0,4.0
S043,12,27,0,0,Left,0.5,2.5
S043,12,27,1,0,Left,0.75,2.75
S043,12,27,2,0,Left,1.0,3.0
S043,12,27,3,0,Left,1.25,3.25
S043,12,27,4,0,Left,1.5,3.5
S043,12,27,5,0,Left,1.75,3.75
S043,12,27,6,0,Left,2.0,4.0
S043,12,29,0,0,Left,0.5,2.5
S043,12,29,1,0,Left,0.75,2.75
S043,12,29,2,0,Left,1.0,3.0
S043,12,29,3,0,Left,1.25,3.25
S043,12,29,4,0,Left,1.5,3.5
S043,12,29,5,0,Left,1.75,3.75
S043,12,29,6,0,Left,2.0,4.0
S044,04,1,0,1,Right,0.5,2.5
S044,04,1,1,1,Right,0.75,2.75
S044,04,1,2,1,Right,1.0,3.0
S044,04,1,3,1,Right,1.25,3.25
S044,04,1,4,1,Right,1.5,3.5
S044,04,1,5,1,Right,1.75,3.75
S044,04,1,6,1,Right,2.0,4.0
S044,04,3,0,0,Left,0.5,2.5
S044,04,3,1,0,Left,0.75,2.75
S044,04,3,2,0,Left,1.0,3.0
S044,04,3,3,0,Left,1.25,3.25
S044,04,3,4,0,Left,1.5,3.5
S044,04,3,5,0,Left,1.75,3.75
S044,04,3,6,0,Left,2.0,4.0
S044,04,5,0,0,Left,0.5,2.5
S044,04,5,1,0,Left,0.75,2.75
S044,04,5,2,0,Left,1.0,3.0
S044,04,5,3,0,Left,1.25,3.25
S044,04,5,4,0,Left,1.5,3.5
S044,04,5,5,0,Left,1.75,3.75
S044,04,5,6,0,Left,2.0,4.0
S044,04,9,0,0,Left,0.5,2.5
S044,04,9,1,0,Left,0.75,2.75
S044,04,9,2,0,Left,1.0,3.0
S044,04,9,3,0,Left,1.25,3.25
S044,04,9,4,0,Left,1.5,3.5
S044,04,9,5,0,Left,1.75,3.75
S044,04,9,6,0,Left,2.0,4.0
S044,04,15,0,0,Left,0.5,2.5
S044,04,15,1,0,Left,0.75,2.75
S044,04,15,2,0,Left,1.0,3.0
S044,04,15,3,0,Left,1.25,3.25
S044,04,15,4,0,Left,1.5,3.5
S044,04,15,5,0,Left,1.75,3.75
S044,04,15,6,0,Left,2.0,4.0
S044,04,21,0,0,Left,0.5,2.5
S044,04,21,1,0,Left,0.75,2.75
S044,04,21,2,0,Left,1.0,3.0
S044,04,23,1,1,Right,0.75,2.75
S044,04,23,2,1,Right,1.0,3.0
S044,04,23,3,1,Right,1.25,3.25
S044,04,23,4,1,Right,1.5,3.5
S044,04,23,5,1,Right,1.75,3.75
S044,04,23,6,1,Right,2.0,4.0
S044,04,27,2,1,Right,1.0,3.0
S044,04,27,3,1,Right,1.25,3.25
S044,04,27,4,1,Right,1.5,3.5
S044,04,27,5,1,Right,1.75,3.75
S044,04,27,6,1,Right,2.0,4.0
S044,04,29,0,1,Right,0.5,2.5
S044,04,29,1,1,Right,0.75,2.75
S044,04,29,2,1,Right,1.0,3.0
S044,04,29,3,1,Right,1.25,3.25
S044,04,29,4,1,Right,1.5,3.5
S044,04,29,5,1,Right,1.75,3.75
S044,04,29,6,1,Right,2.0,4.0
S044,08,1,0,1,Right,0.5,2.5
S044,08,1,1,1,Right,0.75,2.75
S044,08,1,2,1,Right,1.0,3.0
S044,08,1,3,1,Right,1.25,3.25
S044,08,1,4,1,Right,1.5,3.5
S044,08,1,5,1,Right,1.75,3.75
S044,08,1,6,1,Right,2.0,4.0
S044,08,3,0,0,Left,0.5,2.5
S044,08,3,1,0,Left,0.75,2.75
S044,08,3,2,0,Left,1.0,3.0
S044,08,3,3,0,Left,1.25,3.25
S044,08,5,0,1,Right,0.5,2.5
S044,08,5,1,1,Right,0.75,2.75
S044,08,17,0,0,Left,0.5,2.5
S044,08,17,1,0,Left,0.75,2.75
S044,08,17,2,0,Left,1.0,3.0
S044,08,17,3,0,Left,1.25,3.25
S044,08,17,4,0,Left,1.5,3.5
S044,08,17,5,0,Left,1.75,3.75
S044,08,17,6,0,Left,2.0,4.0
S044,12,1,0,0,Left,0.5,2.5
S044,12,1,1,0,Left,0.75,2.75
S044,12,1,2,0,Left,1.0,3.0
S044,12,1,3,0,Left,1.25,3.25
S044,12,1,4,0,Left,1.5,3.5
S044,12,1,5,0,Left,1.75,3.75
S044,12,1,6,0,Left,2.0,4.0
S044,12,3,0,1,Right,0.5,2.5
S044,12,3,1,1,Right,0.75,2.75
S044,12,3,2,1,Right,1.0,3.0
S044,12,3,3,1,Right,1.25,3.25
S044,12,3,4,1,Right,1.5,3.5
S044,12,3,5,1,Right,1.75,3.75
S044,12,3,6,1,Right,2.0,4.0
S044,12,9,4,0,Left,1.5,3.5
S044,12,9,5,0,Left,1.75,3.75
S044,12,9,6,0,Left,2.0,4.0
S044,12,13,0,1,Right,0.5,2.5
S044,12,13,1,1,Right,0.75,2.75
S044,12,13,2,1,Right,1.0,3.0
S044,12,13,3,1,Right,1.25,3.25
S044,12,13,4,1,Right,1.5,3.5
S044,12,25,0,1,Right,0.5,2.5
S044,12,25,1,1,Right,0.75,2.75
S044,12,25,2,1,Right,1.0,3.0
S044,12,25,3,1,Right,1.25,3.25
S044,12,25,4,1,Right,1.5,3.5
S044,12,25,5,1,Right,1.75,3.75
S044,12,25,6,1,Right,2.0,4.0
S044,12,27,0,0,Left,0.5,2.5
S044,12,27,1,0,Left,0.75,2.75
S044,12,27,2,0,Left,1.0,3.0
S044,12,27,3,0,Left,1.25,3.25
S044,12,27,4,0,Left,1.5,3.5
S044,12,27,5,0,Left,1.75,3.75
S044,12,27,6,0,Left,2.0,4.0
S046,04,1,0,0,Left,0.5,2.5
S046,04,1,1,0,Left,0.75,2.75
S046,04,1,2,0,Left,1.0,3.0
S046,04,1,3,0,Left,1.25,3.25
S046,04,1,4,0,Left,1.5,3.5
S046,04,1,5,0,Left,1.75,3.75
S046,04,1,6,0,Left,2.0,4.0
S046,04,3,0,1,Right,0.5,2.5
S046,04,3,1,1,Right,0.75,2.75
S046,04,3,2,1,Right,1.0,3.0
S046,04,3,3,1,Right,1.25,3.25
S046,04,3,4,1,Right,1.5,3.5
S046,04,3,5,1,Right,1.75,3.75
S046,04,3,6,1,Right,2.0,4.0
S046,04,5,0,1,Right,0.5,2.5
S046,04,5,1,1,Right,0.75,2.75
S046,04,5,2,1,Right,1.0,3.0
S046,04,5,3,1,Right,1.25,3.25
S046,04,5,4,1,Right,1.5,3.5
S046,04,5,5,1,Right,1.75,3.75
S046,04,5,6,1,Right,2.0,4.0
S046,04,7,0,0,Left,0.5,2.5
S046,04,7,1,0,Left,0.75,2.75
S046,04,7,2,0,Left,1.0,3.0
S046,04,7,3,0,Left,1.25,3.25
S046,04,7,4,0,Left,1.5,3.5
S046,04,7,5,0,Left,1.75,3.75
S046,04,7,6,0,Left,2.0,4.0
S046,04,9,0,0,Left,0.5,2.5
S046,04,9,1,0,Left,0.75,2.75
S046,04,9,2,0,Left,1.0,3.0
S046,04,9,3,0,Left,1.25,3.25
S046,04,9,4,0,Left,1.5,3.5
S046,04,9,5,0,Left,1.75,3.75
S046,04,9,6,0,Left,2.0,4.0
S046,04,11,0,1,Right,0.5,2.5
S046,04,11,1,1,Right,0.75,2.75
S046,04,11,2,1,Right,1.0,3.0
S046,04,11,3,1,Right,1.25,3.25
S046,04,11,4,1,Right,1.5,3.5
S046,04,11,5,1,Right,1.75,3.75
S046,04,11,6,1,Right,2.0,4.0
S046,04,13,0,1,Right,0.5,2.5
S046,04,13,1,1,Right,0.75,2.75
S046,04,13,2,1,Right,1.0,3.0
S046,04,13,3,1,Right,1.25,3.25
S046,04,13,4,1,Right,1.5,3.5
S046,04,13,5,1,Right,1.75,3.75
S046,04,13,6,1,Right,2.0,4.0
S046,04,15,0,0,Left,0.5,2.5
S046,04,15,1,0,Left,0.75,2.75
S046,04,15,2,0,Left,1.0,3.0
S046,04,15,3,0,Left,1.25,3.25
S046,04,15,4,0,Left,1.5,3.5
S046,04,15,5,0,Left,1.75,3.75
S046,04,15,6,0,Left,2.0,4.0
S046,04,17,0,1,Right,0.5,2.5
S046,04,17,1,1,Right,0.75,2.75
S046,04,17,2,1,Right,1.0,3.0
S046,04,17,3,1,Right,1.25,3.25
S046,04,17,4,1,Right,1.5,3.5
S046,04,17,5,1,Right,1.75,3.75
S046,04,17,6,1,Right,2.0,4.0
S046,04,19,0,0,Left,0.5,2.5
S046,04,19,1,0,Left,0.75,2.75
S046,04,19,2,0,Left,1.0,3.0
S046,04,19,3,0,Left,1.25,3.25
S046,04,19,4,0,Left,1.5,3.5
S046,04,19,5,0,Left,1.75,3.75
S046,04,19,6,0,Left,2.0,4.0
S046,04,21,0,1,Right,0.5,2.5
S046,04,21,1,1,Right,0.75,2.75
S046,04,21,2,1,Right,1.0,3.0
S046,04,21,3,1,Right,1.25,3.25
S046,04,21,4,1,Right,1.5,3.5
S046,04,21,5,1,Right,1.75,3.75
S046,04,21,6,1,Right,2.0,4.0
S046,04,23,0,0,Left,0.5,2.5
S046,04,23,1,0,Left,0.75,2.75
S046,04,23,2,0,Left,1.0,3.0
S046,04,23,3,0,Left,1.25,3.25
S046,04,23,4,0,Left,1.5,3.5
S046,04,23,5,0,Left,1.75,3.75
S046,04,23,6,0,Left,2.0,4.0
S046,04,25,0,1,Right,0.5,2.5
S046,04,25,1,1,Right,0.75,2.75
S046,04,25,2,1,Right,1.0,3.0
S046,04,25,3,1,Right,1.25,3.25
S046,04,25,4,1,Right,1.5,3.5
S046,04,25,5,1,Right,1.75,3.75
S046,04,25,6,1,Right,2.0,4.0
S046,04,27,0,0,Left,0.5,2.5
S046,04,27,1,0,Left,0.75,2.75
S046,04,27,2,0,Left,1.0,3.0
S046,04,27,3,0,Left,1.25,3.25
S046,04,27,4,0,Left,1.5,3.5
S046,04,27,5,0,Left,1.75,3.75
S046,04,27,6,0,Left,2.0,4.0
S046,04,29,0,0,Left,0.5,2.5
S046,04,29,1,0,Left,0.75,2.75
S046,04,29,2,0,Left,1.0,3.0
S046,04,29,3,0,Left,1.25,3.25
S046,04,29,4,0,Left,1.5,3.5
S046,04,29,5,0,Left,1.75,3.75
S046,04,29,6,0,Left,2.0,4.0
S046,08,1,0,1,Right,0.5,2.5
S046,08,1,1,1,Right,0.75,2.75
S046,08,1,2,1,Right,1.0,3.0
S046,08,1,3,1,Right,1.25,3.25
S046,08,1,4,1,Right,1.5,3.5
S046,08,1,5,1,Right,1.75,3.75
S046,08,1,6,1,Right,2.0,4.0
S046,08,3,0,0,Left,0.5,2.5
S046,08,3,1,0,Left,0.75,2.75
S046,08,3,2,0,Left,1.0,3.0
S046,08,3,3,0,Left,1.25,3.25
S046,08,3,4,0,Left,1.5,3.5
S046,08,3,5,0,Left,1.75,3.75
S046,08,3,6,0,Left,2.0,4.0
S046,08,5,0,0,Left,0.5,2.5
S046,08,5,1,0,Left,0.75,2.75
S046,08,5,2,0,Left,1.0,3.0
S046,08,5,3,0,Left,1.25,3.25
S046,08,5,4,0,Left,1.5,3.5
S046,08,5,5,0,Left,1.75,3.75
S046,08,5,6,0,Left,2.0,4.0
S046,08,7,0,1,Right,0.5,2.5
S046,08,7,1,1,Right,0.75,2.75
S046,08,7,2,1,Right,1.0,3.0
S046,08,7,3,1,Right,1.25,3.25
S046,08,7,4,1,Right,1.5,3.5
S046,08,7,5,1,Right,1.75,3.75
S046,08,7,6,1,Right,2.0,4.0
S046,08,9,0,0,Left,0.5,2.5
S046,08,9,1,0,Left,0.75,2.75
S046,08,9,2,0,Left,1.0,3.0
S046,08,9,3,0,Left,1.25,3.25
S046,08,9,4,0,Left,1.5,3.5
S046,08,9,5,0,Left,1.75,3.75
S046,08,9,6,0,Left,2.0,4.0
S046,08,11,0,1,Right,0.5,2.5
S046,08,11,1,1,Right,0.75,2.75
S046,08,11,2,1,Right,1.0,3.0
S046,08,11,3,1,Right,1.25,3.25
S046,08,11,4,1,Right,1.5,3.5
S046,08,11,5,1,Right,1.75,3.75
S046,08,11,6,1,Right,2.0,4.0
S046,08,13,0,0,Left,0.5,2.5
S046,08,13,1,0,Left,0.75,2.75
S046,08,15,0,1,Right,0.5,2.5
S046,08,15,1,1,Right,0.75,2.75
S046,08,15,2,1,Right,1.0,3.0
S046,08,15,3,1,Right,1.25,3.25
S046,08,15,4,1,Right,1.5,3.5
S046,08,15,5,1,Right,1.75,3.75
S046,08,15,6,1,Right,2.0,4.0
S046,08,17,0,1,Right,0.5,2.5
S046,08,17,1,1,Right,0.75,2.75
S046,08,17,2,1,Right,1.0,3.0
S046,08,17,3,1,Right,1.25,3.25
S046,08,17,4,1,Right,1.5,3.5
S046,08,17,5,1,Right,1.75,3.75
S046,08,17,6,1,Right,2.0,4.0
S046,08,19,0,0,Left,0.5,2.5
S046,08,19,1,0,Left,0.75,2.75
S046,08,19,2,0,Left,1.0,3.0
S046,08,19,3,0,Left,1.25,3.25
S046,08,19,4,0,Left,1.5,3.5
S046,08,19,5,0,Left,1.75,3.75
S046,08,19,6,0,Left,2.0,4.0
S046,08,21,0,0,Left,0.5,2.5
S046,08,21,1,0,Left,0.75,2.75
S046,08,21,2,0,Left,1.0,3.0
S046,08,21,3,0,Left,1.25,3.25
S046,08,21,4,0,Left,1.5,3.5
S046,08,21,5,0,Left,1.75,3.75
S046,08,21,6,0,Left,2.0,4.0
S046,08,23,0,1,Right,0.5,2.5
S046,08,23,1,1,Right,0.75,2.75
S046,08,23,2,1,Right,1.0,3.0
S046,08,23,3,1,Right,1.25,3.25
S046,08,23,4,1,Right,1.5,3.5
S046,08,23,5,1,Right,1.75,3.75
S046,08,23,6,1,Right,2.0,4.0
S046,08,25,0,1,Right,0.5,2.5
S046,08,25,1,1,Right,0.75,2.75
S046,08,25,2,1,Right,1.0,3.0
S046,08,25,3,1,Right,1.25,3.25
S046,08,25,4,1,Right,1.5,3.5
S046,08,25,5,1,Right,1.75,3.75
S046,08,25,6,1,Right,2.0,4.0
S046,08,27,0,0,Left,0.5,2.5
S046,08,27,1,0,Left,0.75,2.75
S046,08,27,2,0,Left,1.0,3.0
S046,08,27,3,0,Left,1.25,3.25
S046,08,27,4,0,Left,1.5,3.5
S046,08,27,5,0,Left,1.75,3.75
S046,08,27,6,0,Left,2.0,4.0
S046,08,29,0,1,Right,0.5,2.5
S046,08,29,1,1,Right,0.75,2.75
S046,08,29,2,1,Right,1.0,3.0
S046,08,29,3,1,Right,1.25,3.25
S046,08,29,4,1,Right,1.5,3.5
S046,08,29,5,1,Right,1.75,3.75
S046,08,29,6,1,Right,2.0,4.0
S046,12,1,0,0,Left,0.5,2.5
S046,12,1,1,0,Left,0.75,2.75
S046,12,1,2,0,Left,1.0,3.0
S046,12,1,3,0,Left,1.25,3.25
S046,12,1,4,0,Left,1.5,3.5
S046,12,1,5,0,Left,1.75,3.75
S046,12,1,6,0,Left,2.0,4.0
S046,12,3,0,1,Right,0.5,2.5
S046,12,3,1,1,Right,0.75,2.75
S046,12,3,2,1,Right,1.0,3.0
S046,12,3,3,1,Right,1.25,3.25
S046,12,3,4,1,Right,1.5,3.5
S046,12,3,5,1,Right,1.75,3.75
S046,12,3,6,1,Right,2.0,4.0
S046,12,5,0,1,Right,0.5,2.5
S046,12,5,1,1,Right,0.75,2.75
S046,12,5,2,1,Right,1.0,3.0
S046,12,5,3,1,Right,1.25,3.25
S046,12,5,4,1,Right,1.5,3.5
S046,12,5,5,1,Right,1.75,3.75
S046,12,5,6,1,Right,2.0,4.0
S046,12,7,0,0,Left,0.5,2.5
S046,12,7,1,0,Left,0.75,2.75
S046,12,7,2,0,Left,1.0,3.0
S046,12,7,3,0,Left,1.25,3.25
S046,12,7,4,0,Left,1.5,3.5
S046,12,7,5,0,Left,1.75,3.75
S046,12,7,6,0,Left,2.0,4.0
S046,12,9,0,0,Left,0.5,2.5
S046,12,9,1,0,Left,0.75,2.75
S046,12,9,2,0,Left,1.0,3.0
S046,12,9,3,0,Left,1.25,3.25
S046,12,9,4,0,Left,1.5,3.5
S046,12,9,5,0,Left,1.75,3.75
S046,12,9,6,0,Left,2.0,4.0
S046,12,11,0,1,Right,0.5,2.5
S046,12,11,1,1,Right,0.75,2.75
S046,12,11,2,1,Right,1.0,3.0
S046,12,11,3,1,Right,1.25,3.25
S046,12,11,4,1,Right,1.5,3.5
S046,12,11,5,1,Right,1.75,3.75
S046,12,11,6,1,Right,2.0,4.0
S046,12,13,0,1,Right,0.5,2.5
S046,12,13,1,1,Right,0.75,2.75
S046,12,13,2,1,Right,1.0,3.0
S046,12,13,3,1,Right,1.25,3.25
S046,12,13,4,1,Right,1.5,3.5
S046,12,13,5,1,Right,1.75,3.75
S046,12,13,6,1,Right,2.0,4.0
S046,12,15,0,0,Left,0.5,2.5
S046,12,15,1,0,Left,0.75,2.75
S046,12,15,2,0,Left,1.0,3.0
S046,12,15,3,0,Left,1.25,3.25
S046,12,15,4,0,Left,1.5,3.5
S046,12,15,5,0,Left,1.75,3.75
S046,12,15,6,0,Left,2.0,4.0
S046,12,17,0,1,Right,0.5,2.5
S046,12,17,1,1,Right,0.75,2.75
S046,12,17,2,1,Right,1.0,3.0
S046,12,17,3,1,Right,1.25,3.25
S046,12,17,4,1,Right,1.5,3.5
S046,12,17,5,1,Right,1.75,3.75
S046,12,17,6,1,Right,2.0,4.0
S046,12,19,0,0,Left,0.5,2.5
S046,12,19,1,0,Left,0.75,2.75
S046,12,19,2,0,Left,1.0,3.0
S046,12,19,3,0,Left,1.25,3.25
S046,12,19,4,0,Left,1.5,3.5
S046,12,19,5,0,Left,1.75,3.75
S046,12,19,6,0,Left,2.0,4.0
S046,12,21,0,1,Right,0.5,2.5
S046,12,21,1,1,Right,0.75,2.75
S046,12,21,2,1,Right,1.0,3.0
S046,12,21,3,1,Right,1.25,3.25
S046,12,21,4,1,Right,1.5,3.5
S046,12,21,5,1,Right,1.75,3.75
S046,12,21,6,1,Right,2.0,4.0
S046,12,23,0,0,Left,0.5,2.5
S046,12,23,1,0,Left,0.75,2.75
S046,12,23,2,0,Left,1.0,3.0
S046,12,23,3,0,Left,1.25,3.25
S046,12,23,4,0,Left,1.5,3.5
S046,12,23,5,0,Left,1.75,3.75
S046,12,23,6,0,Left,2.0,4.0
S046,12,25,0,1,Right,0.5,2.5
S046,12,25,1,1,Right,0.75,2.75
S046,12,25,2,1,Right,1.0,3.0
S046,12,25,3,1,Right,1.25,3.25
S046,12,25,4,1,Right,1.5,3.5
S046,12,25,5,1,Right,1.75,3.75
S046,12,25,6,1,Right,2.0,4.0
S046,12,27,0,0,Left,0.5,2.5
S046,12,27,1,0,Left,0.75,2.75
S046,12,27,2,0,Left,1.0,3.0
S046,12,27,3,0,Left,1.25,3.25
S046,12,27,4,0,Left,1.5,3.5
S046,12,27,5,0,Left,1.75,3.75
S046,12,27,6,0,Left,2.0,4.0
S046,12,29,0,0,Left,0.5,2.5
S046,12,29,1,0,Left,0.75,2.75
S046,12,29,2,0,Left,1.0,3.0
S046,12,29,3,0,Left,1.25,3.25
S046,12,29,4,0,Left,1.5,3.5
S046,12,29,5,0,Left,1.75,3.75
S046,12,29,6,0,Left,2.0,4.0
S047,04,1,0,0,Left,0.5,2.5
S047,04,1,1,0,Left,0.75,2.75
S047,04,1,2,0,Left,1.0,3.0
S047,04,1,3,0,Left,1.25,3.25
S047,04,1,4,0,Left,1.5,3.5
S047,04,1,5,0,Left,1.75,3.75
S047,04,1,6,0,Left,2.0,4.0
S047,04,3,0,1,Right,0.5,2.5
S047,04,3,1,1,Right,0.75,2.75
S047,04,3,2,1,Right,1.0,3.0
S047,04,3,3,1,Right,1.25,3.25
S047,04,3,4,1,Right,1.5,3.5
S047,04,3,5,1,Right,1.75,3.75
S047,04,3,6,1,Right,2.0,4.0
S047,04,5,0,0,Left,0.5,2.5
S047,04,5,1,0,Left,0.75,2.75
S047,04,5,2,0,Left,1.0,3.0
S047,04,5,3,0,Left,1.25,3.25
S047,04,5,4,0,Left,1.5,3.5
S047,04,5,5,0,Left,1.75,3.75
S047,04,5,6,0,Left,2.0,4.0
S047,04,7,0,1,Right,0.5,2.5
S047,04,7,1,1,Right,0.75,2.75
S047,04,7,2,1,Right,1.0,3.0
S047,04,7,3,1,Right,1.25,3.25
S047,04,7,4,1,Right,1.5,3.5
S047,04,7,5,1,Right,1.75,3.75
S047,04,7,6,1,Right,2.0,4.0
S047,04,9,0,1,Right,0.5,2.5
S047,04,9,1,1,Right,0.75,2.75
S047,04,9,2,1,Right,1.0,3.0
S047,04,9,3,1,Right,1.25,3.25
S047,04,9,4,1,Right,1.5,3.5
S047,04,9,5,1,Right,1.75,3.75
S047,04,9,6,1,Right,2.0,4.0
S047,04,11,0,0,Left,0.5,2.5
S047,04,11,1,0,Left,0.75,2.75
S047,04,11,2,0,Left,1.0,3.0
S047,04,11,3,0,Left,1.25,3.25
S047,04,11,4,0,Left,1.5,3.5
S047,04,11,5,0,Left,1.75,3.75
S047,04,11,6,0,Left,2.0,4.0
S047,04,13,0,1,Right,0.5,2.5
S047,04,13,1,1,Right,0.75,2.75
S047,04,13,2,1,Right,1.0,3.0
S047,04,13,3,1,Right,1.25,3.25
S047,04,13,4,1,Right,1.5,3.5
S047,04,13,5,1,Right,1.75,3.75
S047,04,13,6,1,Right,2.0,4.0
S047,04,15,0,0,Left,0.5,2.5
S047,04,15,1,0,Left,0.75,2.75
S047,04,15,2,0,Left,1.0,3.0
S047,04,15,3,0,Left,1.25,3.25
S047,04,15,4,0,Left,1.5,3.5
S047,04,15,5,0,Left,1.75,3.75
S047,04,15,6,0,Left,2.0,4.0
S047,04,17,0,0,Left,0.5,2.5
S047,04,17,1,0,Left,0.75,2.75
S047,04,17,2,0,Left,1.0,3.0
S047,04,17,3,0,Left,1.25,3.25
S047,04,17,4,0,Left,1.5,3.5
S047,04,17,5,0,Left,1.75,3.75
S047,04,17,6,0,Left,2.0,4.0
S047,04,19,0,1,Right,0.5,2.5
S047,04,19,1,1,Right,0.75,2.75
S047,04,19,2,1,Right,1.0,3.0
S047,04,19,3,1,Right,1.25,3.25
S047,04,19,4,1,Right,1.5,3.5
S047,04,19,5,1,Right,1.75,3.75
S047,04,19,6,1,Right,2.0,4.0
S047,04,21,0,1,Right,0.5,2.5
S047,04,21,1,1,Right,0.75,2.75
S047,04,21,2,1,Right,1.0,3.0
S047,04,21,3,1,Right,1.25,3.25
S047,04,21,4,1,Right,1.5,3.5
S047,04,21,5,1,Right,1.75,3.75
S047,04,21,6,1,Right,2.0,4.0
S047,04,23,0,0,Left,0.5,2.5
S047,04,23,1,0,Left,0.75,2.75
S047,04,23,2,0,Left,1.0,3.0
S047,04,23,3,0,Left,1.25,3.25
S047,04,23,4,0,Left,1.5,3.5
S047,04,23,5,0,Left,1.75,3.75
S047,04,23,6,0,Left,2.0,4.0
S047,04,25,0,1,Right,0.5,2.5
S047,04,25,1,1,Right,0.75,2.75
S047,04,25,2,1,Right,1.0,3.0
S047,04,25,3,1,Right,1.25,3.25
S047,04,25,4,1,Right,1.5,3.5
S047,04,25,5,1,Right,1.75,3.75
S047,04,25,6,1,Right,2.0,4.0
S047,04,27,0,0,Left,0.5,2.5
S047,04,27,1,0,Left,0.75,2.75
S047,04,27,2,0,Left,1.0,3.0
S047,04,27,3,0,Left,1.25,3.25
S047,04,27,4,0,Left,1.5,3.5
S047,04,27,5,0,Left,1.75,3.75
S047,04,27,6,0,Left,2.0,4.0
S047,04,29,0,0,Left,0.5,2.5
S047,04,29,1,0,Left,0.75,2.75
S047,04,29,2,0,Left,1.0,3.0
S047,04,29,3,0,Left,1.25,3.25
S047,04,29,4,0,Left,1.5,3.5
S047,04,29,5,0,Left,1.75,3.75
S047,04,29,6,0,Left,2.0,4.0
S047,08,1,0,0,Left,0.5,2.5
S047,08,1,1,0,Left,0.75,2.75
S047,08,1,2,0,Left,1.0,3.0
S047,08,1,3,0,Left,1.25,3.25
S047,08,1,4,0,Left,1.5,3.5
S047,08,1,5,0,Left,1.75,3.75
S047,08,1,6,0,Left,2.0,4.0
S047,08,3,0,1,Right,0.5,2.5
S047,08,3,1,1,Right,0.75,2.75
S047,08,3,2,1,Right,1.0,3.0
S047,08,3,3,1,Right,1.25,3.25
S047,08,3,4,1,Right,1.5,3.5
S047,08,3,5,1,Right,1.75,3.75
S047,08,3,6,1,Right,2.0,4.0
S047,08,5,0,0,Left,0.5,2.5
S047,08,5,1,0,Left,0.75,2.75
S047,08,5,2,0,Left,1.0,3.0
S047,08,5,3,0,Left,1.25,3.25
S047,08,5,4,0,Left,1.5,3.5
S047,08,5,5,0,Left,1.75,3.75
S047,08,5,6,0,Left,2.0,4.0
S047,08,7,0,1,Right,0.5,2.5
S047,08,7,1,1,Right,0.75,2.75
S047,08,7,2,1,Right,1.0,3.0
S047,08,7,3,1,Right,1.25,3.25
S047,08,7,4,1,Right,1.5,3.5
S047,08,7,5,1,Right,1.75,3.75
S047,08,7,6,1,Right,2.0,4.0
S047,08,9,0,1,Right,0.5,2.5
S047,08,9,1,1,Right,0.75,2.75
S047,08,9,2,1,Right,1.0,3.0
S047,08,9,3,1,Right,1.25,3.25
S047,08,9,4,1,Right,1.5,3.5
S047,08,9,5,1,Right,1.75,3.75
S047,08,9,6,1,Right,2.0,4.0
S047,08,11,0,0,Left,0.5,2.5
S047,08,11,1,0,Left,0.75,2.75
S047,08,11,2,0,Left,1.0,3.0
S047,08,11,3,0,Left,1.25,3.25
S047,08,11,4,0,Left,1.5,3.5
S047,08,11,5,0,Left,1.75,3.75
S047,08,11,6,0,Left,2.0,4.0
S047,08,13,0,0,Left,0.5,2.5
S047,08,13,1,0,Left,0.75,2.75
S047,08,13,2,0,Left,1.0,3.0
S047,08,13,3,0,Left,1.25,3.25
S047,08,13,4,0,Left,1.5,3.5
S047,08,13,5,0,Left,1.75,3.75
S047,08,13,6,0,Left,2.0,4.0
S047,08,15,0,1,Right,0.5,2.5
S047,08,15,1,1,Right,0.75,2.75
S047,08,15,2,1,Right,1.0,3.0
S047,08,15,3,1,Right,1.25,3.25
S047,08,15,4,1,Right,1.5,3.5
S047,08,15,5,1,Right,1.75,3.75
S047,08,15,6,1,Right,2.0,4.0
S047,08,17,0,0,Left,0.5,2.5
S047,08,17,1,0,Left,0.75,2.75
S047,08,17,2,0,Left,1.0,3.0
S047,08,17,3,0,Left,1.25,3.25
S047,08,17,4,0,Left,1.5,3.5
S047,08,17,5,0,Left,1.75,3.75
S047,08,17,6,0,Left,2.0,4.0
S047,08,19,0,1,Right,0.5,2.5
S047,08,19,1,1,Right,0.75,2.75
S047,08,19,2,1,Right,1.0,3.0
S047,08,19,3,1,Right,1.25,3.25
S047,08,19,4,1,Right,1.5,3.5
S047,08,19,5,1,Right,1.75,3.75
S047,08,19,6,1,Right,2.0,4.0
S047,08,21,0,1,Right,0.5,2.5
S047,08,21,1,1,Right,0.75,2.75
S047,08,21,2,1,Right,1.0,3.0
S047,08,21,3,1,Right,1.25,3.25
S047,08,21,4,1,Right,1.5,3.5
S047,08,21,5,1,Right,1.75,3.75
S047,08,21,6,1,Right,2.0,4.0
S047,08,23,0,0,Left,0.5,2.5
S047,08,23,1,0,Left,0.75,2.75
S047,08,23,2,0,Left,1.0,3.0
S047,08,23,3,0,Left,1.25,3.25
S047,08,23,4,0,Left,1.5,3.5
S047,08,23,5,0,Left,1.75,3.75
S047,08,23,6,0,Left,2.0,4.0
S047,08,25,0,0,Left,0.5,2.5
S047,08,25,1,0,Left,0.75,2.75
S047,08,25,2,0,Left,1.0,3.0
S047,08,25,3,0,Left,1.25,3.25
S047,08,25,4,0,Left,1.5,3.5
S047,08,25,5,0,Left,1.75,3.75
S047,08,25,6,0,Left,2.0,4.0
S047,08,27,0,1,Right,0.5,2.5
S047,08,27,1,1,Right,0.75,2.75
S047,08,27,2,1,Right,1.0,3.0
S047,08,27,3,1,Right,1.25,3.25
S047,08,27,4,1,Right,1.5,3.5
S047,08,27,5,1,Right,1.75,3.75
S047,08,27,6,1,Right,2.0,4.0
S047,08,29,0,0,Left,0.5,2.5
S047,08,29,1,0,Left,0.75,2.75
S047,08,29,2,0,Left,1.0,3.0
S047,08,29,3,0,Left,1.25,3.25
S047,08,29,4,0,Left,1.5,3.5
S047,08,29,5,0,Left,1.75,3.75
S047,08,29,6,0,Left,2.0,4.0
S047,12,1,0,1,Right,0.5,2.5
S047,12,1,1,1,Right,0.75,2.75
S047,12,1,2,1,Right,1.0,3.0
S047,12,1,3,1,Right,1.25,3.25
S047,12,1,4,1,Right,1.5,3.5
S047,12,1,5,1,Right,1.75,3.75
S047,12,1,6,1,Right,2.0,4.0
S047,12,3,0,0,Left,0.5,2.5
S047,12,3,1,0,Left,0.75,2.75
S047,12,3,2,0,Left,1.0,3.0
S047,12,3,3,0,Left,1.25,3.25
S047,12,3,4,0,Left,1.5,3.5
S047,12,3,5,0,Left,1.75,3.75
S047,12,3,6,0,Left,2.0,4.0
S047,12,5,0,1,Right,0.5,2.5
S047,12,5,1,1,Right,0.75,2.75
S047,12,5,2,1,Right,1.0,3.0
S047,12,5,3,1,Right,1.25,3.25
S047,12,5,4,1,Right,1.5,3.5
S047,12,5,5,1,Right,1.75,3.75
S047,12,5,6,1,Right,2.0,4.0
S047,12,7,0,0,Left,0.5,2.5
S047,12,7,1,0,Left,0.75,2.75
S047,12,7,2,0,Left,1.0,3.0
S047,12,7,3,0,Left,1.25,3.25
S047,12,7,4,0,Left,1.5,3.5
S047,12,7,5,0,Left,1.75,3.75
S047,12,7,6,0,Left,2.0,4.0
S047,12,9,0,0,Left,0.5,2.5
S047,12,9,1,0,Left,0.75,2.75
S047,12,9,2,0,Left,1.0,3.0
S047,12,9,3,0,Left,1.25,3.25
S047,12,9,4,0,Left,1.5,3.5
S047,12,9,5,0,Left,1.75,3.75
S047,12,9,6,0,Left,2.0,4.0
S047,12,11,0,1,Right,0.5,2.5
S047,12,11,1,1,Right,0.75,2.75
S047,12,11,2,1,Right,1.0,3.0
S047,12,11,3,1,Right,1.25,3.25
S047,12,11,4,1,Right,1.5,3.5
S047,12,11,5,1,Right,1.75,3.75
S047,12,11,6,1,Right,2.0,4.0
S047,12,13,0,0,Left,0.5,2.5
S047,12,13,1,0,Left,0.75,2.75
S047,12,13,2,0,Left,1.0,3.0
S047,12,13,3,0,Left,1.25,3.25
S047,12,13,4,0,Left,1.5,3.5
S047,12,13,5,0,Left,1.75,3.75
S047,12,13,6,0,Left,2.0,4.0
S047,12,15,0,1,Right,0.5,2.5
S047,12,15,1,1,Right,0.75,2.75
S047,12,15,2,1,Right,1.0,3.0
S047,12,15,3,1,Right,1.25,3.25
S047,12,15,4,1,Right,1.5,3.5
S047,12,15,5,1,Right,1.75,3.75
S047,12,15,6,1,Right,2.0,4.0
S047,12,17,0,1,Right,0.5,2.5
S047,12,17,1,1,Right,0.75,2.75
S047,12,17,2,1,Right,1.0,3.0
S047,12,17,3,1,Right,1.25,3.25
S047,12,17,4,1,Right,1.5,3.5
S047,12,17,5,1,Right,1.75,3.75
S047,12,17,6,1,Right,2.0,4.0
S047,12,19,0,0,Left,0.5,2.5
S047,12,19,1,0,Left,0.75,2.75
S047,12,19,2,0,Left,1.0,3.0
S047,12,19,3,0,Left,1.25,3.25
S047,12,19,4,0,Left,1.5,3.5
S047,12,19,5,0,Left,1.75,3.75
S047,12,19,6,0,Left,2.0,4.0
S047,12,21,0,1,Right,0.5,2.5
S047,12,21,1,1,Right,0.75,2.75
S047,12,21,2,1,Right,1.0,3.0
S047,12,21,3,1,Right,1.25,3.25
S047,12,21,4,1,Right,1.5,3.5
S047,12,21,5,1,Right,1.75,3.75
S047,12,21,6,1,Right,2.0,4.0
S047,12,23,0,0,Left,0.5,2.5
S047,12,23,1,0,Left,0.75,2.75
S047,12,23,2,0,Left,1.0,3.0
S047,12,23,3,0,Left,1.25,3.25
S047,12,23,4,0,Left,1.5,3.5
S047,12,23,5,0,Left,1.75,3.75
S047,12,23,6,0,Left,2.0,4.0
S047,12,25,0,0,Left,0.5,2.5
S047,12,25,1,0,Left,0.75,2.75
S047,12,25,2,0,Left,1.0,3.0
S047,12,25,3,0,Left,1.25,3.25
S047,12,25,4,0,Left,1.5,3.5
S047,12,25,5,0,Left,1.75,3.75
S047,12,25,6,0,Left,2.0,4.0
S047,12,27,0,1,Right,0.5,2.5
S047,12,27,1,1,Right,0.75,2.75
S047,12,27,2,1,Right,1.0,3.0
S047,12,27,3,1,Right,1.25,3.25
S047,12,27,4,1,Right,1.5,3.5
S047,12,27,5,1,Right,1.75,3.75
S047,12,27,6,1,Right,2.0,4.0
S047,12,29,0,0,Left,0.5,2.5
S047,12,29,1,0,Left,0.75,2.75
S047,12,29,2,0,Left,1.0,3.0
S047,12,29,3,0,Left,1.25,3.25
S047,12,29,4,0,Left,1.5,3.5
S047,12,29,5,0,Left,1.75,3.75
S047,12,29,6,0,Left,2.0,4.0
S049,04,1,0,0,Left,0.5,2.5
S049,04,1,1,0,Left,0.75,2.75
S049,04,1,2,0,Left,1.0,3.0
S049,04,1,3,0,Left,1.25,3.25
S049,04,1,4,0,Left,1.5,3.5
S049,04,1,5,0,Left,1.75,3.75
S049,04,1,6,0,Left,2.0,4.0
S049,04,3,0,1,Right,0.5,2.5
S049,04,3,1,1,Right,0.75,2.75
S049,04,7,3,1,Right,1.25,3.25
S049,04,7,4,1,Right,1.5,3.5
S049,04,7,5,1,Right,1.75,3.75
S049,04,7,6,1,Right,2.0,4.0
S049,04,9,0,1,Right,0.5,2.5
S049,04,9,1,1,Right,0.75,2.75
S049,04,9,2,1,Right,1.0,3.0
S049,04,9,3,1,Right,1.25,3.25
S049,04,9,4,1,Right,1.5,3.5
S049,04,9,5,1,Right,1.75,3.75
S049,04,9,6,1,Right,2.0,4.0
S049,04,11,0,0,Left,0.5,2.5
S049,04,11,1,0,Left,0.75,2.75
S049,04,11,2,0,Left,1.0,3.0
S049,04,11,3,0,Left,1.25,3.25
S049,04,11,4,0,Left,1.5,3.5
S049,04,11,5,0,Left,1.75,3.75
S049,04,11,6,0,Left,2.0,4.0
S049,04,13,3,1,Right,1.25,3.25
S049,04,13,4,1,Right,1.5,3.5
S049,04,13,5,1,Right,1.75,3.75
S049,04,13,6,1,Right,2.0,4.0
S049,04,17,0,0,Left,0.5,2.5
S049,04,17,1,0,Left,0.75,2.75
S049,04,17,2,0,Left,1.0,3.0
S049,04,17,3,0,Left,1.25,3.25
S049,04,17,4,0,Left,1.5,3.5
S049,04,17,5,0,Left,1.75,3.75
S049,04,17,6,0,Left,2.0,4.0
S049,04,21,0,1,Right,0.5,2.5
S049,04,21,1,1,Right,0.75,2.75
S049,04,21,2,1,Right,1.0,3.0
S049,04,21,3,1,Right,1.25,3.25
S049,04,21,4,1,Right,1.5,3.5
S049,04,21,5,1,Right,1.75,3.75
S049,04,21,6,1,Right,2.0,4.0
S049,04,23,0,0,Left,0.5,2.5
S049,04,23,1,0,Left,0.75,2.75
S049,04,23,2,0,Left,1.0,3.0
S049,04,23,3,0,Left,1.25,3.25
S049,04,23,4,0,Left,1.5,3.5
S049,04,23,5,0,Left,1.75,3.75
S049,04,23,6,0,Left,2.0,4.0
S049,04,25,0,0,Left,0.5,2.5
S049,04,25,1,0,Left,0.75,2.75
S049,04,25,2,0,Left,1.0,3.0
S049,04,25,3,0,Left,1.25,3.25
S049,04,25,4,0,Left,1.5,3.5
S049,04,25,5,0,Left,1.75,3.75
S049,04,25,6,0,Left,2.0,4.0
S049,04,27,0,1,Right,0.5,2.5
S049,04,27,1,1,Right,0.75,2.75
S049,04,27,2,1,Right,1.0,3.0
S049,04,27,3,1,Right,1.25,3.25
S049,04,27,4,1,Right,1.5,3.5
S049,04,27,5,1,Right,1.75,3.75
S049,04,27,6,1,Right,2.0,4.0
S049,04,29,0,1,Right,0.5,2.5
S049,04,29,1,1,Right,0.75,2.75
S049,04,29,2,1,Right,1.0,3.0
S049,04,29,3,1,Right,1.25,3.25
S049,04,29,4,1,Right,1.5,3.5
S049,04,29,5,1,Right,1.75,3.75
S049,04,29,6,1,Right,2.0,4.0
S049,08,1,0,0,Left,0.5,2.5
S049,08,1,1,0,Left,0.75,2.75
S049,08,1,2,0,Left,1.0,3.0
S049,08,1,3,0,Left,1.25,3.25
S049,08,1,4,0,Left,1.5,3.5
S049,08,1,5,0,Left,1.75,3.75
S049,08,1,6,0,Left,2.0,4.0
S049,08,3,0,1,Right,0.5,2.5
S049,08,3,1,1,Right,0.75,2.75
S049,08,3,2,1,Right,1.0,3.0
S049,08,3,3,1,Right,1.25,3.25
S049,08,3,4,1,Right,1.5,3.5
S049,08,5,0,0,Left,0.5,2.5
S049,08,5,1,0,Left,0.75,2.75
S049,08,5,2,0,Left,1.0,3.0
S049,08,5,3,0,Left,1.25,3.25
S049,08,5,4,0,Left,1.5,3.5
S049,08,5,5,0,Left,1.75,3.75
S049,08,5,6,0,Left,2.0,4.0
S049,08,7,0,1,Right,0.5,2.5
S049,08,7,1,1,Right,0.75,2.75
S049,08,7,2,1,Right,1.0,3.0
S049,08,7,3,1,Right,1.25,3.25
S049,08,7,4,1,Right,1.5,3.5
S049,08,7,5,1,Right,1.75,3.75
S049,08,7,6,1,Right,2.0,4.0
S049,08,9,0,0,Left,0.5,2.5
S049,08,9,1,0,Left,0.75,2.75
S049,08,9,2,0,Left,1.0,3.0
S049,08,9,3,0,Left,1.25,3.25
S049,08,9,4,0,Left,1.5,3.5
S049,08,9,5,0,Left,1.75,3.75
S049,08,9,6,0,Left,2.0,4.0
S049,08,11,0,1,Right,0.5,2.5
S049,08,11,1,1,Right,0.75,2.75
S049,08,11,2,1,Right,1.0,3.0
S049,08,11,3,1,Right,1.25,3.25
S049,08,11,4,1,Right,1.5,3.5
S049,08,11,5,1,Right,1.75,3.75
S049,08,11,6,1,Right,2.0,4.0
S049,08,13,0,0,Left,0.5,2.5
S049,08,13,1,0,Left,0.75,2.75
S049,08,13,2,0,Left,1.0,3.0
S049,08,13,3,0,Left,1.25,3.25
S049,08,13,4,0,Left,1.5,3.5
S049,08,13,5,0,Left,1.75,3.75
S049,08,13,6,0,Left,2.0,4.0
S049,08,15,0,1,Right,0.5,2.5
S049,08,15,1,1,Right,0.75,2.75
S049,08,15,2,1,Right,1.0,3.0
S049,08,15,3,1,Right,1.25,3.25
S049,08,15,4,1,Right,1.5,3.5
S049,08,15,5,1,Right,1.75,3.75
S049,08,17,0,0,Left,0.5,2.5
S049,08,17,1,0,Left,0.75,2.75
S049,08,17,2,0,Left,1.0,3.0
S049,08,17,3,0,Left,1.25,3.25
S049,08,17,4,0,Left,1.5,3.5
S049,08,17,5,0,Left,1.75,3.75
S049,08,17,6,0,Left,2.0,4.0
S049,08,19,0,1,Right,0.5,2.5
S049,08,19,1,1,Right,0.75,2.75
S049,08,19,2,1,Right,1.0,3.0
S049,08,19,3,1,Right,1.25,3.25
S049,08,19,4,1,Right,1.5,3.5
S049,08,19,5,1,Right,1.75,3.75
S049,08,19,6,1,Right,2.0,4.0
S049,08,21,0,0,Left,0.5,2.5
S049,08,21,1,0,Left,0.75,2.75
S049,08,21,2,0,Left,1.0,3.0
S049,08,21,3,0,Left,1.25,3.25
S049,08,21,4,0,Left,1.5,3.5
S049,08,21,5,0,Left,1.75,3.75
S049,08,21,6,0,Left,2.0,4.0
S049,08,23,0,1,Right,0.5,2.5
S049,08,23,1,1,Right,0.75,2.75
S049,08,23,2,1,Right,1.0,3.0
S049,08,23,3,1,Right,1.25,3.25
S049,08,23,4,1,Right,1.5,3.5
S049,08,23,5,1,Right,1.75,3.75
S049,08,23,6,1,Right,2.0,4.0
S049,08,27,0,1,Right,0.5,2.5
S049,08,27,1,1,Right,0.75,2.75
S049,08,27,2,1,Right,1.0,3.0
S049,08,27,3,1,Right,1.25,3.25
S049,08,27,4,1,Right,1.5,3.5
S049,08,27,5,1,Right,1.75,3.75
S049,08,27,6,1,Right,2.0,4.0
S049,12,1,0,0,Left,0.5,2.5
S049,12,1,1,0,Left,0.75,2.75
S049,12,1,2,0,Left,1.0,3.0
S049,12,1,3,0,Left,1.25,3.25
S049,12,1,4,0,Left,1.5,3.5
S049,12,1,5,0,Left,1.75,3.75
S049,12,1,6,0,Left,2.0,4.0
S049,12,3,0,1,Right,0.5,2.5
S049,12,3,1,1,Right,0.75,2.75
S049,12,3,2,1,Right,1.0,3.0
S049,12,3,3,1,Right,1.25,3.25
S049,12,3,4,1,Right,1.5,3.5
S049,12,5,0,1,Right,0.5,2.5
S049,12,5,1,1,Right,0.75,2.75
S049,12,5,2,1,Right,1.0,3.0
S049,12,5,3,1,Right,1.25,3.25
S049,12,5,4,1,Right,1.5,3.5
S049,12,5,5,1,Right,1.75,3.75
S049,12,5,6,1,Right,2.0,4.0
S049,12,7,0,0,Left,0.5,2.5
S049,12,7,1,0,Left,0.75,2.75
S049,12,7,2,0,Left,1.0,3.0
S049,12,7,3,0,Left,1.25,3.25
S049,12,9,0,0,Left,0.5,2.5
S049,12,9,1,0,Left,0.75,2.75
S049,12,9,2,0,Left,1.0,3.0
S049,12,9,3,0,Left,1.25,3.25
S049,12,9,4,0,Left,1.5,3.5
S049,12,9,5,0,Left,1.75,3.75
S049,12,9,6,0,Left,2.0,4.0
S049,12,11,0,1,Right,0.5,2.5
S049,12,11,1,1,Right,0.75,2.75
S049,12,11,2,1,Right,1.0,3.0
S049,12,11,3,1,Right,1.25,3.25
S049,12,11,4,1,Right,1.5,3.5
S049,12,11,5,1,Right,1.75,3.75
S049,12,11,6,1,Right,2.0,4.0
S049,12,13,0,0,Left,0.5,2.5
S049,12,13,1,0,Left,0.75,2.75
S049,12,13,2,0,Left,1.0,3.0
S049,12,13,3,0,Left,1.25,3.25
S049,12,13,4,0,Left,1.5,3.5
S049,12,13,5,0,Left,1.75,3.75
S049,12,13,6,0,Left,2.0,4.0
S049,12,15,0,1,Right,0.5,2.5
S049,12,15,1,1,Right,0.75,2.75
S049,12,15,2,1,Right,1.0,3.0
S049,12,15,3,1,Right,1.25,3.25
S049,12,15,4,1,Right,1.5,3.5
S049,12,15,5,1,Right,1.75,3.75
S049,12,15,6,1,Right,2.0,4.0
S049,12,17,0,0,Left,0.5,2.5
S049,12,17,1,0,Left,0.75,2.75
S049,12,17,2,0,Left,1.0,3.0
S049,12,17,3,0,Left,1.25,3.25
S049,12,17,4,0,Left,1.5,3.5
S049,12,17,5,0,Left,1.75,3.75
S049,12,17,6,0,Left,2.0,4.0
S049,12,19,0,1,Right,0.5,2.5
S049,12,19,1,1,Right,0.75,2.75
S049,12,19,2,1,Right,1.0,3.0
S049,12,19,3,1,Right,1.25,3.25
S049,12,19,4,1,Right,1.5,3.5
S049,12,19,5,1,Right,1.75,3.75
S049,12,19,6,1,Right,2.0,4.0
S049,12,21,0,0,Left,0.5,2.5
S049,12,21,1,0,Left,0.75,2.75
S049,12,23,0,1,Right,0.5,2.5
S049,12,23,1,1,Right,0.75,2.75
S049,12,23,2,1,Right,1.0,3.0
S049,12,23,3,1,Right,1.25,3.25
S049,12,23,4,1,Right,1.5,3.5
S049,12,23,5,1,Right,1.75,3.75
S049,12,23,6,1,Right,2.0,4.0
S049,12,25,0,1,Right,0.5,2.5
S049,12,29,0,0,Left,0.5,2.5
S049,12,29,1,0,Left,0.75,2.75
S049,12,29,2,0,Left,1.0,3.0
S049,12,29,3,0,Left,1.25,3.25
S049,12,29,4,0,Left,1.5,3.5
S051,04,1,0,0,Left,0.5,2.5
S051,04,1,1,0,Left,0.75,2.75
S051,04,1,2,0,Left,1.0,3.0
S051,04,1,3,0,Left,1.25,3.25
S051,04,1,4,0,Left,1.5,3.5
S051,04,1,5,0,Left,1.75,3.75
S051,04,1,6,0,Left,2.0,4.0
S051,04,3,0,1,Right,0.5,2.5
S051,04,3,1,1,Right,0.75,2.75
S051,04,3,2,1,Right,1.0,3.0
S051,04,3,3,1,Right,1.25,3.25
S051,04,3,4,1,Right,1.5,3.5
S051,04,3,5,1,Right,1.75,3.75
S051,04,3,6,1,Right,2.0,4.0
S051,04,5,0,1,Right,0.5,2.5
S051,04,5,1,1,Right,0.75,2.75
S051,04,5,2,1,Right,1.0,3.0
S051,04,5,3,1,Right,1.25,3.25
S051,04,5,4,1,Right,1.5,3.5
S051,04,5,5,1,Right,1.75,3.75
S051,04,5,6,1,Right,2.0,4.0
S051,04,7,0,0,Left,0.5,2.5
S051,04,7,1,0,Left,0.75,2.75
S051,04,7,2,0,Left,1.0,3.0
S051,04,7,3,0,Left,1.25,3.25
S051,04,7,4,0,Left,1.5,3.5
S051,04,7,5,0,Left,1.75,3.75
S051,04,7,6,0,Left,2.0,4.0
S051,04,9,0,1,Right,0.5,2.5
S051,04,9,1,1,Right,0.75,2.75
S051,04,9,2,1,Right,1.0,3.0
S051,04,9,3,1,Right,1.25,3.25
S051,04,9,4,1,Right,1.5,3.5
S051,04,9,5,1,Right,1.75,3.75
S051,04,9,6,1,Right,2.0,4.0
S051,04,11,0,0,Left,0.5,2.5
S051,04,11,1,0,Left,0.75,2.75
S051,04,11,2,0,Left,1.0,3.0
S051,04,11,3,0,Left,1.25,3.25
S051,04,11,4,0,Left,1.5,3.5
S051,04,11,5,0,Left,1.75,3.75
S051,04,11,6,0,Left,2.0,4.0
S051,04,13,0,1,Right,0.5,2.5
S051,04,13,1,1,Right,0.75,2.75
S051,04,13,2,1,Right,1.0,3.0
S051,04,13,3,1,Right,1.25,3.25
S051,04,13,4,1,Right,1.5,3.5
S051,04,13,5,1,Right,1.75,3.75
S051,04,13,6,1,Right,2.0,4.0
S051,04,15,0,0,Left,0.5,2.5
S051,04,15,1,0,Left,0.75,2.75
S051,04,15,2,0,Left,1.0,3.0
S051,04,15,3,0,Left,1.25,3.25
S051,04,15,4,0,Left,1.5,3.5
S051,04,15,5,0,Left,1.75,3.75
S051,04,15,6,0,Left,2.0,4.0
S051,04,17,0,1,Right,0.5,2.5
S051,04,17,1,1,Right,0.75,2.75
S051,04,17,2,1,Right,1.0,3.0
S051,04,17,3,1,Right,1.25,3.25
S051,04,17,4,1,Right,1.5,3.5
S051,04,17,5,1,Right,1.75,3.75
S051,04,17,6,1,Right,2.0,4.0
S051,04,19,0,0,Left,0.5,2.5
S051,04,19,1,0,Left,0.75,2.75
S051,04,19,2,0,Left,1.0,3.0
S051,04,19,3,0,Left,1.25,3.25
S051,04,19,4,0,Left,1.5,3.5
S051,04,19,5,0,Left,1.75,3.75
S051,04,19,6,0,Left,2.0,4.0
S051,04,21,0,1,Right,0.5,2.5
S051,04,21,1,1,Right,0.75,2.75
S051,04,21,2,1,Right,1.0,3.0
S051,04,21,3,1,Right,1.25,3.25
S051,04,21,4,1,Right,1.5,3.5
S051,04,21,5,1,Right,1.75,3.75
S051,04,21,6,1,Right,2.0,4.0
S051,04,23,0,0,Left,0.5,2.5
S051,04,23,1,0,Left,0.75,2.75
S051,04,23,2,0,Left,1.0,3.0
S051,04,23,3,0,Left,1.25,3.25
S051,04,23,4,0,Left,1.5,3.5
S051,04,23,5,0,Left,1.75,3.75
S051,04,23,6,0,Left,2.0,4.0
S051,04,25,0,1,Right,0.5,2.5
S051,04,25,1,1,Right,0.75,2.75
S051,04,25,2,1,Right,1.0,3.0
S051,04,25,3,1,Right,1.25,3.25
S051,04,25,4,1,Right,1.5,3.5
S051,04,25,5,1,Right,1.75,3.75
S051,04,25,6,1,Right,2.0,4.0
S051,04,27,0,0,Left,0.5,2.5
S051,04,27,1,0,Left,0.75,2.75
S051,04,27,2,0,Left,1.0,3.0
S051,04,27,3,0,Left,1.25,3.25
S051,04,27,4,0,Left,1.5,3.5
S051,04,27,5,0,Left,1.75,3.75
S051,04,27,6,0,Left,2.0,4.0
S051,04,29,0,0,Left,0.5,2.5
S051,04,29,1,0,Left,0.75,2.75
S051,04,29,2,0,Left,1.0,3.0
S051,04,29,3,0,Left,1.25,3.25
S051,04,29,4,0,Left,1.5,3.5
S051,04,29,5,0,Left,1.75,3.75
S051,04,29,6,0,Left,2.0,4.0
S051,08,1,0,1,Right,0.5,2.5
S051,08,1,1,1,Right,0.75,2.75
S051,08,1,2,1,Right,1.0,3.0
S051,08,1,3,1,Right,1.25,3.25
S051,08,1,4,1,Right,1.5,3.5
S051,08,1,5,1,Right,1.75,3.75
S051,08,1,6,1,Right,2.0,4.0
S051,08,3,0,0,Left,0.5,2.5
S051,08,3,1,0,Left,0.75,2.75
S051,08,3,2,0,Left,1.0,3.0
S051,08,3,3,0,Left,1.25,3.25
S051,08,3,4,0,Left,1.5,3.5
S051,08,3,5,0,Left,1.75,3.75
S051,08,3,6,0,Left,2.0,4.0
S051,08,5,0,1,Right,0.5,2.5
S051,08,5,1,1,Right,0.75,2.75
S051,08,5,2,1,Right,1.0,3.0
S051,08,5,3,1,Right,1.25,3.25
S051,08,5,4,1,Right,1.5,3.5
S051,08,5,5,1,Right,1.75,3.75
S051,08,5,6,1,Right,2.0,4.0
S051,08,7,0,0,Left,0.5,2.5
S051,08,7,1,0,Left,0.75,2.75
S051,08,7,2,0,Left,1.0,3.0
S051,08,7,3,0,Left,1.25,3.25
S051,08,7,4,0,Left,1.5,3.5
S051,08,7,5,0,Left,1.75,3.75
S051,08,7,6,0,Left,2.0,4.0
S051,08,9,0,1,Right,0.5,2.5
S051,08,9,1,1,Right,0.75,2.75
S051,08,9,2,1,Right,1.0,3.0
S051,08,9,3,1,Right,1.25,3.25
S051,08,9,4,1,Right,1.5,3.5
S051,08,9,5,1,Right,1.75,3.75
S051,08,9,6,1,Right,2.0,4.0
S051,08,11,0,0,Left,0.5,2.5
S051,08,11,1,0,Left,0.75,2.75
S051,08,11,2,0,Left,1.0,3.0
S051,08,11,3,0,Left,1.25,3.25
S051,08,11,4,0,Left,1.5,3.5
S051,08,11,5,0,Left,1.75,3.75
S051,08,11,6,0,Left,2.0,4.0
S051,08,13,0,0,Left,0.5,2.5
S051,08,13,1,0,Left,0.75,2.75
S051,08,13,2,0,Left,1.0,3.0
S051,08,13,3,0,Left,1.25,3.25
S051,08,13,4,0,Left,1.5,3.5
S051,08,13,5,0,Left,1.75,3.75
S051,08,13,6,0,Left,2.0,4.0
S051,08,15,0,1,Right,0.5,2.5
S051,08,15,1,1,Right,0.75,2.75
S051,08,15,2,1,Right,1.0,3.0
S051,08,15,3,1,Right,1.25,3.25
S051,08,15,4,1,Right,1.5,3.5
S051,08,15,5,1,Right,1.75,3.75
S051,08,15,6,1,Right,2.0,4.0
S051,08,17,0,1,Right,0.5,2.5
S051,08,17,1,1,Right,0.75,2.75
S051,08,17,2,1,Right,1.0,3.0
S051,08,17,3,1,Right,1.25,3.25
S051,08,17,4,1,Right,1.5,3.5
S051,08,17,5,1,Right,1.75,3.75
S051,08,17,6,1,Right,2.0,4.0
S051,08,19,0,0,Left,0.5,2.5
S051,08,19,1,0,Left,0.75,2.75
S051,08,19,2,0,Left,1.0,3.0
S051,08,19,3,0,Left,1.25,3.25
S051,08,19,4,0,Left,1.5,3.5
S051,08,19,5,0,Left,1.75,3.75
S051,08,19,6,0,Left,2.0,4.0
S051,08,21,0,1,Right,0.5,2.5
S051,08,21,1,1,Right,0.75,2.75
S051,08,21,2,1,Right,1.0,3.0
S051,08,21,3,1,Right,1.25,3.25
S051,08,21,4,1,Right,1.5,3.5
S051,08,21,5,1,Right,1.75,3.75
S051,08,21,6,1,Right,2.0,4.0
S051,08,23,0,0,Left,0.5,2.5
S051,08,23,1,0,Left,0.75,2.75
S051,08,23,2,0,Left,1.0,3.0
S051,08,23,3,0,Left,1.25,3.25
S051,08,23,4,0,Left,1.5,3.5
S051,08,23,5,0,Left,1.75,3.75
S051,08,23,6,0,Left,2.0,4.0
S051,08,25,0,1,Right,0.5,2.5
S051,08,25,1,1,Right,0.75,2.75
S051,08,25,2,1,Right,1.0,3.0
S051,08,25,3,1,Right,1.25,3.25
S051,08,25,4,1,Right,1.5,3.5
S051,08,25,5,1,Right,1.75,3.75
S051,08,25,6,1,Right,2.0,4.0
S051,08,27,0,0,Left,0.5,2.5
S051,08,27,1,0,Left,0.75,2.75
S051,08,27,2,0,Left,1.0,3.0
S051,08,27,3,0,Left,1.25,3.25
S051,08,27,4,0,Left,1.5,3.5
S051,08,27,5,0,Left,1.75,3.75
S051,08,27,6,0,Left,2.0,4.0
S051,08,29,0,0,Left,0.5,2.5
S051,08,29,1,0,Left,0.75,2.75
S051,08,29,2,0,Left,1.0,3.0
S051,08,29,3,0,Left,1.25,3.25
S051,08,29,4,0,Left,1.5,3.5
S051,08,29,5,0,Left,1.75,3.75
S051,08,29,6,0,Left,2.0,4.0
S051,12,1,0,1,Right,0.5,2.5
S051,12,1,1,1,Right,0.75,2.75
S051,12,1,2,1,Right,1.0,3.0
S051,12,1,3,1,Right,1.25,3.25
S051,12,1,4,1,Right,1.5,3.5
S051,12,1,5,1,Right,1.75,3.75
S051,12,1,6,1,Right,2.0,4.0
S051,12,3,0,0,Left,0.5,2.5
S051,12,3,1,0,Left,0.75,2.75
S051,12,3,2,0,Left,1.0,3.0
S051,12,3,3,0,Left,1.25,3.25
S051,12,3,4,0,Left,1.5,3.5
S051,12,3,5,0,Left,1.75,3.75
S051,12,3,6,0,Left,2.0,4.0
S051,12,5,0,1,Right,0.5,2.5
S051,12,5,1,1,Right,0.75,2.75
S051,12,5,2,1,Right,1.0,3.0
S051,12,5,3,1,Right,1.25,3.25
S051,12,5,4,1,Right,1.5,3.5
S051,12,5,5,1,Right,1.75,3.75
S051,12,5,6,1,Right,2.0,4.0
S051,12,7,0,0,Left,0.5,2.5
S051,12,7,1,0,Left,0.75,2.75
S051,12,7,2,0,Left,1.0,3.0
S051,12,7,3,0,Left,1.25,3.25
S051,12,7,4,0,Left,1.5,3.5
S051,12,7,5,0,Left,1.75,3.75
S051,12,7,6,0,Left,2.0,4.0
S051,12,9,0,0,Left,0.5,2.5
S051,12,9,1,0,Left,0.75,2.75
S051,12,9,2,0,Left,1.0,3.0
S051,12,9,3,0,Left,1.25,3.25
S051,12,9,4,0,Left,1.5,3.5
S051,12,9,5,0,Left,1.75,3.75
S051,12,9,6,0,Left,2.0,4.0
S051,12,11,0,1,Right,0.5,2.5
S051,12,11,1,1,Right,0.75,2.75
S051,12,11,2,1,Right,1.0,3.0
S051,12,11,3,1,Right,1.25,3.25
S051,12,11,4,1,Right,1.5,3.5
S051,12,11,5,1,Right,1.75,3.75
S051,12,11,6,1,Right,2.0,4.0
S051,12,13,0,0,Left,0.5,2.5
S051,12,13,1,0,Left,0.75,2.75
S051,12,13,2,0,Left,1.0,3.0
S051,12,13,3,0,Left,1.25,3.25
S051,12,13,4,0,Left,1.5,3.5
S051,12,13,5,0,Left,1.75,3.75
S051,12,13,6,0,Left,2.0,4.0
S051,12,15,0,1,Right,0.5,2.5
S051,12,15,1,1,Right,0.75,2.75
S051,12,15,2,1,Right,1.0,3.0
S051,12,15,3,1,Right,1.25,3.25
S051,12,15,4,1,Right,1.5,3.5
S051,12,15,5,1,Right,1.75,3.75
S051,12,15,6,1,Right,2.0,4.0
S051,12,17,0,1,Right,0.5,2.5
S051,12,17,1,1,Right,0.75,2.75
S051,12,17,2,1,Right,1.0,3.0
S051,12,17,3,1,Right,1.25,3.25
S051,12,17,4,1,Right,1.5,3.5
S051,12,17,5,1,Right,1.75,3.75
S051,12,17,6,1,Right,2.0,4.0
S051,12,19,0,0,Left,0.5,2.5
S051,12,19,1,0,Left,0.75,2.75
S051,12,19,2,0,Left,1.0,3.0
S051,12,19,3,0,Left,1.25,3.25
S051,12,19,4,0,Left,1.5,3.5
S051,12,19,5,0,Left,1.75,3.75
S051,12,19,6,0,Left,2.0,4.0
S051,12,21,0,0,Left,0.5,2.5
S051,12,21,1,0,Left,0.75,2.75
S051,12,21,2,0,Left,1.0,3.0
S051,12,21,3,0,Left,1.25,3.25
S051,12,21,4,0,Left,1.5,3.5
S051,12,21,5,0,Left,1.75,3.75
S051,12,21,6,0,Left,2.0,4.0
S051,12,23,0,1,Right,0.5,2.5
S051,12,23,1,1,Right,0.75,2.75
S051,12,23,2,1,Right,1.0,3.0
S051,12,23,3,1,Right,1.25,3.25
S051,12,23,4,1,Right,1.5,3.5
S051,12,23,5,1,Right,1.75,3.75
S051,12,23,6,1,Right,2.0,4.0
S051,12,25,0,1,Right,0.5,2.5
S051,12,25,1,1,Right,0.75,2.75
S051,12,25,2,1,Right,1.0,3.0
S051,12,25,3,1,Right,1.25,3.25
S051,12,25,4,1,Right,1.5,3.5
S051,12,25,5,1,Right,1.75,3.75
S051,12,25,6,1,Right,2.0,4.0
S051,12,27,0,0,Left,0.5,2.5
S051,12,27,1,0,Left,0.75,2.75
S051,12,27,2,0,Left,1.0,3.0
S051,12,27,3,0,Left,1.25,3.25
S051,12,27,4,0,Left,1.5,3.5
S051,12,27,5,0,Left,1.75,3.75
S051,12,27,6,0,Left,2.0,4.0
S051,12,29,0,0,Left,0.5,2.5
S051,12,29,1,0,Left,0.75,2.75
S051,12,29,2,0,Left,1.0,3.0
S051,12,29,3,0,Left,1.25,3.25
S051,12,29,4,0,Left,1.5,3.5
S051,12,29,5,0,Left,1.75,3.75
S051,12,29,6,0,Left,2.0,4.0
S052,04,1,0,0,Left,0.5,2.5
S052,04,1,1,0,Left,0.75,2.75
S052,04,1,2,0,Left,1.0,3.0
S052,04,1,3,0,Left,1.25,3.25
S052,04,1,4,0,Left,1.5,3.5
S052,04,1,5,0,Left,1.75,3.75
S052,04,1,6,0,Left,2.0,4.0
S052,04,3,0,1,Right,0.5,2.5
S052,04,3,1,1,Right,0.75,2.75
S052,04,3,2,1,Right,1.0,3.0
S052,04,3,3,1,Right,1.25,3.25
S052,04,3,4,1,Right,1.5,3.5
S052,04,3,5,1,Right,1.75,3.75
S052,04,3,6,1,Right,2.0,4.0
S052,04,5,4,1,Right,1.5,3.5
S052,04,5,5,1,Right,1.75,3.75
S052,04,5,6,1,Right,2.0,4.0
S052,04,7,0,0,Left,0.5,2.5
S052,04,7,1,0,Left,0.75,2.75
S052,04,7,2,0,Left,1.0,3.0
S052,04,7,3,0,Left,1.25,3.25
S052,04,7,4,0,Left,1.5,3.5
S052,04,7,5,0,Left,1.75,3.75
S052,04,7,6,0,Left,2.0,4.0
S052,04,9,0,1,Right,0.5,2.5
S052,04,9,1,1,Right,0.75,2.75
S052,04,9,2,1,Right,1.0,3.0
S052,04,9,3,1,Right,1.25,3.25
S052,04,9,4,1,Right,1.5,3.5
S052,04,9,5,1,Right,1.75,3.75
S052,04,9,6,1,Right,2.0,4.0
S052,04,11,0,0,Left,0.5,2.5
S052,04,11,1,0,Left,0.75,2.75
S052,04,11,2,0,Left,1.0,3.0
S052,04,11,3,0,Left,1.25,3.25
S052,04,11,4,0,Left,1.5,3.5
S052,04,11,5,0,Left,1.75,3.75
S052,04,11,6,0,Left,2.0,4.0
S052,04,13,0,1,Right,0.5,2.5
S052,04,13,1,1,Right,0.75,2.75
S052,04,13,2,1,Right,1.0,3.0
S052,04,13,3,1,Right,1.25,3.25
S052,04,13,4,1,Right,1.5,3.5
S052,04,13,5,1,Right,1.75,3.75
S052,04,13,6,1,Right,2.0,4.0
S052,04,17,0,1,Right,0.5,2.5
S052,04,17,1,1,Right,0.75,2.75
S052,04,17,2,1,Right,1.0,3.0
S052,04,17,3,1,Right,1.25,3.25
S052,04,17,4,1,Right,1.5,3.5
S052,04,17,5,1,Right,1.75,3.75
S052,04,17,6,1,Right,2.0,4.0
S052,04,19,0,0,Left,0.5,2.5
S052,04,19,1,0,Left,0.75,2.75
S052,04,19,2,0,Left,1.0,3.0
S052,04,19,3,0,Left,1.25,3.25
S052,04,19,4,0,Left,1.5,3.5
S052,04,19,5,0,Left,1.75,3.75
S052,04,21,0,0,Left,0.5,2.5
S052,04,21,1,0,Left,0.75,2.75
S052,04,21,2,0,Left,1.0,3.0
S052,04,21,3,0,Left,1.25,3.25
S052,04,21,4,0,Left,1.5,3.5
S052,04,21,5,0,Left,1.75,3.75
S052,04,21,6,0,Left,2.0,4.0
S052,04,23,0,1,Right,0.5,2.5
S052,04,23,1,1,Right,0.75,2.75
S052,04,23,2,1,Right,1.0,3.0
S052,04,23,3,1,Right,1.25,3.25
S052,04,23,4,1,Right,1.5,3.5
S052,04,23,5,1,Right,1.75,3.75
S052,04,23,6,1,Right,2.0,4.0
S052,04,25,0,1,Right,0.5,2.5
S052,04,25,1,1,Right,0.75,2.75
S052,04,27,5,0,Left,1.75,3.75
S052,04,27,6,0,Left,2.0,4.0
S052,08,1,0,1,Right,0.5,2.5
S052,08,1,1,1,Right,0.75,2.75
S052,08,1,2,1,Right,1.0,3.0
S052,08,1,3,1,Right,1.25,3.25
S052,08,1,4,1,Right,1.5,3.5
S052,08,1,5,1,Right,1.75,3.75
S052,08,1,6,1,Right,2.0,4.0
S052,08,3,0,0,Left,0.5,2.5
S052,08,3,1,0,Left,0.75,2.75
S052,08,3,2,0,Left,1.0,3.0
S052,08,3,3,0,Left,1.25,3.25
S052,08,5,0,0,Left,0.5,2.5
S052,08,5,1,0,Left,0.75,2.75
S052,08,5,2,0,Left,1.0,3.0
S052,08,5,3,0,Left,1.25,3.25
S052,08,5,4,0,Left,1.5,3.5
S052,08,9,0,0,Left,0.5,2.5
S052,08,9,1,0,Left,0.75,2.75
S052,08,9,2,0,Left,1.0,3.0
S052,08,9,3,0,Left,1.25,3.25
S052,08,9,4,0,Left,1.5,3.5
S052,08,11,1,1,Right,0.75,2.75
S052,08,11,2,1,Right,1.0,3.0
S052,08,13,0,1,Right,0.5,2.5
S052,08,13,1,1,Right,0.75,2.75
S052,08,15,0,0,Left,0.5,2.5
S052,08,15,1,0,Left,0.75,2.75
S052,08,15,2,0,Left,1.0,3.0
S052,08,15,3,0,Left,1.25,3.25
S052,08,15,4,0,Left,1.5,3.5
S052,08,19,0,0,Left,0.5,2.5
S052,08,19,1,0,Left,0.75,2.75
S052,08,19,2,0,Left,1.0,3.0
S052,08,19,3,0,Left,1.25,3.25
S052,08,19,4,0,Left,1.5,3.5
S052,08,19,5,0,Left,1.75,3.75
S052,08,21,5,1,Right,1.75,3.75
S052,08,21,6,1,Right,2.0,4.0
S052,08,25,0,1,Right,0.5,2.5
S052,08,25,1,1,Right,0.75,2.75
S052,08,25,2,1,Right,1.0,3.0
S052,08,25,3,1,Right,1.25,3.25
S052,08,25,4,1,Right,1.5,3.5
S052,08,25,5,1,Right,1.75,3.75
S052,08,25,6,1,Right,2.0,4.0
S052,08,27,0,0,Left,0.5,2.5
S052,08,27,1,0,Left,0.75,2.75
S052,08,27,2,0,Left,1.0,3.0
S052,08,27,3,0,Left,1.25,3.25
S052,08,27,4,0,Left,1.5,3.5
S052,08,27,5,0,Left,1.75,3.75
S052,08,27,6,0,Left,2.0,4.0
S052,08,29,0,0,Left,0.5,2.5
S052,08,29,1,0,Left,0.75,2.75
S052,12,1,0,1,Right,0.5,2.5
S052,12,1,1,1,Right,0.75,2.75
S052,12,1,2,1,Right,1.0,3.0
S052,12,1,3,1,Right,1.25,3.25
S052,12,1,4,1,Right,1.5,3.5
S052,12,1,5,1,Right,1.75,3.75
S052,12,1,6,1,Right,2.0,4.0
S052,12,3,0,0,Left,0.5,2.5
S052,12,3,1,0,Left,0.75,2.75
S052,12,3,2,0,Left,1.0,3.0
S052,12,3,3,0,Left,1.25,3.25
S052,12,3,4,0,Left,1.5,3.5
S052,12,3,5,0,Left,1.75,3.75
S052,12,3,6,0,Left,2.0,4.0
S052,12,7,0,0,Left,0.5,2.5
S052,12,7,1,0,Left,0.75,2.75
S052,12,7,2,0,Left,1.0,3.0
S052,12,7,3,0,Left,1.25,3.25
S052,12,7,4,0,Left,1.5,3.5
S052,12,7,5,0,Left,1.75,3.75
S052,12,9,0,0,Left,0.5,2.5
S052,12,9,1,0,Left,0.75,2.75
S052,12,9,2,0,Left,1.0,3.0
S052,12,9,3,0,Left,1.25,3.25
S052,12,9,4,0,Left,1.5,3.5
S052,12,9,5,0,Left,1.75,3.75
S052,12,9,6,0,Left,2.0,4.0
S052,12,13,0,0,Left,0.5,2.5
S052,12,13,1,0,Left,0.75,2.75
S052,12,13,2,0,Left,1.0,3.0
S052,12,17,0,1,Right,0.5,2.5
S052,12,19,0,0,Left,0.5,2.5
S052,12,19,1,0,Left,0.75,2.75
S052,12,19,2,0,Left,1.0,3.0
S052,12,19,3,0,Left,1.25,3.25
S052,12,21,0,0,Left,0.5,2.5
S052,12,21,1,0,Left,0.75,2.75
S052,12,21,2,0,Left,1.0,3.0
S052,12,21,3,0,Left,1.25,3.25
S052,12,21,4,0,Left,1.5,3.5
S052,12,21,5,0,Left,1.75,3.75
S052,12,21,6,0,Left,2.0,4.0
S052,12,25,0,0,Left,0.5,2.5
S052,12,25,1,0,Left,0.75,2.75
S052,12,25,2,0,Left,1.0,3.0
S052,12,25,3,0,Left,1.25,3.25
S052,12,25,4,0,Left,1.5,3.5
S052,12,25,5,0,Left,1.75,3.75
S052,12,25,6,0,Left,2.0,4.0
S052,12,27,0,1,Right,0.5,2.5
S052,12,27,1,1,Right,0.75,2.75
S052,12,27,2,1,Right,1.0,3.0
S052,12,27,3,1,Right,1.25,3.25
S052,12,27,4,1,Right,1.5,3.5
S052,12,27,5,1,Right,1.75,3.75
S052,12,27,6,1,Right,2.0,4.0
S053,04,1,4,0,Left,1.5,3.5
S053,04,3,6,1,Right,2.0,4.0
S053,04,5,1,0,Left,0.75,2.75
S053,04,5,2,0,Left,1.0,3.0
S053,04,5,3,0,Left,1.25,3.25
S053,04,5,4,0,Left,1.5,3.5
S053,04,7,5,1,Right,1.75,3.75
S053,04,7,6,1,Right,2.0,4.0
S053,04,9,0,0,Left,0.5,2.5
S053,04,9,1,0,Left,0.75,2.75
S053,04,13,0,0,Left,0.5,2.5
S053,04,13,1,0,Left,0.75,2.75
S053,04,13,2,0,Left,1.0,3.0
S053,04,13,3,0,Left,1.25,3.25
S053,04,13,4,0,Left,1.5,3.5
S053,04,13,5,0,Left,1.75,3.75
S053,04,13,6,0,Left,2.0,4.0
S053,04,15,0,1,Right,0.5,2.5
S053,04,15,1,1,Right,0.75,2.75
S053,04,15,2,1,Right,1.0,3.0
S053,04,15,3,1,Right,1.25,3.25
S053,04,15,4,1,Right,1.5,3.5
S053,04,15,5,1,Right,1.75,3.75
S053,04,15,6,1,Right,2.0,4.0
S053,04,17,0,0,Left,0.5,2.5
S053,04,19,0,1,Right,0.5,2.5
S053,04,19,1,1,Right,0.75,2.75
S053,04,23,0,1,Right,0.5,2.5
S053,04,23,1,1,Right,0.75,2.75
S053,04,23,2,1,Right,1.0,3.0
S053,04,23,3,1,Right,1.25,3.25
S053,04,23,4,1,Right,1.5,3.5
S053,04,23,5,1,Right,1.75,3.75
S053,04,23,6,1,Right,2.0,4.0
S053,04,25,0,0,Left,0.5,2.5
S053,04,25,1,0,Left,0.75,2.75
S053,04,25,2,0,Left,1.0,3.0
S053,04,27,5,1,Right,1.75,3.75
S053,08,7,0,1,Right,0.5,2.5
S053,08,9,0,1,Right,0.5,2.5
S053,08,9,1,1,Right,0.75,2.75
S053,08,9,2,1,Right,1.0,3.0
S053,08,9,3,1,Right,1.25,3.25
S053,08,9,4,1,Right,1.5,3.5
S053,08,9,5,1,Right,1.75,3.75
S053,08,9,6,1,Right,2.0,4.0
S053,08,23,5,1,Right,1.75,3.75
S053,08,23,6,1,Right,2.0,4.0
S053,08,25,6,0,Left,2.0,4.0
S053,08,29,0,1,Right,0.5,2.5
S053,12,1,0,1,Right,0.5,2.5
S053,12,1,1,1,Right,0.75,2.75
S053,12,1,2,1,Right,1.0,3.0
S053,12,1,3,1,Right,1.25,3.25
S053,12,1,4,1,Right,1.5,3.5
S053,12,1,5,1,Right,1.75,3.75
S053,12,1,6,1,Right,2.0,4.0
S053,12,5,2,0,Left,1.0,3.0
S053,12,9,0,0,Left,0.5,2.5
S053,12,9,1,0,Left,0.75,2.75
S053,12,11,0,1,Right,0.5,2.5
S053,12,11,1,1,Right,0.75,2.75
S053,12,11,2,1,Right,1.0,3.0
S053,12,11,3,1,Right,1.25,3.25
S053,12,11,4,1,Right,1.5,3.5
S053,12,11,5,1,Right,1.75,3.75
S053,12,11,6,1,Right,2.0,4.0
S053,12,13,2,1,Right,1.0,3.0
S053,12,13,3,1,Right,1.25,3.25
S053,12,13,4,1,Right,1.5,3.5
S053,12,13,5,1,Right,1.75,3.75
S053,12,13,6,1,Right,2.0,4.0
S053,12,17,6,0,Left,2.0,4.0
S053,12,21,2,0,Left,1.0,3.0
S053,12,23,0,1,Right,0.5,2.5
S053,12,23,1,1,Right,0.75,2.75
S053,12,23,2,1,Right,1.0,3.0
S053,12,23,3,1,Right,1.25,3.25
S053,12,23,4,1,Right,1.5,3.5
S053,12,23,5,1,Right,1.75,3.75
S053,12,23,6,1,Right,2.0,4.0
S053,12,25,0,1,Right,0.5,2.5
S053,12,25,1,1,Right,0.75,2.75
S053,12,27,0,0,Left,0.5,2.5
S053,12,27,1,0,Left,0.75,2.75
S053,12,27,2,0,Left,1.0,3.0
S053,12,27,3,0,Left,1.25,3.25
S053,12,27,4,0,Left,1.5,3.5
S053,12,27,5,0,Left,1.75,3.75
S053,12,27,6,0,Left,2.0,4.0
S056,04,1,6,1,Right,2.0,4.0
S056,04,3,0,0,Left,0.5,2.5
S056,04,3,1,0,Left,0.75,2.75
S056,04,3,2,0,Left,1.0,3.0
S056,04,3,3,0,Left,1.25,3.25
S056,04,3,4,0,Left,1.5,3.5
S056,04,3,5,0,Left,1.75,3.75
S056,04,3,6,0,Left,2.0,4.0
S056,04,7,0,0,Left,0.5,2.5
S056,04,7,1,0,Left,0.75,2.75
S056,04,7,2,0,Left,1.0,3.0
S056,04,7,3,0,Left,1.25,3.25
S056,04,7,4,0,Left,1.5,3.5
S056,04,7,5,0,Left,1.75,3.75
S056,04,7,6,0,Left,2.0,4.0
S056,04,13,5,1,Right,1.75,3.75
S056,04,13,6,1,Right,2.0,4.0
S056,04,17,0,0,Left,0.5,2.5
S056,04,21,0,1,Right,0.5,2.5
S056,04,27,0,1,Right,0.5,2.5
S056,04,29,1,1,Right,0.75,2.75
S056,04,29,2,1,Right,1.0,3.0
S056,04,29,3,1,Right,1.25,3.25
S056,04,29,4,1,Right,1.5,3.5
S056,04,29,5,1,Right,1.75,3.75
S056,08,1,0,1,Right,0.5,2.5
S056,08,1,1,1,Right,0.75,2.75
S056,08,1,2,1,Right,1.0,3.0
S056,08,1,3,1,Right,1.25,3.25
S056,08,1,4,1,Right,1.5,3.5
S056,08,1,5,1,Right,1.75,3.75
S056,08,1,6,1,Right,2.0,4.0
S056,08,5,0,0,Left,0.5,2.5
S056,08,7,1,1,Right,0.75,2.75
S056,08,7,2,1,Right,1.0,3.0
S056,08,7,3,1,Right,1.25,3.25
S056,08,13,3,0,Left,1.25,3.25
S056,08,13,4,0,Left,1.5,3.5
S056,08,13,5,0,Left,1.75,3.75
S056,08,13,6,0,Left,2.0,4.0
S056,08,17,0,1,Right,0.5,2.5
S056,08,17,1,1,Right,0.75,2.75
S056,08,17,2,1,Right,1.0,3.0
S056,08,21,6,0,Left,2.0,4.0
S056,08,25,3,1,Right,1.25,3.25
S056,08,25,4,1,Right,1.5,3.5
S056,08,25,5,1,Right,1.75,3.75
S056,08,25,6,1,Right,2.0,4.0
S056,12,5,4,0,Left,1.5,3.5
S056,12,5,5,0,Left,1.75,3.75
S056,12,5,6,0,Left,2.0,4.0
S056,12,7,0,1,Right,0.5,2.5
S056,12,7,1,1,Right,0.75,2.75
S056,12,7,2,1,Right,1.0,3.0
S056,12,13,0,0,Left,0.5,2.5
S056,12,21,5,1,Right,1.75,3.75
S056,12,21,6,1,Right,2.0,4.0
S057,04,1,0,1,Right,0.5,2.5
S057,04,1,1,1,Right,0.75,2.75
S057,04,1,2,1,Right,1.0,3.0
S057,04,1,3,1,Right,1.25,3.25
S057,04,1,4,1,Right,1.5,3.5
S057,04,1,5,1,Right,1.75,3.75
S057,04,1,6,1,Right,2.0,4.0
S057,04,3,1,0,Left,0.75,2.75
S057,04,3,2,0,Left,1.0,3.0
S057,04,3,3,0,Left,1.25,3.25
S057,04,3,4,0,Left,1.5,3.5
S057,04,3,5,0,Left,1.75,3.75
S057,04,3,6,0,Left,2.0,4.0
S057,04,5,0,0,Left,0.5,2.5
S057,04,5,1,0,Left,0.75,2.75
S057,04,5,2,0,Left,1.0,3.0
S057,04,5,3,0,Left,1.25,3.25
S057,04,5,4,0,Left,1.5,3.5
S057,04,5,5,0,Left,1.75,3.75
S057,04,5,6,0,Left,2.0,4.0
S057,04,7,0,1,Right,0.5,2.5
S057,04,7,1,1,Right,0.75,2.75
S057,04,7,2,1,Right,1.0,3.0
S057,04,7,3,1,Right,1.25,3.25
S057,04,7,4,1,Right,1.5,3.5
S057,04,7,5,1,Right,1.75,3.75
S057,04,7,6,1,Right,2.0,4.0
S057,04,9,0,0,Left,0.5,2.5
S057,04,9,1,0,Left,0.75,2.75
S057,04,9,2,0,Left,1.0,3.0
S057,04,9,3,0,Left,1.25,3.25
S057,04,9,4,0,Left,1.5,3.5
S057,04,9,5,0,Left,1.75,3.75
S057,04,9,6,0,Left,2.0,4.0
S057,04,11,0,1,Right,0.5,2.5
S057,04,11,1,1,Right,0.75,2.75
S057,04,11,2,1,Right,1.0,3.0
S057,04,11,3,1,Right,1.25,3.25
S057,04,11,4,1,Right,1.5,3.5
S057,04,11,5,1,Right,1.75,3.75
S057,04,11,6,1,Right,2.0,4.0
S057,04,13,0,1,Right,0.5,2.5
S057,04,13,1,1,Right,0.75,2.75
S057,04,13,2,1,Right,1.0,3.0
S057,04,13,3,1,Right,1.25,3.25
S057,04,13,4,1,Right,1.5,3.5
S057,04,13,5,1,Right,1.75,3.75
S057,04,13,6,1,Right,2.0,4.0
S057,04,15,0,0,Left,0.5,2.5
S057,04,15,1,0,Left,0.75,2.75
S057,04,15,2,0,Left,1.0,3.0
S057,04,15,3,0,Left,1.25,3.25
S057,04,15,4,0,Left,1.5,3.5
S057,04,15,5,0,Left,1.75,3.75
S057,04,15,6,0,Left,2.0,4.0
S057,04,17,0,0,Left,0.5,2.5
S057,04,17,1,0,Left,0.75,2.75
S057,04,17,2,0,Left,1.0,3.0
S057,04,17,3,0,Left,1.25,3.25
S057,04,17,4,0,Left,1.5,3.5
S057,04,17,5,0,Left,1.75,3.75
S057,04,17,6,0,Left,2.0,4.0
S057,04,19,0,1,Right,0.5,2.5
S057,04,19,1,1,Right,0.75,2.75
S057,04,19,2,1,Right,1.0,3.0
S057,04,19,3,1,Right,1.25,3.25
S057,04,19,4,1,Right,1.5,3.5
S057,04,19,5,1,Right,1.75,3.75
S057,04,19,6,1,Right,2.0,4.0
S057,04,21,0,0,Left,0.5,2.5
S057,04,21,1,0,Left,0.75,2.75
S057,04,21,2,0,Left,1.0,3.0
S057,04,21,3,0,Left,1.25,3.25
S057,04,21,4,0,Left,1.5,3.5
S057,04,21,5,0,Left,1.75,3.75
S057,04,21,6,0,Left,2.0,4.0
S057,04,23,0,1,Right,0.5,2.5
S057,04,23,1,1,Right,0.75,2.75
S057,04,23,2,1,Right,1.0,3.0
S057,04,23,3,1,Right,1.25,3.25
S057,04,23,4,1,Right,1.5,3.5
S057,04,23,5,1,Right,1.75,3.75
S057,04,23,6,1,Right,2.0,4.0
S057,04,25,0,0,Left,0.5,2.5
S057,04,25,1,0,Left,0.75,2.75
S057,04,25,2,0,Left,1.0,3.0
S057,04,25,3,0,Left,1.25,3.25
S057,04,25,4,0,Left,1.5,3.5
S057,04,25,5,0,Left,1.75,3.75
S057,04,25,6,0,Left,2.0,4.0
S057,04,27,0,1,Right,0.5,2.5
S057,04,27,1,1,Right,0.75,2.75
S057,04,27,2,1,Right,1.0,3.0
S057,04,27,3,1,Right,1.25,3.25
S057,04,27,4,1,Right,1.5,3.5
S057,04,27,5,1,Right,1.75,3.75
S057,04,27,6,1,Right,2.0,4.0
S057,04,29,0,0,Left,0.5,2.5
S057,04,29,1,0,Left,0.75,2.75
S057,04,29,2,0,Left,1.0,3.0
S057,04,29,3,0,Left,1.25,3.25
S057,04,29,4,0,Left,1.5,3.5
S057,04,29,5,0,Left,1.75,3.75
S057,04,29,6,0,Left,2.0,4.0
S057,08,1,0,1,Right,0.5,2.5
S057,08,1,1,1,Right,0.75,2.75
S057,08,1,2,1,Right,1.0,3.0
S057,08,1,3,1,Right,1.25,3.25
S057,08,1,4,1,Right,1.5,3.5
S057,08,1,5,1,Right,1.75,3.75
S057,08,1,6,1,Right,2.0,4.0
S057,08,3,0,0,Left,0.5,2.5
S057,08,3,1,0,Left,0.75,2.75
S057,08,3,2,0,Left,1.0,3.0
S057,08,3,3,0,Left,1.25,3.25
S057,08,3,4,0,Left,1.5,3.5
S057,08,3,5,0,Left,1.75,3.75
S057,08,3,6,0,Left,2.0,4.0
S057,08,5,0,1,Right,0.5,2.5
S057,08,5,1,1,Right,0.75,2.75
S057,08,5,2,1,Right,1.0,3.0
S057,08,5,3,1,Right,1.25,3.25
S057,08,5,4,1,Right,1.5,3.5
S057,08,5,5,1,Right,1.75,3.75
S057,08,5,6,1,Right,2.0,4.0
S057,08,7,0,0,Left,0.5,2.5
S057,08,7,1,0,Left,0.75,2.75
S057,08,7,2,0,Left,1.0,3.0
S057,08,7,3,0,Left,1.25,3.25
S057,08,7,4,0,Left,1.5,3.5
S057,08,7,5,0,Left,1.75,3.75
S057,08,7,6,0,Left,2.0,4.0
S057,08,9,0,0,Left,0.5,2.5
S057,08,9,1,0,Left,0.75,2.75
S057,08,9,2,0,Left,1.0,3.0
S057,08,9,3,0,Left,1.25,3.25
S057,08,9,4,0,Left,1.5,3.5
S057,08,9,5,0,Left,1.75,3.75
S057,08,9,6,0,Left,2.0,4.0
S057,08,11,0,1,Right,0.5,2.5
S057,08,11,1,1,Right,0.75,2.75
S057,08,11,2,1,Right,1.0,3.0
S057,08,11,3,1,Right,1.25,3.25
S057,08,11,4,1,Right,1.5,3.5
S057,08,11,5,1,Right,1.75,3.75
S057,08,11,6,1,Right,2.0,4.0
S057,08,13,0,0,Left,0.5,2.5
S057,08,13,1,0,Left,0.75,2.75
S057,08,13,2,0,Left,1.0,3.0
S057,08,13,3,0,Left,1.25,3.25
S057,08,13,4,0,Left,1.5,3.5
S057,08,13,5,0,Left,1.75,3.75
S057,08,13,6,0,Left,2.0,4.0
S057,08,15,0,1,Right,0.5,2.5
S057,08,15,1,1,Right,0.75,2.75
S057,08,15,2,1,Right,1.0,3.0
S057,08,15,3,1,Right,1.25,3.25
S057,08,17,3,1,Right,1.25,3.25
S057,08,17,4,1,Right,1.5,3.5
S057,08,17,5,1,Right,1.75,3.75
S057,08,17,6,1,Right,2.0,4.0
S057,08,19,0,0,Left,0.5,2.5
S057,08,19,1,0,Left,0.75,2.75
S057,08,19,2,0,Left,1.0,3.0
S057,08,19,3,0,Left,1.25,3.25
S057,08,19,4,0,Left,1.5,3.5
S057,08,19,5,0,Left,1.75,3.75
S057,08,19,6,0,Left,2.0,4.0
S057,08,21,0,1,Right,0.5,2.5
S057,08,21,1,1,Right,0.75,2.75
S057,08,21,2,1,Right,1.0,3.0
S057,08,21,3,1,Right,1.25,3.25
S057,08,21,4,1,Right,1.5,3.5
S057,08,21,5,1,Right,1.75,3.75
S057,08,21,6,1,Right,2.0,4.0
S057,08,23,0,0,Left,0.5,2.5
S057,08,23,1,0,Left,0.75,2.75
S057,08,23,2,0,Left,1.0,3.0
S057,08,23,3,0,Left,1.25,3.25
S057,08,23,4,0,Left,1.5,3.5
S057,08,23,5,0,Left,1.75,3.75
S057,08,23,6,0,Left,2.0,4.0
S057,08,25,0,1,Right,0.5,2.5
S057,08,25,1,1,Right,0.75,2.75
S057,08,25,2,1,Right,1.0,3.0
S057,08,25,3,1,Right,1.25,3.25
S057,08,25,4,1,Right,1.5,3.5
S057,08,25,5,1,Right,1.75,3.75
S057,08,25,6,1,Right,2.0,4.0
S057,08,27,0,0,Left,0.5,2.5
S057,08,27,1,0,Left,0.75,2.75
S057,08,27,2,0,Left,1.0,3.0
S057,08,27,3,0,Left,1.25,3.25
S057,08,27,4,0,Left,1.5,3.5
S057,08,27,5,0,Left,1.75,3.75
S057,08,27,6,0,Left,2.0,4.0
S057,08,29,0,0,Left,0.5,2.5
S057,08,29,1,0,Left,0.75,2.75
S057,08,29,2,0,Left,1.0,3.0
S057,08,29,3,0,Left,1.25,3.25
S057,08,29,4,0,Left,1.5,3.5
S057,08,29,5,0,Left,1.75,3.75
S057,08,29,6,0,Left,2.0,4.0
S057,12,1,0,0,Left,0.5,2.5
S057,12,1,1,0,Left,0.75,2.75
S057,12,1,2,0,Left,1.0,3.0
S057,12,1,3,0,Left,1.25,3.25
S057,12,1,4,0,Left,1.5,3.5
S057,12,1,5,0,Left,1.75,3.75
S057,12,1,6,0,Left,2.0,4.0
S057,12,3,0,1,Right,0.5,2.5
S057,12,3,1,1,Right,0.75,2.75
S057,12,3,2,1,Right,1.0,3.0
S057,12,3,3,1,Right,1.25,3.25
S057,12,3,4,1,Right,1.5,3.5
S057,12,3,5,1,Right,1.75,3.75
S057,12,3,6,1,Right,2.0,4.0
S057,12,5,0,0,Left,0.5,2.5
S057,12,5,1,0,Left,0.75,2.75
S057,12,5,2,0,Left,1.0,3.0
S057,12,5,3,0,Left,1.25,3.25
S057,12,5,4,0,Left,1.5,3.5
S057,12,5,5,0,Left,1.75,3.75
S057,12,5,6,0,Left,2.0,4.0
S057,12,7,0,1,Right,0.5,2.5
S057,12,7,1,1,Right,0.75,2.75
S057,12,7,2,1,Right,1.0,3.0
S057,12,7,3,1,Right,1.25,3.25
S057,12,7,4,1,Right,1.5,3.5
S057,12,7,5,1,Right,1.75,3.75
S057,12,7,6,1,Right,2.0,4.0
S057,12,9,0,1,Right,0.5,2.5
S057,12,9,1,1,Right,0.75,2.75
S057,12,9,2,1,Right,1.0,3.0
S057,12,9,3,1,Right,1.25,3.25
S057,12,9,4,1,Right,1.5,3.5
S057,12,9,5,1,Right,1.75,3.75
S057,12,9,6,1,Right,2.0,4.0
S057,12,11,0,0,Left,0.5,2.5
S057,12,11,1,0,Left,0.75,2.75
S057,12,11,2,0,Left,1.0,3.0
S057,12,11,3,0,Left,1.25,3.25
S057,12,11,4,0,Left,1.5,3.5
S057,12,11,5,0,Left,1.75,3.75
S057,12,11,6,0,Left,2.0,4.0
S057,12,13,0,0,Left,0.5,2.5
S057,12,13,1,0,Left,0.75,2.75
S057,12,15,0,1,Right,0.5,2.5
S057,12,15,1,1,Right,0.75,2.75
S057,12,15,2,1,Right,1.0,3.0
S057,12,15,3,1,Right,1.25,3.25
S057,12,17,0,0,Left,0.5,2.5
S057,12,17,1,0,Left,0.75,2.75
S057,12,17,2,0,Left,1.0,3.0
S057,12,17,3,0,Left,1.25,3.25
S057,12,17,4,0,Left,1.5,3.5
S057,12,17,5,0,Left,1.75,3.75
S057,12,17,6,0,Left,2.0,4.0
S057,12,19,0,1,Right,0.5,2.5
S057,12,19,1,1,Right,0.75,2.75
S057,12,19,2,1,Right,1.0,3.0
S057,12,19,3,1,Right,1.25,3.25
S057,12,19,4,1,Right,1.5,3.5
S057,12,19,5,1,Right,1.75,3.75
S057,12,19,6,1,Right,2.0,4.0
S057,12,21,0,1,Right,0.5,2.5
S057,12,21,1,1,Right,0.75,2.75
S057,12,21,2,1,Right,1.0,3.0
S057,12,21,3,1,Right,1.25,3.25
S057,12,21,4,1,Right,1.5,3.5
S057,12,21,5,1,Right,1.75,3.75
S057,12,21,6,1,Right,2.0,4.0
S057,12,23,0,0,Left,0.5,2.5
S057,12,23,1,0,Left,0.75,2.75
S057,12,23,2,0,Left,1.0,3.0
S057,12,23,3,0,Left,1.25,3.25
S057,12,23,4,0,Left,1.5,3.5
S057,12,23,5,0,Left,1.75,3.75
S057,12,23,6,0,Left,2.0,4.0
S057,12,25,0,0,Left,0.5,2.5
S057,12,25,1,0,Left,0.75,2.75
S057,12,25,2,0,Left,1.0,3.0
S057,12,25,3,0,Left,1.25,3.25
S057,12,25,4,0,Left,1.5,3.5
S057,12,25,5,0,Left,1.75,3.75
S057,12,25,6,0,Left,2.0,4.0
S057,12,27,0,1,Right,0.5,2.5
S057,12,27,1,1,Right,0.75,2.75
S057,12,27,2,1,Right,1.0,3.0
S057,12,27,3,1,Right,1.25,3.25
S057,12,27,4,1,Right,1.5,3.5
S057,12,27,5,1,Right,1.75,3.75
S057,12,27,6,1,Right,2.0,4.0
S057,12,29,0,0,Left,0.5,2.5
S057,12,29,1,0,Left,0.75,2.75
S057,12,29,2,0,Left,1.0,3.0
S057,12,29,3,0,Left,1.25,3.25
S057,12,29,4,0,Left,1.5,3.5
S057,12,29,5,0,Left,1.75,3.75
S057,12,29,6,0,Left,2.0,4.0
S058,04,1,0,0,Left,0.5,2.5
S058,04,1,1,0,Left,0.75,2.75
S058,04,1,2,0,Left,1.0,3.0
S058,04,1,3,0,Left,1.25,3.25
S058,04,1,4,0,Left,1.5,3.5
S058,04,1,5,0,Left,1.75,3.75
S058,04,1,6,0,Left,2.0,4.0
S058,04,3,0,1,Right,0.5,2.5
S058,04,3,1,1,Right,0.75,2.75
S058,04,3,2,1,Right,1.0,3.0
S058,04,3,3,1,Right,1.25,3.25
S058,04,3,4,1,Right,1.5,3.5
S058,04,3,5,1,Right,1.75,3.75
S058,04,3,6,1,Right,2.0,4.0
S058,04,5,0,1,Right,0.5,2.5
S058,04,5,1,1,Right,0.75,2.75
S058,04,5,2,1,Right,1.0,3.0
S058,04,5,3,1,Right,1.25,3.25
S058,04,5,4,1,Right,1.5,3.5
S058,04,5,5,1,Right,1.75,3.75
S058,04,5,6,1,Right,2.0,4.0
S058,04,7,0,0,Left,0.5,2.5
S058,04,7,1,0,Left,0.75,2.75
S058,04,7,2,0,Left,1.0,3.0
S058,04,7,3,0,Left,1.25,3.25
S058,04,7,4,0,Left,1.5,3.5
S058,04,7,5,0,Left,1.75,3.75
S058,04,7,6,0,Left,2.0,4.0
S058,04,9,0,0,Left,0.5,2.5
S058,04,9,1,0,Left,0.75,2.75
S058,04,9,2,0,Left,1.0,3.0
S058,04,9,3,0,Left,1.25,3.25
S058,04,9,4,0,Left,1.5,3.5
S058,04,9,5,0,Left,1.75,3.75
S058,04,9,6,0,Left,2.0,4.0
S058,04,11,0,1,Right,0.5,2.5
S058,04,11,1,1,Right,0.75,2.75
S058,04,11,2,1,Right,1.0,3.0
S058,04,11,3,1,Right,1.25,3.25
S058,04,11,4,1,Right,1.5,3.5
S058,04,11,5,1,Right,1.75,3.75
S058,04,11,6,1,Right,2.0,4.0
S058,04,13,0,1,Right,0.5,2.5
S058,04,13,1,1,Right,0.75,2.75
S058,04,13,2,1,Right,1.0,3.0
S058,04,13,3,1,Right,1.25,3.25
S058,04,13,4,1,Right,1.5,3.5
S058,04,13,5,1,Right,1.75,3.75
S058,04,13,6,1,Right,2.0,4.0
S058,04,15,0,0,Left,0.5,2.5
S058,04,15,1,0,Left,0.75,2.75
S058,04,15,2,0,Left,1.0,3.0
S058,04,15,3,0,Left,1.25,3.25
S058,04,15,4,0,Left,1.5,3.5
S058,04,15,5,0,Left,1.75,3.75
S058,04,15,6,0,Left,2.0,4.0
S058,04,17,0,0,Left,0.5,2.5
S058,04,17,1,0,Left,0.75,2.75
S058,04,17,2,0,Left,1.0,3.0
S058,04,17,3,0,Left,1.25,3.25
S058,04,17,4,0,Left,1.5,3.5
S058,04,17,5,0,Left,1.75,3.75
S058,04,17,6,0,Left,2.0,4.0
S058,04,19,0,1,Right,0.5,2.5
S058,04,19,1,1,Right,0.75,2.75
S058,04,19,2,1,Right,1.0,3.0
S058,04,19,3,1,Right,1.25,3.25
S058,04,19,4,1,Right,1.5,3.5
S058,04,19,5,1,Right,1.75,3.75
S058,04,19,6,1,Right,2.0,4.0
S058,04,21,0,0,Left,0.5,2.5
S058,04,21,1,0,Left,0.75,2.75
S058,04,21,2,0,Left,1.0,3.0
S058,04,21,3,0,Left,1.25,3.25
S058,04,21,4,0,Left,1.5,3.5
S058,04,21,5,0,Left,1.75,3.75
S058,04,21,6,0,Left,2.0,4.0
S058,04,23,0,1,Right,0.5,2.5
S058,04,23,1,1,Right,0.75,2.75
S058,04,23,2,1,Right,1.0,3.0
S058,04,23,3,1,Right,1.25,3.25
S058,04,23,4,1,Right,1.5,3.5
S058,04,23,5,1,Right,1.75,3.75
S058,04,23,6,1,Right,2.0,4.0
S058,04,25,0,1,Right,0.5,2.5
S058,04,25,1,1,Right,0.75,2.75
S058,04,25,2,1,Right,1.0,3.0
S058,04,25,3,1,Right,1.25,3.25
S058,04,25,4,1,Right,1.5,3.5
S058,04,25,5,1,Right,1.75,3.75
S058,04,25,6,1,Right,2.0,4.0
S058,04,27,0,0,Left,0.5,2.5
S058,04,27,1,0,Left,0.75,2.75
S058,04,27,2,0,Left,1.0,3.0
S058,04,27,3,0,Left,1.25,3.25
S058,04,27,4,0,Left,1.5,3.5
S058,04,27,5,0,Left,1.75,3.75
S058,04,27,6,0,Left,2.0,4.0
S058,04,29,0,0,Left,0.5,2.5
S058,04,29,1,0,Left,0.75,2.75
S058,04,29,2,0,Left,1.0,3.0
S058,04,29,3,0,Left,1.25,3.25
S058,04,29,4,0,Left,1.5,3.5
S058,04,29,5,0,Left,1.75,3.75
S058,04,29,6,0,Left,2.0,4.0
S058,08,1,0,0,Left,0.5,2.5
S058,08,1,1,0,Left,0.75,2.75
S058,08,1,2,0,Left,1.0,3.0
S058,08,1,3,0,Left,1.25,3.25
S058,08,1,4,0,Left,1.5,3.5
S058,08,1,5,0,Left,1.75,3.75
S058,08,1,6,0,Left,2.0,4.0
S058,08,3,0,1,Right,0.5,2.5
S058,08,3,1,1,Right,0.75,2.75
S058,08,3,2,1,Right,1.0,3.0
S058,08,3,3,1,Right,1.25,3.25
S058,08,3,4,1,Right,1.5,3.5
S058,08,3,5,1,Right,1.75,3.75
S058,08,3,6,1,Right,2.0,4.0
S058,08,5,0,0,Left,0.5,2.5
S058,08,5,1,0,Left,0.75,2.75
S058,08,5,2,0,Left,1.0,3.0
S058,08,5,3,0,Left,1.25,3.25
S058,08,5,4,0,Left,1.5,3.5
S058,08,5,5,0,Left,1.75,3.75
S058,08,5,6,0,Left,2.0,4.0
S058,08,7,0,1,Right,0.5,2.5
S058,08,7,1,1,Right,0.75,2.75
S058,08,7,2,1,Right,1.0,3.0
S058,08,7,3,1,Right,1.25,3.25
S058,08,7,4,1,Right,1.5,3.5
S058,08,7,5,1,Right,1.75,3.75
S058,08,7,6,1,Right,2.0,4.0
S058,08,9,0,0,Left,0.5,2.5
S058,08,9,1,0,Left,0.75,2.75
S058,08,9,2,0,Left,1.0,3.0
S058,08,9,3,0,Left,1.25,3.25
S058,08,9,4,0,Left,1.5,3.5
S058,08,9,5,0,Left,1.75,3.75
S058,08,9,6,0,Left,2.0,4.0
S058,08,11,0,1,Right,0.5,2.5
S058,08,11,1,1,Right,0.75,2.75
S058,08,11,2,1,Right,1.0,3.0
S058,08,11,3,1,Right,1.25,3.25
S058,08,11,4,1,Right,1.5,3.5
S058,08,11,5,1,Right,1.75,3.75
S058,08,11,6,1,Right,2.0,4.0
S058,08,13,0,1,Right,0.5,2.5
S058,08,13,1,1,Right,0.75,2.75
S058,08,13,2,1,Right,1.0,3.0
S058,08,13,3,1,Right,1.25,3.25
S058,08,13,4,1,Right,1.5,3.5
S058,08,13,5,1,Right,1.75,3.75
S058,08,13,6,1,Right,2.0,4.0
S058,08,15,0,0,Left,0.5,2.5
S058,08,15,1,0,Left,0.75,2.75
S058,08,15,2,0,Left,1.0,3.0
S058,08,15,3,0,Left,1.25,3.25
S058,08,15,4,0,Left,1.5,3.5
S058,08,15,5,0,Left,1.75,3.75
S058,08,15,6,0,Left,2.0,4.0
S058,08,17,0,0,Left,0.5,2.5
S058,08,17,1,0,Left,0.75,2.75
S058,08,17,2,0,Left,1.0,3.0
S058,08,17,3,0,Left,1.25,3.25
S058,08,17,4,0,Left,1.5,3.5
S058,08,17,5,0,Left,1.75,3.75
S058,08,17,6,0,Left,2.0,4.0
S058,08,19,0,1,Right,0.5,2.5
S058,08,19,1,1,Right,0.75,2.75
S058,08,19,2,1,Right,1.0,3.0
S058,08,19,3,1,Right,1.25,3.25
S058,08,19,4,1,Right,1.5,3.5
S058,08,19,5,1,Right,1.75,3.75
S058,08,19,6,1,Right,2.0,4.0
S058,08,21,0,0,Left,0.5,2.5
S058,08,21,1,0,Left,0.75,2.75
S058,08,21,2,0,Left,1.0,3.0
S058,08,21,3,0,Left,1.25,3.25
S058,08,21,4,0,Left,1.5,3.5
S058,08,21,5,0,Left,1.75,3.75
S058,08,21,6,0,Left,2.0,4.0
S058,08,23,0,1,Right,0.5,2.5
S058,08,23,1,1,Right,0.75,2.75
S058,08,23,2,1,Right,1.0,3.0
S058,08,23,3,1,Right,1.25,3.25
S058,08,23,4,1,Right,1.5,3.5
S058,08,23,5,1,Right,1.75,3.75
S058,08,23,6,1,Right,2.0,4.0
S058,08,25,0,0,Left,0.5,2.5
S058,08,25,1,0,Left,0.75,2.75
S058,08,25,2,0,Left,1.0,3.0
S058,08,25,3,0,Left,1.25,3.25
S058,08,25,4,0,Left,1.5,3.5
S058,08,25,5,0,Left,1.75,3.75
S058,08,25,6,0,Left,2.0,4.0
S058,08,27,0,1,Right,0.5,2.5
S058,08,27,1,1,Right,0.75,2.75
S058,08,27,2,1,Right,1.0,3.0
S058,08,27,3,1,Right,1.25,3.25
S058,08,27,4,1,Right,1.5,3.5
S058,08,27,5,1,Right,1.75,3.75
S058,08,27,6,1,Right,2.0,4.0
S058,08,29,0,0,Left,0.5,2.5
S058,08,29,1,0,Left,0.75,2.75
S058,08,29,2,0,Left,1.0,3.0
S058,08,29,3,0,Left,1.25,3.25
S058,08,29,4,0,Left,1.5,3.5
S058,08,29,5,0,Left,1.75,3.75
S058,08,29,6,0,Left,2.0,4.0
S058,12,1,0,1,Right,0.5,2.5
S058,12,1,1,1,Right,0.75,2.75
S058,12,1,2,1,Right,1.0,3.0
S058,12,1,3,1,Right,1.25,3.25
S058,12,1,4,1,Right,1.5,3.5
S058,12,1,5,1,Right,1.75,3.75
S058,12,1,6,1,Right,2.0,4.0
S058,12,3,0,0,Left,0.5,2.5
S058,12,3,1,0,Left,0.75,2.75
S058,12,3,2,0,Left,1.0,3.0
S058,12,3,3,0,Left,1.25,3.25
S058,12,3,4,0,Left,1.5,3.5
S058,12,3,5,0,Left,1.75,3.75
S058,12,3,6,0,Left,2.0,4.0
S058,12,5,0,0,Left,0.5,2.5
S058,12,5,1,0,Left,0.75,2.75
S058,12,5,2,0,Left,1.0,3.0
S058,12,5,3,0,Left,1.25,3.25
S058,12,5,4,0,Left,1.5,3.5
S058,12,5,5,0,Left,1.75,3.75
S058,12,5,6,0,Left,2.0,4.0
S058,12,7,0,1,Right,0.5,2.5
S058,12,7,1,1,Right,0.75,2.75
S058,12,7,2,1,Right,1.0,3.0
S058,12,7,3,1,Right,1.25,3.25
S058,12,7,4,1,Right,1.5,3.5
S058,12,7,5,1,Right,1.75,3.75
S058,12,7,6,1,Right,2.0,4.0
S058,12,9,0,0,Left,0.5,2.5
S058,12,9,1,0,Left,0.75,2.75
S058,12,9,2,0,Left,1.0,3.0
S058,12,9,3,0,Left,1.25,3.25
S058,12,9,4,0,Left,1.5,3.5
S058,12,9,5,0,Left,1.75,3.75
S058,12,9,6,0,Left,2.0,4.0
S058,12,11,0,1,Right,0.5,2.5
S058,12,11,1,1,Right,0.75,2.75
S058,12,11,2,1,Right,1.0,3.0
S058,12,11,3,1,Right,1.25,3.25
S058,12,11,4,1,Right,1.5,3.5
S058,12,11,5,1,Right,1.75,3.75
S058,12,11,6,1,Right,2.0,4.0
S058,12,13,0,1,Right,0.5,2.5
S058,12,13,1,1,Right,0.75,2.75
S058,12,13,2,1,Right,1.0,3.0
S058,12,13,3,1,Right,1.25,3.25
S058,12,13,4,1,Right,1.5,3.5
S058,12,13,5,1,Right,1.75,3.75
S058,12,13,6,1,Right,2.0,4.0
S058,12,15,0,0,Left,0.5,2.5
S058,12,15,1,0,Left,0.75,2.75
S058,12,15,2,0,Left,1.0,3.0
S058,12,15,3,0,Left,1.25,3.25
S058,12,15,4,0,Left,1.5,3.5
S058,12,15,5,0,Left,1.75,3.75
S058,12,15,6,0,Left,2.0,4.0
S058,12,17,0,0,Left,0.5,2.5
S058,12,17,1,0,Left,0.75,2.75
S058,12,17,2,0,Left,1.0,3.0
S058,12,17,3,0,Left,1.25,3.25
S058,12,17,4,0,Left,1.5,3.5
S058,12,17,5,0,Left,1.75,3.75
S058,12,17,6,0,Left,2.0,4.0
S058,12,19,0,1,Right,0.5,2.5
S058,12,19,1,1,Right,0.75,2.75
S058,12,19,2,1,Right,1.0,3.0
S058,12,19,3,1,Right,1.25,3.25
S058,12,19,4,1,Right,1.5,3.5
S058,12,19,5,1,Right,1.75,3.75
S058,12,19,6,1,Right,2.0,4.0
S058,12,21,0,1,Right,0.5,2.5
S058,12,21,1,1,Right,0.75,2.75
S058,12,21,2,1,Right,1.0,3.0
S058,12,21,3,1,Right,1.25,3.25
S058,12,21,4,1,Right,1.5,3.5
S058,12,21,5,1,Right,1.75,3.75
S058,12,21,6,1,Right,2.0,4.0
S058,12,23,0,0,Left,0.5,2.5
S058,12,23,1,0,Left,0.75,2.75
S058,12,23,2,0,Left,1.0,3.0
S058,12,23,3,0,Left,1.25,3.25
S058,12,23,4,0,Left,1.5,3.5
S058,12,23,5,0,Left,1.75,3.75
S058,12,23,6,0,Left,2.0,4.0
S058,12,25,0,1,Right,0.5,2.5
S058,12,25,1,1,Right,0.75,2.75
S058,12,25,2,1,Right,1.0,3.0
S058,12,25,3,1,Right,1.25,3.25
S058,12,25,4,1,Right,1.5,3.5
S058,12,25,5,1,Right,1.75,3.75
S058,12,25,6,1,Right,2.0,4.0
S058,12,27,0,0,Left,0.5,2.5
S058,12,27,1,0,Left,0.75,2.75
S058,12,27,2,0,Left,1.0,3.0
S058,12,27,3,0,Left,1.25,3.25
S058,12,27,4,0,Left,1.5,3.5
S058,12,27,5,0,Left,1.75,3.75
S058,12,27,6,0,Left,2.0,4.0
S058,12,29,0,0,Left,0.5,2.5
S058,12,29,1,0,Left,0.75,2.75
S058,12,29,2,0,Left,1.0,3.0
S058,12,29,3,0,Left,1.25,3.25
S058,12,29,4,0,Left,1.5,3.5
S058,12,29,5,0,Left,1.75,3.75
S058,12,29,6,0,Left,2.0,4.0
S060,04,1,0,0,Left,0.5,2.5
S060,04,1,1,0,Left,0.75,2.75
S060,04,1,2,0,Left,1.0,3.0
S060,04,1,3,0,Left,1.25,3.25
S060,04,1,4,0,Left,1.5,3.5
S060,04,1,5,0,Left,1.75,3.75
S060,04,1,6,0,Left,2.0,4.0
S060,04,3,0,1,Right,0.5,2.5
S060,04,3,1,1,Right,0.75,2.75
S060,04,3,2,1,Right,1.0,3.0
S060,04,3,3,1,Right,1.25,3.25
S060,04,3,4,1,Right,1.5,3.5
S060,04,3,5,1,Right,1.75,3.75
S060,04,3,6,1,Right,2.0,4.0
S060,04,5,0,1,Right,0.5,2.5
S060,04,5,1,1,Right,0.75,2.75
S060,04,5,2,1,Right,1.0,3.0
S060,04,5,3,1,Right,1.25,3.25
S060,04,5,4,1,Right,1.5,3.5
S060,04,5,5,1,Right,1.75,3.75
S060,04,5,6,1,Right,2.0,4.0
S060,04,7,0,0,Left,0.5,2.5
S060,04,7,1,0,Left,0.75,2.75
S060,04,7,2,0,Left,1.0,3.0
S060,04,7,3,0,Left,1.25,3.25
S060,04,7,4,0,Left,1.5,3.5
S060,04,7,5,0,Left,1.75,3.75
S060,04,7,6,0,Left,2.0,4.0
S060,04,9,0,0,Left,0.5,2.5
S060,04,9,1,0,Left,0.75,2.75
S060,04,9,2,0,Left,1.0,3.0
S060,04,9,3,0,Left,1.25,3.25
S060,04,9,4,0,Left,1.5,3.5
S060,04,9,5,0,Left,1.75,3.75
S060,04,9,6,0,Left,2.0,4.0
S060,04,11,5,1,Right,1.75,3.75
S060,04,11,6,1,Right,2.0,4.0
S060,04,13,0,0,Left,0.5,2.5
S060,04,13,1,0,Left,0.75,2.75
S060,04,13,2,0,Left,1.0,3.0
S060,04,13,3,0,Left,1.25,3.25
S060,04,13,4,0,Left,1.5,3.5
S060,04,13,5,0,Left,1.75,3.75
S060,04,13,6,0,Left,2.0,4.0
S060,04,15,0,1,Right,0.5,2.5
S060,04,15,1,1,Right,0.75,2.75
S060,04,15,2,1,Right,1.0,3.0
S060,04,15,3,1,Right,1.25,3.25
S060,04,15,4,1,Right,1.5,3.5
S060,04,15,5,1,Right,1.75,3.75
S060,04,15,6,1,Right,2.0,4.0
S060,04,17,0,1,Right,0.5,2.5
S060,04,17,1,1,Right,0.75,2.75
S060,04,17,2,1,Right,1.0,3.0
S060,04,17,3,1,Right,1.25,3.25
S060,04,17,4,1,Right,1.5,3.5
S060,04,17,5,1,Right,1.75,3.75
S060,04,17,6,1,Right,2.0,4.0
S060,04,19,0,0,Left,0.5,2.5
S060,04,19,1,0,Left,0.75,2.75
S060,04,19,2,0,Left,1.0,3.0
S060,04,19,3,0,Left,1.25,3.25
S060,04,19,4,0,Left,1.5,3.5
S060,04,19,5,0,Left,1.75,3.75
S060,04,19,6,0,Left,2.0,4.0
S060,04,21,0,0,Left,0.5,2.5
S060,04,21,1,0,Left,0.75,2.75
S060,04,21,2,0,Left,1.0,3.0
S060,04,21,3,0,Left,1.25,3.25
S060,04,21,4,0,Left,1.5,3.5
S060,04,21,5,0,Left,1.75,3.75
S060,04,21,6,0,Left,2.0,4.0
S060,04,23,0,1,Right,0.5,2.5
S060,04,23,1,1,Right,0.75,2.75
S060,04,23,2,1,Right,1.0,3.0
S060,04,25,0,1,Right,0.5,2.5
S060,04,25,1,1,Right,0.75,2.75
S060,04,25,2,1,Right,1.0,3.0
S060,04,25,3,1,Right,1.25,3.25
S060,04,25,4,1,Right,1.5,3.5
S060,04,25,5,1,Right,1.75,3.75
S060,04,25,6,1,Right,2.0,4.0
S060,04,27,0,0,Left,0.5,2.5
S060,04,27,1,0,Left,0.75,2.75
S060,04,27,2,0,Left,1.0,3.0
S060,04,27,3,0,Left,1.25,3.25
S060,04,27,4,0,Left,1.5,3.5
S060,04,27,5,0,Left,1.75,3.75
S060,04,27,6,0,Left,2.0,4.0
S060,04,29,0,1,Right,0.5,2.5
S060,04,29,1,1,Right,0.75,2.75
S060,04,29,2,1,Right,1.0,3.0
S060,04,29,3,1,Right,1.25,3.25
S060,04,29,4,1,Right,1.5,3.5
S060,04,29,5,1,Right,1.75,3.75
S060,04,29,6,1,Right,2.0,4.0
S060,08,1,0,0,Left,0.5,2.5
S060,08,1,1,0,Left,0.75,2.75
S060,08,1,2,0,Left,1.0,3.0
S060,08,1,3,0,Left,1.25,3.25
S060,08,1,4,0,Left,1.5,3.5
S060,08,1,5,0,Left,1.75,3.75
S060,08,1,6,0,Left,2.0,4.0
S060,08,3,0,1,Right,0.5,2.5
S060,08,3,1,1,Right,0.75,2.75
S060,08,3,2,1,Right,1.0,3.0
S060,08,3,3,1,Right,1.25,3.25
S060,08,3,4,1,Right,1.5,3.5
S060,08,3,5,1,Right,1.75,3.75
S060,08,3,6,1,Right,2.0,4.0
S060,08,5,0,1,Right,0.5,2.5
S060,08,5,1,1,Right,0.75,2.75
S060,08,5,2,1,Right,1.0,3.0
S060,08,5,3,1,Right,1.25,3.25
S060,08,5,4,1,Right,1.5,3.5
S060,08,5,5,1,Right,1.75,3.75
S060,08,5,6,1,Right,2.0,4.0
S060,08,7,0,0,Left,0.5,2.5
S060,08,7,1,0,Left,0.75,2.75
S060,08,7,2,0,Left,1.0,3.0
S060,08,7,3,0,Left,1.25,3.25
S060,08,7,4,0,Left,1.5,3.5
S060,08,7,5,0,Left,1.75,3.75
S060,08,7,6,0,Left,2.0,4.0
S060,08,9,0,0,Left,0.5,2.5
S060,08,9,1,0,Left,0.75,2.75
S060,08,9,2,0,Left,1.0,3.0
S060,08,9,3,0,Left,1.25,3.25
S060,08,9,4,0,Left,1.5,3.5
S060,08,9,5,0,Left,1.75,3.75
S060,08,9,6,0,Left,2.0,4.0
S060,08,11,0,1,Right,0.5,2.5
S060,08,11,1,1,Right,0.75,2.75
S060,08,13,0,1,Right,0.5,2.5
S060,08,13,1,1,Right,0.75,2.75
S060,08,13,2,1,Right,1.0,3.0
S060,08,13,3,1,Right,1.25,3.25
S060,08,13,4,1,Right,1.5,3.5
S060,08,13,5,1,Right,1.75,3.75
S060,08,13,6,1,Right,2.0,4.0
S060,08,15,0,0,Left,0.5,2.5
S060,08,15,1,0,Left,0.75,2.75
S060,08,15,2,0,Left,1.0,3.0
S060,08,15,3,0,Left,1.25,3.25
S060,08,15,4,0,Left,1.5,3.5
S060,08,15,5,0,Left,1.75,3.75
S060,08,15,6,0,Left,2.0,4.0
S060,08,21,0,1,Right,0.5,2.5
S060,08,21,1,1,Right,0.75,2.75
S060,08,23,0,0,Left,0.5,2.5
S060,08,23,1,0,Left,0.75,2.75
S060,08,23,2,0,Left,1.0,3.0
S060,08,23,3,0,Left,1.25,3.25
S060,08,23,4,0,Left,1.5,3.5
S060,08,23,5,0,Left,1.75,3.75
S060,08,23,6,0,Left,2.0,4.0
S060,08,25,0,1,Right,0.5,2.5
S060,08,25,1,1,Right,0.75,2.75
S060,08,25,2,1,Right,1.0,3.0
S060,08,25,3,1,Right,1.25,3.25
S060,08,25,4,1,Right,1.5,3.5
S060,08,25,5,1,Right,1.75,3.75
S060,08,25,6,1,Right,2.0,4.0
S060,08,27,0,0,Left,0.5,2.5
S060,08,27,1,0,Left,0.75,2.75
S060,08,27,2,0,Left,1.0,3.0
S060,08,27,3,0,Left,1.25,3.25
S060,08,29,0,0,Left,0.5,2.5
S060,08,29,1,0,Left,0.75,2.75
S060,08,29,2,0,Left,1.0,3.0
S060,08,29,3,0,Left,1.25,3.25
S060,08,29,4,0,Left,1.5,3.5
S060,08,29,5,0,Left,1.75,3.75
S060,08,29,6,0,Left,2.0,4.0
S060,12,1,0,0,Left,0.5,2.5
S060,12,1,1,0,Left,0.75,2.75
S060,12,1,2,0,Left,1.0,3.0
S060,12,1,3,0,Left,1.25,3.25
S060,12,1,4,0,Left,1.5,3.5
S060,12,1,5,0,Left,1.75,3.75
S060,12,1,6,0,Left,2.0,4.0
S060,12,3,0,1,Right,0.5,2.5
S060,12,3,1,1,Right,0.75,2.75
S060,12,3,2,1,Right,1.0,3.0
S060,12,3,3,1,Right,1.25,3.25
S060,12,3,4,1,Right,1.5,3.5
S060,12,3,5,1,Right,1.75,3.75
S060,12,3,6,1,Right,2.0,4.0
S060,12,5,0,0,Left,0.5,2.5
S060,12,5,1,0,Left,0.75,2.75
S060,12,5,2,0,Left,1.0,3.0
S060,12,5,3,0,Left,1.25,3.25
S060,12,5,4,0,Left,1.5,3.5
S060,12,5,5,0,Left,1.75,3.75
S060,12,5,6,0,Left,2.0,4.0
S060,12,7,0,1,Right,0.5,2.5
S060,12,7,1,1,Right,0.75,2.75
S060,12,7,2,1,Right,1.0,3.0
S060,12,7,3,1,Right,1.25,3.25
S060,12,7,4,1,Right,1.5,3.5
S060,12,7,5,1,Right,1.75,3.75
S060,12,7,6,1,Right,2.0,4.0
S060,12,9,0,1,Right,0.5,2.5
S060,12,9,1,1,Right,0.75,2.75
S060,12,9,2,1,Right,1.0,3.0
S060,12,9,3,1,Right,1.25,3.25
S060,12,9,4,1,Right,1.5,3.5
S060,12,9,5,1,Right,1.75,3.75
S060,12,9,6,1,Right,2.0,4.0
S060,12,11,0,0,Left,0.5,2.5
S060,12,11,1,0,Left,0.75,2.75
S060,12,11,2,0,Left,1.0,3.0
S060,12,11,3,0,Left,1.25,3.25
S060,12,11,4,0,Left,1.5,3.5
S060,12,11,5,0,Left,1.75,3.75
S060,12,11,6,0,Left,2.0,4.0
S060,12,13,4,0,Left,1.5,3.5
S060,12,13,5,0,Left,1.75,3.75
S060,12,13,6,0,Left,2.0,4.0
S060,12,15,0,1,Right,0.5,2.5
S060,12,15,1,1,Right,0.75,2.75
S060,12,15,2,1,Right,1.0,3.0
S060,12,15,3,1,Right,1.25,3.25
S060,12,15,4,1,Right,1.5,3.5
S060,12,17,0,0,Left,0.5,2.5
S060,12,19,0,1,Right,0.5,2.5
S060,12,19,1,1,Right,0.75,2.75
S060,12,19,2,1,Right,1.0,3.0
S060,12,19,3,1,Right,1.25,3.25
S060,12,19,4,1,Right,1.5,3.5
S060,12,19,5,1,Right,1.75,3.75
S060,12,21,0,0,Left,0.5,2.5
S060,12,21,1,0,Left,0.75,2.75
S060,12,21,2,0,Left,1.0,3.0
S060,12,21,3,0,Left,1.25,3.25
S060,12,21,4,0,Left,1.5,3.5
S060,12,21,5,0,Left,1.75,3.75
S060,12,23,0,1,Right,0.5,2.5
S060,12,23,1,1,Right,0.75,2.75
S060,12,23,2,1,Right,1.0,3.0
S060,12,23,3,1,Right,1.25,3.25
S060,12,23,4,1,Right,1.5,3.5
S060,12,23,5,1,Right,1.75,3.75
S060,12,23,6,1,Right,2.0,4.0
S060,12,25,0,0,Left,0.5,2.5
S060,12,25,1,0,Left,0.75,2.75
S060,12,27,2,1,Right,1.0,3.0
S060,12,27,3,1,Right,1.25,3.25
S060,12,27,4,1,Right,1.5,3.5
S060,12,27,5,1,Right,1.75,3.75
S060,12,27,6,1,Right,2.0,4.0
S060,12,29,0,0,Left,0.5,2.5
S060,12,29,1,0,Left,0.75,2.75
S060,12,29,2,0,Left,1.0,3.0
S060,12,29,3,0,Left,1.25,3.25
S060,12,29,4,0,Left,1.5,3.5
S060,12,29,5,0,Left,1.75,3.75
S060,12,29,6,0,Left,2.0,4.0
S061,04,1,0,1,Right,0.5,2.5
S061,04,1,1,1,Right,0.75,2.75
S061,04,1,2,1,Right,1.0,3.0
S061,04,1,3,1,Right,1.25,3.25
S061,04,1,4,1,Right,1.5,3.5
S061,04,1,5,1,Right,1.75,3.75
S061,04,1,6,1,Right,2.0,4.0
S061,04,3,0,0,Left,0.5,2.5
S061,04,3,1,0,Left,0.75,2.75
S061,04,3,2,0,Left,1.0,3.0
S061,04,3,3,0,Left,1.25,3.25
S061,04,3,4,0,Left,1.5,3.5
S061,04,3,5,0,Left,1.75,3.75
S061,04,3,6,0,Left,2.0,4.0
S061,04,5,0,0,Left,0.5,2.5
S061,04,5,1,0,Left,0.75,2.75
S061,04,5,2,0,Left,1.0,3.0
S061,04,5,3,0,Left,1.25,3.25
S061,04,5,4,0,Left,1.5,3.5
S061,04,5,5,0,Left,1.75,3.75
S061,04,5,6,0,Left,2.0,4.0
S061,04,7,0,1,Right,0.5,2.5
S061,04,7,1,1,Right,0.75,2.75
S061,04,7,2,1,Right,1.0,3.0
S061,04,7,3,1,Right,1.25,3.25
S061,04,7,4,1,Right,1.5,3.5
S061,04,7,5,1,Right,1.75,3.75
S061,04,7,6,1,Right,2.0,4.0
S061,04,9,0,0,Left,0.5,2.5
S061,04,9,1,0,Left,0.75,2.75
S061,04,9,2,0,Left,1.0,3.0
S061,04,9,3,0,Left,1.25,3.25
S061,04,9,4,0,Left,1.5,3.5
S061,04,9,5,0,Left,1.75,3.75
S061,04,11,6,1,Right,2.0,4.0
S061,04,13,0,1,Right,0.5,2.5
S061,04,13,1,1,Right,0.75,2.75
S061,04,13,2,1,Right,1.0,3.0
S061,04,13,3,1,Right,1.25,3.25
S061,04,13,4,1,Right,1.5,3.5
S061,04,13,5,1,Right,1.75,3.75
S061,04,13,6,1,Right,2.0,4.0
S061,04,15,0,0,Left,0.5,2.5
S061,04,15,1,0,Left,0.75,2.75
S061,04,15,2,0,Left,1.0,3.0
S061,04,15,3,0,Left,1.25,3.25
S061,04,15,4,0,Left,1.5,3.5
S061,04,15,5,0,Left,1.75,3.75
S061,04,15,6,0,Left,2.0,4.0
S061,04,17,0,0,Left,0.5,2.5
S061,04,17,1,0,Left,0.75,2.75
S061,04,17,2,0,Left,1.0,3.0
S061,04,19,1,1,Right,0.75,2.75
S061,04,19,2,1,Right,1.0,3.0
S061,04,19,3,1,Right,1.25,3.25
S061,04,19,4,1,Right,1.5,3.5
S061,04,19,5,1,Right,1.75,3.75
S061,04,19,6,1,Right,2.0,4.0
S061,04,21,5,1,Right,1.75,3.75
S061,04,21,6,1,Right,2.0,4.0
S061,04,23,0,0,Left,0.5,2.5
S061,04,23,1,0,Left,0.75,2.75
S061,04,23,2,0,Left,1.0,3.0
S061,04,23,3,0,Left,1.25,3.25
S061,04,23,4,0,Left,1.5,3.5
S061,04,23,5,0,Left,1.75,3.75
S061,04,23,6,0,Left,2.0,4.0
S061,04,29,0,1,Right,0.5,2.5
S061,04,29,1,1,Right,0.75,2.75
S061,04,29,2,1,Right,1.0,3.0
S061,04,29,3,1,Right,1.25,3.25
S061,04,29,4,1,Right,1.5,3.5
S061,04,29,5,1,Right,1.75,3.75
S061,04,29,6,1,Right,2.0,4.0
S061,08,1,0,1,Right,0.5,2.5
S061,08,1,1,1,Right,0.75,2.75
S061,08,1,2,1,Right,1.0,3.0
S061,08,1,3,1,Right,1.25,3.25
S061,08,1,4,1,Right,1.5,3.5
S061,08,1,5,1,Right,1.75,3.75
S061,08,1,6,1,Right,2.0,4.0
S061,08,3,0,0,Left,0.5,2.5
S061,08,3,1,0,Left,0.75,2.75
S061,08,3,2,0,Left,1.0,3.0
S061,08,3,3,0,Left,1.25,3.25
S061,08,3,4,0,Left,1.5,3.5
S061,08,3,5,0,Left,1.75,3.75
S061,08,3,6,0,Left,2.0,4.0
S061,08,5,0,1,Right,0.5,2.5
S061,08,5,1,1,Right,0.75,2.75
S061,08,5,2,1,Right,1.0,3.0
S061,08,5,3,1,Right,1.25,3.25
S061,08,5,4,1,Right,1.5,3.5
S061,08,5,5,1,Right,1.75,3.75
S061,08,5,6,1,Right,2.0,4.0
S061,08,13,0,0,Left,0.5,2.5
S061,08,19,5,1,Right,1.75,3.75
S061,08,19,6,1,Right,2.0,4.0
S061,08,21,1,1,Right,0.75,2.75
S061,08,21,2,1,Right,1.0,3.0
S061,08,21,3,1,Right,1.25,3.25
S061,08,23,0,0,Left,0.5,2.5
S061,08,27,0,0,Left,0.5,2.5
S061,12,1,3,1,Right,1.25,3.25
S061,12,1,4,1,Right,1.5,3.5
S061,12,3,2,0,Left,1.0,3.0
S061,12,3,3,0,Left,1.25,3.25
S061,12,3,4,0,Left,1.5,3.5
S061,12,3,5,0,Left,1.75,3.75
S061,12,3,6,0,Left,2.0,4.0
S061,12,11,2,0,Left,1.0,3.0
S061,12,11,3,0,Left,1.25,3.25
S061,12,13,5,0,Left,1.75,3.75
S061,12,19,2,1,Right,1.0,3.0
S061,12,19,3,1,Right,1.25,3.25
S061,12,21,0,1,Right,0.5,2.5
S061,12,21,1,1,Right,0.75,2.75
S061,12,21,2,1,Right,1.0,3.0
S061,12,21,3,1,Right,1.25,3.25
S061,12,21,4,1,Right,1.5,3.5
S061,12,21,5,1,Right,1.75,3.75
S061,12,21,6,1,Right,2.0,4.0
S061,12,27,0,0,Left,0.5,2.5
S061,12,27,1,0,Left,0.75,2.75
S061,12,27,2,0,Left,1.0,3.0
S061,12,27,3,0,Left,1.25,3.25
S062,04,1,0,0,Left,0.5,2.5
S062,04,1,1,0,Left,0.75,2.75
S062,04,1,2,0,Left,1.0,3.0
S062,04,1,3,0,Left,1.25,3.25
S062,04,1,4,0,Left,1.5,3.5
S062,04,1,5,0,Left,1.75,3.75
S062,04,1,6,0,Left,2.0,4.0
S062,04,3,0,1,Right,0.5,2.5
S062,04,3,1,1,Right,0.75,2.75
S062,04,3,2,1,Right,1.0,3.0
S062,04,3,3,1,Right,1.25,3.25
S062,04,3,4,1,Right,1.5,3.5
S062,04,3,5,1,Right,1.75,3.75
S062,04,3,6,1,Right,2.0,4.0
S062,04,5,0,1,Right,0.5,2.5
S062,04,5,1,1,Right,0.75,2.75
S062,04,5,2,1,Right,1.0,3.0
S062,04,5,3,1,Right,1.25,3.25
S062,04,5,4,1,Right,1.5,3.5
S062,04,5,5,1,Right,1.75,3.75
S062,04,5,6,1,Right,2.0,4.0
S062,04,7,0,0,Left,0.5,2.5
S062,04,7,1,0,Left,0.75,2.75
S062,04,7,2,0,Left,1.0,3.0
S062,04,7,3,0,Left,1.25,3.25
S062,04,7,4,0,Left,1.5,3.5
S062,04,7,5,0,Left,1.75,3.75
S062,04,7,6,0,Left,2.0,4.0
S062,04,9,0,1,Right,0.5,2.5
S062,04,9,1,1,Right,0.75,2.75
S062,04,9,2,1,Right,1.0,3.0
S062,04,9,3,1,Right,1.25,3.25
S062,04,9,4,1,Right,1.5,3.5
S062,04,9,5,1,Right,1.75,3.75
S062,04,9,6,1,Right,2.0,4.0
S062,04,11,0,0,Left,0.5,2.5
S062,04,11,1,0,Left,0.75,2.75
S062,04,11,2,0,Left,1.0,3.0
S062,04,11,3,0,Left,1.25,3.25
S062,04,11,4,0,Left,1.5,3.5
S062,04,11,5,0,Left,1.75,3.75
S062,04,11,6,0,Left,2.0,4.0
S062,04,13,0,0,Left,0.5,2.5
S062,04,13,1,0,Left,0.75,2.75
S062,04,13,2,0,Left,1.0,3.0
S062,04,13,3,0,Left,1.25,3.25
S062,04,13,4,0,Left,1.5,3.5
S062,04,13,5,0,Left,1.75,3.75
S062,04,13,6,0,Left,2.0,4.0
S062,04,15,0,1,Right,0.5,2.5
S062,04,15,1,1,Right,0.75,2.75
S062,04,15,2,1,Right,1.0,3.0
S062,04,15,3,1,Right,1.25,3.25
S062,04,15,4,1,Right,1.5,3.5
S062,04,15,5,1,Right,1.75,3.75
S062,04,15,6,1,Right,2.0,4.0
S062,04,17,0,0,Left,0.5,2.5
S062,04,17,1,0,Left,0.75,2.75
S062,04,17,2,0,Left,1.0,3.0
S062,04,17,3,0,Left,1.25,3.25
S062,04,17,4,0,Left,1.5,3.5
S062,04,17,5,0,Left,1.75,3.75
S062,04,17,6,0,Left,2.0,4.0
S062,04,19,0,1,Right,0.5,2.5
S062,04,19,1,1,Right,0.75,2.75
S062,04,19,2,1,Right,1.0,3.0
S062,04,19,3,1,Right,1.25,3.25
S062,04,19,4,1,Right,1.5,3.5
S062,04,19,5,1,Right,1.75,3.75
S062,04,19,6,1,Right,2.0,4.0
S062,04,21,0,0,Left,0.5,2.5
S062,04,21,1,0,Left,0.75,2.75
S062,04,21,2,0,Left,1.0,3.0
S062,04,21,3,0,Left,1.25,3.25
S062,04,21,4,0,Left,1.5,3.5
S062,04,21,5,0,Left,1.75,3.75
S062,04,21,6,0,Left,2.0,4.0
S062,04,23,0,1,Right,0.5,2.5
S062,04,23,1,1,Right,0.75,2.75
S062,04,23,2,1,Right,1.0,3.0
S062,04,23,3,1,Right,1.25,3.25
S062,04,23,4,1,Right,1.5,3.5
S062,04,23,5,1,Right,1.75,3.75
S062,04,23,6,1,Right,2.0,4.0
S062,04,25,0,0,Left,0.5,2.5
S062,04,25,1,0,Left,0.75,2.75
S062,04,25,2,0,Left,1.0,3.0
S062,04,25,3,0,Left,1.25,3.25
S062,04,25,4,0,Left,1.5,3.5
S062,04,25,5,0,Left,1.75,3.75
S062,04,25,6,0,Left,2.0,4.0
S062,04,27,0,1,Right,0.5,2.5
S062,04,27,1,1,Right,0.75,2.75
S062,04,27,2,1,Right,1.0,3.0
S062,04,27,3,1,Right,1.25,3.25
S062,04,27,4,1,Right,1.5,3.5
S062,04,27,5,1,Right,1.75,3.75
S062,04,27,6,1,Right,2.0,4.0
S062,04,29,0,1,Right,0.5,2.5
S062,04,29,1,1,Right,0.75,2.75
S062,04,29,2,1,Right,1.0,3.0
S062,04,29,3,1,Right,1.25,3.25
S062,04,29,4,1,Right,1.5,3.5
S062,04,29,5,1,Right,1.75,3.75
S062,04,29,6,1,Right,2.0,4.0
S062,08,1,0,1,Right,0.5,2.5
S062,08,1,1,1,Right,0.75,2.75
S062,08,1,2,1,Right,1.0,3.0
S062,08,1,3,1,Right,1.25,3.25
S062,08,1,4,1,Right,1.5,3.5
S062,08,1,5,1,Right,1.75,3.75
S062,08,1,6,1,Right,2.0,4.0
S062,08,3,0,0,Left,0.5,2.5
S062,08,3,1,0,Left,0.75,2.75
S062,08,3,2,0,Left,1.0,3.0
S062,08,3,3,0,Left,1.25,3.25
S062,08,3,4,0,Left,1.5,3.5
S062,08,3,5,0,Left,1.75,3.75
S062,08,3,6,0,Left,2.0,4.0
S062,08,5,0,1,Right,0.5,2.5
S062,08,5,1,1,Right,0.75,2.75
S062,08,5,2,1,Right,1.0,3.0
S062,08,5,3,1,Right,1.25,3.25
S062,08,5,4,1,Right,1.5,3.5
S062,08,5,5,1,Right,1.75,3.75
S062,08,5,6,1,Right,2.0,4.0
S062,08,7,0,0,Left,0.5,2.5
S062,08,7,1,0,Left,0.75,2.75
S062,08,7,2,0,Left,1.0,3.0
S062,08,7,3,0,Left,1.25,3.25
S062,08,7,4,0,Left,1.5,3.5
S062,08,7,5,0,Left,1.75,3.75
S062,08,7,6,0,Left,2.0,4.0
S062,08,9,0,0,Left,0.5,2.5
S062,08,9,1,0,Left,0.75,2.75
S062,08,9,2,0,Left,1.0,3.0
S062,08,9,3,0,Left,1.25,3.25
S062,08,9,4,0,Left,1.5,3.5
S062,08,9,5,0,Left,1.75,3.75
S062,08,9,6,0,Left,2.0,4.0
S062,08,11,0,1,Right,0.5,2.5
S062,08,11,1,1,Right,0.75,2.75
S062,08,11,2,1,Right,1.0,3.0
S062,08,11,3,1,Right,1.25,3.25
S062,08,11,4,1,Right,1.5,3.5
S062,08,11,5,1,Right,1.75,3.75
S062,08,11,6,1,Right,2.0,4.0
S062,08,13,0,0,Left,0.5,2.5
S062,08,13,1,0,Left,0.75,2.75
S062,08,13,2,0,Left,1.0,3.0
S062,08,13,3,0,Left,1.25,3.25
S062,08,13,4,0,Left,1.5,3.5
S062,08,13,5,0,Left,1.75,3.75
S062,08,13,6,0,Left,2.0,4.0
S062,08,15,0,1,Right,0.5,2.5
S062,08,15,1,1,Right,0.75,2.75
S062,08,15,2,1,Right,1.0,3.0
S062,08,15,3,1,Right,1.25,3.25
S062,08,15,4,1,Right,1.5,3.5
S062,08,15,5,1,Right,1.75,3.75
S062,08,15,6,1,Right,2.0,4.0
S062,08,17,0,0,Left,0.5,2.5
S062,08,17,1,0,Left,0.75,2.75
S062,08,17,2,0,Left,1.0,3.0
S062,08,17,3,0,Left,1.25,3.25
S062,08,17,4,0,Left,1.5,3.5
S062,08,17,5,0,Left,1.75,3.75
S062,08,17,6,0,Left,2.0,4.0
S062,08,19,0,1,Right,0.5,2.5
S062,08,19,1,1,Right,0.75,2.75
S062,08,19,2,1,Right,1.0,3.0
S062,08,19,3,1,Right,1.25,3.25
S062,08,19,4,1,Right,1.5,3.5
S062,08,19,5,1,Right,1.75,3.75
S062,08,19,6,1,Right,2.0,4.0
S062,08,21,0,0,Left,0.5,2.5
S062,08,21,1,0,Left,0.75,2.75
S062,08,21,2,0,Left,1.0,3.0
S062,08,21,3,0,Left,1.25,3.25
S062,08,21,4,0,Left,1.5,3.5
S062,08,21,5,0,Left,1.75,3.75
S062,08,21,6,0,Left,2.0,4.0
S062,08,23,0,1,Right,0.5,2.5
S062,08,23,1,1,Right,0.75,2.75
S062,08,23,2,1,Right,1.0,3.0
S062,08,23,3,1,Right,1.25,3.25
S062,08,23,4,1,Right,1.5,3.5
S062,08,23,5,1,Right,1.75,3.75
S062,08,23,6,1,Right,2.0,4.0
S062,08,25,0,1,Right,0.5,2.5
S062,08,25,1,1,Right,0.75,2.75
S062,08,25,2,1,Right,1.0,3.0
S062,08,25,3,1,Right,1.25,3.25
S062,08,25,4,1,Right,1.5,3.5
S062,08,25,5,1,Right,1.75,3.75
S062,08,25,6,1,Right,2.0,4.0
S062,08,27,0,0,Left,0.5,2.5
S062,08,27,1,0,Left,0.75,2.75
S062,08,27,2,0,Left,1.0,3.0
S062,08,27,3,0,Left,1.25,3.25
S062,08,27,4,0,Left,1.5,3.5
S062,08,27,5,0,Left,1.75,3.75
S062,08,27,6,0,Left,2.0,4.0
S062,08,29,0,0,Left,0.5,2.5
S062,08,29,1,0,Left,0.75,2.75
S062,08,29,2,0,Left,1.0,3.0
S062,08,29,3,0,Left,1.25,3.25
S062,08,29,4,0,Left,1.5,3.5
S062,08,29,5,0,Left,1.75,3.75
S062,08,29,6,0,Left,2.0,4.0
S062,12,1,0,1,Right,0.5,2.5
S062,12,1,1,1,Right,0.75,2.75
S062,12,1,2,1,Right,1.0,3.0
S062,12,1,3,1,Right,1.25,3.25
S062,12,1,4,1,Right,1.5,3.5
S062,12,1,5,1,Right,1.75,3.75
S062,12,1,6,1,Right,2.0,4.0
S062,12,3,0,0,Left,0.5,2.5
S062,12,3,1,0,Left,0.75,2.75
S062,12,3,2,0,Left,1.0,3.0
S062,12,3,3,0,Left,1.25,3.25
S062,12,3,4,0,Left,1.5,3.5
S062,12,3,5,0,Left,1.75,3.75
S062,12,3,6,0,Left,2.0,4.0
S062,12,5,0,1,Right,0.5,2.5
S062,12,5,1,1,Right,0.75,2.75
S062,12,5,2,1,Right,1.0,3.0
S062,12,5,3,1,Right,1.25,3.25
S062,12,5,4,1,Right,1.5,3.5
S062,12,5,5,1,Right,1.75,3.75
S062,12,5,6,1,Right,2.0,4.0
S062,12,7,0,0,Left,0.5,2.5
S062,12,7,1,0,Left,0.75,2.75
S062,12,7,2,0,Left,1.0,3.0
S062,12,7,3,0,Left,1.25,3.25
S062,12,7,4,0,Left,1.5,3.5
S062,12,7,5,0,Left,1.75,3.75
S062,12,7,6,0,Left,2.0,4.0
S062,12,9,0,1,Right,0.5,2.5
S062,12,9,1,1,Right,0.75,2.75
S062,12,9,2,1,Right,1.0,3.0
S062,12,9,3,1,Right,1.25,3.25
S062,12,9,4,1,Right,1.5,3.5
S062,12,9,5,1,Right,1.75,3.75
S062,12,9,6,1,Right,2.0,4.0
S062,12,11,0,0,Left,0.5,2.5
S062,12,11,1,0,Left,0.75,2.75
S062,12,11,2,0,Left,1.0,3.0
S062,12,11,3,0,Left,1.25,3.25
S062,12,11,4,0,Left,1.5,3.5
S062,12,11,5,0,Left,1.75,3.75
S062,12,11,6,0,Left,2.0,4.0
S062,12,13,0,1,Right,0.5,2.5
S062,12,13,1,1,Right,0.75,2.75
S062,12,13,2,1,Right,1.0,3.0
S062,12,13,3,1,Right,1.25,3.25
S062,12,13,4,1,Right,1.5,3.5
S062,12,13,5,1,Right,1.75,3.75
S062,12,13,6,1,Right,2.0,4.0
S062,12,15,0,0,Left,0.5,2.5
S062,12,15,1,0,Left,0.75,2.75
S062,12,15,2,0,Left,1.0,3.0
S062,12,15,3,0,Left,1.25,3.25
S062,12,15,4,0,Left,1.5,3.5
S062,12,15,5,0,Left,1.75,3.75
S062,12,15,6,0,Left,2.0,4.0
S062,12,17,0,0,Left,0.5,2.5
S062,12,17,1,0,Left,0.75,2.75
S062,12,17,2,0,Left,1.0,3.0
S062,12,17,3,0,Left,1.25,3.25
S062,12,17,4,0,Left,1.5,3.5
S062,12,17,5,0,Left,1.75,3.75
S062,12,17,6,0,Left,2.0,4.0
S062,12,19,0,1,Right,0.5,2.5
S062,12,19,1,1,Right,0.75,2.75
S062,12,19,2,1,Right,1.0,3.0
S062,12,19,3,1,Right,1.25,3.25
S062,12,19,4,1,Right,1.5,3.5
S062,12,19,5,1,Right,1.75,3.75
S062,12,19,6,1,Right,2.0,4.0
S062,12,21,0,0,Left,0.5,2.5
S062,12,21,1,0,Left,0.75,2.75
S062,12,21,2,0,Left,1.0,3.0
S062,12,21,3,0,Left,1.25,3.25
S062,12,21,4,0,Left,1.5,3.5
S062,12,21,5,0,Left,1.75,3.75
S062,12,21,6,0,Left,2.0,4.0
S062,12,23,0,1,Right,0.5,2.5
S062,12,23,1,1,Right,0.75,2.75
S062,12,23,2,1,Right,1.0,3.0
S062,12,23,3,1,Right,1.25,3.25
S062,12,23,4,1,Right,1.5,3.5
S062,12,23,5,1,Right,1.75,3.75
S062,12,23,6,1,Right,2.0,4.0
S062,12,25,0,0,Left,0.5,2.5
S062,12,25,1,0,Left,0.75,2.75
S062,12,25,2,0,Left,1.0,3.0
S062,12,25,3,0,Left,1.25,3.25
S062,12,25,4,0,Left,1.5,3.5
S062,12,25,5,0,Left,1.75,3.75
S062,12,25,6,0,Left,2.0,4.0
S062,12,27,0,1,Right,0.5,2.5
S062,12,27,1,1,Right,0.75,2.75
S062,12,27,2,1,Right,1.0,3.0
S062,12,27,3,1,Right,1.25,3.25
S062,12,27,4,1,Right,1.5,3.5
S062,12,27,5,1,Right,1.75,3.75
S062,12,27,6,1,Right,2.0,4.0
S062,12,29,0,0,Left,0.5,2.5
S062,12,29,1,0,Left,0.75,2.75
S062,12,29,2,0,Left,1.0,3.0
S062,12,29,3,0,Left,1.25,3.25
S062,12,29,4,0,Left,1.5,3.5
S062,12,29,5,0,Left,1.75,3.75
S062,12,29,6,0,Left,2.0,4.0
S063,04,1,0,1,Right,0.5,2.5
S063,04,1,1,1,Right,0.75,2.75
S063,04,1,2,1,Right,1.0,3.0
S063,04,1,3,1,Right,1.25,3.25
S063,04,1,4,1,Right,1.5,3.5
S063,04,1,5,1,Right,1.75,3.75
S063,04,1,6,1,Right,2.0,4.0
S063,04,3,0,0,Left,0.5,2.5
S063,04,3,1,0,Left,0.75,2.75
S063,04,3,2,0,Left,1.0,3.0
S063,04,3,3,0,Left,1.25,3.25
S063,04,3,4,0,Left,1.5,3.5
S063,04,3,5,0,Left,1.75,3.75
S063,04,3,6,0,Left,2.0,4.0
S063,04,5,0,1,Right,0.5,2.5
S063,04,5,1,1,Right,0.75,2.75
S063,04,5,2,1,Right,1.0,3.0
S063,04,5,3,1,Right,1.25,3.25
S063,04,5,4,1,Right,1.5,3.5
S063,04,5,5,1,Right,1.75,3.75
S063,04,5,6,1,Right,2.0,4.0
S063,04,7,0,0,Left,0.5,2.5
S063,04,7,1,0,Left,0.75,2.75
S063,04,7,2,0,Left,1.0,3.0
S063,04,7,3,0,Left,1.25,3.25
S063,04,7,4,0,Left,1.5,3.5
S063,04,7,5,0,Left,1.75,3.75
S063,04,7,6,0,Left,2.0,4.0
S063,04,9,0,1,Right,0.5,2.5
S063,04,9,1,1,Right,0.75,2.75
S063,04,9,2,1,Right,1.0,3.0
S063,04,9,3,1,Right,1.25,3.25
S063,04,9,4,1,Right,1.5,3.5
S063,04,9,5,1,Right,1.75,3.75
S063,04,9,6,1,Right,2.0,4.0
S063,04,11,0,0,Left,0.5,2.5
S063,04,11,1,0,Left,0.75,2.75
S063,04,11,2,0,Left,1.0,3.0
S063,04,11,3,0,Left,1.25,3.25
S063,04,11,4,0,Left,1.5,3.5
S063,04,11,5,0,Left,1.75,3.75
S063,04,11,6,0,Left,2.0,4.0
S063,04,13,0,0,Left,0.5,2.5
S063,04,13,1,0,Left,0.75,2.75
S063,04,13,2,0,Left,1.0,3.0
S063,04,13,3,0,Left,1.25,3.25
S063,04,13,4,0,Left,1.5,3.5
S063,04,13,5,0,Left,1.75,3.75
S063,04,13,6,0,Left,2.0,4.0
S063,04,15,0,1,Right,0.5,2.5
S063,04,15,1,1,Right,0.75,2.75
S063,04,15,2,1,Right,1.0,3.0
S063,04,15,3,1,Right,1.25,3.25
S063,04,15,4,1,Right,1.5,3.5
S063,04,15,5,1,Right,1.75,3.75
S063,04,15,6,1,Right,2.0,4.0
S063,04,17,0,1,Right,0.5,2.5
S063,04,17,1,1,Right,0.75,2.75
S063,04,17,2,1,Right,1.0,3.0
S063,04,17,3,1,Right,1.25,3.25
S063,04,17,4,1,Right,1.5,3.5
S063,04,17,5,1,Right,1.75,3.75
S063,04,17,6,1,Right,2.0,4.0
S063,04,19,0,0,Left,0.5,2.5
S063,04,19,1,0,Left,0.75,2.75
S063,04,19,2,0,Left,1.0,3.0
S063,04,19,3,0,Left,1.25,3.25
S063,04,19,4,0,Left,1.5,3.5
S063,04,19,5,0,Left,1.75,3.75
S063,04,19,6,0,Left,2.0,4.0
S063,04,21,0,0,Left,0.5,2.5
S063,04,21,1,0,Left,0.75,2.75
S063,04,21,2,0,Left,1.0,3.0
S063,04,21,3,0,Left,1.25,3.25
S063,04,21,4,0,Left,1.5,3.5
S063,04,21,5,0,Left,1.75,3.75
S063,04,21,6,0,Left,2.0,4.0
S063,04,23,0,1,Right,0.5,2.5
S063,04,23,1,1,Right,0.75,2.75
S063,04,23,2,1,Right,1.0,3.0
S063,04,23,3,1,Right,1.25,3.25
S063,04,23,4,1,Right,1.5,3.5
S063,04,23,5,1,Right,1.75,3.75
S063,04,23,6,1,Right,2.0,4.0
S063,04,25,0,0,Left,0.5,2.5
S063,04,25,1,0,Left,0.75,2.75
S063,04,25,2,0,Left,1.0,3.0
S063,04,25,3,0,Left,1.25,3.25
S063,04,25,4,0,Left,1.5,3.5
S063,04,25,5,0,Left,1.75,3.75
S063,04,25,6,0,Left,2.0,4.0
S063,04,27,0,1,Right,0.5,2.5
S063,04,27,1,1,Right,0.75,2.75
S063,04,27,2,1,Right,1.0,3.0
S063,04,27,3,1,Right,1.25,3.25
S063,04,27,4,1,Right,1.5,3.5
S063,04,27,5,1,Right,1.75,3.75
S063,04,27,6,1,Right,2.0,4.0
S063,04,29,0,1,Right,0.5,2.5
S063,04,29,1,1,Right,0.75,2.75
S063,04,29,2,1,Right,1.0,3.0
S063,04,29,3,1,Right,1.25,3.25
S063,04,29,4,1,Right,1.5,3.5
S063,04,29,5,1,Right,1.75,3.75
S063,04,29,6,1,Right,2.0,4.0
S063,08,1,0,0,Left,0.5,2.5
S063,08,1,1,0,Left,0.75,2.75
S063,08,1,2,0,Left,1.0,3.0
S063,08,1,3,0,Left,1.25,3.25
S063,08,1,4,0,Left,1.5,3.5
S063,08,1,5,0,Left,1.75,3.75
S063,08,1,6,0,Left,2.0,4.0
S063,08,3,0,1,Right,0.5,2.5
S063,08,3,1,1,Right,0.75,2.75
S063,08,3,2,1,Right,1.0,3.0
S063,08,3,3,1,Right,1.25,3.25
S063,08,3,4,1,Right,1.5,3.5
S063,08,3,5,1,Right,1.75,3.75
S063,08,3,6,1,Right,2.0,4.0
S063,08,5,0,1,Right,0.5,2.5
S063,08,5,1,1,Right,0.75,2.75
S063,08,5,2,1,Right,1.0,3.0
S063,08,5,3,1,Right,1.25,3.25
S063,08,5,4,1,Right,1.5,3.5
S063,08,5,5,1,Right,1.75,3.75
S063,08,5,6,1,Right,2.0,4.0
S063,08,7,0,0,Left,0.5,2.5
S063,08,7,1,0,Left,0.75,2.75
S063,08,7,2,0,Left,1.0,3.0
S063,08,7,3,0,Left,1.25,3.25
S063,08,7,4,0,Left,1.5,3.5
S063,08,7,5,0,Left,1.75,3.75
S063,08,7,6,0,Left,2.0,4.0
S063,08,9,0,0,Left,0.5,2.5
S063,08,9,1,0,Left,0.75,2.75
S063,08,9,2,0,Left,1.0,3.0
S063,08,9,3,0,Left,1.25,3.25
S063,08,9,4,0,Left,1.5,3.5
S063,08,9,5,0,Left,1.75,3.75
S063,08,9,6,0,Left,2.0,4.0
S063,08,11,0,1,Right,0.5,2.5
S063,08,11,1,1,Right,0.75,2.75
S063,08,11,2,1,Right,1.0,3.0
S063,08,11,3,1,Right,1.25,3.25
S063,08,11,4,1,Right,1.5,3.5
S063,08,11,5,1,Right,1.75,3.75
S063,08,11,6,1,Right,2.0,4.0
S063,08,15,0,0,Left,0.5,2.5
S063,08,15,1,0,Left,0.75,2.75
S063,08,15,2,0,Left,1.0,3.0
S063,08,15,3,0,Left,1.25,3.25
S063,08,15,4,0,Left,1.5,3.5
S063,08,15,5,0,Left,1.75,3.75
S063,08,15,6,0,Left,2.0,4.0
S063,08,17,0,0,Left,0.5,2.5
S063,08,17,1,0,Left,0.75,2.75
S063,08,17,2,0,Left,1.0,3.0
S063,08,17,3,0,Left,1.25,3.25
S063,08,17,4,0,Left,1.5,3.5
S063,08,17,5,0,Left,1.75,3.75
S063,08,17,6,0,Left,2.0,4.0
S063,08,19,0,1,Right,0.5,2.5
S063,08,19,1,1,Right,0.75,2.75
S063,08,19,2,1,Right,1.0,3.0
S063,08,19,3,1,Right,1.25,3.25
S063,08,19,4,1,Right,1.5,3.5
S063,08,19,5,1,Right,1.75,3.75
S063,08,19,6,1,Right,2.0,4.0
S063,08,21,0,1,Right,0.5,2.5
S063,08,21,1,1,Right,0.75,2.75
S063,08,21,2,1,Right,1.0,3.0
S063,08,21,3,1,Right,1.25,3.25
S063,08,21,4,1,Right,1.5,3.5
S063,08,21,5,1,Right,1.75,3.75
S063,08,21,6,1,Right,2.0,4.0
S063,08,23,0,0,Left,0.5,2.5
S063,08,23,1,0,Left,0.75,2.75
S063,08,23,2,0,Left,1.0,3.0
S063,08,23,3,0,Left,1.25,3.25
S063,08,23,4,0,Left,1.5,3.5
S063,08,23,5,0,Left,1.75,3.75
S063,08,23,6,0,Left,2.0,4.0
S063,08,25,0,1,Right,0.5,2.5
S063,08,25,1,1,Right,0.75,2.75
S063,08,25,2,1,Right,1.0,3.0
S063,08,25,3,1,Right,1.25,3.25
S063,08,25,4,1,Right,1.5,3.5
S063,08,25,5,1,Right,1.75,3.75
S063,08,25,6,1,Right,2.0,4.0
S063,08,27,0,0,Left,0.5,2.5
S063,08,27,1,0,Left,0.75,2.75
S063,08,27,2,0,Left,1.0,3.0
S063,08,27,3,0,Left,1.25,3.25
S063,08,27,4,0,Left,1.5,3.5
S063,08,27,5,0,Left,1.75,3.75
S063,08,27,6,0,Left,2.0,4.0
S063,08,29,0,1,Right,0.5,2.5
S063,08,29,1,1,Right,0.75,2.75
S063,08,29,2,1,Right,1.0,3.0
S063,08,29,3,1,Right,1.25,3.25
S063,08,29,4,1,Right,1.5,3.5
S063,08,29,5,1,Right,1.75,3.75
S063,08,29,6,1,Right,2.0,4.0
S063,12,1,0,1,Right,0.5,2.5
S063,12,1,1,1,Right,0.75,2.75
S063,12,1,2,1,Right,1.0,3.0
S063,12,1,3,1,Right,1.25,3.25
S063,12,1,4,1,Right,1.5,3.5
S063,12,1,5,1,Right,1.75,3.75
S063,12,1,6,1,Right,2.0,4.0
S063,12,3,0,0,Left,0.5,2.5
S063,12,3,1,0,Left,0.75,2.75
S063,12,3,2,0,Left,1.0,3.0
S063,12,3,3,0,Left,1.25,3.25
S063,12,3,4,0,Left,1.5,3.5
S063,12,3,5,0,Left,1.75,3.75
S063,12,3,6,0,Left,2.0,4.0
S063,12,5,0,0,Left,0.5,2.5
S063,12,5,1,0,Left,0.75,2.75
S063,12,5,2,0,Left,1.0,3.0
S063,12,5,3,0,Left,1.25,3.25
S063,12,5,4,0,Left,1.5,3.5
S063,12,5,5,0,Left,1.75,3.75
S063,12,5,6,0,Left,2.0,4.0
S063,12,7,0,1,Right,0.5,2.5
S063,12,7,1,1,Right,0.75,2.75
S063,12,7,2,1,Right,1.0,3.0
S063,12,7,3,1,Right,1.25,3.25
S063,12,7,4,1,Right,1.5,3.5
S063,12,7,5,1,Right,1.75,3.75
S063,12,7,6,1,Right,2.0,4.0
S063,12,9,0,1,Right,0.5,2.5
S063,12,9,1,1,Right,0.75,2.75
S063,12,9,2,1,Right,1.0,3.0
S063,12,9,3,1,Right,1.25,3.25
S063,12,9,4,1,Right,1.5,3.5
S063,12,9,5,1,Right,1.75,3.75
S063,12,9,6,1,Right,2.0,4.0
S063,12,11,0,0,Left,0.5,2.5
S063,12,11,1,0,Left,0.75,2.75
S063,12,11,2,0,Left,1.0,3.0
S063,12,11,3,0,Left,1.25,3.25
S063,12,11,4,0,Left,1.5,3.5
S063,12,11,5,0,Left,1.75,3.75
S063,12,11,6,0,Left,2.0,4.0
S063,12,13,0,0,Left,0.5,2.5
S063,12,13,1,0,Left,0.75,2.75
S063,12,13,2,0,Left,1.0,3.0
S063,12,13,3,0,Left,1.25,3.25
S063,12,13,4,0,Left,1.5,3.5
S063,12,13,5,0,Left,1.75,3.75
S063,12,13,6,0,Left,2.0,4.0
S063,12,15,0,1,Right,0.5,2.5
S063,12,15,1,1,Right,0.75,2.75
S063,12,15,2,1,Right,1.0,3.0
S063,12,15,3,1,Right,1.25,3.25
S063,12,15,4,1,Right,1.5,3.5
S063,12,15,5,1,Right,1.75,3.75
S063,12,15,6,1,Right,2.0,4.0
S063,12,17,0,1,Right,0.5,2.5
S063,12,17,1,1,Right,0.75,2.75
S063,12,17,2,1,Right,1.0,3.0
S063,12,17,3,1,Right,1.25,3.25
S063,12,17,4,1,Right,1.5,3.5
S063,12,17,5,1,Right,1.75,3.75
S063,12,17,6,1,Right,2.0,4.0
S063,12,19,0,0,Left,0.5,2.5
S063,12,19,1,0,Left,0.75,2.75
S063,12,19,2,0,Left,1.0,3.0
S063,12,19,3,0,Left,1.25,3.25
S063,12,19,4,0,Left,1.5,3.5
S063,12,19,5,0,Left,1.75,3.75
S063,12,19,6,0,Left,2.0,4.0
S063,12,21,0,1,Right,0.5,2.5
S063,12,21,1,1,Right,0.75,2.75
S063,12,21,2,1,Right,1.0,3.0
S063,12,21,3,1,Right,1.25,3.25
S063,12,21,4,1,Right,1.5,3.5
S063,12,21,5,1,Right,1.75,3.75
S063,12,21,6,1,Right,2.0,4.0
S063,12,23,0,0,Left,0.5,2.5
S063,12,23,1,0,Left,0.75,2.75
S063,12,23,2,0,Left,1.0,3.0
S063,12,23,3,0,Left,1.25,3.25
S063,12,23,4,0,Left,1.5,3.5
S063,12,23,5,0,Left,1.75,3.75
S063,12,23,6,0,Left,2.0,4.0
S063,12,25,0,0,Left,0.5,2.5
S063,12,25,1,0,Left,0.75,2.75
S063,12,25,2,0,Left,1.0,3.0
S063,12,25,3,0,Left,1.25,3.25
S063,12,25,4,0,Left,1.5,3.5
S063,12,25,5,0,Left,1.75,3.75
S063,12,25,6,0,Left,2.0,4.0
S063,12,27,0,1,Right,0.5,2.5
S063,12,27,1,1,Right,0.75,2.75
S063,12,27,2,1,Right,1.0,3.0
S063,12,27,3,1,Right,1.25,3.25
S063,12,27,4,1,Right,1.5,3.5
S063,12,27,5,1,Right,1.75,3.75
S063,12,27,6,1,Right,2.0,4.0
S063,12,29,0,0,Left,0.5,2.5
S063,12,29,1,0,Left,0.75,2.75
S063,12,29,2,0,Left,1.0,3.0
S063,12,29,3,0,Left,1.25,3.25
S063,12,29,4,0,Left,1.5,3.5
S063,12,29,5,0,Left,1.75,3.75
S063,12,29,6,0,Left,2.0,4.0
S064,04,1,0,1,Right,0.5,2.5
S064,04,1,1,1,Right,0.75,2.75
S064,04,1,2,1,Right,1.0,3.0
S064,04,1,3,1,Right,1.25,3.25
S064,04,1,4,1,Right,1.5,3.5
S064,04,1,5,1,Right,1.75,3.75
S064,04,1,6,1,Right,2.0,4.0
S064,04,3,0,0,Left,0.5,2.5
S064,04,3,1,0,Left,0.75,2.75
S064,04,3,2,0,Left,1.0,3.0
S064,04,3,3,0,Left,1.25,3.25
S064,04,3,4,0,Left,1.5,3.5
S064,04,3,5,0,Left,1.75,3.75
S064,04,3,6,0,Left,2.0,4.0
S064,04,5,0,1,Right,0.5,2.5
S064,04,5,1,1,Right,0.75,2.75
S064,04,5,2,1,Right,1.0,3.0
S064,04,5,3,1,Right,1.25,3.25
S064,04,5,4,1,Right,1.5,3.5
S064,04,5,5,1,Right,1.75,3.75
S064,04,5,6,1,Right,2.0,4.0
S064,04,7,0,0,Left,0.5,2.5
S064,04,7,1,0,Left,0.75,2.75
S064,04,7,2,0,Left,1.0,3.0
S064,04,7,3,0,Left,1.25,3.25
S064,04,7,4,0,Left,1.5,3.5
S064,04,7,5,0,Left,1.75,3.75
S064,04,7,6,0,Left,2.0,4.0
S064,04,9,0,0,Left,0.5,2.5
S064,04,9,1,0,Left,0.75,2.75
S064,04,9,2,0,Left,1.0,3.0
S064,04,9,3,0,Left,1.25,3.25
S064,04,9,4,0,Left,1.5,3.5
S064,04,9,5,0,Left,1.75,3.75
S064,04,9,6,0,Left,2.0,4.0
S064,04,11,0,1,Right,0.5,2.5
S064,04,11,1,1,Right,0.75,2.75
S064,04,11,2,1,Right,1.0,3.0
S064,04,11,3,1,Right,1.25,3.25
S064,04,11,4,1,Right,1.5,3.5
S064,04,11,5,1,Right,1.75,3.75
S064,04,11,6,1,Right,2.0,4.0
S064,04,13,0,0,Left,0.5,2.5
S064,04,13,1,0,Left,0.75,2.75
S064,04,13,2,0,Left,1.0,3.0
S064,04,13,3,0,Left,1.25,3.25
S064,04,13,4,0,Left,1.5,3.5
S064,04,13,5,0,Left,1.75,3.75
S064,04,13,6,0,Left,2.0,4.0
S064,04,15,0,1,Right,0.5,2.5
S064,04,15,1,1,Right,0.75,2.75
S064,04,15,2,1,Right,1.0,3.0
S064,04,15,3,1,Right,1.25,3.25
S064,04,15,4,1,Right,1.5,3.5
S064,04,15,5,1,Right,1.75,3.75
S064,04,15,6,1,Right,2.0,4.0
S064,04,17,0,1,Right,0.5,2.5
S064,04,17,1,1,Right,0.75,2.75
S064,04,17,2,1,Right,1.0,3.0
S064,04,17,3,1,Right,1.25,3.25
S064,04,17,4,1,Right,1.5,3.5
S064,04,17,5,1,Right,1.75,3.75
S064,04,17,6,1,Right,2.0,4.0
S064,04,19,0,0,Left,0.5,2.5
S064,04,19,1,0,Left,0.75,2.75
S064,04,19,2,0,Left,1.0,3.0
S064,04,19,3,0,Left,1.25,3.25
S064,04,19,4,0,Left,1.5,3.5
S064,04,19,5,0,Left,1.75,3.75
S064,04,19,6,0,Left,2.0,4.0
S064,04,21,0,0,Left,0.5,2.5
S064,04,21,1,0,Left,0.75,2.75
S064,04,21,2,0,Left,1.0,3.0
S064,04,21,3,0,Left,1.25,3.25
S064,04,21,4,0,Left,1.5,3.5
S064,04,21,5,0,Left,1.75,3.75
S064,04,21,6,0,Left,2.0,4.0
S064,04,23,0,1,Right,0.5,2.5
S064,04,23,1,1,Right,0.75,2.75
S064,04,23,2,1,Right,1.0,3.0
S064,04,23,3,1,Right,1.25,3.25
S064,04,23,4,1,Right,1.5,3.5
S064,04,23,5,1,Right,1.75,3.75
S064,04,23,6,1,Right,2.0,4.0
S064,04,25,0,1,Right,0.5,2.5
S064,04,25,1,1,Right,0.75,2.75
S064,04,25,2,1,Right,1.0,3.0
S064,04,25,3,1,Right,1.25,3.25
S064,04,25,4,1,Right,1.5,3.5
S064,04,25,5,1,Right,1.75,3.75
S064,04,25,6,1,Right,2.0,4.0
S064,04,27,0,0,Left,0.5,2.5
S064,04,27,1,0,Left,0.75,2.75
S064,04,27,2,0,Left,1.0,3.0
S064,04,27,3,0,Left,1.25,3.25
S064,04,27,4,0,Left,1.5,3.5
S064,04,27,5,0,Left,1.75,3.75
S064,04,27,6,0,Left,2.0,4.0
S064,04,29,0,0,Left,0.5,2.5
S064,04,29,1,0,Left,0.75,2.75
S064,04,29,2,0,Left,1.0,3.0
S064,04,29,3,0,Left,1.25,3.25
S064,04,29,4,0,Left,1.5,3.5
S064,04,29,5,0,Left,1.75,3.75
S064,04,29,6,0,Left,2.0,4.0
S064,08,1,0,1,Right,0.5,2.5
S064,08,1,1,1,Right,0.75,2.75
S064,08,1,2,1,Right,1.0,3.0
S064,08,1,3,1,Right,1.25,3.25
S064,08,1,4,1,Right,1.5,3.5
S064,08,1,5,1,Right,1.75,3.75
S064,08,1,6,1,Right,2.0,4.0
S064,08,3,0,0,Left,0.5,2.5
S064,08,3,1,0,Left,0.75,2.75
S064,08,3,2,0,Left,1.0,3.0
S064,08,3,3,0,Left,1.25,3.25
S064,08,3,4,0,Left,1.5,3.5
S064,08,3,5,0,Left,1.75,3.75
S064,08,3,6,0,Left,2.0,4.0
S064,08,5,0,1,Right,0.5,2.5
S064,08,5,1,1,Right,0.75,2.75
S064,08,5,2,1,Right,1.0,3.0
S064,08,5,3,1,Right,1.25,3.25
S064,08,5,4,1,Right,1.5,3.5
S064,08,5,5,1,Right,1.75,3.75
S064,08,5,6,1,Right,2.0,4.0
S064,08,7,0,0,Left,0.5,2.5
S064,08,7,1,0,Left,0.75,2.75
S064,08,7,2,0,Left,1.0,3.0
S064,08,7,3,0,Left,1.25,3.25
S064,08,7,4,0,Left,1.5,3.5
S064,08,7,5,0,Left,1.75,3.75
S064,08,7,6,0,Left,2.0,4.0
S064,08,9,0,1,Right,0.5,2.5
S064,08,9,1,1,Right,0.75,2.75
S064,08,9,2,1,Right,1.0,3.0
S064,08,9,3,1,Right,1.25,3.25
S064,08,9,4,1,Right,1.5,3.5
S064,08,9,5,1,Right,1.75,3.75
S064,08,9,6,1,Right,2.0,4.0
S064,08,11,0,0,Left,0.5,2.5
S064,08,11,1,0,Left,0.75,2.75
S064,08,11,2,0,Left,1.0,3.0
S064,08,11,3,0,Left,1.25,3.25
S064,08,11,4,0,Left,1.5,3.5
S064,08,11,5,0,Left,1.75,3.75
S064,08,11,6,0,Left,2.0,4.0
S064,08,13,0,1,Right,0.5,2.5
S064,08,13,1,1,Right,0.75,2.75
S064,08,13,2,1,Right,1.0,3.0
S064,08,13,3,1,Right,1.25,3.25
S064,08,13,4,1,Right,1.5,3.5
S064,08,13,5,1,Right,1.75,3.75
S064,08,13,6,1,Right,2.0,4.0
S064,08,15,0,0,Left,0.5,2.5
S064,08,15,1,0,Left,0.75,2.75
S064,08,15,2,0,Left,1.0,3.0
S064,08,15,3,0,Left,1.25,3.25
S064,08,15,4,0,Left,1.5,3.5
S064,08,15,5,0,Left,1.75,3.75
S064,08,15,6,0,Left,2.0,4.0
S064,08,17,0,1,Right,0.5,2.5
S064,08,17,1,1,Right,0.75,2.75
S064,08,17,2,1,Right,1.0,3.0
S064,08,17,3,1,Right,1.25,3.25
S064,08,17,4,1,Right,1.5,3.5
S064,08,17,5,1,Right,1.75,3.75
S064,08,17,6,1,Right,2.0,4.0
S064,08,19,0,0,Left,0.5,2.5
S064,08,19,1,0,Left,0.75,2.75
S064,08,19,2,0,Left,1.0,3.0
S064,08,19,3,0,Left,1.25,3.25
S064,08,19,4,0,Left,1.5,3.5
S064,08,19,5,0,Left,1.75,3.75
S064,08,19,6,0,Left,2.0,4.0
S064,08,21,0,1,Right,0.5,2.5
S064,08,21,1,1,Right,0.75,2.75
S064,08,21,2,1,Right,1.0,3.0
S064,08,21,3,1,Right,1.25,3.25
S064,08,21,4,1,Right,1.5,3.5
S064,08,21,5,1,Right,1.75,3.75
S064,08,21,6,1,Right,2.0,4.0
S064,08,23,0,0,Left,0.5,2.5
S064,08,23,1,0,Left,0.75,2.75
S064,08,23,2,0,Left,1.0,3.0
S064,08,23,3,0,Left,1.25,3.25
S064,08,23,4,0,Left,1.5,3.5
S064,08,23,5,0,Left,1.75,3.75
S064,08,23,6,0,Left,2.0,4.0
S064,08,25,0,0,Left,0.5,2.5
S064,08,25,1,0,Left,0.75,2.75
S064,08,25,2,0,Left,1.0,3.0
S064,08,25,3,0,Left,1.25,3.25
S064,08,25,4,0,Left,1.5,3.5
S064,08,25,5,0,Left,1.75,3.75
S064,08,25,6,0,Left,2.0,4.0
S064,08,27,0,1,Right,0.5,2.5
S064,08,27,1,1,Right,0.75,2.75
S064,08,27,2,1,Right,1.0,3.0
S064,08,27,3,1,Right,1.25,3.25
S064,08,27,4,1,Right,1.5,3.5
S064,08,27,5,1,Right,1.75,3.75
S064,08,27,6,1,Right,2.0,4.0
S064,08,29,0,0,Left,0.5,2.5
S064,08,29,1,0,Left,0.75,2.75
S064,08,29,2,0,Left,1.0,3.0
S064,08,29,3,0,Left,1.25,3.25
S064,08,29,4,0,Left,1.5,3.5
S064,08,29,5,0,Left,1.75,3.75
S064,08,29,6,0,Left,2.0,4.0
S064,12,1,0,1,Right,0.5,2.5
S064,12,1,1,1,Right,0.75,2.75
S064,12,1,2,1,Right,1.0,3.0
S064,12,1,3,1,Right,1.25,3.25
S064,12,1,4,1,Right,1.5,3.5
S064,12,1,5,1,Right,1.75,3.75
S064,12,1,6,1,Right,2.0,4.0
S064,12,3,0,0,Left,0.5,2.5
S064,12,3,1,0,Left,0.75,2.75
S064,12,3,2,0,Left,1.0,3.0
S064,12,3,3,0,Left,1.25,3.25
S064,12,3,4,0,Left,1.5,3.5
S064,12,3,5,0,Left,1.75,3.75
S064,12,3,6,0,Left,2.0,4.0
S064,12,5,0,1,Right,0.5,2.5
S064,12,5,1,1,Right,0.75,2.75
S064,12,5,2,1,Right,1.0,3.0
S064,12,5,3,1,Right,1.25,3.25
S064,12,5,4,1,Right,1.5,3.5
S064,12,5,5,1,Right,1.75,3.75
S064,12,5,6,1,Right,2.0,4.0
S064,12,7,0,0,Left,0.5,2.5
S064,12,7,1,0,Left,0.75,2.75
S064,12,7,2,0,Left,1.0,3.0
S064,12,7,3,0,Left,1.25,3.25
S064,12,7,4,0,Left,1.5,3.5
S064,12,7,5,0,Left,1.75,3.75
S064,12,7,6,0,Left,2.0,4.0
S064,12,9,0,1,Right,0.5,2.5
S064,12,9,1,1,Right,0.75,2.75
S064,12,9,2,1,Right,1.0,3.0
S064,12,9,3,1,Right,1.25,3.25
S064,12,9,4,1,Right,1.5,3.5
S064,12,9,5,1,Right,1.75,3.75
S064,12,9,6,1,Right,2.0,4.0
S064,12,11,0,0,Left,0.5,2.5
S064,12,11,1,0,Left,0.75,2.75
S064,12,11,2,0,Left,1.0,3.0
S064,12,11,3,0,Left,1.25,3.25
S064,12,11,4,0,Left,1.5,3.5
S064,12,11,5,0,Left,1.75,3.75
S064,12,11,6,0,Left,2.0,4.0
S064,12,13,0,1,Right,0.5,2.5
S064,12,13,1,1,Right,0.75,2.75
S064,12,13,2,1,Right,1.0,3.0
S064,12,13,3,1,Right,1.25,3.25
S064,12,13,4,1,Right,1.5,3.5
S064,12,13,5,1,Right,1.75,3.75
S064,12,13,6,1,Right,2.0,4.0
S064,12,15,0,0,Left,0.5,2.5
S064,12,15,1,0,Left,0.75,2.75
S064,12,15,2,0,Left,1.0,3.0
S064,12,15,3,0,Left,1.25,3.25
S064,12,15,4,0,Left,1.5,3.5
S064,12,15,5,0,Left,1.75,3.75
S064,12,15,6,0,Left,2.0,4.0
S064,12,17,0,1,Right,0.5,2.5
S064,12,17,1,1,Right,0.75,2.75
S064,12,17,2,1,Right,1.0,3.0
S064,12,17,3,1,Right,1.25,3.25
S064,12,17,4,1,Right,1.5,3.5
S064,12,17,5,1,Right,1.75,3.75
S064,12,17,6,1,Right,2.0,4.0
S064,12,19,0,0,Left,0.5,2.5
S064,12,19,1,0,Left,0.75,2.75
S064,12,19,2,0,Left,1.0,3.0
S064,12,19,3,0,Left,1.25,3.25
S064,12,19,4,0,Left,1.5,3.5
S064,12,19,5,0,Left,1.75,3.75
S064,12,19,6,0,Left,2.0,4.0
S064,12,21,0,0,Left,0.5,2.5
S064,12,21,1,0,Left,0.75,2.75
S064,12,21,2,0,Left,1.0,3.0
S064,12,21,3,0,Left,1.25,3.25
S064,12,21,4,0,Left,1.5,3.5
S064,12,21,5,0,Left,1.75,3.75
S064,12,21,6,0,Left,2.0,4.0
S064,12,23,0,1,Right,0.5,2.5
S064,12,23,1,1,Right,0.75,2.75
S064,12,23,2,1,Right,1.0,3.0
S064,12,23,3,1,Right,1.25,3.25
S064,12,23,4,1,Right,1.5,3.5
S064,12,23,5,1,Right,1.75,3.75
S064,12,23,6,1,Right,2.0,4.0
S064,12,25,0,0,Left,0.5,2.5
S064,12,25,1,0,Left,0.75,2.75
S064,12,25,2,0,Left,1.0,3.0
S064,12,25,3,0,Left,1.25,3.25
S064,12,25,4,0,Left,1.5,3.5
S064,12,25,5,0,Left,1.75,3.75
S064,12,25,6,0,Left,2.0,4.0
S064,12,27,0,1,Right,0.5,2.5
S064,12,27,1,1,Right,0.75,2.75
S064,12,27,2,1,Right,1.0,3.0
S064,12,27,3,1,Right,1.25,3.25
S064,12,27,4,1,Right,1.5,3.5
S064,12,27,5,1,Right,1.75,3.75
S064,12,27,6,1,Right,2.0,4.0
S069,04,1,0,0,Left,0.5,2.5
S069,04,1,1,0,Left,0.75,2.75
S069,04,1,2,0,Left,1.0,3.0
S069,04,1,3,0,Left,1.25,3.25
S069,04,1,4,0,Left,1.5,3.5
S069,04,1,5,0,Left,1.75,3.75
S069,04,1,6,0,Left,2.0,4.0
S069,04,3,0,1,Right,0.5,2.5
S069,04,3,1,1,Right,0.75,2.75
S069,04,3,2,1,Right,1.0,3.0
S069,04,3,3,1,Right,1.25,3.25
S069,04,3,4,1,Right,1.5,3.5
S069,04,3,5,1,Right,1.75,3.75
S069,04,3,6,1,Right,2.0,4.0
S069,04,5,0,0,Left,0.5,2.5
S069,04,5,1,0,Left,0.75,2.75
S069,04,5,2,0,Left,1.0,3.0
S069,04,5,3,0,Left,1.25,3.25
S069,04,5,4,0,Left,1.5,3.5
S069,04,5,5,0,Left,1.75,3.75
S069,04,5,6,0,Left,2.0,4.0
S069,04,7,0,1,Right,0.5,2.5
S069,04,7,1,1,Right,0.75,2.75
S069,04,7,2,1,Right,1.0,3.0
S069,04,7,3,1,Right,1.25,3.25
S069,04,7,4,1,Right,1.5,3.5
S069,04,7,5,1,Right,1.75,3.75
S069,04,7,6,1,Right,2.0,4.0
S069,04,9,0,1,Right,0.5,2.5
S069,04,9,1,1,Right,0.75,2.75
S069,04,9,2,1,Right,1.0,3.0
S069,04,9,3,1,Right,1.25,3.25
S069,04,9,4,1,Right,1.5,3.5
S069,04,9,5,1,Right,1.75,3.75
S069,04,9,6,1,Right,2.0,4.0
S069,04,11,0,0,Left,0.5,2.5
S069,04,11,1,0,Left,0.75,2.75
S069,04,11,2,0,Left,1.0,3.0
S069,04,11,3,0,Left,1.25,3.25
S069,04,11,4,0,Left,1.5,3.5
S069,04,11,5,0,Left,1.75,3.75
S069,04,11,6,0,Left,2.0,4.0
S069,04,13,0,0,Left,0.5,2.5
S069,04,13,1,0,Left,0.75,2.75
S069,04,13,2,0,Left,1.0,3.0
S069,04,13,3,0,Left,1.25,3.25
S069,04,13,4,0,Left,1.5,3.5
S069,04,13,5,0,Left,1.75,3.75
S069,04,13,6,0,Left,2.0,4.0
S069,04,15,0,1,Right,0.5,2.5
S069,04,15,1,1,Right,0.75,2.75
S069,04,15,2,1,Right,1.0,3.0
S069,04,15,3,1,Right,1.25,3.25
S069,04,15,4,1,Right,1.5,3.5
S069,04,15,5,1,Right,1.75,3.75
S069,04,15,6,1,Right,2.0,4.0
S069,04,17,0,0,Left,0.5,2.5
S069,04,17,1,0,Left,0.75,2.75
S069,04,17,2,0,Left,1.0,3.0
S069,04,17,3,0,Left,1.25,3.25
S069,04,17,4,0,Left,1.5,3.5
S069,04,17,5,0,Left,1.75,3.75
S069,04,17,6,0,Left,2.0,4.0
S069,04,19,0,1,Right,0.5,2.5
S069,04,19,1,1,Right,0.75,2.75
S069,04,19,2,1,Right,1.0,3.0
S069,04,19,3,1,Right,1.25,3.25
S069,04,19,4,1,Right,1.5,3.5
S069,04,19,5,1,Right,1.75,3.75
S069,04,19,6,1,Right,2.0,4.0
S069,04,21,0,1,Right,0.5,2.5
S069,04,21,1,1,Right,0.75,2.75
S069,04,21,2,1,Right,1.0,3.0
S069,04,21,3,1,Right,1.25,3.25
S069,04,21,4,1,Right,1.5,3.5
S069,04,21,5,1,Right,1.75,3.75
S069,04,21,6,1,Right,2.0,4.0
S069,04,23,0,0,Left,0.5,2.5
S069,04,23,1,0,Left,0.75,2.75
S069,04,23,2,0,Left,1.0,3.0
S069,04,23,3,0,Left,1.25,3.25
S069,04,23,4,0,Left,1.5,3.5
S069,04,23,5,0,Left,1.75,3.75
S069,04,23,6,0,Left,2.0,4.0
S069,04,25,0,0,Left,0.5,2.5
S069,04,25,1,0,Left,0.75,2.75
S069,04,25,2,0,Left,1.0,3.0
S069,04,25,3,0,Left,1.25,3.25
S069,04,25,4,0,Left,1.5,3.5
S069,04,25,5,0,Left,1.75,3.75
S069,04,25,6,0,Left,2.0,4.0
S069,04,27,0,1,Right,0.5,2.5
S069,04,27,1,1,Right,0.75,2.75
S069,04,27,2,1,Right,1.0,3.0
S069,04,27,3,1,Right,1.25,3.25
S069,04,27,4,1,Right,1.5,3.5
S069,04,27,5,1,Right,1.75,3.75
S069,04,27,6,1,Right,2.0,4.0
S069,04,29,0,0,Left,0.5,2.5
S069,04,29,1,0,Left,0.75,2.75
S069,04,29,2,0,Left,1.0,3.0
S069,04,29,3,0,Left,1.25,3.25
S069,04,29,4,0,Left,1.5,3.5
S069,04,29,5,0,Left,1.75,3.75
S069,04,29,6,0,Left,2.0,4.0
S069,08,1,0,0,Left,0.5,2.5
S069,08,1,1,0,Left,0.75,2.75
S069,08,1,2,0,Left,1.0,3.0
S069,08,1,3,0,Left,1.25,3.25
S069,08,1,4,0,Left,1.5,3.5
S069,08,1,5,0,Left,1.75,3.75
S069,08,1,6,0,Left,2.0,4.0
S069,08,3,0,1,Right,0.5,2.5
S069,08,3,1,1,Right,0.75,2.75
S069,08,3,2,1,Right,1.0,3.0
S069,08,3,3,1,Right,1.25,3.25
S069,08,3,4,1,Right,1.5,3.5
S069,08,3,5,1,Right,1.75,3.75
S069,08,3,6,1,Right,2.0,4.0
S069,08,5,0,1,Right,0.5,2.5
S069,08,5,1,1,Right,0.75,2.75
S069,08,5,2,1,Right,1.0,3.0
S069,08,5,3,1,Right,1.25,3.25
S069,08,5,4,1,Right,1.5,3.5
S069,08,5,5,1,Right,1.75,3.75
S069,08,5,6,1,Right,2.0,4.0
S069,08,7,0,0,Left,0.5,2.5
S069,08,7,1,0,Left,0.75,2.75
S069,08,7,2,0,Left,1.0,3.0
S069,08,7,3,0,Left,1.25,3.25
S069,08,7,4,0,Left,1.5,3.5
S069,08,7,5,0,Left,1.75,3.75
S069,08,7,6,0,Left,2.0,4.0
S069,08,9,0,0,Left,0.5,2.5
S069,08,9,1,0,Left,0.75,2.75
S069,08,9,2,0,Left,1.0,3.0
S069,08,9,3,0,Left,1.25,3.25
S069,08,9,4,0,Left,1.5,3.5
S069,08,9,5,0,Left,1.75,3.75
S069,08,9,6,0,Left,2.0,4.0
S069,08,11,0,1,Right,0.5,2.5
S069,08,11,1,1,Right,0.75,2.75
S069,08,11,2,1,Right,1.0,3.0
S069,08,11,3,1,Right,1.25,3.25
S069,08,11,4,1,Right,1.5,3.5
S069,08,11,5,1,Right,1.75,3.75
S069,08,11,6,1,Right,2.0,4.0
S069,08,13,0,1,Right,0.5,2.5
S069,08,13,1,1,Right,0.75,2.75
S069,08,13,2,1,Right,1.0,3.0
S069,08,13,3,1,Right,1.25,3.25
S069,08,13,4,1,Right,1.5,3.5
S069,08,13,5,1,Right,1.75,3.75
S069,08,13,6,1,Right,2.0,4.0
S069,08,15,0,0,Left,0.5,2.5
S069,08,15,1,0,Left,0.75,2.75
S069,08,15,2,0,Left,1.0,3.0
S069,08,15,3,0,Left,1.25,3.25
S069,08,15,4,0,Left,1.5,3.5
S069,08,15,5,0,Left,1.75,3.75
S069,08,15,6,0,Left,2.0,4.0
S069,08,17,0,1,Right,0.5,2.5
S069,08,17,1,1,Right,0.75,2.75
S069,08,17,2,1,Right,1.0,3.0
S069,08,17,3,1,Right,1.25,3.25
S069,08,17,4,1,Right,1.5,3.5
S069,08,17,5,1,Right,1.75,3.75
S069,08,17,6,1,Right,2.0,4.0
S069,08,19,0,0,Left,0.5,2.5
S069,08,19,1,0,Left,0.75,2.75
S069,08,19,2,0,Left,1.0,3.0
S069,08,19,3,0,Left,1.25,3.25
S069,08,19,4,0,Left,1.5,3.5
S069,08,19,5,0,Left,1.75,3.75
S069,08,19,6,0,Left,2.0,4.0
S069,08,21,0,0,Left,0.5,2.5
S069,08,21,1,0,Left,0.75,2.75
S069,08,21,2,0,Left,1.0,3.0
S069,08,21,3,0,Left,1.25,3.25
S069,08,21,4,0,Left,1.5,3.5
S069,08,21,5,0,Left,1.75,3.75
S069,08,21,6,0,Left,2.0,4.0
S069,08,23,0,1,Right,0.5,2.5
S069,08,23,1,1,Right,0.75,2.75
S069,08,23,2,1,Right,1.0,3.0
S069,08,23,3,1,Right,1.25,3.25
S069,08,23,4,1,Right,1.5,3.5
S069,08,23,5,1,Right,1.75,3.75
S069,08,23,6,1,Right,2.0,4.0
S069,08,25,0,1,Right,0.5,2.5
S069,08,25,1,1,Right,0.75,2.75
S069,08,25,2,1,Right,1.0,3.0
S069,08,25,3,1,Right,1.25,3.25
S069,08,25,4,1,Right,1.5,3.5
S069,08,25,5,1,Right,1.75,3.75
S069,08,25,6,1,Right,2.0,4.0
S069,08,27,0,0,Left,0.5,2.5
S069,08,27,1,0,Left,0.75,2.75
S069,08,27,2,0,Left,1.0,3.0
S069,08,27,3,0,Left,1.25,3.25
S069,08,27,4,0,Left,1.5,3.5
S069,08,27,5,0,Left,1.75,3.75
S069,08,27,6,0,Left,2.0,4.0
S069,08,29,0,0,Left,0.5,2.5
S069,08,29,1,0,Left,0.75,2.75
S069,08,29,2,0,Left,1.0,3.0
S069,08,29,3,0,Left,1.25,3.25
S069,08,29,4,0,Left,1.5,3.5
S069,08,29,5,0,Left,1.75,3.75
S069,08,29,6,0,Left,2.0,4.0
S069,12,1,0,0,Left,0.5,2.5
S069,12,1,1,0,Left,0.75,2.75
S069,12,1,2,0,Left,1.0,3.0
S069,12,1,3,0,Left,1.25,3.25
S069,12,1,4,0,Left,1.5,3.5
S069,12,1,5,0,Left,1.75,3.75
S069,12,1,6,0,Left,2.0,4.0
S069,12,3,0,1,Right,0.5,2.5
S069,12,3,1,1,Right,0.75,2.75
S069,12,3,2,1,Right,1.0,3.0
S069,12,3,3,1,Right,1.25,3.25
S069,12,3,4,1,Right,1.5,3.5
S069,12,3,5,1,Right,1.75,3.75
S069,12,3,6,1,Right,2.0,4.0
S069,12,5,0,1,Right,0.5,2.5
S069,12,5,1,1,Right,0.75,2.75
S069,12,5,2,1,Right,1.0,3.0
S069,12,5,3,1,Right,1.25,3.25
S069,12,5,4,1,Right,1.5,3.5
S069,12,5,5,1,Right,1.75,3.75
S069,12,5,6,1,Right,2.0,4.0
S069,12,7,0,0,Left,0.5,2.5
S069,12,7,1,0,Left,0.75,2.75
S069,12,7,2,0,Left,1.0,3.0
S069,12,7,3,0,Left,1.25,3.25
S069,12,7,4,0,Left,1.5,3.5
S069,12,7,5,0,Left,1.75,3.75
S069,12,7,6,0,Left,2.0,4.0
S069,12,9,0,0,Left,0.5,2.5
S069,12,9,1,0,Left,0.75,2.75
S069,12,9,2,0,Left,1.0,3.0
S069,12,9,3,0,Left,1.25,3.25
S069,12,9,4,0,Left,1.5,3.5
S069,12,9,5,0,Left,1.75,3.75
S069,12,9,6,0,Left,2.0,4.0
S069,12,11,0,1,Right,0.5,2.5
S069,12,11,1,1,Right,0.75,2.75
S069,12,11,2,1,Right,1.0,3.0
S069,12,11,3,1,Right,1.25,3.25
S069,12,11,4,1,Right,1.5,3.5
S069,12,11,5,1,Right,1.75,3.75
S069,12,11,6,1,Right,2.0,4.0
S069,12,13,0,1,Right,0.5,2.5
S069,12,13,1,1,Right,0.75,2.75
S069,12,13,2,1,Right,1.0,3.0
S069,12,13,3,1,Right,1.25,3.25
S069,12,13,4,1,Right,1.5,3.5
S069,12,13,5,1,Right,1.75,3.75
S069,12,13,6,1,Right,2.0,4.0
S069,12,15,0,0,Left,0.5,2.5
S069,12,15,1,0,Left,0.75,2.75
S069,12,15,2,0,Left,1.0,3.0
S069,12,15,3,0,Left,1.25,3.25
S069,12,15,4,0,Left,1.5,3.5
S069,12,15,5,0,Left,1.75,3.75
S069,12,15,6,0,Left,2.0,4.0
S069,12,19,0,0,Left,0.5,2.5
S069,12,19,1,0,Left,0.75,2.75
S069,12,19,2,0,Left,1.0,3.0
S069,12,19,3,0,Left,1.25,3.25
S069,12,19,4,0,Left,1.5,3.5
S069,12,19,5,0,Left,1.75,3.75
S069,12,19,6,0,Left,2.0,4.0
S069,12,21,0,0,Left,0.5,2.5
S069,12,21,1,0,Left,0.75,2.75
S069,12,21,2,0,Left,1.0,3.0
S069,12,21,3,0,Left,1.25,3.25
S069,12,21,4,0,Left,1.5,3.5
S069,12,21,5,0,Left,1.75,3.75
S069,12,21,6,0,Left,2.0,4.0
S069,12,23,0,1,Right,0.5,2.5
S069,12,23,1,1,Right,0.75,2.75
S069,12,23,2,1,Right,1.0,3.0
S069,12,23,3,1,Right,1.25,3.25
S069,12,23,4,1,Right,1.5,3.5
S069,12,23,5,1,Right,1.75,3.75
S069,12,23,6,1,Right,2.0,4.0
S069,12,25,0,0,Left,0.5,2.5
S069,12,25,1,0,Left,0.75,2.75
S069,12,25,2,0,Left,1.0,3.0
S069,12,25,3,0,Left,1.25,3.25
S069,12,25,4,0,Left,1.5,3.5
S069,12,25,5,0,Left,1.75,3.75
S069,12,25,6,0,Left,2.0,4.0
S069,12,27,0,1,Right,0.5,2.5
S069,12,27,1,1,Right,0.75,2.75
S069,12,27,2,1,Right,1.0,3.0
S069,12,27,3,1,Right,1.25,3.25
S069,12,27,4,1,Right,1.5,3.5
S069,12,27,5,1,Right,1.75,3.75
S069,12,27,6,1,Right,2.0,4.0
S069,12,29,0,0,Left,0.5,2.5
S069,12,29,1,0,Left,0.75,2.75
S069,12,29,2,0,Left,1.0,3.0
S069,12,29,3,0,Left,1.25,3.25
S069,12,29,4,0,Left,1.5,3.5
S069,12,29,5,0,Left,1.75,3.75
S069,12,29,6,0,Left,2.0,4.0
S070,04,7,0,0,Left,0.5,2.5
S070,04,7,1,0,Left,0.75,2.75
S070,04,7,2,0,Left,1.0,3.0
S070,04,11,0,1,Right,0.5,2.5
S070,04,11,1,1,Right,0.75,2.75
S070,08,1,0,1,Right,0.5,2.5
S070,08,1,1,1,Right,0.75,2.75
S070,08,1,2,1,Right,1.0,3.0
S070,08,9,0,1,Right,0.5,2.5
S070,08,9,1,1,Right,0.75,2.75
S070,08,23,5,0,Left,1.75,3.75
S070,08,23,6,0,Left,2.0,4.0
S070,12,5,5,0,Left,1.75,3.75
S070,12,5,6,0,Left,2.0,4.0
S071,04,1,0,0,Left,0.5,2.5
S071,04,1,1,0,Left,0.75,2.75
S071,04,1,2,0,Left,1.0,3.0
S071,04,1,3,0,Left,1.25,3.25
S071,04,1,4,0,Left,1.5,3.5
S071,04,1,5,0,Left,1.75,3.75
S071,04,3,0,1,Right,0.5,2.5
S071,04,3,1,1,Right,0.75,2.75
S071,04,3,2,1,Right,1.0,3.0
S071,04,3,3,1,Right,1.25,3.25
S071,04,3,4,1,Right,1.5,3.5
S071,04,3,5,1,Right,1.75,3.75
S071,04,3,6,1,Right,2.0,4.0
S071,04,5,0,0,Left,0.5,2.5
S071,04,5,1,0,Left,0.75,2.75
S071,04,5,2,0,Left,1.0,3.0
S071,04,5,3,0,Left,1.25,3.25
S071,04,5,4,0,Left,1.5,3.5
S071,04,5,5,0,Left,1.75,3.75
S071,04,5,6,0,Left,2.0,4.0
S071,04,7,2,1,Right,1.0,3.0
S071,04,7,3,1,Right,1.25,3.25
S071,04,7,4,1,Right,1.5,3.5
S071,04,7,5,1,Right,1.75,3.75
S071,04,7,6,1,Right,2.0,4.0
S071,04,9,0,0,Left,0.5,2.5
S071,04,11,0,1,Right,0.5,2.5
S071,04,11,1,1,Right,0.75,2.75
S071,04,11,2,1,Right,1.0,3.0
S071,04,11,3,1,Right,1.25,3.25
S071,04,11,4,1,Right,1.5,3.5
S071,04,11,5,1,Right,1.75,3.75
S071,04,11,6,1,Right,2.0,4.0
S071,04,13,0,0,Left,0.5,2.5
S071,04,13,1,0,Left,0.75,2.75
S071,04,13,2,0,Left,1.0,3.0
S071,04,13,3,0,Left,1.25,3.25
S071,04,13,4,0,Left,1.5,3.5
S071,04,13,5,0,Left,1.75,3.75
S071,04,13,6,0,Left,2.0,4.0
S071,04,15,0,1,Right,0.5,2.5
S071,04,15,1,1,Right,0.75,2.75
S071,04,15,2,1,Right,1.0,3.0
S071,04,15,3,1,Right,1.25,3.25
S071,04,15,4,1,Right,1.5,3.5
S071,04,15,5,1,Right,1.75,3.75
S071,04,15,6,1,Right,2.0,4.0
S071,04,17,0,0,Left,0.5,2.5
S071,04,17,1,0,Left,0.75,2.75
S071,04,17,2,0,Left,1.0,3.0
S071,04,17,3,0,Left,1.25,3.25
S071,04,17,4,0,Left,1.5,3.5
S071,04,17,5,0,Left,1.75,3.75
S071,04,17,6,0,Left,2.0,4.0
S071,04,19,3,1,Right,1.25,3.25
S071,04,19,4,1,Right,1.5,3.5
S071,04,19,5,1,Right,1.75,3.75
S071,04,19,6,1,Right,2.0,4.0
S071,04,21,0,0,Left,0.5,2.5
S071,04,21,1,0,Left,0.75,2.75
S071,04,21,2,0,Left,1.0,3.0
S071,04,21,3,0,Left,1.25,3.25
S071,04,21,4,0,Left,1.5,3.5
S071,04,21,5,0,Left,1.75,3.75
S071,04,21,6,0,Left,2.0,4.0
S071,04,23,0,1,Right,0.5,2.5
S071,04,25,0,0,Left,0.5,2.5
S071,04,25,1,0,Left,0.75,2.75
S071,04,25,2,0,Left,1.0,3.0
S071,04,25,3,0,Left,1.25,3.25
S071,04,25,4,0,Left,1.5,3.5
S071,04,25,5,0,Left,1.75,3.75
S071,04,25,6,0,Left,2.0,4.0
S071,04,27,0,1,Right,0.5,2.5
S071,04,27,1,1,Right,0.75,2.75
S071,04,27,2,1,Right,1.0,3.0
S071,04,27,3,1,Right,1.25,3.25
S071,04,27,4,1,Right,1.5,3.5
S071,04,27,5,1,Right,1.75,3.75
S071,04,27,6,1,Right,2.0,4.0
S071,04,29,1,0,Left,0.75,2.75
S071,04,29,2,0,Left,1.0,3.0
S071,04,29,3,0,Left,1.25,3.25
S071,04,29,4,0,Left,1.5,3.5
S071,04,29,5,0,Left,1.75,3.75
S071,04,29,6,0,Left,2.0,4.0
S071,08,1,0,0,Left,0.5,2.5
S071,08,1,1,0,Left,0.75,2.75
S071,08,1,2,0,Left,1.0,3.0
S071,08,1,3,0,Left,1.25,3.25
S071,08,1,4,0,Left,1.5,3.5
S071,08,1,5,0,Left,1.75,3.75
S071,08,1,6,0,Left,2.0,4.0
S071,08,3,0,1,Right,0.5,2.5
S071,08,3,1,1,Right,0.75,2.75
S071,08,3,2,1,Right,1.0,3.0
S071,08,3,3,1,Right,1.25,3.25
S071,08,3,4,1,Right,1.5,3.5
S071,08,3,5,1,Right,1.75,3.75
S071,08,3,6,1,Right,2.0,4.0
S071,08,7,0,0,Left,0.5,2.5
S071,08,7,1,0,Left,0.75,2.75
S071,08,7,2,0,Left,1.0,3.0
S071,08,7,3,0,Left,1.25,3.25
S071,08,7,4,0,Left,1.5,3.5
S071,08,7,5,0,Left,1.75,3.75
S071,08,7,6,0,Left,2.0,4.0
S071,08,9,0,1,Right,0.5,2.5
S071,08,9,1,1,Right,0.75,2.75
S071,08,9,2,1,Right,1.0,3.0
S071,08,9,3,1,Right,1.25,3.25
S071,08,9,4,1,Right,1.5,3.5
S071,08,9,5,1,Right,1.75,3.75
S071,08,9,6,1,Right,2.0,4.0
S071,08,11,0,0,Left,0.5,2.5
S071,08,11,1,0,Left,0.75,2.75
S071,08,11,2,0,Left,1.0,3.0
S071,08,11,3,0,Left,1.25,3.25
S071,08,11,4,0,Left,1.5,3.5
S071,08,11,5,0,Left,1.75,3.75
S071,08,11,6,0,Left,2.0,4.0
S071,08,15,2,0,Left,1.0,3.0
S071,08,15,3,0,Left,1.25,3.25
S071,08,15,4,0,Left,1.5,3.5
S071,08,19,0,0,Left,0.5,2.5
S071,08,19,1,0,Left,0.75,2.75
S071,08,19,2,0,Left,1.0,3.0
S071,08,19,3,0,Left,1.25,3.25
S071,08,19,4,0,Left,1.5,3.5
S071,08,19,5,0,Left,1.75,3.75
S071,08,19,6,0,Left,2.0,4.0
S071,08,21,0,0,Left,0.5,2.5
S071,08,21,1,0,Left,0.75,2.75
S071,08,21,2,0,Left,1.0,3.0
S071,08,21,3,0,Left,1.25,3.25
S071,08,21,4,0,Left,1.5,3.5
S071,08,21,5,0,Left,1.75,3.75
S071,08,21,6,0,Left,2.0,4.0
S071,08,23,0,1,Right,0.5,2.5
S071,08,23,1,1,Right,0.75,2.75
S071,08,23,2,1,Right,1.0,3.0
S071,08,25,0,0,Left,0.5,2.5
S071,08,25,1,0,Left,0.75,2.75
S071,08,25,2,0,Left,1.0,3.0
S071,08,25,3,0,Left,1.25,3.25
S071,08,25,4,0,Left,1.5,3.5
S071,08,25,5,0,Left,1.75,3.75
S071,08,25,6,0,Left,2.0,4.0
S071,08,27,0,1,Right,0.5,2.5
S071,08,27,1,1,Right,0.75,2.75
S071,08,27,2,1,Right,1.0,3.0
S071,08,27,3,1,Right,1.25,3.25
S071,08,27,4,1,Right,1.5,3.5
S071,08,27,5,1,Right,1.75,3.75
S071,08,27,6,1,Right,2.0,4.0
S071,08,29,0,1,Right,0.5,2.5
S071,08,29,1,1,Right,0.75,2.75
S071,08,29,2,1,Right,1.0,3.0
S071,08,29,3,1,Right,1.25,3.25
S071,08,29,4,1,Right,1.5,3.5
S071,08,29,5,1,Right,1.75,3.75
S071,08,29,6,1,Right,2.0,4.0
S071,12,1,0,1,Right,0.5,2.5
S071,12,1,1,1,Right,0.75,2.75
S071,12,1,2,1,Right,1.0,3.0
S071,12,1,3,1,Right,1.25,3.25
S071,12,1,4,1,Right,1.5,3.5
S071,12,1,5,1,Right,1.75,3.75
S071,12,1,6,1,Right,2.0,4.0
S071,12,5,5,1,Right,1.75,3.75
S071,12,5,6,1,Right,2.0,4.0
S071,12,7,4,0,Left,1.5,3.5
S071,12,7,5,0,Left,1.75,3.75
S071,12,7,6,0,Left,2.0,4.0
S071,12,9,0,1,Right,0.5,2.5
S071,12,9,1,1,Right,0.75,2.75
S071,12,9,2,1,Right,1.0,3.0
S071,12,9,3,1,Right,1.25,3.25
S071,12,9,4,1,Right,1.5,3.5
S071,12,9,5,1,Right,1.75,3.75
S071,12,9,6,1,Right,2.0,4.0
S071,12,11,0,0,Left,0.5,2.5
S071,12,11,1,0,Left,0.75,2.75
S071,12,11,2,0,Left,1.0,3.0
S071,12,11,3,0,Left,1.25,3.25
S071,12,11,4,0,Left,1.5,3.5
S071,12,11,5,0,Left,1.75,3.75
S071,12,11,6,0,Left,2.0,4.0
S071,12,13,6,0,Left,2.0,4.0
S071,12,17,0,1,Right,0.5,2.5
S071,12,17,1,1,Right,0.75,2.75
S071,12,17,2,1,Right,1.0,3.0
S071,12,17,3,1,Right,1.25,3.25
S071,12,19,1,0,Left,0.75,2.75
S071,12,19,2,0,Left,1.0,3.0
S071,12,21,0,0,Left,0.5,2.5
S071,12,21,1,0,Left,0.75,2.75
S071,12,21,2,0,Left,1.0,3.0
S071,12,23,0,1,Right,0.5,2.5
S071,12,23,1,1,Right,0.75,2.75
S071,12,23,2,1,Right,1.0,3.0
S071,12,23,3,1,Right,1.25,3.25
S071,12,23,4,1,Right,1.5,3.5
S071,12,23,5,1,Right,1.75,3.75
S071,12,23,6,1,Right,2.0,4.0
S071,12,25,3,0,Left,1.25,3.25
S071,12,25,4,0,Left,1.5,3.5
S071,12,25,5,0,Left,1.75,3.75
S071,12,25,6,0,Left,2.0,4.0
S071,12,27,0,1,Right,0.5,2.5
S071,12,27,1,1,Right,0.75,2.75
S071,12,27,2,1,Right,1.0,3.0
S071,12,27,3,1,Right,1.25,3.25
S071,12,27,4,1,Right,1.5,3.5
S071,12,27,5,1,Right,1.75,3.75
S071,12,27,6,1,Right,2.0,4.0
S072,04,1,0,1,Right,0.5,2.5
S072,04,1,1,1,Right,0.75,2.75
S072,04,1,2,1,Right,1.0,3.0
S072,04,1,3,1,Right,1.25,3.25
S072,04,1,4,1,Right,1.5,3.5
S072,04,1,5,1,Right,1.75,3.75
S072,04,1,6,1,Right,2.0,4.0
S072,04,3,0,0,Left,0.5,2.5
S072,04,3,1,0,Left,0.75,2.75
S072,04,3,2,0,Left,1.0,3.0
S072,04,3,3,0,Left,1.25,3.25
S072,04,3,4,0,Left,1.5,3.5
S072,04,3,5,0,Left,1.75,3.75
S072,04,3,6,0,Left,2.0,4.0
S072,04,5,0,0,Left,0.5,2.5
S072,04,5,1,0,Left,0.75,2.75
S072,04,5,2,0,Left,1.0,3.0
S072,04,5,3,0,Left,1.25,3.25
S072,04,5,4,0,Left,1.5,3.5
S072,04,5,5,0,Left,1.75,3.75
S072,04,5,6,0,Left,2.0,4.0
S072,04,7,0,1,Right,0.5,2.5
S072,04,7,1,1,Right,0.75,2.75
S072,04,7,2,1,Right,1.0,3.0
S072,04,7,3,1,Right,1.25,3.25
S072,04,7,4,1,Right,1.5,3.5
S072,04,7,5,1,Right,1.75,3.75
S072,04,7,6,1,Right,2.0,4.0
S072,04,9,0,1,Right,0.5,2.5
S072,04,9,1,1,Right,0.75,2.75
S072,04,9,2,1,Right,1.0,3.0
S072,04,9,3,1,Right,1.25,3.25
S072,04,9,4,1,Right,1.5,3.5
S072,04,9,5,1,Right,1.75,3.75
S072,04,9,6,1,Right,2.0,4.0
S072,04,11,0,0,Left,0.5,2.5
S072,04,11,1,0,Left,0.75,2.75
S072,04,11,2,0,Left,1.0,3.0
S072,04,11,3,0,Left,1.25,3.25
S072,04,11,4,0,Left,1.5,3.5
S072,04,11,5,0,Left,1.75,3.75
S072,04,11,6,0,Left,2.0,4.0
S072,04,13,0,1,Right,0.5,2.5
S072,04,13,1,1,Right,0.75,2.75
S072,04,13,2,1,Right,1.0,3.0
S072,04,13,3,1,Right,1.25,3.25
S072,04,13,4,1,Right,1.5,3.5
S072,04,13,5,1,Right,1.75,3.75
S072,04,13,6,1,Right,2.0,4.0
S072,04,15,0,0,Left,0.5,2.5
S072,04,15,1,0,Left,0.75,2.75
S072,04,15,2,0,Left,1.0,3.0
S072,04,15,3,0,Left,1.25,3.25
S072,04,15,4,0,Left,1.5,3.5
S072,04,15,5,0,Left,1.75,3.75
S072,04,15,6,0,Left,2.0,4.0
S072,04,17,0,0,Left,0.5,2.5
S072,04,17,1,0,Left,0.75,2.75
S072,04,17,2,0,Left,1.0,3.0
S072,04,17,3,0,Left,1.25,3.25
S072,04,17,4,0,Left,1.5,3.5
S072,04,17,5,0,Left,1.75,3.75
S072,04,17,6,0,Left,2.0,4.0
S072,04,19,0,1,Right,0.5,2.5
S072,04,19,1,1,Right,0.75,2.75
S072,04,19,2,1,Right,1.0,3.0
S072,04,19,3,1,Right,1.25,3.25
S072,04,19,4,1,Right,1.5,3.5
S072,04,19,5,1,Right,1.75,3.75
S072,04,19,6,1,Right,2.0,4.0
S072,04,21,0,0,Left,0.5,2.5
S072,04,21,1,0,Left,0.75,2.75
S072,04,21,2,0,Left,1.0,3.0
S072,04,21,3,0,Left,1.25,3.25
S072,04,21,4,0,Left,1.5,3.5
S072,04,21,5,0,Left,1.75,3.75
S072,04,21,6,0,Left,2.0,4.0
S072,04,23,0,1,Right,0.5,2.5
S072,04,23,1,1,Right,0.75,2.75
S072,04,23,2,1,Right,1.0,3.0
S072,04,23,3,1,Right,1.25,3.25
S072,04,23,4,1,Right,1.5,3.5
S072,04,23,5,1,Right,1.75,3.75
S072,04,23,6,1,Right,2.0,4.0
S072,04,25,0,0,Left,0.5,2.5
S072,04,25,1,0,Left,0.75,2.75
S072,04,25,2,0,Left,1.0,3.0
S072,04,25,3,0,Left,1.25,3.25
S072,04,25,4,0,Left,1.5,3.5
S072,04,25,5,0,Left,1.75,3.75
S072,04,25,6,0,Left,2.0,4.0
S072,04,27,0,1,Right,0.5,2.5
S072,04,27,1,1,Right,0.75,2.75
S072,04,27,2,1,Right,1.0,3.0
S072,04,27,3,1,Right,1.25,3.25
S072,04,27,4,1,Right,1.5,3.5
S072,04,27,5,1,Right,1.75,3.75
S072,04,27,6,1,Right,2.0,4.0
S072,08,1,0,1,Right,0.5,2.5
S072,08,1,1,1,Right,0.75,2.75
S072,08,1,2,1,Right,1.0,3.0
S072,08,1,3,1,Right,1.25,3.25
S072,08,1,4,1,Right,1.5,3.5
S072,08,1,5,1,Right,1.75,3.75
S072,08,1,6,1,Right,2.0,4.0
S072,08,3,0,0,Left,0.5,2.5
S072,08,3,1,0,Left,0.75,2.75
S072,08,3,2,0,Left,1.0,3.0
S072,08,3,3,0,Left,1.25,3.25
S072,08,3,4,0,Left,1.5,3.5
S072,08,3,5,0,Left,1.75,3.75
S072,08,3,6,0,Left,2.0,4.0
S072,08,5,0,1,Right,0.5,2.5
S072,08,5,1,1,Right,0.75,2.75
S072,08,5,2,1,Right,1.0,3.0
S072,08,5,3,1,Right,1.25,3.25
S072,08,5,4,1,Right,1.5,3.5
S072,08,5,5,1,Right,1.75,3.75
S072,08,5,6,1,Right,2.0,4.0
S072,08,7,0,0,Left,0.5,2.5
S072,08,7,1,0,Left,0.75,2.75
S072,08,7,2,0,Left,1.0,3.0
S072,08,7,3,0,Left,1.25,3.25
S072,08,7,4,0,Left,1.5,3.5
S072,08,7,5,0,Left,1.75,3.75
S072,08,7,6,0,Left,2.0,4.0
S072,08,9,0,0,Left,0.5,2.5
S072,08,9,1,0,Left,0.75,2.75
S072,08,9,2,0,Left,1.0,3.0
S072,08,9,3,0,Left,1.25,3.25
S072,08,9,4,0,Left,1.5,3.5
S072,08,9,5,0,Left,1.75,3.75
S072,08,9,6,0,Left,2.0,4.0
S072,08,11,0,1,Right,0.5,2.5
S072,08,11,1,1,Right,0.75,2.75
S072,08,11,2,1,Right,1.0,3.0
S072,08,11,3,1,Right,1.25,3.25
S072,08,11,4,1,Right,1.5,3.5
S072,08,11,5,1,Right,1.75,3.75
S072,08,11,6,1,Right,2.0,4.0
S072,08,13,0,0,Left,0.5,2.5
S072,08,13,1,0,Left,0.75,2.75
S072,08,13,2,0,Left,1.0,3.0
S072,08,13,3,0,Left,1.25,3.25
S072,08,13,4,0,Left,1.5,3.5
S072,08,13,5,0,Left,1.75,3.75
S072,08,13,6,0,Left,2.0,4.0
S072,08,15,0,1,Right,0.5,2.5
S072,08,15,1,1,Right,0.75,2.75
S072,08,15,2,1,Right,1.0,3.0
S072,08,15,3,1,Right,1.25,3.25
S072,08,15,4,1,Right,1.5,3.5
S072,08,15,5,1,Right,1.75,3.75
S072,08,15,6,1,Right,2.0,4.0
S072,08,17,0,1,Right,0.5,2.5
S072,08,17,1,1,Right,0.75,2.75
S072,08,17,2,1,Right,1.0,3.0
S072,08,17,3,1,Right,1.25,3.25
S072,08,17,4,1,Right,1.5,3.5
S072,08,17,5,1,Right,1.75,3.75
S072,08,17,6,1,Right,2.0,4.0
S072,08,19,0,0,Left,0.5,2.5
S072,08,19,1,0,Left,0.75,2.75
S072,08,19,2,0,Left,1.0,3.0
S072,08,19,3,0,Left,1.25,3.25
S072,08,19,4,0,Left,1.5,3.5
S072,08,19,5,0,Left,1.75,3.75
S072,08,19,6,0,Left,2.0,4.0
S072,08,21,0,0,Left,0.5,2.5
S072,08,21,1,0,Left,0.75,2.75
S072,08,21,2,0,Left,1.0,3.0
S072,08,21,3,0,Left,1.25,3.25
S072,08,21,4,0,Left,1.5,3.5
S072,08,21,5,0,Left,1.75,3.75
S072,08,21,6,0,Left,2.0,4.0
S072,08,23,0,1,Right,0.5,2.5
S072,08,23,1,1,Right,0.75,2.75
S072,08,23,2,1,Right,1.0,3.0
S072,08,23,3,1,Right,1.25,3.25
S072,08,23,4,1,Right,1.5,3.5
S072,08,23,5,1,Right,1.75,3.75
S072,08,23,6,1,Right,2.0,4.0
S072,08,25,0,0,Left,0.5,2.5
S072,08,25,1,0,Left,0.75,2.75
S072,08,25,2,0,Left,1.0,3.0
S072,08,25,3,0,Left,1.25,3.25
S072,08,25,4,0,Left,1.5,3.5
S072,08,25,5,0,Left,1.75,3.75
S072,08,25,6,0,Left,2.0,4.0
S072,08,27,0,1,Right,0.5,2.5
S072,08,27,1,1,Right,0.75,2.75
S072,08,27,2,1,Right,1.0,3.0
S072,08,27,3,1,Right,1.25,3.25
S072,08,27,4,1,Right,1.5,3.5
S072,08,27,5,1,Right,1.75,3.75
S072,08,27,6,1,Right,2.0,4.0
S072,12,1,0,0,Left,0.5,2.5
S072,12,1,1,0,Left,0.75,2.75
S072,12,1,2,0,Left,1.0,3.0
S072,12,1,3,0,Left,1.25,3.25
S072,12,1,4,0,Left,1.5,3.5
S072,12,1,5,0,Left,1.75,3.75
S072,12,1,6,0,Left,2.0,4.0
S072,12,3,0,1,Right,0.5,2.5
S072,12,3,1,1,Right,0.75,2.75
S072,12,3,2,1,Right,1.0,3.0
S072,12,3,3,1,Right,1.25,3.25
S072,12,3,4,1,Right,1.5,3.5
S072,12,3,5,1,Right,1.75,3.75
S072,12,3,6,1,Right,2.0,4.0
S072,12,5,0,1,Right,0.5,2.5
S072,12,5,1,1,Right,0.75,2.75
S072,12,5,2,1,Right,1.0,3.0
S072,12,5,3,1,Right,1.25,3.25
S072,12,5,4,1,Right,1.5,3.5
S072,12,5,5,1,Right,1.75,3.75
S072,12,5,6,1,Right,2.0,4.0
S072,12,7,0,0,Left,0.5,2.5
S072,12,7,1,0,Left,0.75,2.75
S072,12,7,2,0,Left,1.0,3.0
S072,12,7,3,0,Left,1.25,3.25
S072,12,7,4,0,Left,1.5,3.5
S072,12,7,5,0,Left,1.75,3.75
S072,12,7,6,0,Left,2.0,4.0
S072,12,9,0,1,Right,0.5,2.5
S072,12,9,1,1,Right,0.75,2.75
S072,12,9,2,1,Right,1.0,3.0
S072,12,9,3,1,Right,1.25,3.25
S072,12,9,4,1,Right,1.5,3.5
S072,12,9,5,1,Right,1.75,3.75
S072,12,9,6,1,Right,2.0,4.0
S072,12,11,0,0,Left,0.5,2.5
S072,12,11,1,0,Left,0.75,2.75
S072,12,11,2,0,Left,1.0,3.0
S072,12,11,3,0,Left,1.25,3.25
S072,12,11,4,0,Left,1.5,3.5
S072,12,11,5,0,Left,1.75,3.75
S072,12,11,6,0,Left,2.0,4.0
S072,12,13,0,1,Right,0.5,2.5
S072,12,13,1,1,Right,0.75,2.75
S072,12,13,2,1,Right,1.0,3.0
S072,12,13,3,1,Right,1.25,3.25
S072,12,13,4,1,Right,1.5,3.5
S072,12,13,5,1,Right,1.75,3.75
S072,12,13,6,1,Right,2.0,4.0
S072,12,15,0,0,Left,0.5,2.5
S072,12,15,1,0,Left,0.75,2.75
S072,12,15,2,0,Left,1.0,3.0
S072,12,15,3,0,Left,1.25,3.25
S072,12,15,4,0,Left,1.5,3.5
S072,12,15,5,0,Left,1.75,3.75
S072,12,15,6,0,Left,2.0,4.0
S072,12,17,0,0,Left,0.5,2.5
S072,12,17,1,0,Left,0.75,2.75
S072,12,17,2,0,Left,1.0,3.0
S072,12,17,3,0,Left,1.25,3.25
S072,12,17,4,0,Left,1.5,3.5
S072,12,17,5,0,Left,1.75,3.75
S072,12,17,6,0,Left,2.0,4.0
S072,12,19,0,1,Right,0.5,2.5
S072,12,19,1,1,Right,0.75,2.75
S072,12,19,2,1,Right,1.0,3.0
S072,12,19,3,1,Right,1.25,3.25
S072,12,19,4,1,Right,1.5,3.5
S072,12,19,5,1,Right,1.75,3.75
S072,12,19,6,1,Right,2.0,4.0
S072,12,21,0,1,Right,0.5,2.5
S072,12,21,1,1,Right,0.75,2.75
S072,12,21,2,1,Right,1.0,3.0
S072,12,21,3,1,Right,1.25,3.25
S072,12,21,4,1,Right,1.5,3.5
S072,12,21,5,1,Right,1.75,3.75
S072,12,21,6,1,Right,2.0,4.0
S072,12,23,0,0,Left,0.5,2.5
S072,12,23,1,0,Left,0.75,2.75
S072,12,23,2,0,Left,1.0,3.0
S072,12,23,3,0,Left,1.25,3.25
S072,12,23,4,0,Left,1.5,3.5
S072,12,23,5,0,Left,1.75,3.75
S072,12,23,6,0,Left,2.0,4.0
S072,12,25,0,1,Right,0.5,2.5
S072,12,25,1,1,Right,0.75,2.75
S072,12,25,2,1,Right,1.0,3.0
S072,12,25,3,1,Right,1.25,3.25
S072,12,25,4,1,Right,1.5,3.5
S072,12,25,5,1,Right,1.75,3.75
S072,12,25,6,1,Right,2.0,4.0
S072,12,27,0,0,Left,0.5,2.5
S072,12,27,1,0,Left,0.75,2.75
S072,12,27,2,0,Left,1.0,3.0
S072,12,27,3,0,Left,1.25,3.25
S072,12,27,4,0,Left,1.5,3.5
S072,12,27,5,0,Left,1.75,3.75
S072,12,27,6,0,Left,2.0,4.0
S072,12,29,0,0,Left,0.5,2.5
S072,12,29,1,0,Left,0.75,2.75
S072,12,29,2,0,Left,1.0,3.0
S072,12,29,3,0,Left,1.25,3.25
S072,12,29,4,0,Left,1.5,3.5
S072,12,29,5,0,Left,1.75,3.75
S072,12,29,6,0,Left,2.0,4.0
S073,04,1,0,0,Left,0.5,2.5
S073,04,1,1,0,Left,0.75,2.75
S073,04,1,2,0,Left,1.0,3.0
S073,04,1,3,0,Left,1.25,3.25
S073,04,1,4,0,Left,1.5,3.5
S073,04,1,5,0,Left,1.75,3.75
S073,04,1,6,0,Left,2.0,4.0
S073,04,3,0,1,Right,0.5,2.5
S073,04,3,1,1,Right,0.75,2.75
S073,04,3,2,1,Right,1.0,3.0
S073,04,3,3,1,Right,1.25,3.25
S073,04,3,4,1,Right,1.5,3.5
S073,04,3,5,1,Right,1.75,3.75
S073,04,3,6,1,Right,2.0,4.0
S073,04,5,0,0,Left,0.5,2.5
S073,04,5,1,0,Left,0.75,2.75
S073,04,5,2,0,Left,1.0,3.0
S073,04,5,3,0,Left,1.25,3.25
S073,04,5,4,0,Left,1.5,3.5
S073,04,5,5,0,Left,1.75,3.75
S073,04,5,6,0,Left,2.0,4.0
S073,04,7,0,1,Right,0.5,2.5
S073,04,7,1,1,Right,0.75,2.75
S073,04,7,2,1,Right,1.0,3.0
S073,04,7,3,1,Right,1.25,3.25
S073,04,7,4,1,Right,1.5,3.5
S073,04,7,5,1,Right,1.75,3.75
S073,04,7,6,1,Right,2.0,4.0
S073,04,9,0,0,Left,0.5,2.5
S073,04,9,1,0,Left,0.75,2.75
S073,04,9,2,0,Left,1.0,3.0
S073,04,9,3,0,Left,1.25,3.25
S073,04,9,4,0,Left,1.5,3.5
S073,04,9,5,0,Left,1.75,3.75
S073,04,9,6,0,Left,2.0,4.0
S073,04,11,0,1,Right,0.5,2.5
S073,04,11,1,1,Right,0.75,2.75
S073,04,11,2,1,Right,1.0,3.0
S073,04,11,3,1,Right,1.25,3.25
S073,04,11,4,1,Right,1.5,3.5
S073,04,11,5,1,Right,1.75,3.75
S073,04,11,6,1,Right,2.0,4.0
S073,04,13,0,1,Right,0.5,2.5
S073,04,13,1,1,Right,0.75,2.75
S073,04,13,2,1,Right,1.0,3.0
S073,04,13,3,1,Right,1.25,3.25
S073,04,13,4,1,Right,1.5,3.5
S073,04,13,5,1,Right,1.75,3.75
S073,04,13,6,1,Right,2.0,4.0
S073,04,15,0,0,Left,0.5,2.5
S073,04,15,1,0,Left,0.75,2.75
S073,04,15,2,0,Left,1.0,3.0
S073,04,15,3,0,Left,1.25,3.25
S073,04,15,4,0,Left,1.5,3.5
S073,04,15,5,0,Left,1.75,3.75
S073,04,15,6,0,Left,2.0,4.0
S073,04,17,0,0,Left,0.5,2.5
S073,04,17,1,0,Left,0.75,2.75
S073,04,17,2,0,Left,1.0,3.0
S073,04,17,3,0,Left,1.25,3.25
S073,04,17,4,0,Left,1.5,3.5
S073,04,17,5,0,Left,1.75,3.75
S073,04,17,6,0,Left,2.0,4.0
S073,04,19,0,1,Right,0.5,2.5
S073,04,19,1,1,Right,0.75,2.75
S073,04,19,2,1,Right,1.0,3.0
S073,04,19,3,1,Right,1.25,3.25
S073,04,19,4,1,Right,1.5,3.5
S073,04,19,5,1,Right,1.75,3.75
S073,04,19,6,1,Right,2.0,4.0
S073,04,21,0,1,Right,0.5,2.5
S073,04,21,1,1,Right,0.75,2.75
S073,04,21,2,1,Right,1.0,3.0
S073,04,21,3,1,Right,1.25,3.25
S073,04,21,4,1,Right,1.5,3.5
S073,04,21,5,1,Right,1.75,3.75
S073,04,21,6,1,Right,2.0,4.0
S073,04,23,0,0,Left,0.5,2.5
S073,04,23,1,0,Left,0.75,2.75
S073,04,23,2,0,Left,1.0,3.0
S073,04,23,3,0,Left,1.25,3.25
S073,04,23,4,0,Left,1.5,3.5
S073,04,23,5,0,Left,1.75,3.75
S073,04,23,6,0,Left,2.0,4.0
S073,04,25,0,0,Left,0.5,2.5
S073,04,25,1,0,Left,0.75,2.75
S073,04,25,2,0,Left,1.0,3.0
S073,04,25,3,0,Left,1.25,3.25
S073,04,25,4,0,Left,1.5,3.5
S073,04,25,5,0,Left,1.75,3.75
S073,04,25,6,0,Left,2.0,4.0
S073,04,27,0,1,Right,0.5,2.5
S073,04,27,1,1,Right,0.75,2.75
S073,04,27,2,1,Right,1.0,3.0
S073,04,27,3,1,Right,1.25,3.25
S073,04,27,4,1,Right,1.5,3.5
S073,04,27,5,1,Right,1.75,3.75
S073,04,27,6,1,Right,2.0,4.0
S073,08,1,0,1,Right,0.5,2.5
S073,08,1,1,1,Right,0.75,2.75
S073,08,1,2,1,Right,1.0,3.0
S073,08,1,3,1,Right,1.25,3.25
S073,08,1,4,1,Right,1.5,3.5
S073,08,1,5,1,Right,1.75,3.75
S073,08,1,6,1,Right,2.0,4.0
S073,08,3,0,0,Left,0.5,2.5
S073,08,3,1,0,Left,0.75,2.75
S073,08,3,2,0,Left,1.0,3.0
S073,08,3,3,0,Left,1.25,3.25
S073,08,3,4,0,Left,1.5,3.5
S073,08,3,5,0,Left,1.75,3.75
S073,08,3,6,0,Left,2.0,4.0
S073,08,5,0,1,Right,0.5,2.5
S073,08,5,1,1,Right,0.75,2.75
S073,08,5,2,1,Right,1.0,3.0
S073,08,5,3,1,Right,1.25,3.25
S073,08,5,4,1,Right,1.5,3.5
S073,08,5,5,1,Right,1.75,3.75
S073,08,5,6,1,Right,2.0,4.0
S073,08,7,0,0,Left,0.5,2.5
S073,08,7,1,0,Left,0.75,2.75
S073,08,7,2,0,Left,1.0,3.0
S073,08,7,3,0,Left,1.25,3.25
S073,08,7,4,0,Left,1.5,3.5
S073,08,7,5,0,Left,1.75,3.75
S073,08,7,6,0,Left,2.0,4.0
S073,08,9,0,0,Left,0.5,2.5
S073,08,9,1,0,Left,0.75,2.75
S073,08,9,2,0,Left,1.0,3.0
S073,08,9,3,0,Left,1.25,3.25
S073,08,9,4,0,Left,1.5,3.5
S073,08,9,5,0,Left,1.75,3.75
S073,08,9,6,0,Left,2.0,4.0
S073,08,11,0,1,Right,0.5,2.5
S073,08,11,1,1,Right,0.75,2.75
S073,08,11,2,1,Right,1.0,3.0
S073,08,11,3,1,Right,1.25,3.25
S073,08,11,4,1,Right,1.5,3.5
S073,08,11,5,1,Right,1.75,3.75
S073,08,11,6,1,Right,2.0,4.0
S073,08,13,0,1,Right,0.5,2.5
S073,08,13,1,1,Right,0.75,2.75
S073,08,13,2,1,Right,1.0,3.0
S073,08,13,3,1,Right,1.25,3.25
S073,08,13,4,1,Right,1.5,3.5
S073,08,13,5,1,Right,1.75,3.75
S073,08,13,6,1,Right,2.0,4.0
S073,08,15,0,0,Left,0.5,2.5
S073,08,15,1,0,Left,0.75,2.75
S073,08,15,2,0,Left,1.0,3.0
S073,08,15,3,0,Left,1.25,3.25
S073,08,15,4,0,Left,1.5,3.5
S073,08,15,5,0,Left,1.75,3.75
S073,08,15,6,0,Left,2.0,4.0
S073,08,17,0,1,Right,0.5,2.5
S073,08,17,1,1,Right,0.75,2.75
S073,08,17,2,1,Right,1.0,3.0
S073,08,17,3,1,Right,1.25,3.25
S073,08,17,4,1,Right,1.5,3.5
S073,08,17,5,1,Right,1.75,3.75
S073,08,17,6,1,Right,2.0,4.0
S073,08,19,0,0,Left,0.5,2.5
S073,08,19,1,0,Left,0.75,2.75
S073,08,19,2,0,Left,1.0,3.0
S073,08,19,3,0,Left,1.25,3.25
S073,08,19,4,0,Left,1.5,3.5
S073,08,19,5,0,Left,1.75,3.75
S073,08,19,6,0,Left,2.0,4.0
S073,08,21,0,0,Left,0.5,2.5
S073,08,21,1,0,Left,0.75,2.75
S073,08,21,2,0,Left,1.0,3.0
S073,08,21,3,0,Left,1.25,3.25
S073,08,21,4,0,Left,1.5,3.5
S073,08,21,5,0,Left,1.75,3.75
S073,08,21,6,0,Left,2.0,4.0
S073,08,23,0,1,Right,0.5,2.5
S073,08,23,1,1,Right,0.75,2.75
S073,08,23,2,1,Right,1.0,3.0
S073,08,23,3,1,Right,1.25,3.25
S073,08,23,4,1,Right,1.5,3.5
S073,08,23,5,1,Right,1.75,3.75
S073,08,23,6,1,Right,2.0,4.0
S073,08,25,0,1,Right,0.5,2.5
S073,08,25,1,1,Right,0.75,2.75
S073,08,25,2,1,Right,1.0,3.0
S073,08,25,3,1,Right,1.25,3.25
S073,08,25,4,1,Right,1.5,3.5
S073,08,25,5,1,Right,1.75,3.75
S073,08,25,6,1,Right,2.0,4.0
S073,08,27,0,0,Left,0.5,2.5
S073,08,27,1,0,Left,0.75,2.75
S073,08,27,2,0,Left,1.0,3.0
S073,08,27,3,0,Left,1.25,3.25
S073,08,27,4,0,Left,1.5,3.5
S073,08,27,5,0,Left,1.75,3.75
S073,08,27,6,0,Left,2.0,4.0
S073,12,1,0,0,Left,0.5,2.5
S073,12,1,1,0,Left,0.75,2.75
S073,12,1,2,0,Left,1.0,3.0
S073,12,1,3,0,Left,1.25,3.25
S073,12,1,4,0,Left,1.5,3.5
S073,12,1,5,0,Left,1.75,3.75
S073,12,1,6,0,Left,2.0,4.0
S073,12,3,0,1,Right,0.5,2.5
S073,12,3,1,1,Right,0.75,2.75
S073,12,3,2,1,Right,1.0,3.0
S073,12,3,3,1,Right,1.25,3.25
S073,12,3,4,1,Right,1.5,3.5
S073,12,3,5,1,Right,1.75,3.75
S073,12,3,6,1,Right,2.0,4.0
S073,12,5,0,0,Left,0.5,2.5
S073,12,5,1,0,Left,0.75,2.75
S073,12,5,2,0,Left,1.0,3.0
S073,12,5,3,0,Left,1.25,3.25
S073,12,5,4,0,Left,1.5,3.5
S073,12,5,5,0,Left,1.75,3.75
S073,12,5,6,0,Left,2.0,4.0
S073,12,7,0,1,Right,0.5,2.5
S073,12,7,1,1,Right,0.75,2.75
S073,12,7,2,1,Right,1.0,3.0
S073,12,7,3,1,Right,1.25,3.25
S073,12,7,4,1,Right,1.5,3.5
S073,12,7,5,1,Right,1.75,3.75
S073,12,7,6,1,Right,2.0,4.0
S073,12,9,0,0,Left,0.5,2.5
S073,12,9,1,0,Left,0.75,2.75
S073,12,9,2,0,Left,1.0,3.0
S073,12,9,3,0,Left,1.25,3.25
S073,12,9,4,0,Left,1.5,3.5
S073,12,9,5,0,Left,1.75,3.75
S073,12,9,6,0,Left,2.0,4.0
S073,12,11,0,1,Right,0.5,2.5
S073,12,11,1,1,Right,0.75,2.75
S073,12,11,2,1,Right,1.0,3.0
S073,12,11,3,1,Right,1.25,3.25
S073,12,11,4,1,Right,1.5,3.5
S073,12,11,5,1,Right,1.75,3.75
S073,12,11,6,1,Right,2.0,4.0
S073,12,13,0,1,Right,0.5,2.5
S073,12,13,1,1,Right,0.75,2.75
S073,12,13,2,1,Right,1.0,3.0
S073,12,13,3,1,Right,1.25,3.25
S073,12,13,4,1,Right,1.5,3.5
S073,12,13,5,1,Right,1.75,3.75
S073,12,13,6,1,Right,2.0,4.0
S073,12,15,0,0,Left,0.5,2.5
S073,12,15,1,0,Left,0.75,2.75
S073,12,15,2,0,Left,1.0,3.0
S073,12,15,3,0,Left,1.25,3.25
S073,12,15,4,0,Left,1.5,3.5
S073,12,15,5,0,Left,1.75,3.75
S073,12,15,6,0,Left,2.0,4.0
S073,12,17,0,1,Right,0.5,2.5
S073,12,17,1,1,Right,0.75,2.75
S073,12,17,2,1,Right,1.0,3.0
S073,12,17,3,1,Right,1.25,3.25
S073,12,17,4,1,Right,1.5,3.5
S073,12,17,5,1,Right,1.75,3.75
S073,12,17,6,1,Right,2.0,4.0
S073,12,19,0,0,Left,0.5,2.5
S073,12,19,1,0,Left,0.75,2.75
S073,12,19,2,0,Left,1.0,3.0
S073,12,19,3,0,Left,1.25,3.25
S073,12,19,4,0,Left,1.5,3.5
S073,12,19,5,0,Left,1.75,3.75
S073,12,19,6,0,Left,2.0,4.0
S073,12,21,0,1,Right,0.5,2.5
S073,12,21,1,1,Right,0.75,2.75
S073,12,21,2,1,Right,1.0,3.0
S073,12,21,3,1,Right,1.25,3.25
S073,12,21,4,1,Right,1.5,3.5
S073,12,21,5,1,Right,1.75,3.75
S073,12,21,6,1,Right,2.0,4.0
S073,12,23,0,0,Left,0.5,2.5
S073,12,23,1,0,Left,0.75,2.75
S073,12,23,2,0,Left,1.0,3.0
S073,12,23,3,0,Left,1.25,3.25
S073,12,23,4,0,Left,1.5,3.5
S073,12,23,5,0,Left,1.75,3.75
S073,12,23,6,0,Left,2.0,4.0
S073,12,25,0,0,Left,0.5,2.5
S073,12,25,1,0,Left,0.75,2.75
S073,12,25,2,0,Left,1.0,3.0
S073,12,25,3,0,Left,1.25,3.25
S073,12,25,4,0,Left,1.5,3.5
S073,12,25,5,0,Left,1.75,3.75
S073,12,25,6,0,Left,2.0,4.0
S073,12,27,0,1,Right,0.5,2.5
S073,12,27,1,1,Right,0.75,2.75
S073,12,27,2,1,Right,1.0,3.0
S073,12,27,3,1,Right,1.25,3.25
S073,12,27,4,1,Right,1.5,3.5
S073,12,27,5,1,Right,1.75,3.75
S073,12,27,6,1,Right,2.0,4.0
S074,04,1,0,1,Right,0.5,2.5
S074,04,1,1,1,Right,0.75,2.75
S074,04,1,2,1,Right,1.0,3.0
S074,04,1,3,1,Right,1.25,3.25
S074,04,1,4,1,Right,1.5,3.5
S074,04,1,5,1,Right,1.75,3.75
S074,04,1,6,1,Right,2.0,4.0
S074,04,3,0,0,Left,0.5,2.5
S074,04,3,1,0,Left,0.75,2.75
S074,04,3,2,0,Left,1.0,3.0
S074,04,3,3,0,Left,1.25,3.25
S074,04,3,4,0,Left,1.5,3.5
S074,04,3,5,0,Left,1.75,3.75
S074,04,3,6,0,Left,2.0,4.0
S074,04,5,0,0,Left,0.5,2.5
S074,04,5,1,0,Left,0.75,2.75
S074,04,5,2,0,Left,1.0,3.0
S074,04,5,3,0,Left,1.25,3.25
S074,04,5,4,0,Left,1.5,3.5
S074,04,5,5,0,Left,1.75,3.75
S074,04,5,6,0,Left,2.0,4.0
S074,04,7,0,1,Right,0.5,2.5
S074,04,7,1,1,Right,0.75,2.75
S074,04,7,2,1,Right,1.0,3.0
S074,04,7,3,1,Right,1.25,3.25
S074,04,7,4,1,Right,1.5,3.5
S074,04,7,5,1,Right,1.75,3.75
S074,04,7,6,1,Right,2.0,4.0
S074,04,9,0,1,Right,0.5,2.5
S074,04,9,1,1,Right,0.75,2.75
S074,04,9,2,1,Right,1.0,3.0
S074,04,9,3,1,Right,1.25,3.25
S074,04,9,4,1,Right,1.5,3.5
S074,04,9,5,1,Right,1.75,3.75
S074,04,9,6,1,Right,2.0,4.0
S074,04,11,0,0,Left,0.5,2.5
S074,04,11,1,0,Left,0.75,2.75
S074,04,11,2,0,Left,1.0,3.0
S074,04,11,3,0,Left,1.25,3.25
S074,04,11,4,0,Left,1.5,3.5
S074,04,11,5,0,Left,1.75,3.75
S074,04,11,6,0,Left,2.0,4.0
S074,04,13,0,1,Right,0.5,2.5
S074,04,13,1,1,Right,0.75,2.75
S074,04,13,2,1,Right,1.0,3.0
S074,04,13,3,1,Right,1.25,3.25
S074,04,13,4,1,Right,1.5,3.5
S074,04,13,5,1,Right,1.75,3.75
S074,04,13,6,1,Right,2.0,4.0
S074,04,15,0,0,Left,0.5,2.5
S074,04,15,1,0,Left,0.75,2.75
S074,04,15,2,0,Left,1.0,3.0
S074,04,15,3,0,Left,1.25,3.25
S074,04,15,4,0,Left,1.5,3.5
S074,04,15,5,0,Left,1.75,3.75
S074,04,15,6,0,Left,2.0,4.0
S074,04,17,0,1,Right,0.5,2.5
S074,04,17,1,1,Right,0.75,2.75
S074,04,17,2,1,Right,1.0,3.0
S074,04,17,3,1,Right,1.25,3.25
S074,04,17,4,1,Right,1.5,3.5
S074,04,17,5,1,Right,1.75,3.75
S074,04,17,6,1,Right,2.0,4.0
S074,04,19,0,0,Left,0.5,2.5
S074,04,19,1,0,Left,0.75,2.75
S074,04,19,2,0,Left,1.0,3.0
S074,04,19,3,0,Left,1.25,3.25
S074,04,19,4,0,Left,1.5,3.5
S074,04,19,5,0,Left,1.75,3.75
S074,04,19,6,0,Left,2.0,4.0
S074,04,21,0,1,Right,0.5,2.5
S074,04,21,1,1,Right,0.75,2.75
S074,04,21,2,1,Right,1.0,3.0
S074,04,21,3,1,Right,1.25,3.25
S074,04,21,4,1,Right,1.5,3.5
S074,04,21,5,1,Right,1.75,3.75
S074,04,21,6,1,Right,2.0,4.0
S074,04,23,0,0,Left,0.5,2.5
S074,04,23,1,0,Left,0.75,2.75
S074,04,23,2,0,Left,1.0,3.0
S074,04,23,3,0,Left,1.25,3.25
S074,04,23,4,0,Left,1.5,3.5
S074,04,23,5,0,Left,1.75,3.75
S074,04,23,6,0,Left,2.0,4.0
S074,04,25,0,0,Left,0.5,2.5
S074,04,25,1,0,Left,0.75,2.75
S074,04,25,2,0,Left,1.0,3.0
S074,04,25,3,0,Left,1.25,3.25
S074,04,25,4,0,Left,1.5,3.5
S074,04,25,5,0,Left,1.75,3.75
S074,04,25,6,0,Left,2.0,4.0
S074,04,27,0,1,Right,0.5,2.5
S074,04,27,1,1,Right,0.75,2.75
S074,04,27,2,1,Right,1.0,3.0
S074,04,27,3,1,Right,1.25,3.25
S074,04,27,4,1,Right,1.5,3.5
S074,04,27,5,1,Right,1.75,3.75
S074,04,27,6,1,Right,2.0,4.0
S074,04,29,0,0,Left,0.5,2.5
S074,04,29,1,0,Left,0.75,2.75
S074,04,29,2,0,Left,1.0,3.0
S074,04,29,3,0,Left,1.25,3.25
S074,04,29,4,0,Left,1.5,3.5
S074,04,29,5,0,Left,1.75,3.75
S074,04,29,6,0,Left,2.0,4.0
S074,08,1,0,1,Right,0.5,2.5
S074,08,1,1,1,Right,0.75,2.75
S074,08,1,2,1,Right,1.0,3.0
S074,08,1,3,1,Right,1.25,3.25
S074,08,1,4,1,Right,1.5,3.5
S074,08,1,5,1,Right,1.75,3.75
S074,08,1,6,1,Right,2.0,4.0
S074,08,3,0,0,Left,0.5,2.5
S074,08,3,1,0,Left,0.75,2.75
S074,08,3,2,0,Left,1.0,3.0
S074,08,3,3,0,Left,1.25,3.25
S074,08,3,4,0,Left,1.5,3.5
S074,08,3,5,0,Left,1.75,3.75
S074,08,3,6,0,Left,2.0,4.0
S074,08,5,0,1,Right,0.5,2.5
S074,08,5,1,1,Right,0.75,2.75
S074,08,5,2,1,Right,1.0,3.0
S074,08,5,3,1,Right,1.25,3.25
S074,08,5,4,1,Right,1.5,3.5
S074,08,5,5,1,Right,1.75,3.75
S074,08,5,6,1,Right,2.0,4.0
S074,08,7,0,0,Left,0.5,2.5
S074,08,7,1,0,Left,0.75,2.75
S074,08,7,2,0,Left,1.0,3.0
S074,08,7,3,0,Left,1.25,3.25
S074,08,7,4,0,Left,1.5,3.5
S074,08,7,5,0,Left,1.75,3.75
S074,08,7,6,0,Left,2.0,4.0
S074,08,9,0,1,Right,0.5,2.5
S074,08,9,1,1,Right,0.75,2.75
S074,08,9,2,1,Right,1.0,3.0
S074,08,9,3,1,Right,1.25,3.25
S074,08,9,4,1,Right,1.5,3.5
S074,08,9,5,1,Right,1.75,3.75
S074,08,9,6,1,Right,2.0,4.0
S074,08,11,0,0,Left,0.5,2.5
S074,08,11,1,0,Left,0.75,2.75
S074,08,11,2,0,Left,1.0,3.0
S074,08,11,3,0,Left,1.25,3.25
S074,08,11,4,0,Left,1.5,3.5
S074,08,11,5,0,Left,1.75,3.75
S074,08,11,6,0,Left,2.0,4.0
S074,08,13,0,0,Left,0.5,2.5
S074,08,13,1,0,Left,0.75,2.75
S074,08,13,2,0,Left,1.0,3.0
S074,08,13,3,0,Left,1.25,3.25
S074,08,13,4,0,Left,1.5,3.5
S074,08,13,5,0,Left,1.75,3.75
S074,08,13,6,0,Left,2.0,4.0
S074,08,15,0,1,Right,0.5,2.5
S074,08,15,1,1,Right,0.75,2.75
S074,08,15,2,1,Right,1.0,3.0
S074,08,15,3,1,Right,1.25,3.25
S074,08,15,4,1,Right,1.5,3.5
S074,08,15,5,1,Right,1.75,3.75
S074,08,15,6,1,Right,2.0,4.0
S074,08,17,0,1,Right,0.5,2.5
S074,08,17,1,1,Right,0.75,2.75
S074,08,17,2,1,Right,1.0,3.0
S074,08,17,3,1,Right,1.25,3.25
S074,08,17,4,1,Right,1.5,3.5
S074,08,17,5,1,Right,1.75,3.75
S074,08,17,6,1,Right,2.0,4.0
S074,08,19,0,0,Left,0.5,2.5
S074,08,19,1,0,Left,0.75,2.75
S074,08,19,2,0,Left,1.0,3.0
S074,08,19,3,0,Left,1.25,3.25
S074,08,19,4,0,Left,1.5,3.5
S074,08,19,5,0,Left,1.75,3.75
S074,08,19,6,0,Left,2.0,4.0
S074,08,21,0,0,Left,0.5,2.5
S074,08,21,1,0,Left,0.75,2.75
S074,08,21,2,0,Left,1.0,3.0
S074,08,21,3,0,Left,1.25,3.25
S074,08,21,4,0,Left,1.5,3.5
S074,08,21,5,0,Left,1.75,3.75
S074,08,21,6,0,Left,2.0,4.0
S074,08,23,0,1,Right,0.5,2.5
S074,08,23,1,1,Right,0.75,2.75
S074,08,23,2,1,Right,1.0,3.0
S074,08,23,3,1,Right,1.25,3.25
S074,08,23,4,1,Right,1.5,3.5
S074,08,23,5,1,Right,1.75,3.75
S074,08,23,6,1,Right,2.0,4.0
S074,08,25,0,1,Right,0.5,2.5
S074,08,25,1,1,Right,0.75,2.75
S074,08,25,2,1,Right,1.0,3.0
S074,08,25,3,1,Right,1.25,3.25
S074,08,25,4,1,Right,1.5,3.5
S074,08,25,5,1,Right,1.75,3.75
S074,08,25,6,1,Right,2.0,4.0
S074,08,27,0,0,Left,0.5,2.5
S074,08,27,1,0,Left,0.75,2.75
S074,08,27,2,0,Left,1.0,3.0
S074,08,27,3,0,Left,1.25,3.25
S074,08,27,4,0,Left,1.5,3.5
S074,08,27,5,0,Left,1.75,3.75
S074,08,27,6,0,Left,2.0,4.0
S074,12,1,0,1,Right,0.5,2.5
S074,12,1,1,1,Right,0.75,2.75
S074,12,1,2,1,Right,1.0,3.0
S074,12,1,3,1,Right,1.25,3.25
S074,12,1,4,1,Right,1.5,3.5
S074,12,1,5,1,Right,1.75,3.75
S074,12,1,6,1,Right,2.0,4.0
S074,12,3,0,0,Left,0.5,2.5
S074,12,3,1,0,Left,0.75,2.75
S074,12,3,2,0,Left,1.0,3.0
S074,12,3,3,0,Left,1.25,3.25
S074,12,3,4,0,Left,1.5,3.5
S074,12,3,5,0,Left,1.75,3.75
S074,12,3,6,0,Left,2.0,4.0
S074,12,5,0,0,Left,0.5,2.5
S074,12,5,1,0,Left,0.75,2.75
S074,12,5,2,0,Left,1.0,3.0
S074,12,5,3,0,Left,1.25,3.25
S074,12,5,4,0,Left,1.5,3.5
S074,12,5,5,0,Left,1.75,3.75
S074,12,5,6,0,Left,2.0,4.0
S074,12,7,0,1,Right,0.5,2.5
S074,12,7,1,1,Right,0.75,2.75
S074,12,7,2,1,Right,1.0,3.0
S074,12,7,3,1,Right,1.25,3.25
S074,12,7,4,1,Right,1.5,3.5
S074,12,7,5,1,Right,1.75,3.75
S074,12,7,6,1,Right,2.0,4.0
S074,12,9,0,0,Left,0.5,2.5
S074,12,9,1,0,Left,0.75,2.75
S074,12,9,2,0,Left,1.0,3.0
S074,12,9,3,0,Left,1.25,3.25
S074,12,9,4,0,Left,1.5,3.5
S074,12,9,5,0,Left,1.75,3.75
S074,12,9,6,0,Left,2.0,4.0
S074,12,11,0,1,Right,0.5,2.5
S074,12,11,1,1,Right,0.75,2.75
S074,12,11,2,1,Right,1.0,3.0
S074,12,11,3,1,Right,1.25,3.25
S074,12,11,4,1,Right,1.5,3.5
S074,12,11,5,1,Right,1.75,3.75
S074,12,11,6,1,Right,2.0,4.0
S074,12,13,0,0,Left,0.5,2.5
S074,12,13,1,0,Left,0.75,2.75
S074,12,13,2,0,Left,1.0,3.0
S074,12,13,3,0,Left,1.25,3.25
S074,12,13,4,0,Left,1.5,3.5
S074,12,13,5,0,Left,1.75,3.75
S074,12,13,6,0,Left,2.0,4.0
S074,12,15,0,1,Right,0.5,2.5
S074,12,15,1,1,Right,0.75,2.75
S074,12,15,2,1,Right,1.0,3.0
S074,12,15,3,1,Right,1.25,3.25
S074,12,15,4,1,Right,1.5,3.5
S074,12,15,5,1,Right,1.75,3.75
S074,12,15,6,1,Right,2.0,4.0
S074,12,17,0,1,Right,0.5,2.5
S074,12,17,1,1,Right,0.75,2.75
S074,12,17,2,1,Right,1.0,3.0
S074,12,17,3,1,Right,1.25,3.25
S074,12,17,4,1,Right,1.5,3.5
S074,12,17,5,1,Right,1.75,3.75
S074,12,17,6,1,Right,2.0,4.0
S074,12,19,0,0,Left,0.5,2.5
S074,12,19,1,0,Left,0.75,2.75
S074,12,19,2,0,Left,1.0,3.0
S074,12,19,3,0,Left,1.25,3.25
S074,12,19,4,0,Left,1.5,3.5
S074,12,19,5,0,Left,1.75,3.75
S074,12,19,6,0,Left,2.0,4.0
S074,12,21,0,1,Right,0.5,2.5
S074,12,21,1,1,Right,0.75,2.75
S074,12,21,2,1,Right,1.0,3.0
S074,12,21,3,1,Right,1.25,3.25
S074,12,21,4,1,Right,1.5,3.5
S074,12,21,5,1,Right,1.75,3.75
S074,12,21,6,1,Right,2.0,4.0
S074,12,23,0,0,Left,0.5,2.5
S074,12,23,1,0,Left,0.75,2.75
S074,12,23,2,0,Left,1.0,3.0
S074,12,23,3,0,Left,1.25,3.25
S074,12,23,4,0,Left,1.5,3.5
S074,12,23,5,0,Left,1.75,3.75
S074,12,23,6,0,Left,2.0,4.0
S074,12,25,0,1,Right,0.5,2.5
S074,12,25,1,1,Right,0.75,2.75
S074,12,25,2,1,Right,1.0,3.0
S074,12,25,3,1,Right,1.25,3.25
S074,12,25,4,1,Right,1.5,3.5
S074,12,25,5,1,Right,1.75,3.75
S074,12,25,6,1,Right,2.0,4.0
S074,12,27,0,0,Left,0.5,2.5
S074,12,27,1,0,Left,0.75,2.75
S074,12,27,2,0,Left,1.0,3.0
S074,12,27,3,0,Left,1.25,3.25
S074,12,27,4,0,Left,1.5,3.5
S074,12,27,5,0,Left,1.75,3.75
S074,12,27,6,0,Left,2.0,4.0
S076,04,1,0,1,Right,0.5,2.5
S076,04,1,1,1,Right,0.75,2.75
S076,04,1,2,1,Right,1.0,3.0
S076,04,1,3,1,Right,1.25,3.25
S076,04,1,4,1,Right,1.5,3.5
S076,04,1,5,1,Right,1.75,3.75
S076,04,1,6,1,Right,2.0,4.0
S076,04,3,0,0,Left,0.5,2.5
S076,04,3,1,0,Left,0.75,2.75
S076,04,3,2,0,Left,1.0,3.0
S076,04,3,3,0,Left,1.25,3.25
S076,04,3,4,0,Left,1.5,3.5
S076,04,3,5,0,Left,1.75,3.75
S076,04,3,6,0,Left,2.0,4.0
S076,04,5,0,0,Left,0.5,2.5
S076,04,5,1,0,Left,0.75,2.75
S076,04,5,2,0,Left,1.0,3.0
S076,04,5,3,0,Left,1.25,3.25
S076,04,5,4,0,Left,1.5,3.5
S076,04,5,5,0,Left,1.75,3.75
S076,04,5,6,0,Left,2.0,4.0
S076,04,7,0,1,Right,0.5,2.5
S076,04,7,1,1,Right,0.75,2.75
S076,04,7,2,1,Right,1.0,3.0
S076,04,7,3,1,Right,1.25,3.25
S076,04,7,4,1,Right,1.5,3.5
S076,04,7,5,1,Right,1.75,3.75
S076,04,7,6,1,Right,2.0,4.0
S076,04,9,0,0,Left,0.5,2.5
S076,04,9,1,0,Left,0.75,2.75
S076,04,9,2,0,Left,1.0,3.0
S076,04,9,3,0,Left,1.25,3.25
S076,04,9,4,0,Left,1.5,3.5
S076,04,9,5,0,Left,1.75,3.75
S076,04,9,6,0,Left,2.0,4.0
S076,04,11,0,1,Right,0.5,2.5
S076,04,11,1,1,Right,0.75,2.75
S076,04,11,2,1,Right,1.0,3.0
S076,04,11,3,1,Right,1.25,3.25
S076,04,11,4,1,Right,1.5,3.5
S076,04,11,5,1,Right,1.75,3.75
S076,04,11,6,1,Right,2.0,4.0
S076,04,13,0,0,Left,0.5,2.5
S076,04,13,1,0,Left,0.75,2.75
S076,04,13,2,0,Left,1.0,3.0
S076,04,13,3,0,Left,1.25,3.25
S076,04,13,4,0,Left,1.5,3.5
S076,04,13,5,0,Left,1.75,3.75
S076,04,13,6,0,Left,2.0,4.0
S076,04,15,0,1,Right,0.5,2.5
S076,04,15,1,1,Right,0.75,2.75
S076,04,15,2,1,Right,1.0,3.0
S076,04,15,3,1,Right,1.25,3.25
S076,04,15,4,1,Right,1.5,3.5
S076,04,15,5,1,Right,1.75,3.75
S076,04,15,6,1,Right,2.0,4.0
S076,04,17,0,1,Right,0.5,2.5
S076,04,17,1,1,Right,0.75,2.75
S076,04,17,2,1,Right,1.0,3.0
S076,04,17,3,1,Right,1.25,3.25
S076,04,17,4,1,Right,1.5,3.5
S076,04,17,5,1,Right,1.75,3.75
S076,04,17,6,1,Right,2.0,4.0
S076,04,19,0,0,Left,0.5,2.5
S076,04,19,1,0,Left,0.75,2.75
S076,04,19,2,0,Left,1.0,3.0
S076,04,19,3,0,Left,1.25,3.25
S076,04,19,4,0,Left,1.5,3.5
S076,04,19,5,0,Left,1.75,3.75
S076,04,19,6,0,Left,2.0,4.0
S076,04,21,0,0,Left,0.5,2.5
S076,04,21,1,0,Left,0.75,2.75
S076,04,21,2,0,Left,1.0,3.0
S076,04,21,3,0,Left,1.25,3.25
S076,04,21,4,0,Left,1.5,3.5
S076,04,21,5,0,Left,1.75,3.75
S076,04,21,6,0,Left,2.0,4.0
S076,04,23,0,1,Right,0.5,2.5
S076,04,23,1,1,Right,0.75,2.75
S076,04,23,2,1,Right,1.0,3.0
S076,04,23,3,1,Right,1.25,3.25
S076,04,23,4,1,Right,1.5,3.5
S076,04,23,5,1,Right,1.75,3.75
S076,04,23,6,1,Right,2.0,4.0
S076,04,25,0,0,Left,0.5,2.5
S076,04,25,1,0,Left,0.75,2.75
S076,04,25,2,0,Left,1.0,3.0
S076,04,25,3,0,Left,1.25,3.25
S076,04,25,4,0,Left,1.5,3.5
S076,04,25,5,0,Left,1.75,3.75
S076,04,25,6,0,Left,2.0,4.0
S076,04,27,0,1,Right,0.5,2.5
S076,04,27,1,1,Right,0.75,2.75
S076,04,27,2,1,Right,1.0,3.0
S076,04,27,3,1,Right,1.25,3.25
S076,04,27,4,1,Right,1.5,3.5
S076,04,27,5,1,Right,1.75,3.75
S076,04,27,6,1,Right,2.0,4.0
S076,08,1,0,0,Left,0.5,2.5
S076,08,1,1,0,Left,0.75,2.75
S076,08,1,2,0,Left,1.0,3.0
S076,08,1,3,0,Left,1.25,3.25
S076,08,1,4,0,Left,1.5,3.5
S076,08,1,5,0,Left,1.75,3.75
S076,08,1,6,0,Left,2.0,4.0
S076,08,3,0,1,Right,0.5,2.5
S076,08,3,1,1,Right,0.75,2.75
S076,08,3,2,1,Right,1.0,3.0
S076,08,3,3,1,Right,1.25,3.25
S076,08,3,4,1,Right,1.5,3.5
S076,08,3,5,1,Right,1.75,3.75
S076,08,3,6,1,Right,2.0,4.0
S076,08,5,0,1,Right,0.5,2.5
S076,08,5,1,1,Right,0.75,2.75
S076,08,5,2,1,Right,1.0,3.0
S076,08,5,3,1,Right,1.25,3.25
S076,08,5,4,1,Right,1.5,3.5
S076,08,5,5,1,Right,1.75,3.75
S076,08,5,6,1,Right,2.0,4.0
S076,08,7,0,0,Left,0.5,2.5
S076,08,7,1,0,Left,0.75,2.75
S076,08,7,2,0,Left,1.0,3.0
S076,08,7,3,0,Left,1.25,3.25
S076,08,7,4,0,Left,1.5,3.5
S076,08,7,5,0,Left,1.75,3.75
S076,08,7,6,0,Left,2.0,4.0
S076,08,9,0,1,Right,0.5,2.5
S076,08,9,1,1,Right,0.75,2.75
S076,08,9,2,1,Right,1.0,3.0
S076,08,9,3,1,Right,1.25,3.25
S076,08,9,4,1,Right,1.5,3.5
S076,08,9,5,1,Right,1.75,3.75
S076,08,9,6,1,Right,2.0,4.0
S076,08,11,0,0,Left,0.5,2.5
S076,08,11,1,0,Left,0.75,2.75
S076,08,11,2,0,Left,1.0,3.0
S076,08,11,3,0,Left,1.25,3.25
S076,08,11,4,0,Left,1.5,3.5
S076,08,11,5,0,Left,1.75,3.75
S076,08,11,6,0,Left,2.0,4.0
S076,08,13,0,1,Right,0.5,2.5
S076,08,13,1,1,Right,0.75,2.75
S076,08,13,2,1,Right,1.0,3.0
S076,08,13,3,1,Right,1.25,3.25
S076,08,13,4,1,Right,1.5,3.5
S076,08,13,5,1,Right,1.75,3.75
S076,08,13,6,1,Right,2.0,4.0
S076,08,15,0,0,Left,0.5,2.5
S076,08,15,1,0,Left,0.75,2.75
S076,08,15,2,0,Left,1.0,3.0
S076,08,15,3,0,Left,1.25,3.25
S076,08,15,4,0,Left,1.5,3.5
S076,08,15,5,0,Left,1.75,3.75
S076,08,15,6,0,Left,2.0,4.0
S076,08,17,0,0,Left,0.5,2.5
S076,08,17,1,0,Left,0.75,2.75
S076,08,17,2,0,Left,1.0,3.0
S076,08,17,3,0,Left,1.25,3.25
S076,08,17,4,0,Left,1.5,3.5
S076,08,17,5,0,Left,1.75,3.75
S076,08,17,6,0,Left,2.0,4.0
S076,08,19,0,1,Right,0.5,2.5
S076,08,19,1,1,Right,0.75,2.75
S076,08,19,2,1,Right,1.0,3.0
S076,08,19,3,1,Right,1.25,3.25
S076,08,19,4,1,Right,1.5,3.5
S076,08,19,5,1,Right,1.75,3.75
S076,08,19,6,1,Right,2.0,4.0
S076,08,21,0,0,Left,0.5,2.5
S076,08,21,1,0,Left,0.75,2.75
S076,08,21,2,0,Left,1.0,3.0
S076,08,21,3,0,Left,1.25,3.25
S076,08,21,4,0,Left,1.5,3.5
S076,08,21,5,0,Left,1.75,3.75
S076,08,21,6,0,Left,2.0,4.0
S076,08,23,0,1,Right,0.5,2.5
S076,08,23,1,1,Right,0.75,2.75
S076,08,23,2,1,Right,1.0,3.0
S076,08,23,3,1,Right,1.25,3.25
S076,08,23,4,1,Right,1.5,3.5
S076,08,23,5,1,Right,1.75,3.75
S076,08,23,6,1,Right,2.0,4.0
S076,08,25,0,0,Left,0.5,2.5
S076,08,25,1,0,Left,0.75,2.75
S076,08,25,2,0,Left,1.0,3.0
S076,08,25,3,0,Left,1.25,3.25
S076,08,25,4,0,Left,1.5,3.5
S076,08,25,5,0,Left,1.75,3.75
S076,08,25,6,0,Left,2.0,4.0
S076,08,27,0,1,Right,0.5,2.5
S076,08,27,1,1,Right,0.75,2.75
S076,08,27,2,1,Right,1.0,3.0
S076,08,27,3,1,Right,1.25,3.25
S076,08,27,4,1,Right,1.5,3.5
S076,08,27,5,1,Right,1.75,3.75
S076,08,27,6,1,Right,2.0,4.0
S076,12,1,0,0,Left,0.5,2.5
S076,12,1,1,0,Left,0.75,2.75
S076,12,1,2,0,Left,1.0,3.0
S076,12,1,3,0,Left,1.25,3.25
S076,12,1,4,0,Left,1.5,3.5
S076,12,1,5,0,Left,1.75,3.75
S076,12,1,6,0,Left,2.0,4.0
S076,12,3,0,1,Right,0.5,2.5
S076,12,3,1,1,Right,0.75,2.75
S076,12,3,2,1,Right,1.0,3.0
S076,12,3,3,1,Right,1.25,3.25
S076,12,3,4,1,Right,1.5,3.5
S076,12,3,5,1,Right,1.75,3.75
S076,12,3,6,1,Right,2.0,4.0
S076,12,5,0,1,Right,0.5,2.5
S076,12,5,1,1,Right,0.75,2.75
S076,12,5,2,1,Right,1.0,3.0
S076,12,5,3,1,Right,1.25,3.25
S076,12,5,4,1,Right,1.5,3.5
S076,12,5,5,1,Right,1.75,3.75
S076,12,5,6,1,Right,2.0,4.0
S076,12,7,0,0,Left,0.5,2.5
S076,12,7,1,0,Left,0.75,2.75
S076,12,7,2,0,Left,1.0,3.0
S076,12,7,3,0,Left,1.25,3.25
S076,12,7,4,0,Left,1.5,3.5
S076,12,7,5,0,Left,1.75,3.75
S076,12,7,6,0,Left,2.0,4.0
S076,12,9,0,1,Right,0.5,2.5
S076,12,9,1,1,Right,0.75,2.75
S076,12,9,2,1,Right,1.0,3.0
S076,12,9,3,1,Right,1.25,3.25
S076,12,9,4,1,Right,1.5,3.5
S076,12,9,5,1,Right,1.75,3.75
S076,12,9,6,1,Right,2.0,4.0
S076,12,11,0,0,Left,0.5,2.5
S076,12,11,1,0,Left,0.75,2.75
S076,12,11,2,0,Left,1.0,3.0
S076,12,11,3,0,Left,1.25,3.25
S076,12,11,4,0,Left,1.5,3.5
S076,12,11,5,0,Left,1.75,3.75
S076,12,11,6,0,Left,2.0,4.0
S076,12,13,0,0,Left,0.5,2.5
S076,12,13,1,0,Left,0.75,2.75
S076,12,13,2,0,Left,1.0,3.0
S076,12,13,3,0,Left,1.25,3.25
S076,12,13,4,0,Left,1.5,3.5
S076,12,13,5,0,Left,1.75,3.75
S076,12,13,6,0,Left,2.0,4.0
S076,12,15,0,1,Right,0.5,2.5
S076,12,15,1,1,Right,0.75,2.75
S076,12,15,2,1,Right,1.0,3.0
S076,12,15,3,1,Right,1.25,3.25
S076,12,15,4,1,Right,1.5,3.5
S076,12,15,5,1,Right,1.75,3.75
S076,12,15,6,1,Right,2.0,4.0
S076,12,17,0,0,Left,0.5,2.5
S076,12,17,1,0,Left,0.75,2.75
S076,12,17,2,0,Left,1.0,3.0
S076,12,17,3,0,Left,1.25,3.25
S076,12,17,4,0,Left,1.5,3.5
S076,12,17,5,0,Left,1.75,3.75
S076,12,17,6,0,Left,2.0,4.0
S076,12,19,0,1,Right,0.5,2.5
S076,12,19,1,1,Right,0.75,2.75
S076,12,19,2,1,Right,1.0,3.0
S076,12,19,3,1,Right,1.25,3.25
S076,12,19,4,1,Right,1.5,3.5
S076,12,19,5,1,Right,1.75,3.75
S076,12,19,6,1,Right,2.0,4.0
S076,12,21,0,1,Right,0.5,2.5
S076,12,21,1,1,Right,0.75,2.75
S076,12,21,2,1,Right,1.0,3.0
S076,12,21,3,1,Right,1.25,3.25
S076,12,21,4,1,Right,1.5,3.5
S076,12,21,5,1,Right,1.75,3.75
S076,12,21,6,1,Right,2.0,4.0
S076,12,23,0,0,Left,0.5,2.5
S076,12,23,1,0,Left,0.75,2.75
S076,12,23,2,0,Left,1.0,3.0
S076,12,23,3,0,Left,1.25,3.25
S076,12,23,4,0,Left,1.5,3.5
S076,12,23,5,0,Left,1.75,3.75
S076,12,23,6,0,Left,2.0,4.0
S076,12,25,0,1,Right,0.5,2.5
S076,12,25,1,1,Right,0.75,2.75
S076,12,25,2,1,Right,1.0,3.0
S076,12,25,3,1,Right,1.25,3.25
S076,12,25,4,1,Right,1.5,3.5
S076,12,25,5,1,Right,1.75,3.75
S076,12,25,6,1,Right,2.0,4.0
S076,12,27,0,0,Left,0.5,2.5
S076,12,27,1,0,Left,0.75,2.75
S076,12,27,2,0,Left,1.0,3.0
S076,12,27,3,0,Left,1.25,3.25
S076,12,27,4,0,Left,1.5,3.5
S076,12,27,5,0,Left,1.75,3.75
S076,12,27,6,0,Left,2.0,4.0
S077,04,3,0,0,Left,0.5,2.5
S077,04,3,1,0,Left,0.75,2.75
S077,04,3,2,0,Left,1.0,3.0
S077,04,3,3,0,Left,1.25,3.25
S077,04,3,4,0,Left,1.5,3.5
S077,04,3,5,0,Left,1.75,3.75
S077,04,3,6,0,Left,2.0,4.0
S077,04,5,0,1,Right,0.5,2.5
S077,04,5,1,1,Right,0.75,2.75
S077,04,5,2,1,Right,1.0,3.0
S077,04,5,3,1,Right,1.25,3.25
S077,04,5,4,1,Right,1.5,3.5
S077,04,5,5,1,Right,1.75,3.75
S077,04,7,0,0,Left,0.5,2.5
S077,04,7,1,0,Left,0.75,2.75
S077,04,7,2,0,Left,1.0,3.0
S077,04,7,3,0,Left,1.25,3.25
S077,04,9,0,0,Left,0.5,2.5
S077,04,11,0,1,Right,0.5,2.5
S077,04,11,1,1,Right,0.75,2.75
S077,04,11,2,1,Right,1.0,3.0
S077,04,11,3,1,Right,1.25,3.25
S077,04,13,0,0,Left,0.5,2.5
S077,04,13,1,0,Left,0.75,2.75
S077,04,13,2,0,Left,1.0,3.0
S077,04,13,3,0,Left,1.25,3.25
S077,04,15,0,1,Right,0.5,2.5
S077,04,15,1,1,Right,0.75,2.75
S077,04,15,2,1,Right,1.0,3.0
S077,04,15,3,1,Right,1.25,3.25
S077,04,15,4,1,Right,1.5,3.5
S077,04,19,0,1,Right,0.5,2.5
S077,04,19,1,1,Right,0.75,2.75
S077,04,19,2,1,Right,1.0,3.0
S077,04,19,3,1,Right,1.25,3.25
S077,04,19,4,1,Right,1.5,3.5
S077,04,21,0,1,Right,0.5,2.5
S077,04,23,2,0,Left,1.0,3.0
S077,04,23,3,0,Left,1.25,3.25
S077,04,23,4,0,Left,1.5,3.5
S077,04,23,5,0,Left,1.75,3.75
S077,04,23,6,0,Left,2.0,4.0
S077,04,27,0,1,Right,0.5,2.5
S077,04,27,1,1,Right,0.75,2.75
S077,04,27,2,1,Right,1.0,3.0
S077,04,27,3,1,Right,1.25,3.25
S077,04,27,4,1,Right,1.5,3.5
S077,04,27,5,1,Right,1.75,3.75
S077,04,27,6,1,Right,2.0,4.0
S077,08,1,0,1,Right,0.5,2.5
S077,08,1,1,1,Right,0.75,2.75
S077,08,1,2,1,Right,1.0,3.0
S077,08,3,0,0,Left,0.5,2.5
S077,08,3,1,0,Left,0.75,2.75
S077,08,3,2,0,Left,1.0,3.0
S077,08,3,3,0,Left,1.25,3.25
S077,08,3,4,0,Left,1.5,3.5
S077,08,3,5,0,Left,1.75,3.75
S077,08,3,6,0,Left,2.0,4.0
S077,08,7,1,0,Left,0.75,2.75
S077,08,7,2,0,Left,1.0,3.0
S077,08,7,3,0,Left,1.25,3.25
S077,08,7,4,0,Left,1.5,3.5
S077,08,9,0,0,Left,0.5,2.5
S077,08,9,1,0,Left,0.75,2.75
S077,08,9,2,0,Left,1.0,3.0
S077,08,9,3,0,Left,1.25,3.25
S077,08,9,4,0,Left,1.5,3.5
S077,08,9,5,0,Left,1.75,3.75
S077,08,9,6,0,Left,2.0,4.0
S077,08,11,0,1,Right,0.5,2.5
S077,08,11,1,1,Right,0.75,2.75
S077,08,13,0,1,Right,0.5,2.5
S077,08,13,1,1,Right,0.75,2.75
S077,08,13,2,1,Right,1.0,3.0
S077,08,13,3,1,Right,1.25,3.25
S077,08,13,4,1,Right,1.5,3.5
S077,08,13,5,1,Right,1.75,3.75
S077,08,13,6,1,Right,2.0,4.0
S077,08,15,0,0,Left,0.5,2.5
S077,08,15,1,0,Left,0.75,2.75
S077,08,17,0,1,Right,0.5,2.5
S077,08,17,1,1,Right,0.75,2.75
S077,08,17,2,1,Right,1.0,3.0
S077,08,17,3,1,Right,1.25,3.25
S077,08,17,4,1,Right,1.5,3.5
S077,08,23,1,0,Left,0.75,2.75
S077,08,23,2,0,Left,1.0,3.0
S077,08,23,3,0,Left,1.25,3.25
S077,08,23,4,0,Left,1.5,3.5
S077,08,23,5,0,Left,1.75,3.75
S077,08,23,6,0,Left,2.0,4.0
S077,08,25,6,1,Right,2.0,4.0
S077,08,27,0,0,Left,0.5,2.5
S077,08,27,1,0,Left,0.75,2.75
S077,08,27,2,0,Left,1.0,3.0
S077,08,27,3,0,Left,1.25,3.25
S077,08,27,4,0,Left,1.5,3.5
S077,08,27,5,0,Left,1.75,3.75
S077,08,27,6,0,Left,2.0,4.0
S077,08,29,4,1,Right,1.5,3.5
S077,12,1,0,1,Right,0.5,2.5
S077,12,1,1,1,Right,0.75,2.75
S077,12,1,2,1,Right,1.0,3.0
S077,12,1,3,1,Right,1.25,3.25
S077,12,1,4,1,Right,1.5,3.5
S077,12,1,5,1,Right,1.75,3.75
S077,12,1,6,1,Right,2.0,4.0
S077,12,3,0,0,Left,0.5,2.5
S077,12,3,1,0,Left,0.75,2.75
S077,12,3,2,0,Left,1.0,3.0
S077,12,3,3,0,Left,1.25,3.25
S077,12,3,4,0,Left,1.5,3.5
S077,12,3,5,0,Left,1.75,3.75
S077,12,3,6,0,Left,2.0,4.0
S077,12,5,0,0,Left,0.5,2.5
S077,12,5,1,0,Left,0.75,2.75
S077,12,5,2,0,Left,1.0,3.0
S077,12,5,3,0,Left,1.25,3.25
S077,12,5,4,0,Left,1.5,3.5
S077,12,5,5,0,Left,1.75,3.75
S077,12,5,6,0,Left,2.0,4.0
S077,12,7,0,1,Right,0.5,2.5
S077,12,7,1,1,Right,0.75,2.75
S077,12,7,2,1,Right,1.0,3.0
S077,12,7,3,1,Right,1.25,3.25
S077,12,7,4,1,Right,1.5,3.5
S077,12,7,5,1,Right,1.75,3.75
S077,12,7,6,1,Right,2.0,4.0
S077,12,9,0,0,Left,0.5,2.5
S077,12,9,1,0,Left,0.75,2.75
S077,12,9,2,0,Left,1.0,3.0
S077,12,13,0,1,Right,0.5,2.5
S077,12,13,1,1,Right,0.75,2.75
S077,12,13,2,1,Right,1.0,3.0
S077,12,13,3,1,Right,1.25,3.25
S077,12,13,4,1,Right,1.5,3.5
S077,12,13,5,1,Right,1.75,3.75
S077,12,13,6,1,Right,2.0,4.0
S077,12,15,0,0,Left,0.5,2.5
S077,12,15,1,0,Left,0.75,2.75
S077,12,15,2,0,Left,1.0,3.0
S077,12,15,3,0,Left,1.25,3.25
S077,12,17,0,0,Left,0.5,2.5
S077,12,17,1,0,Left,0.75,2.75
S077,12,17,2,0,Left,1.0,3.0
S077,12,17,3,0,Left,1.25,3.25
S077,12,17,4,0,Left,1.5,3.5
S077,12,17,5,0,Left,1.75,3.75
S077,12,17,6,0,Left,2.0,4.0
S077,12,19,0,1,Right,0.5,2.5
S077,12,19,1,1,Right,0.75,2.75
S077,12,19,2,1,Right,1.0,3.0
S077,12,19,3,1,Right,1.25,3.25
S077,12,19,4,1,Right,1.5,3.5
S077,12,19,5,1,Right,1.75,3.75
S077,12,19,6,1,Right,2.0,4.0
S077,12,21,0,0,Left,0.5,2.5
S077,12,21,1,0,Left,0.75,2.75
S077,12,21,2,0,Left,1.0,3.0
S077,12,21,3,0,Left,1.25,3.25
S077,12,21,4,0,Left,1.5,3.5
S077,12,21,5,0,Left,1.75,3.75
S077,12,21,6,0,Left,2.0,4.0
S077,12,23,0,1,Right,0.5,2.5
S077,12,23,1,1,Right,0.75,2.75
S077,12,23,2,1,Right,1.0,3.0
S077,12,23,3,1,Right,1.25,3.25
S077,12,23,4,1,Right,1.5,3.5
S077,12,23,5,1,Right,1.75,3.75
S077,12,23,6,1,Right,2.0,4.0
S077,12,25,4,1,Right,1.5,3.5
S077,12,25,5,1,Right,1.75,3.75
S077,12,25,6,1,Right,2.0,4.0
S077,12,27,0,0,Left,0.5,2.5
S077,12,27,1,0,Left,0.75,2.75
S077,12,27,2,0,Left,1.0,3.0
S077,12,27,3,0,Left,1.25,3.25
S077,12,27,4,0,Left,1.5,3.5
S077,12,27,5,0,Left,1.75,3.75
S077,12,27,6,0,Left,2.0,4.0
S077,12,29,0,1,Right,0.5,2.5
S077,12,29,1,1,Right,0.75,2.75
S077,12,29,2,1,Right,1.0,3.0
S077,12,29,3,1,Right,1.25,3.25
S077,12,29,4,1,Right,1.5,3.5
S077,12,29,5,1,Right,1.75,3.75
S077,12,29,6,1,Right,2.0,4.0
S079,04,1,0,0,Left,0.5,2.5
S079,04,1,1,0,Left,0.75,2.75
S079,04,1,2,0,Left,1.0,3.0
S079,04,1,3,0,Left,1.25,3.25
S079,04,1,4,0,Left,1.5,3.5
S079,04,1,5,0,Left,1.75,3.75
S079,04,1,6,0,Left,2.0,4.0
S079,04,3,0,1,Right,0.5,2.5
S079,04,3,1,1,Right,0.75,2.75
S079,04,3,2,1,Right,1.0,3.0
S079,04,3,3,1,Right,1.25,3.25
S079,04,3,4,1,Right,1.5,3.5
S079,04,3,5,1,Right,1.75,3.75
S079,04,3,6,1,Right,2.0,4.0
S079,04,5,0,0,Left,0.5,2.5
S079,04,5,1,0,Left,0.75,2.75
S079,04,5,2,0,Left,1.0,3.0
S079,04,5,3,0,Left,1.25,3.25
S079,04,5,4,0,Left,1.5,3.5
S079,04,5,5,0,Left,1.75,3.75
S079,04,5,6,0,Left,2.0,4.0
S079,04,7,0,1,Right,0.5,2.5
S079,04,7,1,1,Right,0.75,2.75
S079,04,7,2,1,Right,1.0,3.0
S079,04,7,3,1,Right,1.25,3.25
S079,04,7,4,1,Right,1.5,3.5
S079,04,7,5,1,Right,1.75,3.75
S079,04,7,6,1,Right,2.0,4.0
S079,04,9,0,0,Left,0.5,2.5
S079,04,9,1,0,Left,0.75,2.75
S079,04,9,2,0,Left,1.0,3.0
S079,04,9,3,0,Left,1.25,3.25
S079,04,9,4,0,Left,1.5,3.5
S079,04,9,5,0,Left,1.75,3.75
S079,04,9,6,0,Left,2.0,4.0
S079,04,11,0,1,Right,0.5,2.5
S079,04,11,1,1,Right,0.75,2.75
S079,04,11,2,1,Right,1.0,3.0
S079,04,11,3,1,Right,1.25,3.25
S079,04,11,4,1,Right,1.5,3.5
S079,04,11,5,1,Right,1.75,3.75
S079,04,11,6,1,Right,2.0,4.0
S079,04,13,0,0,Left,0.5,2.5
S079,04,15,0,1,Right,0.5,2.5
S079,04,17,0,0,Left,0.5,2.5
S079,04,19,0,1,Right,0.5,2.5
S079,04,19,1,1,Right,0.75,2.75
S079,04,19,2,1,Right,1.0,3.0
S079,04,19,3,1,Right,1.25,3.25
S079,04,19,4,1,Right,1.5,3.5
S079,04,19,5,1,Right,1.75,3.75
S079,04,23,0,1,Right,0.5,2.5
S079,04,23,1,1,Right,0.75,2.75
S079,04,23,2,1,Right,1.0,3.0
S079,04,23,3,1,Right,1.25,3.25
S079,04,23,4,1,Right,1.5,3.5
S079,04,23,5,1,Right,1.75,3.75
S079,04,23,6,1,Right,2.0,4.0
S079,04,25,0,1,Right,0.5,2.5
S079,04,25,1,1,Right,0.75,2.75
S079,04,27,0,0,Left,0.5,2.5
S079,04,27,1,0,Left,0.75,2.75
S079,04,27,2,0,Left,1.0,3.0
S079,04,27,3,0,Left,1.25,3.25
S079,04,27,4,0,Left,1.5,3.5
S079,04,27,5,0,Left,1.75,3.75
S079,04,29,0,0,Left,0.5,2.5
S079,04,29,1,0,Left,0.75,2.75
S079,04,29,2,0,Left,1.0,3.0
S079,04,29,3,0,Left,1.25,3.25
S079,04,29,4,0,Left,1.5,3.5
S079,04,29,5,0,Left,1.75,3.75
S079,04,29,6,0,Left,2.0,4.0
S079,08,1,2,0,Left,1.0,3.0
S079,08,1,3,0,Left,1.25,3.25
S079,08,1,4,0,Left,1.5,3.5
S079,08,1,5,0,Left,1.75,3.75
S079,08,1,6,0,Left,2.0,4.0
S079,08,3,0,1,Right,0.5,2.5
S079,08,3,1,1,Right,0.75,2.75
S079,08,3,2,1,Right,1.0,3.0
S079,08,3,3,1,Right,1.25,3.25
S079,08,3,4,1,Right,1.5,3.5
S079,08,3,5,1,Right,1.75,3.75
S079,08,3,6,1,Right,2.0,4.0
S079,08,5,2,1,Right,1.0,3.0
S079,08,5,3,1,Right,1.25,3.25
S079,08,5,4,1,Right,1.5,3.5
S079,08,5,5,1,Right,1.75,3.75
S079,08,5,6,1,Right,2.0,4.0
S079,08,7,0,0,Left,0.5,2.5
S079,08,7,1,0,Left,0.75,2.75
S079,08,7,2,0,Left,1.0,3.0
S079,08,7,3,0,Left,1.25,3.25
S079,08,7,4,0,Left,1.5,3.5
S079,08,11,0,1,Right,0.5,2.5
S079,08,15,4,0,Left,1.5,3.5
S079,08,15,5,0,Left,1.75,3.75
S079,08,15,6,0,Left,2.0,4.0
S079,08,17,0,0,Left,0.5,2.5
S079,08,17,1,0,Left,0.75,2.75
S079,08,17,2,0,Left,1.0,3.0
S079,08,17,3,0,Left,1.25,3.25
S079,08,17,4,0,Left,1.5,3.5
S079,08,17,5,0,Left,1.75,3.75
S079,08,17,6,0,Left,2.0,4.0
S079,08,21,1,1,Right,0.75,2.75
S079,08,21,2,1,Right,1.0,3.0
S079,08,21,3,1,Right,1.25,3.25
S079,08,21,4,1,Right,1.5,3.5
S079,08,21,5,1,Right,1.75,3.75
S079,08,21,6,1,Right,2.0,4.0
S079,08,25,0,0,Left,0.5,2.5
S079,08,25,1,0,Left,0.75,2.75
S079,08,25,2,0,Left,1.0,3.0
S079,08,25,3,0,Left,1.25,3.25
S079,08,25,4,0,Left,1.5,3.5
S079,08,25,5,0,Left,1.75,3.75
S079,08,25,6,0,Left,2.0,4.0
S079,08,27,0,1,Right,0.5,2.5
S079,08,27,1,1,Right,0.75,2.75
S079,08,27,2,1,Right,1.0,3.0
S079,08,27,3,1,Right,1.25,3.25
S079,08,27,4,1,Right,1.5,3.5
S079,08,27,5,1,Right,1.75,3.75
S079,08,27,6,1,Right,2.0,4.0
S079,08,29,0,1,Right,0.5,2.5
S079,12,1,0,1,Right,0.5,2.5
S079,12,1,1,1,Right,0.75,2.75
S079,12,1,2,1,Right,1.0,3.0
S079,12,1,3,1,Right,1.25,3.25
S079,12,1,4,1,Right,1.5,3.5
S079,12,1,5,1,Right,1.75,3.75
S079,12,1,6,1,Right,2.0,4.0
S079,12,3,0,0,Left,0.5,2.5
S079,12,3,1,0,Left,0.75,2.75
S079,12,3,2,0,Left,1.0,3.0
S079,12,3,3,0,Left,1.25,3.25
S079,12,3,4,0,Left,1.5,3.5
S079,12,3,5,0,Left,1.75,3.75
S079,12,3,6,0,Left,2.0,4.0
S079,12,5,0,1,Right,0.5,2.5
S079,12,5,1,1,Right,0.75,2.75
S079,12,5,2,1,Right,1.0,3.0
S079,12,5,3,1,Right,1.25,3.25
S079,12,5,4,1,Right,1.5,3.5
S079,12,5,5,1,Right,1.75,3.75
S079,12,5,6,1,Right,2.0,4.0
S079,12,9,2,0,Left,1.0,3.0
S079,12,9,3,0,Left,1.25,3.25
S079,12,9,4,0,Left,1.5,3.5
S079,12,9,5,0,Left,1.75,3.75
S079,12,9,6,0,Left,2.0,4.0
S080,04,1,0,0,Left,0.5,2.5
S080,04,1,1,0,Left,0.75,2.75
S080,04,1,2,0,Left,1.0,3.0
S080,04,1,3,0,Left,1.25,3.25
S080,04,1,4,0,Left,1.5,3.5
S080,04,1,5,0,Left,1.75,3.75
S080,04,1,6,0,Left,2.0,4.0
S080,04,3,0,1,Right,0.5,2.5
S080,04,3,1,1,Right,0.75,2.75
S080,04,3,2,1,Right,1.0,3.0
S080,04,3,3,1,Right,1.25,3.25
S080,04,3,4,1,Right,1.5,3.5
S080,04,3,5,1,Right,1.75,3.75
S080,04,3,6,1,Right,2.0,4.0
S080,04,5,0,1,Right,0.5,2.5
S080,04,5,1,1,Right,0.75,2.75
S080,04,5,2,1,Right,1.0,3.0
S080,04,5,3,1,Right,1.25,3.25
S080,04,5,4,1,Right,1.5,3.5
S080,04,5,5,1,Right,1.75,3.75
S080,04,5,6,1,Right,2.0,4.0
S080,04,7,0,0,Left,0.5,2.5
S080,04,7,1,0,Left,0.75,2.75
S080,04,7,2,0,Left,1.0,3.0
S080,04,7,3,0,Left,1.25,3.25
S080,04,7,4,0,Left,1.5,3.5
S080,04,7,5,0,Left,1.75,3.75
S080,04,7,6,0,Left,2.0,4.0
S080,04,9,0,0,Left,0.5,2.5
S080,04,9,1,0,Left,0.75,2.75
S080,04,9,2,0,Left,1.0,3.0
S080,04,9,3,0,Left,1.25,3.25
S080,04,9,4,0,Left,1.5,3.5
S080,04,9,5,0,Left,1.75,3.75
S080,04,9,6,0,Left,2.0,4.0
S080,04,11,0,1,Right,0.5,2.5
S080,04,11,1,1,Right,0.75,2.75
S080,04,11,2,1,Right,1.0,3.0
S080,04,11,3,1,Right,1.25,3.25
S080,04,11,4,1,Right,1.5,3.5
S080,04,11,5,1,Right,1.75,3.75
S080,04,11,6,1,Right,2.0,4.0
S080,04,13,0,0,Left,0.5,2.5
S080,04,13,1,0,Left,0.75,2.75
S080,04,13,2,0,Left,1.0,3.0
S080,04,13,3,0,Left,1.25,3.25
S080,04,13,4,0,Left,1.5,3.5
S080,04,13,5,0,Left,1.75,3.75
S080,04,13,6,0,Left,2.0,4.0
S080,04,15,0,1,Right,0.5,2.5
S080,04,15,1,1,Right,0.75,2.75
S080,04,15,2,1,Right,1.0,3.0
S080,04,15,3,1,Right,1.25,3.25
S080,04,15,4,1,Right,1.5,3.5
S080,04,15,5,1,Right,1.75,3.75
S080,04,15,6,1,Right,2.0,4.0
S080,04,17,0,0,Left,0.5,2.5
S080,04,17,1,0,Left,0.75,2.75
S080,04,17,2,0,Left,1.0,3.0
S080,04,17,3,0,Left,1.25,3.25
S080,04,17,4,0,Left,1.5,3.5
S080,04,17,5,0,Left,1.75,3.75
S080,04,17,6,0,Left,2.0,4.0
S080,04,19,0,1,Right,0.5,2.5
S080,04,19,1,1,Right,0.75,2.75
S080,04,19,2,1,Right,1.0,3.0
S080,04,19,3,1,Right,1.25,3.25
S080,04,19,4,1,Right,1.5,3.5
S080,04,19,5,1,Right,1.75,3.75
S080,04,19,6,1,Right,2.0,4.0
S080,04,21,0,1,Right,0.5,2.5
S080,04,21,1,1,Right,0.75,2.75
S080,04,21,2,1,Right,1.0,3.0
S080,04,21,3,1,Right,1.25,3.25
S080,04,21,4,1,Right,1.5,3.5
S080,04,21,5,1,Right,1.75,3.75
S080,04,21,6,1,Right,2.0,4.0
S080,04,23,0,0,Left,0.5,2.5
S080,04,23,1,0,Left,0.75,2.75
S080,04,23,2,0,Left,1.0,3.0
S080,04,23,3,0,Left,1.25,3.25
S080,04,23,4,0,Left,1.5,3.5
S080,04,23,5,0,Left,1.75,3.75
S080,04,23,6,0,Left,2.0,4.0
S080,04,25,0,1,Right,0.5,2.5
S080,04,25,1,1,Right,0.75,2.75
S080,04,25,2,1,Right,1.0,3.0
S080,04,25,3,1,Right,1.25,3.25
S080,04,25,4,1,Right,1.5,3.5
S080,04,25,5,1,Right,1.75,3.75
S080,04,25,6,1,Right,2.0,4.0
S080,04,27,0,0,Left,0.5,2.5
S080,04,27,1,0,Left,0.75,2.75
S080,04,27,2,0,Left,1.0,3.0
S080,04,27,3,0,Left,1.25,3.25
S080,04,27,4,0,Left,1.5,3.5
S080,04,27,5,0,Left,1.75,3.75
S080,04,27,6,0,Left,2.0,4.0
S080,04,29,0,1,Right,0.5,2.5
S080,04,29,1,1,Right,0.75,2.75
S080,04,29,2,1,Right,1.0,3.0
S080,04,29,3,1,Right,1.25,3.25
S080,04,29,4,1,Right,1.5,3.5
S080,04,29,5,1,Right,1.75,3.75
S080,04,29,6,1,Right,2.0,4.0
S080,08,1,0,1,Right,0.5,2.5
S080,08,1,1,1,Right,0.75,2.75
S080,08,1,2,1,Right,1.0,3.0
S080,08,1,3,1,Right,1.25,3.25
S080,08,1,4,1,Right,1.5,3.5
S080,08,1,5,1,Right,1.75,3.75
S080,08,1,6,1,Right,2.0,4.0
S080,08,3,0,0,Left,0.5,2.5
S080,08,3,1,0,Left,0.75,2.75
S080,08,3,2,0,Left,1.0,3.0
S080,08,3,3,0,Left,1.25,3.25
S080,08,3,4,0,Left,1.5,3.5
S080,08,3,5,0,Left,1.75,3.75
S080,08,3,6,0,Left,2.0,4.0
S080,08,5,0,0,Left,0.5,2.5
S080,08,5,1,0,Left,0.75,2.75
S080,08,5,2,0,Left,1.0,3.0
S080,08,5,3,0,Left,1.25,3.25
S080,08,5,4,0,Left,1.5,3.5
S080,08,5,5,0,Left,1.75,3.75
S080,08,5,6,0,Left,2.0,4.0
S080,08,7,0,1,Right,0.5,2.5
S080,08,7,1,1,Right,0.75,2.75
S080,08,7,2,1,Right,1.0,3.0
S080,08,7,3,1,Right,1.25,3.25
S080,08,7,4,1,Right,1.5,3.5
S080,08,7,5,1,Right,1.75,3.75
S080,08,7,6,1,Right,2.0,4.0
S080,08,9,0,0,Left,0.5,2.5
S080,08,9,1,0,Left,0.75,2.75
S080,08,9,2,0,Left,1.0,3.0
S080,08,9,3,0,Left,1.25,3.25
S080,08,9,4,0,Left,1.5,3.5
S080,08,9,5,0,Left,1.75,3.75
S080,08,9,6,0,Left,2.0,4.0
S080,08,11,0,1,Right,0.5,2.5
S080,08,11,1,1,Right,0.75,2.75
S080,08,11,2,1,Right,1.0,3.0
S080,08,11,3,1,Right,1.25,3.25
S080,08,11,4,1,Right,1.5,3.5
S080,08,11,5,1,Right,1.75,3.75
S080,08,11,6,1,Right,2.0,4.0
S080,08,13,0,1,Right,0.5,2.5
S080,08,13,1,1,Right,0.75,2.75
S080,08,13,2,1,Right,1.0,3.0
S080,08,13,3,1,Right,1.25,3.25
S080,08,13,4,1,Right,1.5,3.5
S080,08,13,5,1,Right,1.75,3.75
S080,08,13,6,1,Right,2.0,4.0
S080,08,15,0,0,Left,0.5,2.5
S080,08,15,1,0,Left,0.75,2.75
S080,08,15,2,0,Left,1.0,3.0
S080,08,15,3,0,Left,1.25,3.25
S080,08,15,4,0,Left,1.5,3.5
S080,08,15,5,0,Left,1.75,3.75
S080,08,15,6,0,Left,2.0,4.0
S080,08,17,0,1,Right,0.5,2.5
S080,08,17,1,1,Right,0.75,2.75
S080,08,17,2,1,Right,1.0,3.0
S080,08,17,3,1,Right,1.25,3.25
S080,08,17,4,1,Right,1.5,3.5
S080,08,17,5,1,Right,1.75,3.75
S080,08,17,6,1,Right,2.0,4.0
S080,08,19,0,0,Left,0.5,2.5
S080,08,19,1,0,Left,0.75,2.75
S080,08,19,2,0,Left,1.0,3.0
S080,08,19,3,0,Left,1.25,3.25
S080,08,19,4,0,Left,1.5,3.5
S080,08,19,5,0,Left,1.75,3.75
S080,08,19,6,0,Left,2.0,4.0
S080,08,21,0,0,Left,0.5,2.5
S080,08,21,1,0,Left,0.75,2.75
S080,08,21,2,0,Left,1.0,3.0
S080,08,21,3,0,Left,1.25,3.25
S080,08,21,4,0,Left,1.5,3.5
S080,08,21,5,0,Left,1.75,3.75
S080,08,21,6,0,Left,2.0,4.0
S080,08,23,0,1,Right,0.5,2.5
S080,08,23,1,1,Right,0.75,2.75
S080,08,23,2,1,Right,1.0,3.0
S080,08,23,3,1,Right,1.25,3.25
S080,08,23,4,1,Right,1.5,3.5
S080,08,23,5,1,Right,1.75,3.75
S080,08,23,6,1,Right,2.0,4.0
S080,08,25,0,1,Right,0.5,2.5
S080,08,25,1,1,Right,0.75,2.75
S080,08,25,2,1,Right,1.0,3.0
S080,08,25,3,1,Right,1.25,3.25
S080,08,25,4,1,Right,1.5,3.5
S080,08,25,5,1,Right,1.75,3.75
S080,08,25,6,1,Right,2.0,4.0
S080,08,27,0,0,Left,0.5,2.5
S080,08,27,1,0,Left,0.75,2.75
S080,08,27,2,0,Left,1.0,3.0
S080,08,27,3,0,Left,1.25,3.25
S080,08,27,4,0,Left,1.5,3.5
S080,08,27,5,0,Left,1.75,3.75
S080,08,27,6,0,Left,2.0,4.0
S080,08,29,0,0,Left,0.5,2.5
S080,08,29,1,0,Left,0.75,2.75
S080,08,29,2,0,Left,1.0,3.0
S080,08,29,3,0,Left,1.25,3.25
S080,08,29,4,0,Left,1.5,3.5
S080,08,29,5,0,Left,1.75,3.75
S080,08,29,6,0,Left,2.0,4.0
S080,12,1,0,0,Left,0.5,2.5
S080,12,1,1,0,Left,0.75,2.75
S080,12,1,2,0,Left,1.0,3.0
S080,12,1,3,0,Left,1.25,3.25
S080,12,1,4,0,Left,1.5,3.5
S080,12,1,5,0,Left,1.75,3.75
S080,12,1,6,0,Left,2.0,4.0
S080,12,3,0,1,Right,0.5,2.5
S080,12,3,1,1,Right,0.75,2.75
S080,12,3,2,1,Right,1.0,3.0
S080,12,3,3,1,Right,1.25,3.25
S080,12,3,4,1,Right,1.5,3.5
S080,12,3,5,1,Right,1.75,3.75
S080,12,3,6,1,Right,2.0,4.0
S080,12,5,0,0,Left,0.5,2.5
S080,12,5,1,0,Left,0.75,2.75
S080,12,5,2,0,Left,1.0,3.0
S080,12,5,3,0,Left,1.25,3.25
S080,12,5,4,0,Left,1.5,3.5
S080,12,5,5,0,Left,1.75,3.75
S080,12,5,6,0,Left,2.0,4.0
S080,12,7,0,1,Right,0.5,2.5
S080,12,7,1,1,Right,0.75,2.75
S080,12,7,2,1,Right,1.0,3.0
S080,12,7,3,1,Right,1.25,3.25
S080,12,7,4,1,Right,1.5,3.5
S080,12,7,5,1,Right,1.75,3.75
S080,12,7,6,1,Right,2.0,4.0
S080,12,9,0,0,Left,0.5,2.5
S080,12,9,1,0,Left,0.75,2.75
S080,12,9,2,0,Left,1.0,3.0
S080,12,9,3,0,Left,1.25,3.25
S080,12,9,4,0,Left,1.5,3.5
S080,12,9,5,0,Left,1.75,3.75
S080,12,9,6,0,Left,2.0,4.0
S080,12,11,0,1,Right,0.5,2.5
S080,12,11,1,1,Right,0.75,2.75
S080,12,11,2,1,Right,1.0,3.0
S080,12,11,3,1,Right,1.25,3.25
S080,12,11,4,1,Right,1.5,3.5
S080,12,11,5,1,Right,1.75,3.75
S080,12,11,6,1,Right,2.0,4.0
S080,12,13,0,0,Left,0.5,2.5
S080,12,13,1,0,Left,0.75,2.75
S080,12,13,2,0,Left,1.0,3.0
S080,12,13,3,0,Left,1.25,3.25
S080,12,13,4,0,Left,1.5,3.5
S080,12,13,5,0,Left,1.75,3.75
S080,12,13,6,0,Left,2.0,4.0
S080,12,15,0,1,Right,0.5,2.5
S080,12,15,1,1,Right,0.75,2.75
S080,12,15,2,1,Right,1.0,3.0
S080,12,15,3,1,Right,1.25,3.25
S080,12,15,4,1,Right,1.5,3.5
S080,12,15,5,1,Right,1.75,3.75
S080,12,15,6,1,Right,2.0,4.0
S080,12,17,0,0,Left,0.5,2.5
S080,12,17,1,0,Left,0.75,2.75
S080,12,17,2,0,Left,1.0,3.0
S080,12,17,3,0,Left,1.25,3.25
S080,12,17,4,0,Left,1.5,3.5
S080,12,17,5,0,Left,1.75,3.75
S080,12,17,6,0,Left,2.0,4.0
S080,12,19,0,1,Right,0.5,2.5
S080,12,19,1,1,Right,0.75,2.75
S080,12,19,2,1,Right,1.0,3.0
S080,12,19,3,1,Right,1.25,3.25
S080,12,19,4,1,Right,1.5,3.5
S080,12,19,5,1,Right,1.75,3.75
S080,12,19,6,1,Right,2.0,4.0
S080,12,21,0,1,Right,0.5,2.5
S080,12,21,1,1,Right,0.75,2.75
S080,12,21,2,1,Right,1.0,3.0
S080,12,21,3,1,Right,1.25,3.25
S080,12,21,4,1,Right,1.5,3.5
S080,12,21,5,1,Right,1.75,3.75
S080,12,21,6,1,Right,2.0,4.0
S080,12,23,0,0,Left,0.5,2.5
S080,12,23,1,0,Left,0.75,2.75
S080,12,23,2,0,Left,1.0,3.0
S080,12,23,3,0,Left,1.25,3.25
S080,12,23,4,0,Left,1.5,3.5
S080,12,23,5,0,Left,1.75,3.75
S080,12,23,6,0,Left,2.0,4.0
S080,12,25,0,1,Right,0.5,2.5
S080,12,25,1,1,Right,0.75,2.75
S080,12,25,2,1,Right,1.0,3.0
S080,12,25,3,1,Right,1.25,3.25
S080,12,25,4,1,Right,1.5,3.5
S080,12,25,5,1,Right,1.75,3.75
S080,12,25,6,1,Right,2.0,4.0
S080,12,27,0,0,Left,0.5,2.5
S080,12,27,1,0,Left,0.75,2.75
S080,12,27,2,0,Left,1.0,3.0
S080,12,27,3,0,Left,1.25,3.25
S080,12,27,4,0,Left,1.5,3.5
S080,12,27,5,0,Left,1.75,3.75
S080,12,27,6,0,Left,2.0,4.0
S080,12,29,0,0,Left,0.5,2.5
S080,12,29,1,0,Left,0.75,2.75
S080,12,29,2,0,Left,1.0,3.0
S080,12,29,3,0,Left,1.25,3.25
S080,12,29,4,0,Left,1.5,3.5
S080,12,29,5,0,Left,1.75,3.75
S080,12,29,6,0,Left,2.0,4.0
S081,04,1,0,0,Left,0.5,2.5
S081,04,1,1,0,Left,0.75,2.75
S081,04,1,2,0,Left,1.0,3.0
S081,04,1,3,0,Left,1.25,3.25
S081,04,1,4,0,Left,1.5,3.5
S081,04,1,5,0,Left,1.75,3.75
S081,04,1,6,0,Left,2.0,4.0
S081,04,3,0,1,Right,0.5,2.5
S081,04,3,1,1,Right,0.75,2.75
S081,04,3,2,1,Right,1.0,3.0
S081,04,3,3,1,Right,1.25,3.25
S081,04,3,4,1,Right,1.5,3.5
S081,04,3,5,1,Right,1.75,3.75
S081,04,3,6,1,Right,2.0,4.0
S081,04,5,0,0,Left,0.5,2.5
S081,04,5,1,0,Left,0.75,2.75
S081,04,5,2,0,Left,1.0,3.0
S081,04,5,3,0,Left,1.25,3.25
S081,04,5,4,0,Left,1.5,3.5
S081,04,5,5,0,Left,1.75,3.75
S081,04,5,6,0,Left,2.0,4.0
S081,04,7,0,1,Right,0.5,2.5
S081,04,7,1,1,Right,0.75,2.75
S081,04,7,2,1,Right,1.0,3.0
S081,04,7,3,1,Right,1.25,3.25
S081,04,7,4,1,Right,1.5,3.5
S081,04,7,5,1,Right,1.75,3.75
S081,04,7,6,1,Right,2.0,4.0
S081,04,9,0,1,Right,0.5,2.5
S081,04,9,1,1,Right,0.75,2.75
S081,04,9,2,1,Right,1.0,3.0
S081,04,9,3,1,Right,1.25,3.25
S081,04,9,4,1,Right,1.5,3.5
S081,04,9,5,1,Right,1.75,3.75
S081,04,9,6,1,Right,2.0,4.0
S081,04,11,0,0,Left,0.5,2.5
S081,04,11,1,0,Left,0.75,2.75
S081,04,11,2,0,Left,1.0,3.0
S081,04,11,3,0,Left,1.25,3.25
S081,04,11,4,0,Left,1.5,3.5
S081,04,11,5,0,Left,1.75,3.75
S081,04,11,6,0,Left,2.0,4.0
S081,04,13,0,0,Left,0.5,2.5
S081,04,13,1,0,Left,0.75,2.75
S081,04,13,2,0,Left,1.0,3.0
S081,04,13,3,0,Left,1.25,3.25
S081,04,13,4,0,Left,1.5,3.5
S081,04,13,5,0,Left,1.75,3.75
S081,04,13,6,0,Left,2.0,4.0
S081,04,15,0,1,Right,0.5,2.5
S081,04,15,1,1,Right,0.75,2.75
S081,04,15,2,1,Right,1.0,3.0
S081,04,15,3,1,Right,1.25,3.25
S081,04,15,4,1,Right,1.5,3.5
S081,04,15,5,1,Right,1.75,3.75
S081,04,15,6,1,Right,2.0,4.0
S081,04,17,0,0,Left,0.5,2.5
S081,04,17,1,0,Left,0.75,2.75
S081,04,17,2,0,Left,1.0,3.0
S081,04,17,3,0,Left,1.25,3.25
S081,04,17,4,0,Left,1.5,3.5
S081,04,17,5,0,Left,1.75,3.75
S081,04,17,6,0,Left,2.0,4.0
S081,04,19,0,1,Right,0.5,2.5
S081,04,19,1,1,Right,0.75,2.75
S081,04,19,2,1,Right,1.0,3.0
S081,04,19,3,1,Right,1.25,3.25
S081,04,19,4,1,Right,1.5,3.5
S081,04,19,5,1,Right,1.75,3.75
S081,04,19,6,1,Right,2.0,4.0
S081,04,21,0,1,Right,0.5,2.5
S081,04,21,1,1,Right,0.75,2.75
S081,04,21,2,1,Right,1.0,3.0
S081,04,21,3,1,Right,1.25,3.25
S081,04,21,4,1,Right,1.5,3.5
S081,04,21,5,1,Right,1.75,3.75
S081,04,21,6,1,Right,2.0,4.0
S081,04,23,0,0,Left,0.5,2.5
S081,04,23,1,0,Left,0.75,2.75
S081,04,23,2,0,Left,1.0,3.0
S081,04,23,3,0,Left,1.25,3.25
S081,04,23,4,0,Left,1.5,3.5
S081,04,23,5,0,Left,1.75,3.75
S081,04,23,6,0,Left,2.0,4.0
S081,04,25,0,0,Left,0.5,2.5
S081,04,25,1,0,Left,0.75,2.75
S081,04,25,2,0,Left,1.0,3.0
S081,04,25,3,0,Left,1.25,3.25
S081,04,25,4,0,Left,1.5,3.5
S081,04,25,5,0,Left,1.75,3.75
S081,04,25,6,0,Left,2.0,4.0
S081,04,27,0,1,Right,0.5,2.5
S081,04,27,1,1,Right,0.75,2.75
S081,04,27,2,1,Right,1.0,3.0
S081,04,27,3,1,Right,1.25,3.25
S081,04,27,4,1,Right,1.5,3.5
S081,04,27,5,1,Right,1.75,3.75
S081,04,27,6,1,Right,2.0,4.0
S081,04,29,0,1,Right,0.5,2.5
S081,04,29,1,1,Right,0.75,2.75
S081,04,29,2,1,Right,1.0,3.0
S081,04,29,3,1,Right,1.25,3.25
S081,04,29,4,1,Right,1.5,3.5
S081,04,29,5,1,Right,1.75,3.75
S081,04,29,6,1,Right,2.0,4.0
S081,08,1,0,0,Left,0.5,2.5
S081,08,1,1,0,Left,0.75,2.75
S081,08,1,2,0,Left,1.0,3.0
S081,08,1,3,0,Left,1.25,3.25
S081,08,1,4,0,Left,1.5,3.5
S081,08,1,5,0,Left,1.75,3.75
S081,08,1,6,0,Left,2.0,4.0
S081,08,3,0,1,Right,0.5,2.5
S081,08,3,1,1,Right,0.75,2.75
S081,08,3,2,1,Right,1.0,3.0
S081,08,3,3,1,Right,1.25,3.25
S081,08,3,4,1,Right,1.5,3.5
S081,08,3,5,1,Right,1.75,3.75
S081,08,3,6,1,Right,2.0,4.0
S081,08,5,0,0,Left,0.5,2.5
S081,08,5,1,0,Left,0.75,2.75
S081,08,5,2,0,Left,1.0,3.0
S081,08,5,3,0,Left,1.25,3.25
S081,08,5,4,0,Left,1.5,3.5
S081,08,5,5,0,Left,1.75,3.75
S081,08,5,6,0,Left,2.0,4.0
S081,08,7,0,1,Right,0.5,2.5
S081,08,7,1,1,Right,0.75,2.75
S081,08,7,2,1,Right,1.0,3.0
S081,08,7,3,1,Right,1.25,3.25
S081,08,7,4,1,Right,1.5,3.5
S081,08,7,5,1,Right,1.75,3.75
S081,08,7,6,1,Right,2.0,4.0
S081,08,9,0,1,Right,0.5,2.5
S081,08,9,1,1,Right,0.75,2.75
S081,08,9,2,1,Right,1.0,3.0
S081,08,9,3,1,Right,1.25,3.25
S081,08,9,4,1,Right,1.5,3.5
S081,08,9,5,1,Right,1.75,3.75
S081,08,9,6,1,Right,2.0,4.0
S081,08,11,0,0,Left,0.5,2.5
S081,08,11,1,0,Left,0.75,2.75
S081,08,11,2,0,Left,1.0,3.0
S081,08,11,3,0,Left,1.25,3.25
S081,08,11,4,0,Left,1.5,3.5
S081,08,11,5,0,Left,1.75,3.75
S081,08,11,6,0,Left,2.0,4.0
S081,08,13,0,1,Right,0.5,2.5
S081,08,13,1,1,Right,0.75,2.75
S081,08,13,2,1,Right,1.0,3.0
S081,08,13,3,1,Right,1.25,3.25
S081,08,13,4,1,Right,1.5,3.5
S081,08,13,5,1,Right,1.75,3.75
S081,08,13,6,1,Right,2.0,4.0
S081,08,15,0,0,Left,0.5,2.5
S081,08,15,1,0,Left,0.75,2.75
S081,08,15,2,0,Left,1.0,3.0
S081,08,15,3,0,Left,1.25,3.25
S081,08,15,4,0,Left,1.5,3.5
S081,08,15,5,0,Left,1.75,3.75
S081,08,15,6,0,Left,2.0,4.0
S081,08,17,0,1,Right,0.5,2.5
S081,08,17,1,1,Right,0.75,2.75
S081,08,17,2,1,Right,1.0,3.0
S081,08,17,3,1,Right,1.25,3.25
S081,08,17,4,1,Right,1.5,3.5
S081,08,17,5,1,Right,1.75,3.75
S081,08,17,6,1,Right,2.0,4.0
S081,08,19,0,0,Left,0.5,2.5
S081,08,19,1,0,Left,0.75,2.75
S081,08,19,2,0,Left,1.0,3.0
S081,08,19,3,0,Left,1.25,3.25
S081,08,19,4,0,Left,1.5,3.5
S081,08,19,5,0,Left,1.75,3.75
S081,08,19,6,0,Left,2.0,4.0
S081,08,21,0,0,Left,0.5,2.5
S081,08,21,1,0,Left,0.75,2.75
S081,08,21,2,0,Left,1.0,3.0
S081,08,21,3,0,Left,1.25,3.25
S081,08,21,4,0,Left,1.5,3.5
S081,08,21,5,0,Left,1.75,3.75
S081,08,21,6,0,Left,2.0,4.0
S081,08,23,0,1,Right,0.5,2.5
S081,08,23,1,1,Right,0.75,2.75
S081,08,23,2,1,Right,1.0,3.0
S081,08,23,3,1,Right,1.25,3.25
S081,08,23,4,1,Right,1.5,3.5
S081,08,23,5,1,Right,1.75,3.75
S081,08,23,6,1,Right,2.0,4.0
S081,08,25,0,1,Right,0.5,2.5
S081,08,25,1,1,Right,0.75,2.75
S081,08,25,2,1,Right,1.0,3.0
S081,08,25,3,1,Right,1.25,3.25
S081,08,25,4,1,Right,1.5,3.5
S081,08,25,5,1,Right,1.75,3.75
S081,08,25,6,1,Right,2.0,4.0
S081,08,27,0,0,Left,0.5,2.5
S081,08,27,1,0,Left,0.75,2.75
S081,08,27,2,0,Left,1.0,3.0
S081,08,27,3,0,Left,1.25,3.25
S081,08,27,4,0,Left,1.5,3.5
S081,08,27,5,0,Left,1.75,3.75
S081,08,27,6,0,Left,2.0,4.0
S081,08,29,0,1,Right,0.5,2.5
S081,08,29,1,1,Right,0.75,2.75
S081,08,29,2,1,Right,1.0,3.0
S081,08,29,3,1,Right,1.25,3.25
S081,08,29,4,1,Right,1.5,3.5
S081,08,29,5,1,Right,1.75,3.75
S081,08,29,6,1,Right,2.0,4.0
S081,12,1,0,1,Right,0.5,2.5
S081,12,1,1,1,Right,0.75,2.75
S081,12,1,2,1,Right,1.0,3.0
S081,12,1,3,1,Right,1.25,3.25
S081,12,1,4,1,Right,1.5,3.5
S081,12,1,5,1,Right,1.75,3.75
S081,12,1,6,1,Right,2.0,4.0
S081,12,3,0,0,Left,0.5,2.5
S081,12,3,1,0,Left,0.75,2.75
S081,12,3,2,0,Left,1.0,3.0
S081,12,3,3,0,Left,1.25,3.25
S081,12,3,4,0,Left,1.5,3.5
S081,12,3,5,0,Left,1.75,3.75
S081,12,3,6,0,Left,2.0,4.0
S081,12,5,0,0,Left,0.5,2.5
S081,12,5,1,0,Left,0.75,2.75
S081,12,5,2,0,Left,1.0,3.0
S081,12,5,3,0,Left,1.25,3.25
S081,12,5,4,0,Left,1.5,3.5
S081,12,5,5,0,Left,1.75,3.75
S081,12,5,6,0,Left,2.0,4.0
S081,12,7,0,1,Right,0.5,2.5
S081,12,7,1,1,Right,0.75,2.75
S081,12,7,2,1,Right,1.0,3.0
S081,12,7,3,1,Right,1.25,3.25
S081,12,7,4,1,Right,1.5,3.5
S081,12,7,5,1,Right,1.75,3.75
S081,12,7,6,1,Right,2.0,4.0
S081,12,9,0,1,Right,0.5,2.5
S081,12,9,1,1,Right,0.75,2.75
S081,12,9,2,1,Right,1.0,3.0
S081,12,9,3,1,Right,1.25,3.25
S081,12,9,4,1,Right,1.5,3.5
S081,12,9,5,1,Right,1.75,3.75
S081,12,9,6,1,Right,2.0,4.0
S081,12,11,0,0,Left,0.5,2.5
S081,12,11,1,0,Left,0.75,2.75
S081,12,11,2,0,Left,1.0,3.0
S081,12,11,3,0,Left,1.25,3.25
S081,12,11,4,0,Left,1.5,3.5
S081,12,11,5,0,Left,1.75,3.75
S081,12,11,6,0,Left,2.0,4.0
S081,12,13,0,0,Left,0.5,2.5
S081,12,13,1,0,Left,0.75,2.75
S081,12,13,2,0,Left,1.0,3.0
S081,12,13,3,0,Left,1.25,3.25
S081,12,13,4,0,Left,1.5,3.5
S081,12,13,5,0,Left,1.75,3.75
S081,12,13,6,0,Left,2.0,4.0
S081,12,15,0,1,Right,0.5,2.5
S081,12,15,1,1,Right,0.75,2.75
S081,12,15,2,1,Right,1.0,3.0
S081,12,15,3,1,Right,1.25,3.25
S081,12,15,4,1,Right,1.5,3.5
S081,12,15,5,1,Right,1.75,3.75
S081,12,15,6,1,Right,2.0,4.0
S081,12,17,0,1,Right,0.5,2.5
S081,12,17,1,1,Right,0.75,2.75
S081,12,17,2,1,Right,1.0,3.0
S081,12,17,3,1,Right,1.25,3.25
S081,12,17,4,1,Right,1.5,3.5
S081,12,17,5,1,Right,1.75,3.75
S081,12,17,6,1,Right,2.0,4.0
S081,12,19,0,0,Left,0.5,2.5
S081,12,19,1,0,Left,0.75,2.75
S081,12,19,2,0,Left,1.0,3.0
S081,12,19,3,0,Left,1.25,3.25
S081,12,19,4,0,Left,1.5,3.5
S081,12,19,5,0,Left,1.75,3.75
S081,12,19,6,0,Left,2.0,4.0
S081,12,21,0,0,Left,0.5,2.5
S081,12,21,1,0,Left,0.75,2.75
S081,12,21,2,0,Left,1.0,3.0
S081,12,21,3,0,Left,1.25,3.25
S081,12,21,4,0,Left,1.5,3.5
S081,12,21,5,0,Left,1.75,3.75
S081,12,21,6,0,Left,2.0,4.0
S081,12,23,0,1,Right,0.5,2.5
S081,12,23,1,1,Right,0.75,2.75
S081,12,23,2,1,Right,1.0,3.0
S081,12,23,3,1,Right,1.25,3.25
S081,12,23,4,1,Right,1.5,3.5
S081,12,23,5,1,Right,1.75,3.75
S081,12,23,6,1,Right,2.0,4.0
S081,12,25,0,1,Right,0.5,2.5
S081,12,25,1,1,Right,0.75,2.75
S081,12,25,2,1,Right,1.0,3.0
S081,12,25,3,1,Right,1.25,3.25
S081,12,25,4,1,Right,1.5,3.5
S081,12,25,5,1,Right,1.75,3.75
S081,12,25,6,1,Right,2.0,4.0
S081,12,27,0,0,Left,0.5,2.5
S081,12,27,1,0,Left,0.75,2.75
S081,12,27,2,0,Left,1.0,3.0
S081,12,27,3,0,Left,1.25,3.25
S081,12,27,4,0,Left,1.5,3.5
S081,12,27,5,0,Left,1.75,3.75
S081,12,27,6,0,Left,2.0,4.0
S081,12,29,0,0,Left,0.5,2.5
S081,12,29,1,0,Left,0.75,2.75
S081,12,29,2,0,Left,1.0,3.0
S081,12,29,3,0,Left,1.25,3.25
S081,12,29,4,0,Left,1.5,3.5
S081,12,29,5,0,Left,1.75,3.75
S081,12,29,6,0,Left,2.0,4.0
S082,04,1,0,0,Left,0.5,2.5
S082,04,1,1,0,Left,0.75,2.75
S082,04,1,2,0,Left,1.0,3.0
S082,04,1,3,0,Left,1.25,3.25
S082,04,1,4,0,Left,1.5,3.5
S082,04,1,5,0,Left,1.75,3.75
S082,04,1,6,0,Left,2.0,4.0
S082,04,3,0,1,Right,0.5,2.5
S082,04,3,1,1,Right,0.75,2.75
S082,04,3,2,1,Right,1.0,3.0
S082,04,3,3,1,Right,1.25,3.25
S082,04,3,4,1,Right,1.5,3.5
S082,04,3,5,1,Right,1.75,3.75
S082,04,3,6,1,Right,2.0,4.0
S082,04,5,0,0,Left,0.5,2.5
S082,04,5,1,0,Left,0.75,2.75
S082,04,5,2,0,Left,1.0,3.0
S082,04,5,3,0,Left,1.25,3.25
S082,04,5,4,0,Left,1.5,3.5
S082,04,5,5,0,Left,1.75,3.75
S082,04,5,6,0,Left,2.0,4.0
S082,04,7,0,1,Right,0.5,2.5
S082,04,7,1,1,Right,0.75,2.75
S082,04,7,2,1,Right,1.0,3.0
S082,04,7,3,1,Right,1.25,3.25
S082,04,7,4,1,Right,1.5,3.5
S082,04,7,5,1,Right,1.75,3.75
S082,04,7,6,1,Right,2.0,4.0
S082,04,9,0,0,Left,0.5,2.5
S082,04,9,1,0,Left,0.75,2.75
S082,04,9,2,0,Left,1.0,3.0
S082,04,9,3,0,Left,1.25,3.25
S082,04,9,4,0,Left,1.5,3.5
S082,04,9,5,0,Left,1.75,3.75
S082,04,9,6,0,Left,2.0,4.0
S082,04,11,0,1,Right,0.5,2.5
S082,04,11,1,1,Right,0.75,2.75
S082,04,11,2,1,Right,1.0,3.0
S082,04,11,3,1,Right,1.25,3.25
S082,04,11,4,1,Right,1.5,3.5
S082,04,11,5,1,Right,1.75,3.75
S082,04,11,6,1,Right,2.0,4.0
S082,04,13,0,0,Left,0.5,2.5
S082,04,13,1,0,Left,0.75,2.75
S082,04,13,2,0,Left,1.0,3.0
S082,04,13,3,0,Left,1.25,3.25
S082,04,13,4,0,Left,1.5,3.5
S082,04,13,5,0,Left,1.75,3.75
S082,04,13,6,0,Left,2.0,4.0
S082,04,15,0,1,Right,0.5,2.5
S082,04,15,1,1,Right,0.75,2.75
S082,04,15,2,1,Right,1.0,3.0
S082,04,15,3,1,Right,1.25,3.25
S082,04,15,4,1,Right,1.5,3.5
S082,04,15,5,1,Right,1.75,3.75
S082,04,15,6,1,Right,2.0,4.0
S082,04,17,0,1,Right,0.5,2.5
S082,04,17,1,1,Right,0.75,2.75
S082,04,17,2,1,Right,1.0,3.0
S082,04,17,3,1,Right,1.25,3.25
S082,04,17,4,1,Right,1.5,3.5
S082,04,17,5,1,Right,1.75,3.75
S082,04,17,6,1,Right,2.0,4.0
S082,04,19,0,0,Left,0.5,2.5
S082,04,19,1,0,Left,0.75,2.75
S082,04,19,2,0,Left,1.0,3.0
S082,04,19,3,0,Left,1.25,3.25
S082,04,19,4,0,Left,1.5,3.5
S082,04,19,5,0,Left,1.75,3.75
S082,04,19,6,0,Left,2.0,4.0
S082,04,21,0,1,Right,0.5,2.5
S082,04,21,1,1,Right,0.75,2.75
S082,04,21,2,1,Right,1.0,3.0
S082,04,21,3,1,Right,1.25,3.25
S082,04,21,4,1,Right,1.5,3.5
S082,04,21,5,1,Right,1.75,3.75
S082,04,21,6,1,Right,2.0,4.0
S082,04,23,0,0,Left,0.5,2.5
S082,04,23,1,0,Left,0.75,2.75
S082,04,23,2,0,Left,1.0,3.0
S082,04,23,3,0,Left,1.25,3.25
S082,04,23,4,0,Left,1.5,3.5
S082,04,23,5,0,Left,1.75,3.75
S082,04,23,6,0,Left,2.0,4.0
S082,04,25,0,1,Right,0.5,2.5
S082,04,25,1,1,Right,0.75,2.75
S082,04,25,2,1,Right,1.0,3.0
S082,04,25,3,1,Right,1.25,3.25
S082,04,25,4,1,Right,1.5,3.5
S082,04,25,5,1,Right,1.75,3.75
S082,04,25,6,1,Right,2.0,4.0
S082,04,27,0,0,Left,0.5,2.5
S082,04,27,1,0,Left,0.75,2.75
S082,04,27,2,0,Left,1.0,3.0
S082,04,27,3,0,Left,1.25,3.25
S082,04,27,4,0,Left,1.5,3.5
S082,04,27,5,0,Left,1.75,3.75
S082,04,27,6,0,Left,2.0,4.0
S082,04,29,0,0,Left,0.5,2.5
S082,04,29,1,0,Left,0.75,2.75
S082,04,29,2,0,Left,1.0,3.0
S082,04,29,3,0,Left,1.25,3.25
S082,04,29,4,0,Left,1.5,3.5
S082,04,29,5,0,Left,1.75,3.75
S082,04,29,6,0,Left,2.0,4.0
S082,08,1,0,0,Left,0.5,2.5
S082,08,1,1,0,Left,0.75,2.75
S082,08,1,2,0,Left,1.0,3.0
S082,08,1,3,0,Left,1.25,3.25
S082,08,1,4,0,Left,1.5,3.5
S082,08,1,5,0,Left,1.75,3.75
S082,08,1,6,0,Left,2.0,4.0
S082,08,3,0,1,Right,0.5,2.5
S082,08,3,1,1,Right,0.75,2.75
S082,08,3,2,1,Right,1.0,3.0
S082,08,3,3,1,Right,1.25,3.25
S082,08,3,4,1,Right,1.5,3.5
S082,08,3,5,1,Right,1.75,3.75
S082,08,3,6,1,Right,2.0,4.0
S082,08,5,0,0,Left,0.5,2.5
S082,08,5,1,0,Left,0.75,2.75
S082,08,5,2,0,Left,1.0,3.0
S082,08,5,3,0,Left,1.25,3.25
S082,08,5,4,0,Left,1.5,3.5
S082,08,5,5,0,Left,1.75,3.75
S082,08,5,6,0,Left,2.0,4.0
S082,08,7,0,1,Right,0.5,2.5
S082,08,7,1,1,Right,0.75,2.75
S082,08,7,2,1,Right,1.0,3.0
S082,08,7,3,1,Right,1.25,3.25
S082,08,7,4,1,Right,1.5,3.5
S082,08,7,5,1,Right,1.75,3.75
S082,08,7,6,1,Right,2.0,4.0
S082,08,9,0,1,Right,0.5,2.5
S082,08,9,1,1,Right,0.75,2.75
S082,08,9,2,1,Right,1.0,3.0
S082,08,9,3,1,Right,1.25,3.25
S082,08,9,4,1,Right,1.5,3.5
S082,08,9,5,1,Right,1.75,3.75
S082,08,9,6,1,Right,2.0,4.0
S082,08,11,0,0,Left,0.5,2.5
S082,08,11,1,0,Left,0.75,2.75
S082,08,11,2,0,Left,1.0,3.0
S082,08,11,3,0,Left,1.25,3.25
S082,08,11,4,0,Left,1.5,3.5
S082,08,11,5,0,Left,1.75,3.75
S082,08,11,6,0,Left,2.0,4.0
S082,08,13,0,1,Right,0.5,2.5
S082,08,13,1,1,Right,0.75,2.75
S082,08,13,2,1,Right,1.0,3.0
S082,08,13,3,1,Right,1.25,3.25
S082,08,13,4,1,Right,1.5,3.5
S082,08,13,5,1,Right,1.75,3.75
S082,08,13,6,1,Right,2.0,4.0
S082,08,15,0,0,Left,0.5,2.5
S082,08,15,1,0,Left,0.75,2.75
S082,08,15,2,0,Left,1.0,3.0
S082,08,15,3,0,Left,1.25,3.25
S082,08,15,4,0,Left,1.5,3.5
S082,08,15,5,0,Left,1.75,3.75
S082,08,15,6,0,Left,2.0,4.0
S082,08,17,0,0,Left,0.5,2.5
S082,08,17,1,0,Left,0.75,2.75
S082,08,17,2,0,Left,1.0,3.0
S082,08,17,3,0,Left,1.25,3.25
S082,08,17,4,0,Left,1.5,3.5
S082,08,17,5,0,Left,1.75,3.75
S082,08,17,6,0,Left,2.0,4.0
S082,08,19,0,1,Right,0.5,2.5
S082,08,19,1,1,Right,0.75,2.75
S082,08,19,2,1,Right,1.0,3.0
S082,08,19,3,1,Right,1.25,3.25
S082,08,19,4,1,Right,1.5,3.5
S082,08,19,5,1,Right,1.75,3.75
S082,08,19,6,1,Right,2.0,4.0
S082,08,21,0,0,Left,0.5,2.5
S082,08,21,1,0,Left,0.75,2.75
S082,08,21,2,0,Left,1.0,3.0
S082,08,21,3,0,Left,1.25,3.25
S082,08,21,4,0,Left,1.5,3.5
S082,08,21,5,0,Left,1.75,3.75
S082,08,21,6,0,Left,2.0,4.0
S082,08,23,0,1,Right,0.5,2.5
S082,08,23,1,1,Right,0.75,2.75
S082,08,23,2,1,Right,1.0,3.0
S082,08,23,3,1,Right,1.25,3.25
S082,08,23,4,1,Right,1.5,3.5
S082,08,23,5,1,Right,1.75,3.75
S082,08,23,6,1,Right,2.0,4.0
S082,08,25,0,0,Left,0.5,2.5
S082,08,25,1,0,Left,0.75,2.75
S082,08,25,2,0,Left,1.0,3.0
S082,08,25,3,0,Left,1.25,3.25
S082,08,25,4,0,Left,1.5,3.5
S082,08,25,5,0,Left,1.75,3.75
S082,08,25,6,0,Left,2.0,4.0
S082,08,27,0,1,Right,0.5,2.5
S082,08,27,1,1,Right,0.75,2.75
S082,08,27,2,1,Right,1.0,3.0
S082,08,27,3,1,Right,1.25,3.25
S082,08,27,4,1,Right,1.5,3.5
S082,08,27,5,1,Right,1.75,3.75
S082,08,27,6,1,Right,2.0,4.0
S082,08,29,0,1,Right,0.5,2.5
S082,08,29,1,1,Right,0.75,2.75
S082,08,29,2,1,Right,1.0,3.0
S082,08,29,3,1,Right,1.25,3.25
S082,08,29,4,1,Right,1.5,3.5
S082,08,29,5,1,Right,1.75,3.75
S082,08,29,6,1,Right,2.0,4.0
S082,12,1,0,0,Left,0.5,2.5
S082,12,1,1,0,Left,0.75,2.75
S082,12,1,2,0,Left,1.0,3.0
S082,12,1,3,0,Left,1.25,3.25
S082,12,1,4,0,Left,1.5,3.5
S082,12,1,5,0,Left,1.75,3.75
S082,12,1,6,0,Left,2.0,4.0
S082,12,3,0,1,Right,0.5,2.5
S082,12,3,1,1,Right,0.75,2.75
S082,12,3,2,1,Right,1.0,3.0
S082,12,3,3,1,Right,1.25,3.25
S082,12,3,4,1,Right,1.5,3.5
S082,12,3,5,1,Right,1.75,3.75
S082,12,3,6,1,Right,2.0,4.0
S082,12,5,0,1,Right,0.5,2.5
S082,12,5,1,1,Right,0.75,2.75
S082,12,5,2,1,Right,1.0,3.0
S082,12,5,3,1,Right,1.25,3.25
S082,12,5,4,1,Right,1.5,3.5
S082,12,5,5,1,Right,1.75,3.75
S082,12,5,6,1,Right,2.0,4.0
S082,12,7,4,0,Left,1.5,3.5
S082,12,7,5,0,Left,1.75,3.75
S082,12,7,6,0,Left,2.0,4.0
S082,12,9,0,0,Left,0.5,2.5
S082,12,9,1,0,Left,0.75,2.75
S082,12,9,2,0,Left,1.0,3.0
S082,12,9,3,0,Left,1.25,3.25
S082,12,9,4,0,Left,1.5,3.5
S082,12,9,5,0,Left,1.75,3.75
S082,12,9,6,0,Left,2.0,4.0
S082,12,11,0,1,Right,0.5,2.5
S082,12,11,1,1,Right,0.75,2.75
S082,12,11,2,1,Right,1.0,3.0
S082,12,11,3,1,Right,1.25,3.25
S082,12,11,4,1,Right,1.5,3.5
S082,12,11,5,1,Right,1.75,3.75
S082,12,11,6,1,Right,2.0,4.0
S082,12,13,0,0,Left,0.5,2.5
S082,12,13,1,0,Left,0.75,2.75
S082,12,13,2,0,Left,1.0,3.0
S082,12,13,3,0,Left,1.25,3.25
S082,12,13,4,0,Left,1.5,3.5
S082,12,13,5,0,Left,1.75,3.75
S082,12,13,6,0,Left,2.0,4.0
S082,12,15,4,1,Right,1.5,3.5
S082,12,15,5,1,Right,1.75,3.75
S082,12,15,6,1,Right,2.0,4.0
S082,12,17,0,0,Left,0.5,2.5
S082,12,17,1,0,Left,0.75,2.75
S082,12,17,2,0,Left,1.0,3.0
S082,12,17,3,0,Left,1.25,3.25
S082,12,17,4,0,Left,1.5,3.5
S082,12,17,5,0,Left,1.75,3.75
S082,12,17,6,0,Left,2.0,4.0
S082,12,19,0,1,Right,0.5,2.5
S082,12,19,1,1,Right,0.75,2.75
S082,12,19,2,1,Right,1.0,3.0
S082,12,19,3,1,Right,1.25,3.25
S082,12,19,4,1,Right,1.5,3.5
S082,12,19,5,1,Right,1.75,3.75
S082,12,19,6,1,Right,2.0,4.0
S082,12,21,0,0,Left,0.5,2.5
S082,12,21,1,0,Left,0.75,2.75
S082,12,21,2,0,Left,1.0,3.0
S082,12,21,3,0,Left,1.25,3.25
S082,12,21,4,0,Left,1.5,3.5
S082,12,21,5,0,Left,1.75,3.75
S082,12,21,6,0,Left,2.0,4.0
S082,12,23,0,1,Right,0.5,2.5
S082,12,23,1,1,Right,0.75,2.75
S082,12,23,2,1,Right,1.0,3.0
S082,12,23,3,1,Right,1.25,3.25
S082,12,23,4,1,Right,1.5,3.5
S082,12,23,5,1,Right,1.75,3.75
S082,12,23,6,1,Right,2.0,4.0
S082,12,25,0,1,Right,0.5,2.5
S082,12,25,1,1,Right,0.75,2.75
S082,12,25,2,1,Right,1.0,3.0
S082,12,25,3,1,Right,1.25,3.25
S082,12,25,4,1,Right,1.5,3.5
S082,12,25,5,1,Right,1.75,3.75
S082,12,25,6,1,Right,2.0,4.0
S082,12,27,0,0,Left,0.5,2.5
S082,12,27,1,0,Left,0.75,2.75
S082,12,27,2,0,Left,1.0,3.0
S082,12,27,3,0,Left,1.25,3.25
S082,12,27,4,0,Left,1.5,3.5
S082,12,27,5,0,Left,1.75,3.75
S082,12,27,6,0,Left,2.0,4.0
S082,12,29,0,0,Left,0.5,2.5
S082,12,29,1,0,Left,0.75,2.75
S082,12,29,2,0,Left,1.0,3.0
S082,12,29,3,0,Left,1.25,3.25
S082,12,29,4,0,Left,1.5,3.5
S082,12,29,5,0,Left,1.75,3.75
S082,12,29,6,0,Left,2.0,4.0
S083,04,1,0,0,Left,0.5,2.5
S083,04,1,1,0,Left,0.75,2.75
S083,04,1,2,0,Left,1.0,3.0
S083,04,1,3,0,Left,1.25,3.25
S083,04,1,4,0,Left,1.5,3.5
S083,04,1,5,0,Left,1.75,3.75
S083,04,1,6,0,Left,2.0,4.0
S083,04,3,0,1,Right,0.5,2.5
S083,04,3,1,1,Right,0.75,2.75
S083,04,3,2,1,Right,1.0,3.0
S083,04,3,3,1,Right,1.25,3.25
S083,04,3,4,1,Right,1.5,3.5
S083,04,3,5,1,Right,1.75,3.75
S083,04,3,6,1,Right,2.0,4.0
S083,04,5,0,1,Right,0.5,2.5
S083,04,5,1,1,Right,0.75,2.75
S083,04,5,2,1,Right,1.0,3.0
S083,04,5,3,1,Right,1.25,3.25
S083,04,5,4,1,Right,1.5,3.5
S083,04,5,5,1,Right,1.75,3.75
S083,04,5,6,1,Right,2.0,4.0
S083,04,7,0,0,Left,0.5,2.5
S083,04,7,1,0,Left,0.75,2.75
S083,04,7,2,0,Left,1.0,3.0
S083,04,7,3,0,Left,1.25,3.25
S083,04,7,4,0,Left,1.5,3.5
S083,04,7,5,0,Left,1.75,3.75
S083,04,7,6,0,Left,2.0,4.0
S083,04,9,0,0,Left,0.5,2.5
S083,04,9,1,0,Left,0.75,2.75
S083,04,9,2,0,Left,1.0,3.0
S083,04,9,3,0,Left,1.25,3.25
S083,04,9,4,0,Left,1.5,3.5
S083,04,9,5,0,Left,1.75,3.75
S083,04,9,6,0,Left,2.0,4.0
S083,04,11,0,1,Right,0.5,2.5
S083,04,11,1,1,Right,0.75,2.75
S083,04,11,2,1,Right,1.0,3.0
S083,04,11,3,1,Right,1.25,3.25
S083,04,11,4,1,Right,1.5,3.5
S083,04,11,5,1,Right,1.75,3.75
S083,04,11,6,1,Right,2.0,4.0
S083,04,13,0,1,Right,0.5,2.5
S083,04,13,1,1,Right,0.75,2.75
S083,04,13,2,1,Right,1.0,3.0
S083,04,15,0,0,Left,0.5,2.5
S083,04,15,1,0,Left,0.75,2.75
S083,04,15,2,0,Left,1.0,3.0
S083,04,15,3,0,Left,1.25,3.25
S083,04,15,4,0,Left,1.5,3.5
S083,04,15,5,0,Left,1.75,3.75
S083,04,15,6,0,Left,2.0,4.0
S083,04,17,0,1,Right,0.5,2.5
S083,04,17,1,1,Right,0.75,2.75
S083,04,17,2,1,Right,1.0,3.0
S083,04,17,3,1,Right,1.25,3.25
S083,04,17,4,1,Right,1.5,3.5
S083,04,17,5,1,Right,1.75,3.75
S083,04,17,6,1,Right,2.0,4.0
S083,04,19,0,0,Left,0.5,2.5
S083,04,19,1,0,Left,0.75,2.75
S083,04,19,2,0,Left,1.0,3.0
S083,04,19,3,0,Left,1.25,3.25
S083,04,19,4,0,Left,1.5,3.5
S083,04,19,5,0,Left,1.75,3.75
S083,04,19,6,0,Left,2.0,4.0
S083,04,23,4,0,Left,1.5,3.5
S083,04,23,5,0,Left,1.75,3.75
S083,04,23,6,0,Left,2.0,4.0
S083,04,25,0,1,Right,0.5,2.5
S083,04,25,1,1,Right,0.75,2.75
S083,04,25,2,1,Right,1.0,3.0
S083,04,25,3,1,Right,1.25,3.25
S083,04,25,4,1,Right,1.5,3.5
S083,04,25,5,1,Right,1.75,3.75
S083,04,25,6,1,Right,2.0,4.0
S083,04,27,0,0,Left,0.5,2.5
S083,04,27,1,0,Left,0.75,2.75
S083,04,27,2,0,Left,1.0,3.0
S083,04,27,3,0,Left,1.25,3.25
S083,04,27,4,0,Left,1.5,3.5
S083,04,27,5,0,Left,1.75,3.75
S083,04,27,6,0,Left,2.0,4.0
S083,04,29,0,0,Left,0.5,2.5
S083,04,29,1,0,Left,0.75,2.75
S083,04,29,2,0,Left,1.0,3.0
S083,04,29,3,0,Left,1.25,3.25
S083,04,29,4,0,Left,1.5,3.5
S083,04,29,5,0,Left,1.75,3.75
S083,04,29,6,0,Left,2.0,4.0
S083,08,1,0,0,Left,0.5,2.5
S083,08,1,1,0,Left,0.75,2.75
S083,08,1,2,0,Left,1.0,3.0
S083,08,1,3,0,Left,1.25,3.25
S083,08,1,4,0,Left,1.5,3.5
S083,08,1,5,0,Left,1.75,3.75
S083,08,1,6,0,Left,2.0,4.0
S083,08,3,0,1,Right,0.5,2.5
S083,08,3,1,1,Right,0.75,2.75
S083,08,3,2,1,Right,1.0,3.0
S083,08,3,3,1,Right,1.25,3.25
S083,08,3,4,1,Right,1.5,3.5
S083,08,3,5,1,Right,1.75,3.75
S083,08,3,6,1,Right,2.0,4.0
S083,08,7,6,1,Right,2.0,4.0
S083,08,9,6,1,Right,2.0,4.0
S083,08,11,0,0,Left,0.5,2.5
S083,08,11,1,0,Left,0.75,2.75
S083,08,11,2,0,Left,1.0,3.0
S083,08,11,3,0,Left,1.25,3.25
S083,08,11,4,0,Left,1.5,3.5
S083,08,11,5,0,Left,1.75,3.75
S083,08,11,6,0,Left,2.0,4.0
S083,08,15,0,1,Right,0.5,2.5
S083,08,17,0,1,Right,0.5,2.5
S083,08,17,1,1,Right,0.75,2.75
S083,08,17,2,1,Right,1.0,3.0
S083,08,19,0,0,Left,0.5,2.5
S083,08,19,1,0,Left,0.75,2.75
S083,08,19,2,0,Left,1.0,3.0
S083,08,19,3,0,Left,1.25,3.25
S083,08,19,4,0,Left,1.5,3.5
S083,08,19,5,0,Left,1.75,3.75
S083,08,19,6,0,Left,2.0,4.0
S083,08,25,0,1,Right,0.5,2.5
S083,08,25,1,1,Right,0.75,2.75
S083,08,25,2,1,Right,1.0,3.0
S083,08,25,3,1,Right,1.25,3.25
S083,08,25,4,1,Right,1.5,3.5
S083,08,25,5,1,Right,1.75,3.75
S083,08,25,6,1,Right,2.0,4.0
S083,08,27,0,0,Left,0.5,2.5
S083,08,27,1,0,Left,0.75,2.75
S083,08,27,2,0,Left,1.0,3.0
S083,08,27,3,0,Left,1.25,3.25
S083,08,27,4,0,Left,1.5,3.5
S083,08,27,5,0,Left,1.75,3.75
S083,08,27,6,0,Left,2.0,4.0
S083,08,29,0,1,Right,0.5,2.5
S083,08,29,1,1,Right,0.75,2.75
S083,08,29,2,1,Right,1.0,3.0
S083,08,29,3,1,Right,1.25,3.25
S083,08,29,4,1,Right,1.5,3.5
S083,08,29,5,1,Right,1.75,3.75
S083,08,29,6,1,Right,2.0,4.0
S083,12,1,0,0,Left,0.5,2.5
S083,12,1,1,0,Left,0.75,2.75
S083,12,1,2,0,Left,1.0,3.0
S083,12,1,3,0,Left,1.25,3.25
S083,12,1,4,0,Left,1.5,3.5
S083,12,1,5,0,Left,1.75,3.75
S083,12,1,6,0,Left,2.0,4.0
S083,12,3,0,1,Right,0.5,2.5
S083,12,3,1,1,Right,0.75,2.75
S083,12,3,2,1,Right,1.0,3.0
S083,12,3,3,1,Right,1.25,3.25
S083,12,3,4,1,Right,1.5,3.5
S083,12,3,5,1,Right,1.75,3.75
S083,12,3,6,1,Right,2.0,4.0
S083,12,5,0,1,Right,0.5,2.5
S083,12,5,1,1,Right,0.75,2.75
S083,12,5,2,1,Right,1.0,3.0
S083,12,5,3,1,Right,1.25,3.25
S083,12,5,4,1,Right,1.5,3.5
S083,12,5,5,1,Right,1.75,3.75
S083,12,5,6,1,Right,2.0,4.0
S083,12,7,4,0,Left,1.5,3.5
S083,12,7,5,0,Left,1.75,3.75
S083,12,7,6,0,Left,2.0,4.0
S083,12,15,2,1,Right,1.0,3.0
S083,12,15,3,1,Right,1.25,3.25
S083,12,15,4,1,Right,1.5,3.5
S083,12,15,5,1,Right,1.75,3.75
S083,12,15,6,1,Right,2.0,4.0
S083,12,19,0,0,Left,0.5,2.5
S083,12,19,1,0,Left,0.75,2.75
S083,12,19,2,0,Left,1.0,3.0
S083,12,19,3,0,Left,1.25,3.25
S083,12,19,4,0,Left,1.5,3.5
S083,12,19,5,0,Left,1.75,3.75
S083,12,19,6,0,Left,2.0,4.0
S083,12,21,0,0,Left,0.5,2.5
S083,12,21,1,0,Left,0.75,2.75
S083,12,21,2,0,Left,1.0,3.0
S083,12,21,3,0,Left,1.25,3.25
S083,12,21,4,0,Left,1.5,3.5
S083,12,23,4,1,Right,1.5,3.5
S083,12,23,5,1,Right,1.75,3.75
S083,12,23,6,1,Right,2.0,4.0
S083,12,25,0,0,Left,0.5,2.5
S083,12,25,1,0,Left,0.75,2.75
S083,12,25,2,0,Left,1.0,3.0
S083,12,25,3,0,Left,1.25,3.25
S083,12,25,4,0,Left,1.5,3.5
S083,12,25,5,0,Left,1.75,3.75
S083,12,25,6,0,Left,2.0,4.0
S083,12,27,6,1,Right,2.0,4.0
S084,04,1,0,1,Right,0.5,2.5
S084,04,1,1,1,Right,0.75,2.75
S084,04,1,2,1,Right,1.0,3.0
S084,04,1,3,1,Right,1.25,3.25
S084,04,1,4,1,Right,1.5,3.5
S084,04,1,5,1,Right,1.75,3.75
S084,04,1,6,1,Right,2.0,4.0
S084,04,3,0,0,Left,0.5,2.5
S084,04,3,1,0,Left,0.75,2.75
S084,04,3,2,0,Left,1.0,3.0
S084,04,3,3,0,Left,1.25,3.25
S084,04,3,4,0,Left,1.5,3.5
S084,04,3,5,0,Left,1.75,3.75
S084,04,3,6,0,Left,2.0,4.0
S084,04,5,0,1,Right,0.5,2.5
S084,04,5,1,1,Right,0.75,2.75
S084,04,5,2,1,Right,1.0,3.0
S084,04,5,3,1,Right,1.25,3.25
S084,04,5,4,1,Right,1.5,3.5
S084,04,5,5,1,Right,1.75,3.75
S084,04,5,6,1,Right,2.0,4.0
S084,04,7,0,0,Left,0.5,2.5
S084,04,7,1,0,Left,0.75,2.75
S084,04,7,2,0,Left,1.0,3.0
S084,04,7,3,0,Left,1.25,3.25
S084,04,7,4,0,Left,1.5,3.5
S084,04,7,5,0,Left,1.75,3.75
S084,04,7,6,0,Left,2.0,4.0
S084,04,9,0,0,Left,0.5,2.5
S084,04,9,1,0,Left,0.75,2.75
S084,04,9,2,0,Left,1.0,3.0
S084,04,9,3,0,Left,1.25,3.25
S084,04,9,4,0,Left,1.5,3.5
S084,04,9,5,0,Left,1.75,3.75
S084,04,9,6,0,Left,2.0,4.0
S084,04,11,2,1,Right,1.0,3.0
S084,04,11,3,1,Right,1.25,3.25
S084,04,11,4,1,Right,1.5,3.5
S084,04,11,5,1,Right,1.75,3.75
S084,04,11,6,1,Right,2.0,4.0
S084,04,13,0,0,Left,0.5,2.5
S084,04,13,1,0,Left,0.75,2.75
S084,04,13,2,0,Left,1.0,3.0
S084,04,13,3,0,Left,1.25,3.25
S084,04,13,4,0,Left,1.5,3.5
S084,04,13,5,0,Left,1.75,3.75
S084,04,13,6,0,Left,2.0,4.0
S084,04,15,0,1,Right,0.5,2.5
S084,04,15,1,1,Right,0.75,2.75
S084,04,15,2,1,Right,1.0,3.0
S084,04,15,3,1,Right,1.25,3.25
S084,04,15,4,1,Right,1.5,3.5
S084,04,15,5,1,Right,1.75,3.75
S084,04,15,6,1,Right,2.0,4.0
S084,04,17,0,0,Left,0.5,2.5
S084,04,17,1,0,Left,0.75,2.75
S084,04,17,2,0,Left,1.0,3.0
S084,04,17,3,0,Left,1.25,3.25
S084,04,17,4,0,Left,1.5,3.5
S084,04,17,5,0,Left,1.75,3.75
S084,04,17,6,0,Left,2.0,4.0
S084,04,19,0,1,Right,0.5,2.5
S084,04,19,1,1,Right,0.75,2.75
S084,04,19,2,1,Right,1.0,3.0
S084,04,19,3,1,Right,1.25,3.25
S084,04,19,4,1,Right,1.5,3.5
S084,04,19,5,1,Right,1.75,3.75
S084,04,19,6,1,Right,2.0,4.0
S084,04,21,0,0,Left,0.5,2.5
S084,04,21,1,0,Left,0.75,2.75
S084,04,21,2,0,Left,1.0,3.0
S084,04,21,3,0,Left,1.25,3.25
S084,04,21,4,0,Left,1.5,3.5
S084,04,21,5,0,Left,1.75,3.75
S084,04,21,6,0,Left,2.0,4.0
S084,04,23,0,1,Right,0.5,2.5
S084,04,23,1,1,Right,0.75,2.75
S084,04,23,2,1,Right,1.0,3.0
S084,04,23,3,1,Right,1.25,3.25
S084,04,23,4,1,Right,1.5,3.5
S084,04,25,0,0,Left,0.5,2.5
S084,04,25,1,0,Left,0.75,2.75
S084,04,25,2,0,Left,1.0,3.0
S084,04,25,3,0,Left,1.25,3.25
S084,04,25,4,0,Left,1.5,3.5
S084,04,25,5,0,Left,1.75,3.75
S084,04,25,6,0,Left,2.0,4.0
S084,04,27,0,1,Right,0.5,2.5
S084,04,27,1,1,Right,0.75,2.75
S084,04,27,2,1,Right,1.0,3.0
S084,04,27,3,1,Right,1.25,3.25
S084,04,27,4,1,Right,1.5,3.5
S084,04,27,5,1,Right,1.75,3.75
S084,04,27,6,1,Right,2.0,4.0
S084,04,29,0,0,Left,0.5,2.5
S084,04,29,1,0,Left,0.75,2.75
S084,04,29,2,0,Left,1.0,3.0
S084,04,29,3,0,Left,1.25,3.25
S084,04,29,4,0,Left,1.5,3.5
S084,04,29,5,0,Left,1.75,3.75
S084,04,29,6,0,Left,2.0,4.0
S084,08,1,0,0,Left,0.5,2.5
S084,08,1,1,0,Left,0.75,2.75
S084,08,1,2,0,Left,1.0,3.0
S084,08,1,3,0,Left,1.25,3.25
S084,08,1,4,0,Left,1.5,3.5
S084,08,1,5,0,Left,1.75,3.75
S084,08,1,6,0,Left,2.0,4.0
S084,08,3,0,1,Right,0.5,2.5
S084,08,3,1,1,Right,0.75,2.75
S084,08,3,2,1,Right,1.0,3.0
S084,08,3,3,1,Right,1.25,3.25
S084,08,3,4,1,Right,1.5,3.5
S084,08,3,5,1,Right,1.75,3.75
S084,08,3,6,1,Right,2.0,4.0
S084,08,5,0,1,Right,0.5,2.5
S084,08,5,1,1,Right,0.75,2.75
S084,08,5,2,1,Right,1.0,3.0
S084,08,5,3,1,Right,1.25,3.25
S084,08,5,4,1,Right,1.5,3.5
S084,08,5,5,1,Right,1.75,3.75
S084,08,5,6,1,Right,2.0,4.0
S084,08,7,0,0,Left,0.5,2.5
S084,08,7,1,0,Left,0.75,2.75
S084,08,9,0,0,Left,0.5,2.5
S084,08,9,1,0,Left,0.75,2.75
S084,08,9,2,0,Left,1.0,3.0
S084,08,9,3,0,Left,1.25,3.25
S084,08,9,4,0,Left,1.5,3.5
S084,08,9,5,0,Left,1.75,3.75
S084,08,9,6,0,Left,2.0,4.0
S084,08,11,0,1,Right,0.5,2.5
S084,08,11,1,1,Right,0.75,2.75
S084,08,11,2,1,Right,1.0,3.0
S084,08,11,3,1,Right,1.25,3.25
S084,08,11,4,1,Right,1.5,3.5
S084,08,11,5,1,Right,1.75,3.75
S084,08,11,6,1,Right,2.0,4.0
S084,08,13,0,1,Right,0.5,2.5
S084,08,13,1,1,Right,0.75,2.75
S084,08,13,2,1,Right,1.0,3.0
S084,08,13,3,1,Right,1.25,3.25
S084,08,13,4,1,Right,1.5,3.5
S084,08,13,5,1,Right,1.75,3.75
S084,08,13,6,1,Right,2.0,4.0
S084,08,15,0,0,Left,0.5,2.5
S084,08,15,1,0,Left,0.75,2.75
S084,08,15,2,0,Left,1.0,3.0
S084,08,15,3,0,Left,1.25,3.25
S084,08,15,4,0,Left,1.5,3.5
S084,08,15,5,0,Left,1.75,3.75
S084,08,15,6,0,Left,2.0,4.0
S084,08,17,0,0,Left,0.5,2.5
S084,08,17,1,0,Left,0.75,2.75
S084,08,17,2,0,Left,1.0,3.0
S084,08,17,3,0,Left,1.25,3.25
S084,08,17,4,0,Left,1.5,3.5
S084,08,17,5,0,Left,1.75,3.75
S084,08,17,6,0,Left,2.0,4.0
S084,08,19,0,1,Right,0.5,2.5
S084,08,19,1,1,Right,0.75,2.75
S084,08,19,2,1,Right,1.0,3.0
S084,08,19,3,1,Right,1.25,3.25
S084,08,19,4,1,Right,1.5,3.5
S084,08,19,5,1,Right,1.75,3.75
S084,08,19,6,1,Right,2.0,4.0
S084,08,21,0,1,Right,0.5,2.5
S084,08,21,1,1,Right,0.75,2.75
S084,08,21,2,1,Right,1.0,3.0
S084,08,21,3,1,Right,1.25,3.25
S084,08,21,4,1,Right,1.5,3.5
S084,08,21,5,1,Right,1.75,3.75
S084,08,21,6,1,Right,2.0,4.0
S084,08,23,0,0,Left,0.5,2.5
S084,08,23,1,0,Left,0.75,2.75
S084,08,23,2,0,Left,1.0,3.0
S084,08,23,3,0,Left,1.25,3.25
S084,08,23,4,0,Left,1.5,3.5
S084,08,23,5,0,Left,1.75,3.75
S084,08,23,6,0,Left,2.0,4.0
S084,08,25,6,1,Right,2.0,4.0
S084,08,27,0,0,Left,0.5,2.5
S084,08,27,1,0,Left,0.75,2.75
S084,08,27,2,0,Left,1.0,3.0
S084,08,27,3,0,Left,1.25,3.25
S084,08,27,4,0,Left,1.5,3.5
S084,08,27,5,0,Left,1.75,3.75
S084,08,27,6,0,Left,2.0,4.0
S084,12,3,0,0,Left,0.5,2.5
S084,12,3,1,0,Left,0.75,2.75
S084,12,3,2,0,Left,1.0,3.0
S084,12,3,3,0,Left,1.25,3.25
S084,12,3,4,0,Left,1.5,3.5
S084,12,3,5,0,Left,1.75,3.75
S084,12,3,6,0,Left,2.0,4.0
S084,12,5,0,0,Left,0.5,2.5
S084,12,5,1,0,Left,0.75,2.75
S084,12,5,2,0,Left,1.0,3.0
S084,12,5,3,0,Left,1.25,3.25
S084,12,5,4,0,Left,1.5,3.5
S084,12,5,5,0,Left,1.75,3.75
S084,12,5,6,0,Left,2.0,4.0
S084,12,7,0,1,Right,0.5,2.5
S084,12,7,1,1,Right,0.75,2.75
S084,12,7,2,1,Right,1.0,3.0
S084,12,7,3,1,Right,1.25,3.25
S084,12,7,4,1,Right,1.5,3.5
S084,12,7,5,1,Right,1.75,3.75
S084,12,7,6,1,Right,2.0,4.0
S084,12,9,0,1,Right,0.5,2.5
S084,12,9,1,1,Right,0.75,2.75
S084,12,9,2,1,Right,1.0,3.0
S084,12,9,3,1,Right,1.25,3.25
S084,12,9,4,1,Right,1.5,3.5
S084,12,9,5,1,Right,1.75,3.75
S084,12,9,6,1,Right,2.0,4.0
S084,12,11,0,0,Left,0.5,2.5
S084,12,11,1,0,Left,0.75,2.75
S084,12,11,2,0,Left,1.0,3.0
S084,12,11,3,0,Left,1.25,3.25
S084,12,11,4,0,Left,1.5,3.5
S084,12,11,5,0,Left,1.75,3.75
S084,12,11,6,0,Left,2.0,4.0
S084,12,13,0,1,Right,0.5,2.5
S084,12,13,1,1,Right,0.75,2.75
S084,12,13,2,1,Right,1.0,3.0
S084,12,13,3,1,Right,1.25,3.25
S084,12,13,4,1,Right,1.5,3.5
S084,12,13,5,1,Right,1.75,3.75
S084,12,13,6,1,Right,2.0,4.0
S084,12,15,0,0,Left,0.5,2.5
S084,12,15,1,0,Left,0.75,2.75
S084,12,15,2,0,Left,1.0,3.0
S084,12,15,3,0,Left,1.25,3.25
S084,12,15,4,0,Left,1.5,3.5
S084,12,15,5,0,Left,1.75,3.75
S084,12,15,6,0,Left,2.0,4.0
S084,12,17,0,0,Left,0.5,2.5
S084,12,17,1,0,Left,0.75,2.75
S084,12,17,2,0,Left,1.0,3.0
S084,12,17,3,0,Left,1.25,3.25
S084,12,17,4,0,Left,1.5,3.5
S084,12,17,5,0,Left,1.75,3.75
S084,12,17,6,0,Left,2.0,4.0
S084,12,19,0,1,Right,0.5,2.5
S084,12,19,1,1,Right,0.75,2.75
S084,12,19,2,1,Right,1.0,3.0
S084,12,19,3,1,Right,1.25,3.25
S084,12,21,0,0,Left,0.5,2.5
S084,12,21,1,0,Left,0.75,2.75
S084,12,21,2,0,Left,1.0,3.0
S084,12,21,3,0,Left,1.25,3.25
S084,12,21,4,0,Left,1.5,3.5
S084,12,21,5,0,Left,1.75,3.75
S084,12,25,0,0,Left,0.5,2.5
S084,12,25,1,0,Left,0.75,2.75
S084,12,25,2,0,Left,1.0,3.0
S084,12,25,3,0,Left,1.25,3.25
S084,12,25,4,0,Left,1.5,3.5
S084,12,25,5,0,Left,1.75,3.75
S084,12,25,6,0,Left,2.0,4.0
S084,12,27,0,1,Right,0.5,2.5
S084,12,27,1,1,Right,0.75,2.75
S084,12,27,2,1,Right,1.0,3.0
S084,12,27,3,1,Right,1.25,3.25
S084,12,27,4,1,Right,1.5,3.5
S084,12,27,5,1,Right,1.75,3.75
S084,12,27,6,1,Right,2.0,4.0
S084,12,29,0,1,Right,0.5,2.5
S084,12,29,1,1,Right,0.75,2.75
S084,12,29,2,1,Right,1.0,3.0
S084,12,29,3,1,Right,1.25,3.25
S084,12,29,4,1,Right,1.5,3.5
S084,12,29,5,1,Right,1.75,3.75
S086,04,3,0,1,Right,0.5,2.5
S086,04,3,1,1,Right,0.75,2.75
S086,04,3,2,1,Right,1.0,3.0
S086,04,3,3,1,Right,1.25,3.25
S086,04,3,4,1,Right,1.5,3.5
S086,04,3,5,1,Right,1.75,3.75
S086,04,3,6,1,Right,2.0,4.0
S086,04,5,0,0,Left,0.5,2.5
S086,04,5,1,0,Left,0.75,2.75
S086,04,5,2,0,Left,1.0,3.0
S086,04,5,3,0,Left,1.25,3.25
S086,04,5,4,0,Left,1.5,3.5
S086,04,5,5,0,Left,1.75,3.75
S086,04,5,6,0,Left,2.0,4.0
S086,04,7,0,1,Right,0.5,2.5
S086,04,7,1,1,Right,0.75,2.75
S086,04,7,2,1,Right,1.0,3.0
S086,04,7,3,1,Right,1.25,3.25
S086,04,7,4,1,Right,1.5,3.5
S086,04,7,5,1,Right,1.75,3.75
S086,04,7,6,1,Right,2.0,4.0
S086,04,9,0,0,Left,0.5,2.5
S086,04,9,1,0,Left,0.75,2.75
S086,04,9,2,0,Left,1.0,3.0
S086,04,9,3,0,Left,1.25,3.25
S086,04,9,4,0,Left,1.5,3.5
S086,04,9,5,0,Left,1.75,3.75
S086,04,9,6,0,Left,2.0,4.0
S086,04,11,3,1,Right,1.25,3.25
S086,04,11,4,1,Right,1.5,3.5
S086,04,11,5,1,Right,1.75,3.75
S086,04,11,6,1,Right,2.0,4.0
S086,04,13,0,0,Left,0.5,2.5
S086,04,13,1,0,Left,0.75,2.75
S086,04,13,2,0,Left,1.0,3.0
S086,04,13,3,0,Left,1.25,3.25
S086,04,13,4,0,Left,1.5,3.5
S086,04,13,5,0,Left,1.75,3.75
S086,04,13,6,0,Left,2.0,4.0
S086,04,15,0,1,Right,0.5,2.5
S086,04,15,1,1,Right,0.75,2.75
S086,04,15,2,1,Right,1.0,3.0
S086,04,15,3,1,Right,1.25,3.25
S086,04,15,4,1,Right,1.5,3.5
S086,04,15,5,1,Right,1.75,3.75
S086,04,15,6,1,Right,2.0,4.0
S086,04,17,3,1,Right,1.25,3.25
S086,04,17,4,1,Right,1.5,3.5
S086,04,17,5,1,Right,1.75,3.75
S086,04,17,6,1,Right,2.0,4.0
S086,04,19,0,0,Left,0.5,2.5
S086,04,19,1,0,Left,0.75,2.75
S086,04,19,2,0,Left,1.0,3.0
S086,04,21,2,1,Right,1.0,3.0
S086,04,23,0,0,Left,0.5,2.5
S086,04,23,1,0,Left,0.75,2.75
S086,04,23,2,0,Left,1.0,3.0
S086,04,23,3,0,Left,1.25,3.25
S086,04,23,4,0,Left,1.5,3.5
S086,04,23,5,0,Left,1.75,3.75
S086,04,23,6,0,Left,2.0,4.0
S086,04,25,3,1,Right,1.25,3.25
S086,04,25,4,1,Right,1.5,3.5
S086,04,25,5,1,Right,1.75,3.75
S086,04,25,6,1,Right,2.0,4.0
S086,04,27,4,0,Left,1.5,3.5
S086,04,27,5,0,Left,1.75,3.75
S086,04,27,6,0,Left,2.0,4.0
S086,04,29,0,0,Left,0.5,2.5
S086,04,29,1,0,Left,0.75,2.75
S086,04,29,2,0,Left,1.0,3.0
S086,04,29,3,0,Left,1.25,3.25
S086,04,29,4,0,Left,1.5,3.5
S086,04,29,5,0,Left,1.75,3.75
S086,04,29,6,0,Left,2.0,4.0
S086,08,1,0,0,Left,0.5,2.5
S086,08,1,1,0,Left,0.75,2.75
S086,08,1,2,0,Left,1.0,3.0
S086,08,1,3,0,Left,1.25,3.25
S086,08,1,4,0,Left,1.5,3.5
S086,08,1,5,0,Left,1.75,3.75
S086,08,1,6,0,Left,2.0,4.0
S086,08,3,0,1,Right,0.5,2.5
S086,08,3,1,1,Right,0.75,2.75
S086,08,3,2,1,Right,1.0,3.0
S086,08,3,3,1,Right,1.25,3.25
S086,08,3,4,1,Right,1.5,3.5
S086,08,3,5,1,Right,1.75,3.75
S086,08,3,6,1,Right,2.0,4.0
S086,08,7,2,1,Right,1.0,3.0
S086,08,7,3,1,Right,1.25,3.25
S086,08,7,4,1,Right,1.5,3.5
S086,08,7,5,1,Right,1.75,3.75
S086,08,7,6,1,Right,2.0,4.0
S086,08,9,0,1,Right,0.5,2.5
S086,08,9,1,1,Right,0.75,2.75
S086,08,9,2,1,Right,1.0,3.0
S086,08,9,3,1,Right,1.25,3.25
S086,08,9,4,1,Right,1.5,3.5
S086,08,9,5,1,Right,1.75,3.75
S086,08,9,6,1,Right,2.0,4.0
S086,08,11,0,0,Left,0.5,2.5
S086,08,11,1,0,Left,0.75,2.75
S086,08,11,2,0,Left,1.0,3.0
S086,08,11,3,0,Left,1.25,3.25
S086,08,11,4,0,Left,1.5,3.5
S086,08,11,5,0,Left,1.75,3.75
S086,08,11,6,0,Left,2.0,4.0
S086,08,13,0,0,Left,0.5,2.5
S086,08,13,1,0,Left,0.75,2.75
S086,08,13,2,0,Left,1.0,3.0
S086,08,13,3,0,Left,1.25,3.25
S086,08,13,4,0,Left,1.5,3.5
S086,08,13,5,0,Left,1.75,3.75
S086,08,13,6,0,Left,2.0,4.0
S086,08,15,0,1,Right,0.5,2.5
S086,08,15,1,1,Right,0.75,2.75
S086,08,15,2,1,Right,1.0,3.0
S086,08,15,3,1,Right,1.25,3.25
S086,08,15,4,1,Right,1.5,3.5
S086,08,15,5,1,Right,1.75,3.75
S086,08,15,6,1,Right,2.0,4.0
S086,08,19,5,1,Right,1.75,3.75
S086,08,19,6,1,Right,2.0,4.0
S086,08,21,0,0,Left,0.5,2.5
S086,08,21,1,0,Left,0.75,2.75
S086,08,21,2,0,Left,1.0,3.0
S086,08,21,3,0,Left,1.25,3.25
S086,08,21,4,0,Left,1.5,3.5
S086,08,21,5,0,Left,1.75,3.75
S086,08,21,6,0,Left,2.0,4.0
S086,08,23,0,1,Right,0.5,2.5
S086,08,23,1,1,Right,0.75,2.75
S086,08,23,2,1,Right,1.0,3.0
S086,08,23,3,1,Right,1.25,3.25
S086,08,23,4,1,Right,1.5,3.5
S086,08,23,5,1,Right,1.75,3.75
S086,08,23,6,1,Right,2.0,4.0
S086,08,29,0,1,Right,0.5,2.5
S086,08,29,1,1,Right,0.75,2.75
S086,08,29,2,1,Right,1.0,3.0
S086,08,29,3,1,Right,1.25,3.25
S086,08,29,4,1,Right,1.5,3.5
S086,08,29,5,1,Right,1.75,3.75
S086,08,29,6,1,Right,2.0,4.0
S086,12,1,0,1,Right,0.5,2.5
S086,12,1,1,1,Right,0.75,2.75
S086,12,1,2,1,Right,1.0,3.0
S086,12,1,3,1,Right,1.25,3.25
S086,12,1,4,1,Right,1.5,3.5
S086,12,1,5,1,Right,1.75,3.75
S086,12,1,6,1,Right,2.0,4.0
S086,12,3,0,0,Left,0.5,2.5
S086,12,3,1,0,Left,0.75,2.75
S086,12,3,2,0,Left,1.0,3.0
S086,12,3,3,0,Left,1.25,3.25
S086,12,3,4,0,Left,1.5,3.5
S086,12,3,5,0,Left,1.75,3.75
S086,12,3,6,0,Left,2.0,4.0
S086,12,5,0,0,Left,0.5,2.5
S086,12,5,1,0,Left,0.75,2.75
S086,12,5,2,0,Left,1.0,3.0
S086,12,5,3,0,Left,1.25,3.25
S086,12,5,4,0,Left,1.5,3.5
S086,12,5,5,0,Left,1.75,3.75
S086,12,5,6,0,Left,2.0,4.0
S086,12,7,0,1,Right,0.5,2.5
S086,12,7,1,1,Right,0.75,2.75
S086,12,7,2,1,Right,1.0,3.0
S086,12,7,3,1,Right,1.25,3.25
S086,12,7,4,1,Right,1.5,3.5
S086,12,7,5,1,Right,1.75,3.75
S086,12,7,6,1,Right,2.0,4.0
S086,12,9,0,1,Right,0.5,2.5
S086,12,9,1,1,Right,0.75,2.75
S086,12,9,2,1,Right,1.0,3.0
S086,12,9,3,1,Right,1.25,3.25
S086,12,9,4,1,Right,1.5,3.5
S086,12,9,5,1,Right,1.75,3.75
S086,12,9,6,1,Right,2.0,4.0
S086,12,11,0,0,Left,0.5,2.5
S086,12,11,1,0,Left,0.75,2.75
S086,12,11,2,0,Left,1.0,3.0
S086,12,11,3,0,Left,1.25,3.25
S086,12,11,4,0,Left,1.5,3.5
S086,12,11,5,0,Left,1.75,3.75
S086,12,11,6,0,Left,2.0,4.0
S086,12,13,0,0,Left,0.5,2.5
S086,12,13,1,0,Left,0.75,2.75
S086,12,13,2,0,Left,1.0,3.0
S086,12,13,3,0,Left,1.25,3.25
S086,12,13,4,0,Left,1.5,3.5
S086,12,13,5,0,Left,1.75,3.75
S086,12,13,6,0,Left,2.0,4.0
S086,12,15,0,1,Right,0.5,2.5
S086,12,15,1,1,Right,0.75,2.75
S086,12,15,2,1,Right,1.0,3.0
S086,12,15,3,1,Right,1.25,3.25
S086,12,15,4,1,Right,1.5,3.5
S086,12,15,5,1,Right,1.75,3.75
S086,12,15,6,1,Right,2.0,4.0
S086,12,17,0,1,Right,0.5,2.5
S086,12,17,1,1,Right,0.75,2.75
S086,12,17,2,1,Right,1.0,3.0
S086,12,17,3,1,Right,1.25,3.25
S086,12,17,4,1,Right,1.5,3.5
S086,12,17,5,1,Right,1.75,3.75
S086,12,17,6,1,Right,2.0,4.0
S086,12,19,0,0,Left,0.5,2.5
S086,12,19,1,0,Left,0.75,2.75
S086,12,19,2,0,Left,1.0,3.0
S086,12,19,3,0,Left,1.25,3.25
S086,12,19,4,0,Left,1.5,3.5
S086,12,19,5,0,Left,1.75,3.75
S086,12,19,6,0,Left,2.0,4.0
S086,12,21,0,1,Right,0.5,2.5
S086,12,21,1,1,Right,0.75,2.75
S086,12,21,2,1,Right,1.0,3.0
S086,12,21,3,1,Right,1.25,3.25
S086,12,21,4,1,Right,1.5,3.5
S086,12,21,5,1,Right,1.75,3.75
S086,12,21,6,1,Right,2.0,4.0
S086,12,23,0,0,Left,0.5,2.5
S086,12,23,1,0,Left,0.75,2.75
S086,12,23,2,0,Left,1.0,3.0
S086,12,23,3,0,Left,1.25,3.25
S086,12,23,4,0,Left,1.5,3.5
S086,12,23,5,0,Left,1.75,3.75
S086,12,23,6,0,Left,2.0,4.0
S086,12,25,0,0,Left,0.5,2.5
S086,12,25,1,0,Left,0.75,2.75
S086,12,25,2,0,Left,1.0,3.0
S086,12,25,3,0,Left,1.25,3.25
S086,12,25,4,0,Left,1.5,3.5
S086,12,25,5,0,Left,1.75,3.75
S086,12,25,6,0,Left,2.0,4.0
S086,12,27,0,1,Right,0.5,2.5
S086,12,27,1,1,Right,0.75,2.75
S086,12,27,2,1,Right,1.0,3.0
S086,12,27,3,1,Right,1.25,3.25
S086,12,27,4,1,Right,1.5,3.5
S086,12,27,5,1,Right,1.75,3.75
S086,12,27,6,1,Right,2.0,4.0
S086,12,29,0,1,Right,0.5,2.5
S086,12,29,1,1,Right,0.75,2.75
S086,12,29,2,1,Right,1.0,3.0
S086,12,29,3,1,Right,1.25,3.25
S086,12,29,4,1,Right,1.5,3.5
S086,12,29,5,1,Right,1.75,3.75
S086,12,29,6,1,Right,2.0,4.0
S087,04,1,0,1,Right,0.5,2.5
S087,04,1,1,1,Right,0.75,2.75
S087,04,1,2,1,Right,1.0,3.0
S087,04,1,3,1,Right,1.25,3.25
S087,04,1,4,1,Right,1.5,3.5
S087,04,1,5,1,Right,1.75,3.75
S087,04,1,6,1,Right,2.0,4.0
S087,04,3,0,0,Left,0.5,2.5
S087,04,3,1,0,Left,0.75,2.75
S087,04,3,2,0,Left,1.0,3.0
S087,04,3,3,0,Left,1.25,3.25
S087,04,3,4,0,Left,1.5,3.5
S087,04,3,5,0,Left,1.75,3.75
S087,04,3,6,0,Left,2.0,4.0
S087,04,5,0,0,Left,0.5,2.5
S087,04,5,1,0,Left,0.75,2.75
S087,04,5,2,0,Left,1.0,3.0
S087,04,5,3,0,Left,1.25,3.25
S087,04,5,4,0,Left,1.5,3.5
S087,04,5,5,0,Left,1.75,3.75
S087,04,5,6,0,Left,2.0,4.0
S087,04,9,0,0,Left,0.5,2.5
S087,04,9,1,0,Left,0.75,2.75
S087,04,9,2,0,Left,1.0,3.0
S087,04,9,3,0,Left,1.25,3.25
S087,04,9,4,0,Left,1.5,3.5
S087,04,9,5,0,Left,1.75,3.75
S087,04,9,6,0,Left,2.0,4.0
S087,04,11,0,1,Right,0.5,2.5
S087,04,11,1,1,Right,0.75,2.75
S087,04,11,2,1,Right,1.0,3.0
S087,04,11,3,1,Right,1.25,3.25
S087,04,11,4,1,Right,1.5,3.5
S087,04,11,5,1,Right,1.75,3.75
S087,04,11,6,1,Right,2.0,4.0
S087,04,13,0,0,Left,0.5,2.5
S087,04,13,1,0,Left,0.75,2.75
S087,04,13,2,0,Left,1.0,3.0
S087,04,13,3,0,Left,1.25,3.25
S087,04,13,4,0,Left,1.5,3.5
S087,04,13,5,0,Left,1.75,3.75
S087,04,13,6,0,Left,2.0,4.0
S087,04,15,6,1,Right,2.0,4.0
S087,04,17,0,0,Left,0.5,2.5
S087,04,17,1,0,Left,0.75,2.75
S087,04,17,2,0,Left,1.0,3.0
S087,04,19,0,1,Right,0.5,2.5
S087,04,19,1,1,Right,0.75,2.75
S087,04,19,2,1,Right,1.0,3.0
S087,04,19,3,1,Right,1.25,3.25
S087,04,19,4,1,Right,1.5,3.5
S087,04,19,5,1,Right,1.75,3.75
S087,04,19,6,1,Right,2.0,4.0
S087,04,21,0,0,Left,0.5,2.5
S087,04,21,1,0,Left,0.75,2.75
S087,04,21,2,0,Left,1.0,3.0
S087,04,21,3,0,Left,1.25,3.25
S087,04,21,4,0,Left,1.5,3.5
S087,04,21,5,0,Left,1.75,3.75
S087,04,21,6,0,Left,2.0,4.0
S087,04,23,0,1,Right,0.5,2.5
S087,04,23,1,1,Right,0.75,2.75
S087,04,23,2,1,Right,1.0,3.0
S087,04,23,3,1,Right,1.25,3.25
S087,04,23,4,1,Right,1.5,3.5
S087,04,23,5,1,Right,1.75,3.75
S087,04,23,6,1,Right,2.0,4.0
S087,04,25,0,0,Left,0.5,2.5
S087,04,25,1,0,Left,0.75,2.75
S087,04,25,2,0,Left,1.0,3.0
S087,04,25,3,0,Left,1.25,3.25
S087,04,25,4,0,Left,1.5,3.5
S087,04,25,5,0,Left,1.75,3.75
S087,04,25,6,0,Left,2.0,4.0
S087,04,27,0,1,Right,0.5,2.5
S087,04,27,1,1,Right,0.75,2.75
S087,04,27,2,1,Right,1.0,3.0
S087,04,27,3,1,Right,1.25,3.25
S087,04,27,4,1,Right,1.5,3.5
S087,04,27,5,1,Right,1.75,3.75
S087,04,27,6,1,Right,2.0,4.0
S087,04,29,0,0,Left,0.5,2.5
S087,04,29,1,0,Left,0.75,2.75
S087,04,29,2,0,Left,1.0,3.0
S087,04,29,3,0,Left,1.25,3.25
S087,04,29,4,0,Left,1.5,3.5
S087,04,29,5,0,Left,1.75,3.75
S087,04,29,6,0,Left,2.0,4.0
S087,08,1,0,1,Right,0.5,2.5
S087,08,1,1,1,Right,0.75,2.75
S087,08,1,2,1,Right,1.0,3.0
S087,08,1,3,1,Right,1.25,3.25
S087,08,1,4,1,Right,1.5,3.5
S087,08,1,5,1,Right,1.75,3.75
S087,08,1,6,1,Right,2.0,4.0
S087,08,3,0,0,Left,0.5,2.5
S087,08,3,1,0,Left,0.75,2.75
S087,08,3,2,0,Left,1.0,3.0
S087,08,3,3,0,Left,1.25,3.25
S087,08,3,4,0,Left,1.5,3.5
S087,08,3,5,0,Left,1.75,3.75
S087,08,3,6,0,Left,2.0,4.0
S087,08,5,0,0,Left,0.5,2.5
S087,08,5,1,0,Left,0.75,2.75
S087,08,5,2,0,Left,1.0,3.0
S087,08,5,3,0,Left,1.25,3.25
S087,08,5,4,0,Left,1.5,3.5
S087,08,5,5,0,Left,1.75,3.75
S087,08,5,6,0,Left,2.0,4.0
S087,08,7,0,1,Right,0.5,2.5
S087,08,7,1,1,Right,0.75,2.75
S087,08,7,2,1,Right,1.0,3.0
S087,08,7,3,1,Right,1.25,3.25
S087,08,7,4,1,Right,1.5,3.5
S087,08,9,0,0,Left,0.5,2.5
S087,08,11,0,1,Right,0.5,2.5
S087,08,11,1,1,Right,0.75,2.75
S087,08,11,2,1,Right,1.0,3.0
S087,08,11,3,1,Right,1.25,3.25
S087,08,11,4,1,Right,1.5,3.5
S087,08,11,5,1,Right,1.75,3.75
S087,08,11,6,1,Right,2.0,4.0
S087,08,13,4,1,Right,1.5,3.5
S087,08,13,5,1,Right,1.75,3.75
S087,08,13,6,1,Right,2.0,4.0
S087,08,15,0,0,Left,0.5,2.5
S087,08,15,1,0,Left,0.75,2.75
S087,08,15,2,0,Left,1.0,3.0
S087,08,15,3,0,Left,1.25,3.25
S087,08,15,4,0,Left,1.5,3.5
S087,08,15,5,0,Left,1.75,3.75
S087,08,15,6,0,Left,2.0,4.0
S087,08,17,4,0,Left,1.5,3.5
S087,08,17,5,0,Left,1.75,3.75
S087,08,17,6,0,Left,2.0,4.0
S087,08,19,0,1,Right,0.5,2.5
S087,08,19,1,1,Right,0.75,2.75
S087,08,19,2,1,Right,1.0,3.0
S087,08,19,3,1,Right,1.25,3.25
S087,08,21,0,1,Right,0.5,2.5
S087,08,21,1,1,Right,0.75,2.75
S087,08,21,2,1,Right,1.0,3.0
S087,08,21,3,1,Right,1.25,3.25
S087,08,21,4,1,Right,1.5,3.5
S087,08,21,5,1,Right,1.75,3.75
S087,08,21,6,1,Right,2.0,4.0
S087,08,23,6,0,Left,2.0,4.0
S087,08,25,0,0,Left,0.5,2.5
S087,08,25,1,0,Left,0.75,2.75
S087,08,25,2,0,Left,1.0,3.0
S087,08,25,3,0,Left,1.25,3.25
S087,08,25,4,0,Left,1.5,3.5
S087,08,25,5,0,Left,1.75,3.75
S087,08,25,6,0,Left,2.0,4.0
S087,08,27,0,1,Right,0.5,2.5
S087,08,27,1,1,Right,0.75,2.75
S087,08,27,2,1,Right,1.0,3.0
S087,08,29,5,1,Right,1.75,3.75
S087,08,29,6,1,Right,2.0,4.0
S087,12,1,0,1,Right,0.5,2.5
S087,12,1,1,1,Right,0.75,2.75
S087,12,1,2,1,Right,1.0,3.0
S087,12,1,3,1,Right,1.25,3.25
S087,12,1,4,1,Right,1.5,3.5
S087,12,1,5,1,Right,1.75,3.75
S087,12,1,6,1,Right,2.0,4.0
S087,12,3,0,0,Left,0.5,2.5
S087,12,3,1,0,Left,0.75,2.75
S087,12,3,2,0,Left,1.0,3.0
S087,12,3,3,0,Left,1.25,3.25
S087,12,3,4,0,Left,1.5,3.5
S087,12,3,5,0,Left,1.75,3.75
S087,12,3,6,0,Left,2.0,4.0
S087,12,5,0,1,Right,0.5,2.5
S087,12,5,1,1,Right,0.75,2.75
S087,12,5,2,1,Right,1.0,3.0
S087,12,5,3,1,Right,1.25,3.25
S087,12,5,4,1,Right,1.5,3.5
S087,12,5,5,1,Right,1.75,3.75
S087,12,5,6,1,Right,2.0,4.0
S087,12,9,0,0,Left,0.5,2.5
S087,12,9,1,0,Left,0.75,2.75
S087,12,9,2,0,Left,1.0,3.0
S087,12,9,3,0,Left,1.25,3.25
S087,12,9,4,0,Left,1.5,3.5
S087,12,9,5,0,Left,1.75,3.75
S087,12,9,6,0,Left,2.0,4.0
S087,12,11,5,1,Right,1.75,3.75
S087,12,11,6,1,Right,2.0,4.0
S087,12,13,0,0,Left,0.5,2.5
S087,12,13,1,0,Left,0.75,2.75
S087,12,13,2,0,Left,1.0,3.0
S087,12,13,3,0,Left,1.25,3.25
S087,12,13,4,0,Left,1.5,3.5
S087,12,13,5,0,Left,1.75,3.75
S087,12,13,6,0,Left,2.0,4.0
S087,12,15,0,1,Right,0.5,2.5
S087,12,15,1,1,Right,0.75,2.75
S087,12,15,2,1,Right,1.0,3.0
S087,12,15,3,1,Right,1.25,3.25
S087,12,15,4,1,Right,1.5,3.5
S087,12,15,5,1,Right,1.75,3.75
S087,12,15,6,1,Right,2.0,4.0
S087,12,17,0,1,Right,0.5,2.5
S087,12,17,1,1,Right,0.75,2.75
S087,12,17,2,1,Right,1.0,3.0
S087,12,17,3,1,Right,1.25,3.25
S087,12,17,4,1,Right,1.5,3.5
S087,12,17,5,1,Right,1.75,3.75
S087,12,17,6,1,Right,2.0,4.0
S087,12,19,0,0,Left,0.5,2.5
S087,12,19,1,0,Left,0.75,2.75
S087,12,19,2,0,Left,1.0,3.0
S087,12,19,3,0,Left,1.25,3.25
S087,12,19,4,0,Left,1.5,3.5
S087,12,19,5,0,Left,1.75,3.75
S087,12,19,6,0,Left,2.0,4.0
S087,12,21,0,1,Right,0.5,2.5
S087,12,21,1,1,Right,0.75,2.75
S087,12,21,2,1,Right,1.0,3.0
S087,12,21,3,1,Right,1.25,3.25
S087,12,23,0,0,Left,0.5,2.5
S087,12,29,6,1,Right,2.0,4.0
S091,04,1,0,0,Left,0.5,2.5
S091,04,1,1,0,Left,0.75,2.75
S091,04,3,3,1,Right,1.25,3.25
S091,04,3,4,1,Right,1.5,3.5
S091,04,3,5,1,Right,1.75,3.75
S091,04,3,6,1,Right,2.0,4.0
S091,04,5,0,0,Left,0.5,2.5
S091,04,5,1,0,Left,0.75,2.75
S091,04,5,2,0,Left,1.0,3.0
S091,04,5,3,0,Left,1.25,3.25
S091,04,5,4,0,Left,1.5,3.5
S091,04,5,5,0,Left,1.75,3.75
S091,04,5,6,0,Left,2.0,4.0
S091,04,9,0,1,Right,0.5,2.5
S091,04,9,1,1,Right,0.75,2.75
S091,04,9,2,1,Right,1.0,3.0
S091,04,9,3,1,Right,1.25,3.25
S091,04,9,4,1,Right,1.5,3.5
S091,04,9,5,1,Right,1.75,3.75
S091,04,9,6,1,Right,2.0,4.0
S091,04,11,0,0,Left,0.5,2.5
S091,04,11,1,0,Left,0.75,2.75
S091,04,11,2,0,Left,1.0,3.0
S091,04,11,3,0,Left,1.25,3.25
S091,04,11,4,0,Left,1.5,3.5
S091,04,11,5,0,Left,1.75,3.75
S091,04,11,6,0,Left,2.0,4.0
S091,04,13,0,1,Right,0.5,2.5
S091,04,13,1,1,Right,0.75,2.75
S091,04,13,2,1,Right,1.0,3.0
S091,04,13,3,1,Right,1.25,3.25
S091,04,13,4,1,Right,1.5,3.5
S091,04,13,5,1,Right,1.75,3.75
S091,04,13,6,1,Right,2.0,4.0
S091,04,15,0,0,Left,0.5,2.5
S091,04,15,1,0,Left,0.75,2.75
S091,04,15,2,0,Left,1.0,3.0
S091,04,15,3,0,Left,1.25,3.25
S091,04,15,4,0,Left,1.5,3.5
S091,04,15,5,0,Left,1.75,3.75
S091,04,15,6,0,Left,2.0,4.0
S091,04,19,0,1,Right,0.5,2.5
S091,04,19,1,1,Right,0.75,2.75
S091,04,19,2,1,Right,1.0,3.0
S091,04,19,3,1,Right,1.25,3.25
S091,04,19,4,1,Right,1.5,3.5
S091,04,19,5,1,Right,1.75,3.75
S091,04,19,6,1,Right,2.0,4.0
S091,04,21,0,0,Left,0.5,2.5
S091,04,21,1,0,Left,0.75,2.75
S091,04,21,2,0,Left,1.0,3.0
S091,04,21,3,0,Left,1.25,3.25
S091,04,21,4,0,Left,1.5,3.5
S091,04,21,5,0,Left,1.75,3.75
S091,04,21,6,0,Left,2.0,4.0
S091,04,23,4,1,Right,1.5,3.5
S091,04,23,5,1,Right,1.75,3.75
S091,04,23,6,1,Right,2.0,4.0
S091,04,25,0,1,Right,0.5,2.5
S091,04,25,1,1,Right,0.75,2.75
S091,04,25,2,1,Right,1.0,3.0
S091,04,27,5,0,Left,1.75,3.75
S091,04,27,6,0,Left,2.0,4.0
S091,04,29,0,0,Left,0.5,2.5
S091,04,29,1,0,Left,0.75,2.75
S091,04,29,2,0,Left,1.0,3.0
S091,04,29,3,0,Left,1.25,3.25
S091,04,29,4,0,Left,1.5,3.5
S091,04,29,5,0,Left,1.75,3.75
S091,04,29,6,0,Left,2.0,4.0
S091,08,1,0,0,Left,0.5,2.5
S091,08,1,1,0,Left,0.75,2.75
S091,08,1,2,0,Left,1.0,3.0
S091,08,1,3,0,Left,1.25,3.25
S091,08,1,4,0,Left,1.5,3.5
S091,08,1,5,0,Left,1.75,3.75
S091,08,1,6,0,Left,2.0,4.0
S091,08,3,0,1,Right,0.5,2.5
S091,08,3,1,1,Right,0.75,2.75
S091,08,3,2,1,Right,1.0,3.0
S091,08,3,3,1,Right,1.25,3.25
S091,08,3,4,1,Right,1.5,3.5
S091,08,3,5,1,Right,1.75,3.75
S091,08,3,6,1,Right,2.0,4.0
S091,08,5,0,1,Right,0.5,2.5
S091,08,5,1,1,Right,0.75,2.75
S091,08,5,2,1,Right,1.0,3.0
S091,08,5,3,1,Right,1.25,3.25
S091,08,5,4,1,Right,1.5,3.5
S091,08,5,5,1,Right,1.75,3.75
S091,08,5,6,1,Right,2.0,4.0
S091,08,7,0,0,Left,0.5,2.5
S091,08,7,1,0,Left,0.75,2.75
S091,08,7,2,0,Left,1.0,3.0
S091,08,7,3,0,Left,1.25,3.25
S091,08,7,4,0,Left,1.5,3.5
S091,08,7,5,0,Left,1.75,3.75
S091,08,7,6,0,Left,2.0,4.0
S091,08,11,0,1,Right,0.5,2.5
S091,08,11,1,1,Right,0.75,2.75
S091,08,11,2,1,Right,1.0,3.0
S091,08,11,3,1,Right,1.25,3.25
S091,08,15,0,0,Left,0.5,2.5
S091,08,15,1,0,Left,0.75,2.75
S091,08,15,2,0,Left,1.0,3.0
S091,08,15,3,0,Left,1.25,3.25
S091,08,17,0,0,Left,0.5,2.5
S091,08,17,1,0,Left,0.75,2.75
S091,08,17,2,0,Left,1.0,3.0
S091,08,19,1,1,Right,0.75,2.75
S091,08,21,0,1,Right,0.5,2.5
S091,08,21,1,1,Right,0.75,2.75
S091,08,21,2,1,Right,1.0,3.0
S091,08,21,3,1,Right,1.25,3.25
S091,08,21,4,1,Right,1.5,3.5
S091,08,21,5,1,Right,1.75,3.75
S091,08,21,6,1,Right,2.0,4.0
S091,08,25,6,1,Right,2.0,4.0
S091,08,27,0,0,Left,0.5,2.5
S091,08,27,1,0,Left,0.75,2.75
S091,08,27,2,0,Left,1.0,3.0
S091,08,27,3,0,Left,1.25,3.25
S091,08,27,4,0,Left,1.5,3.5
S091,08,27,5,0,Left,1.75,3.75
S091,08,27,6,0,Left,2.0,4.0
S091,12,3,0,0,Left,0.5,2.5
S091,12,3,1,0,Left,0.75,2.75
S091,12,3,2,0,Left,1.0,3.0
S091,12,3,3,0,Left,1.25,3.25
S091,12,3,4,0,Left,1.5,3.5
S091,12,3,5,0,Left,1.75,3.75
S091,12,3,6,0,Left,2.0,4.0
S091,12,5,0,1,Right,0.5,2.5
S091,12,5,1,1,Right,0.75,2.75
S091,12,7,0,0,Left,0.5,2.5
S091,12,7,1,0,Left,0.75,2.75
S091,12,7,2,0,Left,1.0,3.0
S091,12,7,3,0,Left,1.25,3.25
S091,12,9,5,0,Left,1.75,3.75
S091,12,9,6,0,Left,2.0,4.0
S091,12,11,3,1,Right,1.25,3.25
S091,12,11,4,1,Right,1.5,3.5
S091,12,11,5,1,Right,1.75,3.75
S091,12,11,6,1,Right,2.0,4.0
S091,12,13,0,1,Right,0.5,2.5
S091,12,13,1,1,Right,0.75,2.75
S091,12,13,2,1,Right,1.0,3.0
S091,12,13,3,1,Right,1.25,3.25
S091,12,13,4,1,Right,1.5,3.5
S091,12,17,0,0,Left,0.5,2.5
S091,12,17,1,0,Left,0.75,2.75
S091,12,17,2,0,Left,1.0,3.0
S091,12,17,3,0,Left,1.25,3.25
S091,12,17,4,0,Left,1.5,3.5
S091,12,17,5,0,Left,1.75,3.75
S091,12,17,6,0,Left,2.0,4.0
S091,12,19,6,1,Right,2.0,4.0
S091,12,21,0,0,Left,0.5,2.5
S091,12,21,1,0,Left,0.75,2.75
S091,12,21,2,0,Left,1.0,3.0
S091,12,21,3,0,Left,1.25,3.25
S091,12,21,4,0,Left,1.5,3.5
S091,12,21,5,0,Left,1.75,3.75
S091,12,21,6,0,Left,2.0,4.0
S091,12,23,0,1,Right,0.5,2.5
S091,12,23,1,1,Right,0.75,2.75
S091,12,23,2,1,Right,1.0,3.0
S091,12,23,3,1,Right,1.25,3.25
S091,12,23,4,1,Right,1.5,3.5
S091,12,23,5,1,Right,1.75,3.75
S091,12,23,6,1,Right,2.0,4.0
S091,12,29,0,1,Right,0.5,2.5
S091,12,29,1,1,Right,0.75,2.75
S091,12,29,2,1,Right,1.0,3.0
S091,12,29,3,1,Right,1.25,3.25
S091,12,29,4,1,Right,1.5,3.5
S091,12,29,5,1,Right,1.75,3.75
S091,12,29,6,1,Right,2.0,4.0
S093,04,1,0,1,Right,0.5,2.5
S093,04,1,1,1,Right,0.75,2.75
S093,04,1,2,1,Right,1.0,3.0
S093,04,1,3,1,Right,1.25,3.25
S093,04,1,4,1,Right,1.5,3.5
S093,04,1,5,1,Right,1.75,3.75
S093,04,1,6,1,Right,2.0,4.0
S093,04,3,0,0,Left,0.5,2.5
S093,04,3,1,0,Left,0.75,2.75
S093,04,3,2,0,Left,1.0,3.0
S093,04,3,3,0,Left,1.25,3.25
S093,04,3,4,0,Left,1.5,3.5
S093,04,3,5,0,Left,1.75,3.75
S093,04,3,6,0,Left,2.0,4.0
S093,04,5,0,1,Right,0.5,2.5
S093,04,5,1,1,Right,0.75,2.75
S093,04,5,2,1,Right,1.0,3.0
S093,04,5,3,1,Right,1.25,3.25
S093,04,5,4,1,Right,1.5,3.5
S093,04,5,5,1,Right,1.75,3.75
S093,04,5,6,1,Right,2.0,4.0
S093,04,7,0,0,Left,0.5,2.5
S093,04,7,1,0,Left,0.75,2.75
S093,04,7,2,0,Left,1.0,3.0
S093,04,7,3,0,Left,1.25,3.25
S093,04,7,4,0,Left,1.5,3.5
S093,04,7,5,0,Left,1.75,3.75
S093,04,7,6,0,Left,2.0,4.0
S093,04,9,0,1,Right,0.5,2.5
S093,04,9,1,1,Right,0.75,2.75
S093,04,9,2,1,Right,1.0,3.0
S093,04,9,3,1,Right,1.25,3.25
S093,04,9,4,1,Right,1.5,3.5
S093,04,9,5,1,Right,1.75,3.75
S093,04,9,6,1,Right,2.0,4.0
S093,04,11,0,0,Left,0.5,2.5
S093,04,11,1,0,Left,0.75,2.75
S093,04,11,2,0,Left,1.0,3.0
S093,04,11,3,0,Left,1.25,3.25
S093,04,11,4,0,Left,1.5,3.5
S093,04,11,5,0,Left,1.75,3.75
S093,04,11,6,0,Left,2.0,4.0
S093,04,13,0,0,Left,0.5,2.5
S093,04,13,1,0,Left,0.75,2.75
S093,04,13,2,0,Left,1.0,3.0
S093,04,13,3,0,Left,1.25,3.25
S093,04,13,4,0,Left,1.5,3.5
S093,04,13,5,0,Left,1.75,3.75
S093,04,13,6,0,Left,2.0,4.0
S093,04,15,0,1,Right,0.5,2.5
S093,04,15,1,1,Right,0.75,2.75
S093,04,15,2,1,Right,1.0,3.0
S093,04,15,3,1,Right,1.25,3.25
S093,04,15,4,1,Right,1.5,3.5
S093,04,15,5,1,Right,1.75,3.75
S093,04,15,6,1,Right,2.0,4.0
S093,04,17,0,1,Right,0.5,2.5
S093,04,17,1,1,Right,0.75,2.75
S093,04,17,2,1,Right,1.0,3.0
S093,04,17,3,1,Right,1.25,3.25
S093,04,17,4,1,Right,1.5,3.5
S093,04,17,5,1,Right,1.75,3.75
S093,04,17,6,1,Right,2.0,4.0
S093,04,19,0,0,Left,0.5,2.5
S093,04,19,1,0,Left,0.75,2.75
S093,04,19,2,0,Left,1.0,3.0
S093,04,19,3,0,Left,1.25,3.25
S093,04,19,4,0,Left,1.5,3.5
S093,04,19,5,0,Left,1.75,3.75
S093,04,19,6,0,Left,2.0,4.0
S093,04,21,0,1,Right,0.5,2.5
S093,04,21,1,1,Right,0.75,2.75
S093,04,21,2,1,Right,1.0,3.0
S093,04,21,3,1,Right,1.25,3.25
S093,04,21,4,1,Right,1.5,3.5
S093,04,21,5,1,Right,1.75,3.75
S093,04,21,6,1,Right,2.0,4.0
S093,04,23,0,0,Left,0.5,2.5
S093,04,23,1,0,Left,0.75,2.75
S093,04,23,2,0,Left,1.0,3.0
S093,04,23,3,0,Left,1.25,3.25
S093,04,23,4,0,Left,1.5,3.5
S093,04,23,5,0,Left,1.75,3.75
S093,04,23,6,0,Left,2.0,4.0
S093,04,25,0,1,Right,0.5,2.5
S093,04,25,1,1,Right,0.75,2.75
S093,04,25,2,1,Right,1.0,3.0
S093,04,25,3,1,Right,1.25,3.25
S093,04,25,4,1,Right,1.5,3.5
S093,04,25,5,1,Right,1.75,3.75
S093,04,25,6,1,Right,2.0,4.0
S093,04,27,0,0,Left,0.5,2.5
S093,04,27,1,0,Left,0.75,2.75
S093,04,27,2,0,Left,1.0,3.0
S093,04,27,3,0,Left,1.25,3.25
S093,04,27,4,0,Left,1.5,3.5
S093,04,27,5,0,Left,1.75,3.75
S093,04,27,6,0,Left,2.0,4.0
S093,04,29,0,0,Left,0.5,2.5
S093,04,29,1,0,Left,0.75,2.75
S093,04,29,2,0,Left,1.0,3.0
S093,04,29,3,0,Left,1.25,3.25
S093,04,29,4,0,Left,1.5,3.5
S093,04,29,5,0,Left,1.75,3.75
S093,04,29,6,0,Left,2.0,4.0
S093,08,1,0,0,Left,0.5,2.5
S093,08,1,1,0,Left,0.75,2.75
S093,08,1,2,0,Left,1.0,3.0
S093,08,1,3,0,Left,1.25,3.25
S093,08,1,4,0,Left,1.5,3.5
S093,08,1,5,0,Left,1.75,3.75
S093,08,1,6,0,Left,2.0,4.0
S093,08,3,0,1,Right,0.5,2.5
S093,08,3,1,1,Right,0.75,2.75
S093,08,3,2,1,Right,1.0,3.0
S093,08,3,3,1,Right,1.25,3.25
S093,08,3,4,1,Right,1.5,3.5
S093,08,3,5,1,Right,1.75,3.75
S093,08,3,6,1,Right,2.0,4.0
S093,08,5,0,1,Right,0.5,2.5
S093,08,5,1,1,Right,0.75,2.75
S093,08,5,2,1,Right,1.0,3.0
S093,08,5,3,1,Right,1.25,3.25
S093,08,5,4,1,Right,1.5,3.5
S093,08,5,5,1,Right,1.75,3.75
S093,08,5,6,1,Right,2.0,4.0
S093,08,7,0,0,Left,0.5,2.5
S093,08,7,1,0,Left,0.75,2.75
S093,08,7,2,0,Left,1.0,3.0
S093,08,7,3,0,Left,1.25,3.25
S093,08,7,4,0,Left,1.5,3.5
S093,08,7,5,0,Left,1.75,3.75
S093,08,7,6,0,Left,2.0,4.0
S093,08,9,0,0,Left,0.5,2.5
S093,08,9,1,0,Left,0.75,2.75
S093,08,9,2,0,Left,1.0,3.0
S093,08,9,3,0,Left,1.25,3.25
S093,08,9,4,0,Left,1.5,3.5
S093,08,9,5,0,Left,1.75,3.75
S093,08,9,6,0,Left,2.0,4.0
S093,08,11,0,1,Right,0.5,2.5
S093,08,11,1,1,Right,0.75,2.75
S093,08,11,2,1,Right,1.0,3.0
S093,08,11,3,1,Right,1.25,3.25
S093,08,11,4,1,Right,1.5,3.5
S093,08,11,5,1,Right,1.75,3.75
S093,08,11,6,1,Right,2.0,4.0
S093,08,13,0,0,Left,0.5,2.5
S093,08,13,1,0,Left,0.75,2.75
S093,08,13,2,0,Left,1.0,3.0
S093,08,13,3,0,Left,1.25,3.25
S093,08,13,4,0,Left,1.5,3.5
S093,08,13,5,0,Left,1.75,3.75
S093,08,13,6,0,Left,2.0,4.0
S093,08,15,0,1,Right,0.5,2.5
S093,08,15,1,1,Right,0.75,2.75
S093,08,15,2,1,Right,1.0,3.0
S093,08,15,3,1,Right,1.25,3.25
S093,08,15,4,1,Right,1.5,3.5
S093,08,15,5,1,Right,1.75,3.75
S093,08,15,6,1,Right,2.0,4.0
S093,08,17,0,1,Right,0.5,2.5
S093,08,17,1,1,Right,0.75,2.75
S093,08,17,2,1,Right,1.0,3.0
S093,08,17,3,1,Right,1.25,3.25
S093,08,17,4,1,Right,1.5,3.5
S093,08,17,5,1,Right,1.75,3.75
S093,08,17,6,1,Right,2.0,4.0
S093,08,19,0,0,Left,0.5,2.5
S093,08,19,1,0,Left,0.75,2.75
S093,08,19,2,0,Left,1.0,3.0
S093,08,19,3,0,Left,1.25,3.25
S093,08,19,4,0,Left,1.5,3.5
S093,08,19,5,0,Left,1.75,3.75
S093,08,19,6,0,Left,2.0,4.0
S093,08,21,0,1,Right,0.5,2.5
S093,08,21,1,1,Right,0.75,2.75
S093,08,21,2,1,Right,1.0,3.0
S093,08,21,3,1,Right,1.25,3.25
S093,08,21,4,1,Right,1.5,3.5
S093,08,21,5,1,Right,1.75,3.75
S093,08,21,6,1,Right,2.0,4.0
S093,08,23,0,0,Left,0.5,2.5
S093,08,23,1,0,Left,0.75,2.75
S093,08,23,2,0,Left,1.0,3.0
S093,08,23,3,0,Left,1.25,3.25
S093,08,23,4,0,Left,1.5,3.5
S093,08,23,5,0,Left,1.75,3.75
S093,08,23,6,0,Left,2.0,4.0
S093,08,25,0,0,Left,0.5,2.5
S093,08,25,1,0,Left,0.75,2.75
S093,08,25,2,0,Left,1.0,3.0
S093,08,25,3,0,Left,1.25,3.25
S093,08,25,4,0,Left,1.5,3.5
S093,08,25,5,0,Left,1.75,3.75
S093,08,25,6,0,Left,2.0,4.0
S093,08,27,0,1,Right,0.5,2.5
S093,08,27,1,1,Right,0.75,2.75
S093,08,27,2,1,Right,1.0,3.0
S093,08,27,3,1,Right,1.25,3.25
S093,08,27,4,1,Right,1.5,3.5
S093,08,27,5,1,Right,1.75,3.75
S093,08,27,6,1,Right,2.0,4.0
S093,08,29,0,0,Left,0.5,2.5
S093,08,29,1,0,Left,0.75,2.75
S093,08,29,2,0,Left,1.0,3.0
S093,08,29,3,0,Left,1.25,3.25
S093,08,29,4,0,Left,1.5,3.5
S093,08,29,5,0,Left,1.75,3.75
S093,08,29,6,0,Left,2.0,4.0
S093,12,1,0,0,Left,0.5,2.5
S093,12,1,1,0,Left,0.75,2.75
S093,12,1,2,0,Left,1.0,3.0
S093,12,1,3,0,Left,1.25,3.25
S093,12,1,4,0,Left,1.5,3.5
S093,12,1,5,0,Left,1.75,3.75
S093,12,1,6,0,Left,2.0,4.0
S093,12,3,0,1,Right,0.5,2.5
S093,12,3,1,1,Right,0.75,2.75
S093,12,3,2,1,Right,1.0,3.0
S093,12,3,3,1,Right,1.25,3.25
S093,12,3,4,1,Right,1.5,3.5
S093,12,3,5,1,Right,1.75,3.75
S093,12,3,6,1,Right,2.0,4.0
S093,12,5,0,0,Left,0.5,2.5
S093,12,5,1,0,Left,0.75,2.75
S093,12,5,2,0,Left,1.0,3.0
S093,12,5,3,0,Left,1.25,3.25
S093,12,5,4,0,Left,1.5,3.5
S093,12,5,5,0,Left,1.75,3.75
S093,12,5,6,0,Left,2.0,4.0
S093,12,7,0,1,Right,0.5,2.5
S093,12,7,1,1,Right,0.75,2.75
S093,12,7,2,1,Right,1.0,3.0
S093,12,7,3,1,Right,1.25,3.25
S093,12,7,4,1,Right,1.5,3.5
S093,12,7,5,1,Right,1.75,3.75
S093,12,7,6,1,Right,2.0,4.0
S093,12,9,0,1,Right,0.5,2.5
S093,12,9,1,1,Right,0.75,2.75
S093,12,9,2,1,Right,1.0,3.0
S093,12,9,3,1,Right,1.25,3.25
S093,12,9,4,1,Right,1.5,3.5
S093,12,9,5,1,Right,1.75,3.75
S093,12,9,6,1,Right,2.0,4.0
S093,12,11,0,0,Left,0.5,2.5
S093,12,11,1,0,Left,0.75,2.75
S093,12,11,2,0,Left,1.0,3.0
S093,12,11,3,0,Left,1.25,3.25
S093,12,11,4,0,Left,1.5,3.5
S093,12,11,5,0,Left,1.75,3.75
S093,12,11,6,0,Left,2.0,4.0
S093,12,13,0,1,Right,0.5,2.5
S093,12,13,1,1,Right,0.75,2.75
S093,12,13,2,1,Right,1.0,3.0
S093,12,13,3,1,Right,1.25,3.25
S093,12,13,4,1,Right,1.5,3.5
S093,12,13,5,1,Right,1.75,3.75
S093,12,13,6,1,Right,2.0,4.0
S093,12,15,0,0,Left,0.5,2.5
S093,12,15,1,0,Left,0.75,2.75
S093,12,15,2,0,Left,1.0,3.0
S093,12,15,3,0,Left,1.25,3.25
S093,12,15,4,0,Left,1.5,3.5
S093,12,15,5,0,Left,1.75,3.75
S093,12,15,6,0,Left,2.0,4.0
S093,12,17,0,1,Right,0.5,2.5
S093,12,17,1,1,Right,0.75,2.75
S093,12,17,2,1,Right,1.0,3.0
S093,12,17,3,1,Right,1.25,3.25
S093,12,17,4,1,Right,1.5,3.5
S093,12,17,5,1,Right,1.75,3.75
S093,12,17,6,1,Right,2.0,4.0
S093,12,19,0,0,Left,0.5,2.5
S093,12,19,1,0,Left,0.75,2.75
S093,12,19,2,0,Left,1.0,3.0
S093,12,19,3,0,Left,1.25,3.25
S093,12,19,4,0,Left,1.5,3.5
S093,12,19,5,0,Left,1.75,3.75
S093,12,19,6,0,Left,2.0,4.0
S093,12,21,0,0,Left,0.5,2.5
S093,12,21,1,0,Left,0.75,2.75
S093,12,21,2,0,Left,1.0,3.0
S093,12,21,3,0,Left,1.25,3.25
S093,12,21,4,0,Left,1.5,3.5
S093,12,21,5,0,Left,1.75,3.75
S093,12,21,6,0,Left,2.0,4.0
S093,12,23,0,1,Right,0.5,2.5
S093,12,23,1,1,Right,0.75,2.75
S093,12,23,2,1,Right,1.0,3.0
S093,12,23,3,1,Right,1.25,3.25
S093,12,23,4,1,Right,1.5,3.5
S093,12,23,5,1,Right,1.75,3.75
S093,12,23,6,1,Right,2.0,4.0
S093,12,25,0,1,Right,0.5,2.5
S093,12,25,1,1,Right,0.75,2.75
S093,12,25,2,1,Right,1.0,3.0
S093,12,25,3,1,Right,1.25,3.25
S093,12,25,4,1,Right,1.5,3.5
S093,12,25,5,1,Right,1.75,3.75
S093,12,25,6,1,Right,2.0,4.0
S093,12,27,0,0,Left,0.5,2.5
S093,12,27,1,0,Left,0.75,2.75
S093,12,27,2,0,Left,1.0,3.0
S093,12,27,3,0,Left,1.25,3.25
S093,12,27,4,0,Left,1.5,3.5
S093,12,27,5,0,Left,1.75,3.75
S093,12,27,6,0,Left,2.0,4.0
S093,12,29,0,1,Right,0.5,2.5
S093,12,29,1,1,Right,0.75,2.75
S093,12,29,2,1,Right,1.0,3.0
S093,12,29,3,1,Right,1.25,3.25
S093,12,29,4,1,Right,1.5,3.5
S093,12,29,5,1,Right,1.75,3.75
S093,12,29,6,1,Right,2.0,4.0
S095,04,5,0,1,Right,0.5,2.5
S095,04,5,1,1,Right,0.75,2.75
S095,04,5,2,1,Right,1.0,3.0
S095,04,5,3,1,Right,1.25,3.25
S095,04,5,4,1,Right,1.5,3.5
S095,04,5,5,1,Right,1.75,3.75
S095,04,5,6,1,Right,2.0,4.0
S095,04,7,0,0,Left,0.5,2.5
S095,04,7,1,0,Left,0.75,2.75
S095,04,7,2,0,Left,1.0,3.0
S095,04,7,3,0,Left,1.25,3.25
S095,04,7,4,0,Left,1.5,3.5
S095,04,7,5,0,Left,1.75,3.75
S095,04,7,6,0,Left,2.0,4.0
S095,04,9,5,0,Left,1.75,3.75
S095,04,11,0,1,Right,0.5,2.5
S095,04,11,1,1,Right,0.75,2.75
S095,04,11,2,1,Right,1.0,3.0
S095,04,11,3,1,Right,1.25,3.25
S095,04,11,4,1,Right,1.5,3.5
S095,04,11,5,1,Right,1.75,3.75
S095,04,11,6,1,Right,2.0,4.0
S095,04,13,0,0,Left,0.5,2.5
S095,04,13,1,0,Left,0.75,2.75
S095,04,13,2,0,Left,1.0,3.0
S095,04,13,3,0,Left,1.25,3.25
S095,04,13,4,0,Left,1.5,3.5
S095,04,13,5,0,Left,1.75,3.75
S095,04,13,6,0,Left,2.0,4.0
S095,04,15,3,1,Right,1.25,3.25
S095,04,15,4,1,Right,1.5,3.5
S095,04,15,5,1,Right,1.75,3.75
S095,04,15,6,1,Right,2.0,4.0
S095,04,17,0,0,Left,0.5,2.5
S095,04,17,1,0,Left,0.75,2.75
S095,04,17,2,0,Left,1.0,3.0
S095,04,17,3,0,Left,1.25,3.25
S095,04,17,4,0,Left,1.5,3.5
S095,04,17,5,0,Left,1.75,3.75
S095,04,17,6,0,Left,2.0,4.0
S095,04,19,0,1,Right,0.5,2.5
S095,04,19,1,1,Right,0.75,2.75
S095,04,19,2,1,Right,1.0,3.0
S095,04,19,3,1,Right,1.25,3.25
S095,04,19,4,1,Right,1.5,3.5
S095,04,19,5,1,Right,1.75,3.75
S095,04,19,6,1,Right,2.0,4.0
S095,04,21,0,1,Right,0.5,2.5
S095,04,21,1,1,Right,0.75,2.75
S095,04,21,2,1,Right,1.0,3.0
S095,04,21,3,1,Right,1.25,3.25
S095,04,21,4,1,Right,1.5,3.5
S095,04,21,5,1,Right,1.75,3.75
S095,04,23,2,0,Left,1.0,3.0
S095,04,23,3,0,Left,1.25,3.25
S095,04,23,4,0,Left,1.5,3.5
S095,04,23,5,0,Left,1.75,3.75
S095,04,23,6,0,Left,2.0,4.0
S095,04,27,4,1,Right,1.5,3.5
S095,04,27,5,1,Right,1.75,3.75
S095,04,27,6,1,Right,2.0,4.0
S095,08,3,0,0,Left,0.5,2.5
S095,08,3,1,0,Left,0.75,2.75
S095,08,3,2,0,Left,1.0,3.0
S095,08,3,3,0,Left,1.25,3.25
S095,08,3,4,0,Left,1.5,3.5
S095,08,3,5,0,Left,1.75,3.75
S095,08,3,6,0,Left,2.0,4.0
S095,08,7,0,0,Left,0.5,2.5
S095,08,7,1,0,Left,0.75,2.75
S095,08,7,2,0,Left,1.0,3.0
S095,08,7,3,0,Left,1.25,3.25
S095,08,7,4,0,Left,1.5,3.5
S095,08,7,5,0,Left,1.75,3.75
S095,08,7,6,0,Left,2.0,4.0
S095,08,9,0,0,Left,0.5,2.5
S095,08,9,1,0,Left,0.75,2.75
S095,08,9,2,0,Left,1.0,3.0
S095,08,11,0,1,Right,0.5,2.5
S095,08,11,1,1,Right,0.75,2.75
S095,08,11,2,1,Right,1.0,3.0
S095,08,11,3,1,Right,1.25,3.25
S095,08,13,0,1,Right,0.5,2.5
S095,08,13,1,1,Right,0.75,2.75
S095,08,13,2,1,Right,1.0,3.0
S095,08,13,3,1,Right,1.25,3.25
S095,08,23,5,1,Right,1.75,3.75
S095,08,23,6,1,Right,2.0,4.0
S095,08,25,0,0,Left,0.5,2.5
S095,08,25,1,0,Left,0.75,2.75
S095,08,25,2,0,Left,1.0,3.0
S095,08,27,3,1,Right,1.25,3.25
S095,12,9,0,0,Left,0.5,2.5
S095,12,9,1,0,Left,0.75,2.75
S095,12,9,2,0,Left,1.0,3.0
S095,12,13,0,1,Right,0.5,2.5
S095,12,13,1,1,Right,0.75,2.75
S095,12,13,2,1,Right,1.0,3.0
S095,12,13,3,1,Right,1.25,3.25
S095,12,13,4,1,Right,1.5,3.5
S095,12,13,5,1,Right,1.75,3.75
S095,12,13,6,1,Right,2.0,4.0
S095,12,15,2,0,Left,1.0,3.0
S095,12,17,0,0,Left,0.5,2.5
S095,12,17,1,0,Left,0.75,2.75
S095,12,17,2,0,Left,1.0,3.0
S095,12,19,3,1,Right,1.25,3.25
S095,12,25,4,1,Right,1.5,3.5
S095,12,25,5,1,Right,1.75,3.75
S095,12,25,6,1,Right,2.0,4.0
S095,12,27,0,0,Left,0.5,2.5
S095,12,27,1,0,Left,0.75,2.75
S095,12,27,2,0,Left,1.0,3.0
S095,12,27,3,0,Left,1.25,3.25
S095,12,27,4,0,Left,1.5,3.5
S095,12,27,5,0,Left,1.75,3.75
S095,12,27,6,0,Left,2.0,4.0
S095,12,29,6,0,Left,2.0,4.0
S097,04,1,5,0,Left,1.75,3.75
S097,04,1,6,0,Left,2.0,4.0
S097,04,3,0,1,Right,0.5,2.5
S097,04,3,1,1,Right,0.75,2.75
S097,04,3,2,1,Right,1.0,3.0
S097,04,3,3,1,Right,1.25,3.25
S097,04,3,4,1,Right,1.5,3.5
S097,04,3,5,1,Right,1.75,3.75
S097,04,3,6,1,Right,2.0,4.0
S097,04,5,0,1,Right,0.5,2.5
S097,04,5,1,1,Right,0.75,2.75
S097,04,5,2,1,Right,1.0,3.0
S097,04,5,3,1,Right,1.25,3.25
S097,04,5,4,1,Right,1.5,3.5
S097,04,5,5,1,Right,1.75,3.75
S097,04,5,6,1,Right,2.0,4.0
S097,04,7,0,0,Left,0.5,2.5
S097,04,7,1,0,Left,0.75,2.75
S097,04,7,2,0,Left,1.0,3.0
S097,04,7,3,0,Left,1.25,3.25
S097,04,7,4,0,Left,1.5,3.5
S097,04,7,5,0,Left,1.75,3.75
S097,04,7,6,0,Left,2.0,4.0
S097,04,9,0,0,Left,0.5,2.5
S097,04,9,1,0,Left,0.75,2.75
S097,04,9,2,0,Left,1.0,3.0
S097,04,9,3,0,Left,1.25,3.25
S097,04,9,4,0,Left,1.5,3.5
S097,04,9,5,0,Left,1.75,3.75
S097,04,9,6,0,Left,2.0,4.0
S097,04,11,0,1,Right,0.5,2.5
S097,04,11,1,1,Right,0.75,2.75
S097,04,11,2,1,Right,1.0,3.0
S097,04,11,3,1,Right,1.25,3.25
S097,04,11,4,1,Right,1.5,3.5
S097,04,11,5,1,Right,1.75,3.75
S097,04,11,6,1,Right,2.0,4.0
S097,04,13,0,0,Left,0.5,2.5
S097,04,13,1,0,Left,0.75,2.75
S097,04,13,2,0,Left,1.0,3.0
S097,04,13,3,0,Left,1.25,3.25
S097,04,13,4,0,Left,1.5,3.5
S097,04,13,5,0,Left,1.75,3.75
S097,04,13,6,0,Left,2.0,4.0
S097,04,15,5,1,Right,1.75,3.75
S097,04,15,6,1,Right,2.0,4.0
S097,04,17,0,0,Left,0.5,2.5
S097,04,17,1,0,Left,0.75,2.75
S097,04,17,2,0,Left,1.0,3.0
S097,04,17,3,0,Left,1.25,3.25
S097,04,17,4,0,Left,1.5,3.5
S097,04,17,5,0,Left,1.75,3.75
S097,04,17,6,0,Left,2.0,4.0
S097,04,19,0,1,Right,0.5,2.5
S097,04,19,1,1,Right,0.75,2.75
S097,04,19,2,1,Right,1.0,3.0
S097,04,19,3,1,Right,1.25,3.25
S097,04,19,4,1,Right,1.5,3.5
S097,04,19,5,1,Right,1.75,3.75
S097,04,19,6,1,Right,2.0,4.0
S097,04,21,0,1,Right,0.5,2.5
S097,04,21,1,1,Right,0.75,2.75
S097,04,21,2,1,Right,1.0,3.0
S097,04,21,3,1,Right,1.25,3.25
S097,04,21,4,1,Right,1.5,3.5
S097,04,21,5,1,Right,1.75,3.75
S097,04,21,6,1,Right,2.0,4.0
S097,04,23,0,0,Left,0.5,2.5
S097,04,23,1,0,Left,0.75,2.75
S097,04,23,2,0,Left,1.0,3.0
S097,04,23,3,0,Left,1.25,3.25
S097,04,23,4,0,Left,1.5,3.5
S097,04,23,5,0,Left,1.75,3.75
S097,04,23,6,0,Left,2.0,4.0
S097,04,25,0,1,Right,0.5,2.5
S097,04,25,1,1,Right,0.75,2.75
S097,04,25,2,1,Right,1.0,3.0
S097,04,25,3,1,Right,1.25,3.25
S097,04,25,4,1,Right,1.5,3.5
S097,04,25,5,1,Right,1.75,3.75
S097,04,25,6,1,Right,2.0,4.0
S097,04,27,0,0,Left,0.5,2.5
S097,04,27,1,0,Left,0.75,2.75
S097,04,27,2,0,Left,1.0,3.0
S097,04,27,3,0,Left,1.25,3.25
S097,04,27,4,0,Left,1.5,3.5
S097,04,27,5,0,Left,1.75,3.75
S097,04,27,6,0,Left,2.0,4.0
S097,04,29,0,0,Left,0.5,2.5
S097,04,29,1,0,Left,0.75,2.75
S097,04,29,2,0,Left,1.0,3.0
S097,04,29,3,0,Left,1.25,3.25
S097,04,29,4,0,Left,1.5,3.5
S097,04,29,5,0,Left,1.75,3.75
S097,04,29,6,0,Left,2.0,4.0
S097,08,1,0,0,Left,0.5,2.5
S097,08,1,1,0,Left,0.75,2.75
S097,08,1,2,0,Left,1.0,3.0
S097,08,1,3,0,Left,1.25,3.25
S097,08,1,4,0,Left,1.5,3.5
S097,08,1,5,0,Left,1.75,3.75
S097,08,1,6,0,Left,2.0,4.0
S097,08,3,0,1,Right,0.5,2.5
S097,08,3,1,1,Right,0.75,2.75
S097,08,3,2,1,Right,1.0,3.0
S097,08,3,3,1,Right,1.25,3.25
S097,08,3,4,1,Right,1.5,3.5
S097,08,3,5,1,Right,1.75,3.75
S097,08,3,6,1,Right,2.0,4.0
S097,08,5,0,1,Right,0.5,2.5
S097,08,5,1,1,Right,0.75,2.75
S097,08,5,2,1,Right,1.0,3.0
S097,08,5,3,1,Right,1.25,3.25
S097,08,5,4,1,Right,1.5,3.5
S097,08,5,5,1,Right,1.75,3.75
S097,08,5,6,1,Right,2.0,4.0
S097,08,7,0,0,Left,0.5,2.5
S097,08,7,1,0,Left,0.75,2.75
S097,08,7,2,0,Left,1.0,3.0
S097,08,7,3,0,Left,1.25,3.25
S097,08,7,4,0,Left,1.5,3.5
S097,08,7,5,0,Left,1.75,3.75
S097,08,7,6,0,Left,2.0,4.0
S097,08,9,0,1,Right,0.5,2.5
S097,08,9,1,1,Right,0.75,2.75
S097,08,9,2,1,Right,1.0,3.0
S097,08,9,3,1,Right,1.25,3.25
S097,08,9,4,1,Right,1.5,3.5
S097,08,9,5,1,Right,1.75,3.75
S097,08,9,6,1,Right,2.0,4.0
S097,08,11,0,0,Left,0.5,2.5
S097,08,11,1,0,Left,0.75,2.75
S097,08,11,2,0,Left,1.0,3.0
S097,08,11,3,0,Left,1.25,3.25
S097,08,11,4,0,Left,1.5,3.5
S097,08,11,5,0,Left,1.75,3.75
S097,08,11,6,0,Left,2.0,4.0
S097,08,13,0,1,Right,0.5,2.5
S097,08,13,1,1,Right,0.75,2.75
S097,08,13,2,1,Right,1.0,3.0
S097,08,13,3,1,Right,1.25,3.25
S097,08,13,4,1,Right,1.5,3.5
S097,08,13,5,1,Right,1.75,3.75
S097,08,13,6,1,Right,2.0,4.0
S097,08,15,0,0,Left,0.5,2.5
S097,08,15,1,0,Left,0.75,2.75
S097,08,15,2,0,Left,1.0,3.0
S097,08,15,3,0,Left,1.25,3.25
S097,08,15,4,0,Left,1.5,3.5
S097,08,15,5,0,Left,1.75,3.75
S097,08,17,0,1,Right,0.5,2.5
S097,08,17,1,1,Right,0.75,2.75
S097,08,17,2,1,Right,1.0,3.0
S097,08,17,3,1,Right,1.25,3.25
S097,08,17,4,1,Right,1.5,3.5
S097,08,17,5,1,Right,1.75,3.75
S097,08,17,6,1,Right,2.0,4.0
S097,08,19,0,0,Left,0.5,2.5
S097,08,19,1,0,Left,0.75,2.75
S097,08,19,2,0,Left,1.0,3.0
S097,08,19,3,0,Left,1.25,3.25
S097,08,19,4,0,Left,1.5,3.5
S097,08,19,5,0,Left,1.75,3.75
S097,08,19,6,0,Left,2.0,4.0
S097,08,21,0,0,Left,0.5,2.5
S097,08,21,1,0,Left,0.75,2.75
S097,08,21,2,0,Left,1.0,3.0
S097,08,21,3,0,Left,1.25,3.25
S097,08,21,4,0,Left,1.5,3.5
S097,08,21,5,0,Left,1.75,3.75
S097,08,21,6,0,Left,2.0,4.0
S097,08,23,0,1,Right,0.5,2.5
S097,08,23,1,1,Right,0.75,2.75
S097,08,23,2,1,Right,1.0,3.0
S097,08,23,3,1,Right,1.25,3.25
S097,08,23,4,1,Right,1.5,3.5
S097,08,23,5,1,Right,1.75,3.75
S097,08,23,6,1,Right,2.0,4.0
S097,08,25,0,0,Left,0.5,2.5
S097,08,25,1,0,Left,0.75,2.75
S097,08,25,2,0,Left,1.0,3.0
S097,08,25,3,0,Left,1.25,3.25
S097,08,25,4,0,Left,1.5,3.5
S097,08,25,5,0,Left,1.75,3.75
S097,08,25,6,0,Left,2.0,4.0
S097,08,27,0,1,Right,0.5,2.5
S097,08,27,1,1,Right,0.75,2.75
S097,08,27,2,1,Right,1.0,3.0
S097,08,27,3,1,Right,1.25,3.25
S097,08,27,4,1,Right,1.5,3.5
S097,08,27,5,1,Right,1.75,3.75
S097,08,27,6,1,Right,2.0,4.0
S097,08,29,0,1,Right,0.5,2.5
S097,08,29,1,1,Right,0.75,2.75
S097,08,29,2,1,Right,1.0,3.0
S097,08,29,3,1,Right,1.25,3.25
S097,08,29,4,1,Right,1.5,3.5
S097,08,29,5,1,Right,1.75,3.75
S097,08,29,6,1,Right,2.0,4.0
S097,12,1,0,1,Right,0.5,2.5
S097,12,1,1,1,Right,0.75,2.75
S097,12,1,2,1,Right,1.0,3.0
S097,12,1,3,1,Right,1.25,3.25
S097,12,1,4,1,Right,1.5,3.5
S097,12,1,5,1,Right,1.75,3.75
S097,12,1,6,1,Right,2.0,4.0
S097,12,3,0,0,Left,0.5,2.5
S097,12,3,1,0,Left,0.75,2.75
S097,12,3,2,0,Left,1.0,3.0
S097,12,3,3,0,Left,1.25,3.25
S097,12,3,4,0,Left,1.5,3.5
S097,12,3,5,0,Left,1.75,3.75
S097,12,3,6,0,Left,2.0,4.0
S097,12,5,0,1,Right,0.5,2.5
S097,12,5,1,1,Right,0.75,2.75
S097,12,5,2,1,Right,1.0,3.0
S097,12,5,3,1,Right,1.25,3.25
S097,12,5,4,1,Right,1.5,3.5
S097,12,5,5,1,Right,1.75,3.75
S097,12,5,6,1,Right,2.0,4.0
S097,12,7,0,0,Left,0.5,2.5
S097,12,7,1,0,Left,0.75,2.75
S097,12,7,2,0,Left,1.0,3.0
S097,12,7,3,0,Left,1.25,3.25
S097,12,7,4,0,Left,1.5,3.5
S097,12,7,5,0,Left,1.75,3.75
S097,12,7,6,0,Left,2.0,4.0
S097,12,9,0,1,Right,0.5,2.5
S097,12,9,1,1,Right,0.75,2.75
S097,12,9,2,1,Right,1.0,3.0
S097,12,9,3,1,Right,1.25,3.25
S097,12,9,4,1,Right,1.5,3.5
S097,12,9,5,1,Right,1.75,3.75
S097,12,9,6,1,Right,2.0,4.0
S097,12,11,0,0,Left,0.5,2.5
S097,12,11,1,0,Left,0.75,2.75
S097,12,11,2,0,Left,1.0,3.0
S097,12,11,3,0,Left,1.25,3.25
S097,12,11,4,0,Left,1.5,3.5
S097,12,11,5,0,Left,1.75,3.75
S097,12,11,6,0,Left,2.0,4.0
S097,12,13,0,0,Left,0.5,2.5
S097,12,13,1,0,Left,0.75,2.75
S097,12,13,2,0,Left,1.0,3.0
S097,12,13,3,0,Left,1.25,3.25
S097,12,13,4,0,Left,1.5,3.5
S097,12,13,5,0,Left,1.75,3.75
S097,12,13,6,0,Left,2.0,4.0
S097,12,15,2,1,Right,1.0,3.0
S097,12,15,3,1,Right,1.25,3.25
S097,12,15,4,1,Right,1.5,3.5
S097,12,15,5,1,Right,1.75,3.75
S097,12,15,6,1,Right,2.0,4.0
S097,12,17,0,1,Right,0.5,2.5
S097,12,17,1,1,Right,0.75,2.75
S097,12,17,2,1,Right,1.0,3.0
S097,12,17,3,1,Right,1.25,3.25
S097,12,19,0,0,Left,0.5,2.5
S097,12,19,1,0,Left,0.75,2.75
S097,12,19,2,0,Left,1.0,3.0
S097,12,19,3,0,Left,1.25,3.25
S097,12,19,4,0,Left,1.5,3.5
S097,12,19,5,0,Left,1.75,3.75
S097,12,19,6,0,Left,2.0,4.0
S097,12,21,0,1,Right,0.5,2.5
S097,12,21,1,1,Right,0.75,2.75
S097,12,21,2,1,Right,1.0,3.0
S097,12,21,3,1,Right,1.25,3.25
S097,12,21,4,1,Right,1.5,3.5
S097,12,21,5,1,Right,1.75,3.75
S097,12,21,6,1,Right,2.0,4.0
S097,12,23,0,0,Left,0.5,2.5
S097,12,23,1,0,Left,0.75,2.75
S097,12,23,2,0,Left,1.0,3.0
S097,12,23,3,0,Left,1.25,3.25
S097,12,23,4,0,Left,1.5,3.5
S097,12,23,5,0,Left,1.75,3.75
S097,12,23,6,0,Left,2.0,4.0
S097,12,25,0,0,Left,0.5,2.5
S097,12,25,1,0,Left,0.75,2.75
S097,12,25,2,0,Left,1.0,3.0
S097,12,25,3,0,Left,1.25,3.25
S097,12,25,4,0,Left,1.5,3.5
S097,12,25,5,0,Left,1.75,3.75
S097,12,25,6,0,Left,2.0,4.0
S097,12,27,0,1,Right,0.5,2.5
S097,12,27,1,1,Right,0.75,2.75
S097,12,27,2,1,Right,1.0,3.0
S097,12,27,3,1,Right,1.25,3.25
S097,12,27,4,1,Right,1.5,3.5
S097,12,27,5,1,Right,1.75,3.75
S097,12,27,6,1,Right,2.0,4.0
S097,12,29,0,0,Left,0.5,2.5
S097,12,29,1,0,Left,0.75,2.75
S097,12,29,2,0,Left,1.0,3.0
S097,12,29,3,0,Left,1.25,3.25
S097,12,29,4,0,Left,1.5,3.5
S097,12,29,5,0,Left,1.75,3.75
S097,12,29,6,0,Left,2.0,4.0
S098,04,1,0,0,Left,0.5,2.5
S098,04,1,1,0,Left,0.75,2.75
S098,04,1,2,0,Left,1.0,3.0
S098,04,1,3,0,Left,1.25,3.25
S098,04,1,4,0,Left,1.5,3.5
S098,04,1,5,0,Left,1.75,3.75
S098,04,1,6,0,Left,2.0,4.0
S098,04,3,0,1,Right,0.5,2.5
S098,04,3,1,1,Right,0.75,2.75
S098,04,3,2,1,Right,1.0,3.0
S098,04,3,3,1,Right,1.25,3.25
S098,04,3,4,1,Right,1.5,3.5
S098,04,3,5,1,Right,1.75,3.75
S098,04,3,6,1,Right,2.0,4.0
S098,04,5,0,1,Right,0.5,2.5
S098,04,5,1,1,Right,0.75,2.75
S098,04,5,2,1,Right,1.0,3.0
S098,04,5,3,1,Right,1.25,3.25
S098,04,5,4,1,Right,1.5,3.5
S098,04,5,5,1,Right,1.75,3.75
S098,04,5,6,1,Right,2.0,4.0
S098,04,7,0,0,Left,0.5,2.5
S098,04,7,1,0,Left,0.75,2.75
S098,04,7,2,0,Left,1.0,3.0
S098,04,7,3,0,Left,1.25,3.25
S098,04,7,4,0,Left,1.5,3.5
S098,04,7,5,0,Left,1.75,3.75
S098,04,7,6,0,Left,2.0,4.0
S098,04,9,0,0,Left,0.5,2.5
S098,04,9,1,0,Left,0.75,2.75
S098,04,9,2,0,Left,1.0,3.0
S098,04,9,3,0,Left,1.25,3.25
S098,04,9,4,0,Left,1.5,3.5
S098,04,9,5,0,Left,1.75,3.75
S098,04,9,6,0,Left,2.0,4.0
S098,04,11,0,1,Right,0.5,2.5
S098,04,11,1,1,Right,0.75,2.75
S098,04,11,2,1,Right,1.0,3.0
S098,04,11,3,1,Right,1.25,3.25
S098,04,11,4,1,Right,1.5,3.5
S098,04,11,5,1,Right,1.75,3.75
S098,04,11,6,1,Right,2.0,4.0
S098,04,13,0,1,Right,0.5,2.5
S098,04,13,1,1,Right,0.75,2.75
S098,04,13,2,1,Right,1.0,3.0
S098,04,13,3,1,Right,1.25,3.25
S098,04,13,4,1,Right,1.5,3.5
S098,04,13,5,1,Right,1.75,3.75
S098,04,13,6,1,Right,2.0,4.0
S098,04,15,0,0,Left,0.5,2.5
S098,04,15,1,0,Left,0.75,2.75
S098,04,15,2,0,Left,1.0,3.0
S098,04,15,3,0,Left,1.25,3.25
S098,04,15,4,0,Left,1.5,3.5
S098,04,15,5,0,Left,1.75,3.75
S098,04,15,6,0,Left,2.0,4.0
S098,04,17,0,1,Right,0.5,2.5
S098,04,17,1,1,Right,0.75,2.75
S098,04,17,2,1,Right,1.0,3.0
S098,04,17,3,1,Right,1.25,3.25
S098,04,17,4,1,Right,1.5,3.5
S098,04,17,5,1,Right,1.75,3.75
S098,04,17,6,1,Right,2.0,4.0
S098,04,19,0,0,Left,0.5,2.5
S098,04,19,1,0,Left,0.75,2.75
S098,04,19,2,0,Left,1.0,3.0
S098,04,19,3,0,Left,1.25,3.25
S098,04,19,4,0,Left,1.5,3.5
S098,04,19,5,0,Left,1.75,3.75
S098,04,19,6,0,Left,2.0,4.0
S098,04,21,0,1,Right,0.5,2.5
S098,04,21,1,1,Right,0.75,2.75
S098,04,21,2,1,Right,1.0,3.0
S098,04,21,3,1,Right,1.25,3.25
S098,04,21,4,1,Right,1.5,3.5
S098,04,21,5,1,Right,1.75,3.75
S098,04,21,6,1,Right,2.0,4.0
S098,04,23,0,0,Left,0.5,2.5
S098,04,23,1,0,Left,0.75,2.75
S098,04,23,2,0,Left,1.0,3.0
S098,04,23,3,0,Left,1.25,3.25
S098,04,23,4,0,Left,1.5,3.5
S098,04,23,5,0,Left,1.75,3.75
S098,04,23,6,0,Left,2.0,4.0
S098,04,25,0,0,Left,0.5,2.5
S098,04,25,1,0,Left,0.75,2.75
S098,04,25,2,0,Left,1.0,3.0
S098,04,25,3,0,Left,1.25,3.25
S098,04,25,4,0,Left,1.5,3.5
S098,04,25,5,0,Left,1.75,3.75
S098,04,25,6,0,Left,2.0,4.0
S098,04,27,0,1,Right,0.5,2.5
S098,04,27,1,1,Right,0.75,2.75
S098,04,27,2,1,Right,1.0,3.0
S098,04,27,3,1,Right,1.25,3.25
S098,04,27,4,1,Right,1.5,3.5
S098,04,27,5,1,Right,1.75,3.75
S098,04,27,6,1,Right,2.0,4.0
S098,04,29,0,0,Left,0.5,2.5
S098,04,29,1,0,Left,0.75,2.75
S098,04,29,2,0,Left,1.0,3.0
S098,04,29,3,0,Left,1.25,3.25
S098,04,29,4,0,Left,1.5,3.5
S098,04,29,5,0,Left,1.75,3.75
S098,04,29,6,0,Left,2.0,4.0
S098,08,1,0,1,Right,0.5,2.5
S098,08,1,1,1,Right,0.75,2.75
S098,08,1,2,1,Right,1.0,3.0
S098,08,1,3,1,Right,1.25,3.25
S098,08,1,4,1,Right,1.5,3.5
S098,08,1,5,1,Right,1.75,3.75
S098,08,1,6,1,Right,2.0,4.0
S098,08,3,0,0,Left,0.5,2.5
S098,08,3,1,0,Left,0.75,2.75
S098,08,3,2,0,Left,1.0,3.0
S098,08,3,3,0,Left,1.25,3.25
S098,08,3,4,0,Left,1.5,3.5
S098,08,3,5,0,Left,1.75,3.75
S098,08,3,6,0,Left,2.0,4.0
S098,08,5,0,0,Left,0.5,2.5
S098,08,5,1,0,Left,0.75,2.75
S098,08,5,2,0,Left,1.0,3.0
S098,08,5,3,0,Left,1.25,3.25
S098,08,5,4,0,Left,1.5,3.5
S098,08,5,5,0,Left,1.75,3.75
S098,08,5,6,0,Left,2.0,4.0
S098,08,7,0,1,Right,0.5,2.5
S098,08,7,1,1,Right,0.75,2.75
S098,08,7,2,1,Right,1.0,3.0
S098,08,7,3,1,Right,1.25,3.25
S098,08,7,4,1,Right,1.5,3.5
S098,08,7,5,1,Right,1.75,3.75
S098,08,7,6,1,Right,2.0,4.0
S098,08,9,0,0,Left,0.5,2.5
S098,08,9,1,0,Left,0.75,2.75
S098,08,9,2,0,Left,1.0,3.0
S098,08,9,3,0,Left,1.25,3.25
S098,08,9,4,0,Left,1.5,3.5
S098,08,9,5,0,Left,1.75,3.75
S098,08,9,6,0,Left,2.0,4.0
S098,08,11,0,1,Right,0.5,2.5
S098,08,11,1,1,Right,0.75,2.75
S098,08,11,2,1,Right,1.0,3.0
S098,08,11,3,1,Right,1.25,3.25
S098,08,11,4,1,Right,1.5,3.5
S098,08,11,5,1,Right,1.75,3.75
S098,08,11,6,1,Right,2.0,4.0
S098,08,13,0,1,Right,0.5,2.5
S098,08,13,1,1,Right,0.75,2.75
S098,08,13,2,1,Right,1.0,3.0
S098,08,13,3,1,Right,1.25,3.25
S098,08,13,4,1,Right,1.5,3.5
S098,08,13,5,1,Right,1.75,3.75
S098,08,13,6,1,Right,2.0,4.0
S098,08,15,0,0,Left,0.5,2.5
S098,08,15,1,0,Left,0.75,2.75
S098,08,15,2,0,Left,1.0,3.0
S098,08,15,3,0,Left,1.25,3.25
S098,08,15,4,0,Left,1.5,3.5
S098,08,15,5,0,Left,1.75,3.75
S098,08,15,6,0,Left,2.0,4.0
S098,08,17,0,0,Left,0.5,2.5
S098,08,17,1,0,Left,0.75,2.75
S098,08,17,2,0,Left,1.0,3.0
S098,08,17,3,0,Left,1.25,3.25
S098,08,17,4,0,Left,1.5,3.5
S098,08,17,5,0,Left,1.75,3.75
S098,08,17,6,0,Left,2.0,4.0
S098,08,19,0,1,Right,0.5,2.5
S098,08,19,1,1,Right,0.75,2.75
S098,08,19,2,1,Right,1.0,3.0
S098,08,19,3,1,Right,1.25,3.25
S098,08,19,4,1,Right,1.5,3.5
S098,08,19,5,1,Right,1.75,3.75
S098,08,19,6,1,Right,2.0,4.0
S098,08,21,0,0,Left,0.5,2.5
S098,08,21,1,0,Left,0.75,2.75
S098,08,21,2,0,Left,1.0,3.0
S098,08,21,3,0,Left,1.25,3.25
S098,08,21,4,0,Left,1.5,3.5
S098,08,21,5,0,Left,1.75,3.75
S098,08,21,6,0,Left,2.0,4.0
S098,08,23,0,1,Right,0.5,2.5
S098,08,23,1,1,Right,0.75,2.75
S098,08,23,2,1,Right,1.0,3.0
S098,08,23,3,1,Right,1.25,3.25
S098,08,23,4,1,Right,1.5,3.5
S098,08,23,5,1,Right,1.75,3.75
S098,08,23,6,1,Right,2.0,4.0
S098,08,25,0,1,Right,0.5,2.5
S098,08,25,1,1,Right,0.75,2.75
S098,08,25,2,1,Right,1.0,3.0
S098,08,25,3,1,Right,1.25,3.25
S098,08,25,4,1,Right,1.5,3.5
S098,08,25,5,1,Right,1.75,3.75
S098,08,25,6,1,Right,2.0,4.0
S098,08,27,0,0,Left,0.5,2.5
S098,08,27,1,0,Left,0.75,2.75
S098,08,27,2,0,Left,1.0,3.0
S098,08,27,3,0,Left,1.25,3.25
S098,08,27,4,0,Left,1.5,3.5
S098,08,27,5,0,Left,1.75,3.75
S098,08,27,6,0,Left,2.0,4.0
S098,08,29,0,0,Left,0.5,2.5
S098,08,29,1,0,Left,0.75,2.75
S098,08,29,2,0,Left,1.0,3.0
S098,08,29,3,0,Left,1.25,3.25
S098,08,29,4,0,Left,1.5,3.5
S098,08,29,5,0,Left,1.75,3.75
S098,08,29,6,0,Left,2.0,4.0
S098,12,1,0,0,Left,0.5,2.5
S098,12,1,1,0,Left,0.75,2.75
S098,12,1,2,0,Left,1.0,3.0
S098,12,1,3,0,Left,1.25,3.25
S098,12,1,4,0,Left,1.5,3.5
S098,12,1,5,0,Left,1.75,3.75
S098,12,1,6,0,Left,2.0,4.0
S098,12,3,0,1,Right,0.5,2.5
S098,12,3,1,1,Right,0.75,2.75
S098,12,3,2,1,Right,1.0,3.0
S098,12,3,3,1,Right,1.25,3.25
S098,12,3,4,1,Right,1.5,3.5
S098,12,3,5,1,Right,1.75,3.75
S098,12,3,6,1,Right,2.0,4.0
S098,12,5,0,1,Right,0.5,2.5
S098,12,5,1,1,Right,0.75,2.75
S098,12,5,2,1,Right,1.0,3.0
S098,12,5,3,1,Right,1.25,3.25
S098,12,5,4,1,Right,1.5,3.5
S098,12,5,5,1,Right,1.75,3.75
S098,12,5,6,1,Right,2.0,4.0
S098,12,7,0,0,Left,0.5,2.5
S098,12,7,1,0,Left,0.75,2.75
S098,12,7,2,0,Left,1.0,3.0
S098,12,7,3,0,Left,1.25,3.25
S098,12,7,4,0,Left,1.5,3.5
S098,12,7,5,0,Left,1.75,3.75
S098,12,7,6,0,Left,2.0,4.0
S098,12,9,0,0,Left,0.5,2.5
S098,12,9,1,0,Left,0.75,2.75
S098,12,9,2,0,Left,1.0,3.0
S098,12,9,3,0,Left,1.25,3.25
S098,12,9,4,0,Left,1.5,3.5
S098,12,9,5,0,Left,1.75,3.75
S098,12,9,6,0,Left,2.0,4.0
S098,12,11,0,1,Right,0.5,2.5
S098,12,11,1,1,Right,0.75,2.75
S098,12,11,2,1,Right,1.0,3.0
S098,12,11,3,1,Right,1.25,3.25
S098,12,11,4,1,Right,1.5,3.5
S098,12,11,5,1,Right,1.75,3.75
S098,12,11,6,1,Right,2.0,4.0
S098,12,13,0,1,Right,0.5,2.5
S098,12,13,1,1,Right,0.75,2.75
S098,12,13,2,1,Right,1.0,3.0
S098,12,13,3,1,Right,1.25,3.25
S098,12,13,4,1,Right,1.5,3.5
S098,12,13,5,1,Right,1.75,3.75
S098,12,13,6,1,Right,2.0,4.0
S098,12,15,0,0,Left,0.5,2.5
S098,12,15,1,0,Left,0.75,2.75
S098,12,15,2,0,Left,1.0,3.0
S098,12,15,3,0,Left,1.25,3.25
S098,12,15,4,0,Left,1.5,3.5
S098,12,15,5,0,Left,1.75,3.75
S098,12,15,6,0,Left,2.0,4.0
S098,12,17,0,0,Left,0.5,2.5
S098,12,17,1,0,Left,0.75,2.75
S098,12,17,2,0,Left,1.0,3.0
S098,12,17,3,0,Left,1.25,3.25
S098,12,17,4,0,Left,1.5,3.5
S098,12,17,5,0,Left,1.75,3.75
S098,12,17,6,0,Left,2.0,4.0
S098,12,19,0,1,Right,0.5,2.5
S098,12,19,1,1,Right,0.75,2.75
S098,12,19,2,1,Right,1.0,3.0
S098,12,19,3,1,Right,1.25,3.25
S098,12,19,4,1,Right,1.5,3.5
S098,12,19,5,1,Right,1.75,3.75
S098,12,19,6,1,Right,2.0,4.0
S098,12,21,0,0,Left,0.5,2.5
S098,12,21,1,0,Left,0.75,2.75
S098,12,21,2,0,Left,1.0,3.0
S098,12,21,3,0,Left,1.25,3.25
S098,12,21,4,0,Left,1.5,3.5
S098,12,21,5,0,Left,1.75,3.75
S098,12,21,6,0,Left,2.0,4.0
S098,12,23,0,1,Right,0.5,2.5
S098,12,23,1,1,Right,0.75,2.75
S098,12,23,2,1,Right,1.0,3.0
S098,12,23,3,1,Right,1.25,3.25
S098,12,23,4,1,Right,1.5,3.5
S098,12,23,5,1,Right,1.75,3.75
S098,12,23,6,1,Right,2.0,4.0
S098,12,25,0,1,Right,0.5,2.5
S098,12,25,1,1,Right,0.75,2.75
S098,12,25,2,1,Right,1.0,3.0
S098,12,25,3,1,Right,1.25,3.25
S098,12,25,4,1,Right,1.5,3.5
S098,12,25,5,1,Right,1.75,3.75
S098,12,25,6,1,Right,2.0,4.0
S098,12,27,0,0,Left,0.5,2.5
S098,12,27,1,0,Left,0.75,2.75
S098,12,27,2,0,Left,1.0,3.0
S098,12,27,3,0,Left,1.25,3.25
S098,12,27,4,0,Left,1.5,3.5
S098,12,27,5,0,Left,1.75,3.75
S098,12,27,6,0,Left,2.0,4.0
S098,12,29,0,1,Right,0.5,2.5
S098,12,29,1,1,Right,0.75,2.75
S098,12,29,2,1,Right,1.0,3.0
S098,12,29,3,1,Right,1.25,3.25
S098,12,29,4,1,Right,1.5,3.5
S098,12,29,5,1,Right,1.75,3.75
S098,12,29,6,1,Right,2.0,4.0
S099,04,23,4,0,Left,1.5,3.5
S099,04,23,5,0,Left,1.75,3.75
S099,04,29,0,1,Right,0.5,2.5
S099,08,7,0,1,Right,0.5,2.5
S099,08,7,1,1,Right,0.75,2.75
S099,08,7,2,1,Right,1.0,3.0
S099,08,7,3,1,Right,1.25,3.25
S099,08,7,4,1,Right,1.5,3.5
S099,08,7,5,1,Right,1.75,3.75
S099,08,7,6,1,Right,2.0,4.0
S099,08,23,6,0,Left,2.0,4.0
S101,04,1,0,0,Left,0.5,2.5
S101,04,1,1,0,Left,0.75,2.75
S101,04,1,2,0,Left,1.0,3.0
S101,04,1,3,0,Left,1.25,3.25
S101,04,1,4,0,Left,1.5,3.5
S101,04,1,5,0,Left,1.75,3.75
S101,04,1,6,0,Left,2.0,4.0
S101,04,3,0,1,Right,0.5,2.5
S101,04,3,1,1,Right,0.75,2.75
S101,04,5,0,1,Right,0.5,2.5
S101,04,5,1,1,Right,0.75,2.75
S101,04,5,2,1,Right,1.0,3.0
S101,04,5,3,1,Right,1.25,3.25
S101,04,5,4,1,Right,1.5,3.5
S101,04,5,5,1,Right,1.75,3.75
S101,04,5,6,1,Right,2.0,4.0
S101,04,7,0,0,Left,0.5,2.5
S101,04,7,1,0,Left,0.75,2.75
S101,04,7,2,0,Left,1.0,3.0
S101,04,7,3,0,Left,1.25,3.25
S101,04,7,4,0,Left,1.5,3.5
S101,04,7,5,0,Left,1.75,3.75
S101,04,7,6,0,Left,2.0,4.0
S101,04,9,0,1,Right,0.5,2.5
S101,04,9,1,1,Right,0.75,2.75
S101,04,9,2,1,Right,1.0,3.0
S101,04,9,3,1,Right,1.25,3.25
S101,04,9,4,1,Right,1.5,3.5
S101,04,9,5,1,Right,1.75,3.75
S101,04,9,6,1,Right,2.0,4.0
S101,04,11,0,0,Left,0.5,2.5
S101,04,11,1,0,Left,0.75,2.75
S101,04,11,2,0,Left,1.0,3.0
S101,04,11,3,0,Left,1.25,3.25
S101,04,11,4,0,Left,1.5,3.5
S101,04,11,5,0,Left,1.75,3.75
S101,04,11,6,0,Left,2.0,4.0
S101,04,13,0,1,Right,0.5,2.5
S101,04,13,1,1,Right,0.75,2.75
S101,04,13,2,1,Right,1.0,3.0
S101,04,13,3,1,Right,1.25,3.25
S101,04,13,4,1,Right,1.5,3.5
S101,04,13,5,1,Right,1.75,3.75
S101,04,13,6,1,Right,2.0,4.0
S101,04,15,0,0,Left,0.5,2.5
S101,04,15,1,0,Left,0.75,2.75
S101,04,15,2,0,Left,1.0,3.0
S101,04,15,3,0,Left,1.25,3.25
S101,04,15,4,0,Left,1.5,3.5
S101,04,15,5,0,Left,1.75,3.75
S101,04,15,6,0,Left,2.0,4.0
S101,04,17,0,1,Right,0.5,2.5
S101,04,17,1,1,Right,0.75,2.75
S101,04,17,2,1,Right,1.0,3.0
S101,04,17,3,1,Right,1.25,3.25
S101,04,17,4,1,Right,1.5,3.5
S101,04,17,5,1,Right,1.75,3.75
S101,04,17,6,1,Right,2.0,4.0
S101,04,19,0,0,Left,0.5,2.5
S101,04,19,1,0,Left,0.75,2.75
S101,04,19,2,0,Left,1.0,3.0
S101,04,19,3,0,Left,1.25,3.25
S101,04,19,4,0,Left,1.5,3.5
S101,04,19,5,0,Left,1.75,3.75
S101,04,19,6,0,Left,2.0,4.0
S101,04,21,0,0,Left,0.5,2.5
S101,04,21,1,0,Left,0.75,2.75
S101,04,21,2,0,Left,1.0,3.0
S101,04,21,3,0,Left,1.25,3.25
S101,04,21,4,0,Left,1.5,3.5
S101,04,21,5,0,Left,1.75,3.75
S101,04,21,6,0,Left,2.0,4.0
S101,04,23,0,1,Right,0.5,2.5
S101,04,23,1,1,Right,0.75,2.75
S101,04,23,2,1,Right,1.0,3.0
S101,04,23,3,1,Right,1.25,3.25
S101,04,25,0,1,Right,0.5,2.5
S101,04,25,1,1,Right,0.75,2.75
S101,04,25,2,1,Right,1.0,3.0
S101,04,25,3,1,Right,1.25,3.25
S101,04,25,4,1,Right,1.5,3.5
S101,04,25,5,1,Right,1.75,3.75
S101,04,25,6,1,Right,2.0,4.0
S101,04,27,0,0,Left,0.5,2.5
S101,04,27,1,0,Left,0.75,2.75
S101,04,27,2,0,Left,1.0,3.0
S101,04,27,3,0,Left,1.25,3.25
S101,04,27,4,0,Left,1.5,3.5
S101,04,27,5,0,Left,1.75,3.75
S101,04,27,6,0,Left,2.0,4.0
S101,04,29,0,0,Left,0.5,2.5
S101,04,29,1,0,Left,0.75,2.75
S101,04,29,2,0,Left,1.0,3.0
S101,04,29,3,0,Left,1.25,3.25
S101,04,29,4,0,Left,1.5,3.5
S101,04,29,5,0,Left,1.75,3.75
S101,04,29,6,0,Left,2.0,4.0
S101,08,1,0,1,Right,0.5,2.5
S101,08,1,1,1,Right,0.75,2.75
S101,08,1,2,1,Right,1.0,3.0
S101,08,1,3,1,Right,1.25,3.25
S101,08,1,4,1,Right,1.5,3.5
S101,08,1,5,1,Right,1.75,3.75
S101,08,1,6,1,Right,2.0,4.0
S101,08,3,0,0,Left,0.5,2.5
S101,08,3,1,0,Left,0.75,2.75
S101,08,3,2,0,Left,1.0,3.0
S101,08,3,3,0,Left,1.25,3.25
S101,08,3,4,0,Left,1.5,3.5
S101,08,3,5,0,Left,1.75,3.75
S101,08,3,6,0,Left,2.0,4.0
S101,08,5,0,0,Left,0.5,2.5
S101,08,5,1,0,Left,0.75,2.75
S101,08,5,2,0,Left,1.0,3.0
S101,08,5,3,0,Left,1.25,3.25
S101,08,5,4,0,Left,1.5,3.5
S101,08,5,5,0,Left,1.75,3.75
S101,08,5,6,0,Left,2.0,4.0
S101,08,7,0,1,Right,0.5,2.5
S101,08,7,1,1,Right,0.75,2.75
S101,08,7,2,1,Right,1.0,3.0
S101,08,7,3,1,Right,1.25,3.25
S101,08,7,4,1,Right,1.5,3.5
S101,08,7,5,1,Right,1.75,3.75
S101,08,7,6,1,Right,2.0,4.0
S101,08,9,0,1,Right,0.5,2.5
S101,08,9,1,1,Right,0.75,2.75
S101,08,9,2,1,Right,1.0,3.0
S101,08,9,3,1,Right,1.25,3.25
S101,08,9,4,1,Right,1.5,3.5
S101,08,9,5,1,Right,1.75,3.75
S101,08,9,6,1,Right,2.0,4.0
S101,08,11,0,0,Left,0.5,2.5
S101,08,11,1,0,Left,0.75,2.75
S101,08,11,2,0,Left,1.0,3.0
S101,08,11,3,0,Left,1.25,3.25
S101,08,11,4,0,Left,1.5,3.5
S101,08,11,5,0,Left,1.75,3.75
S101,08,11,6,0,Left,2.0,4.0
S101,08,13,0,0,Left,0.5,2.5
S101,08,13,1,0,Left,0.75,2.75
S101,08,13,2,0,Left,1.0,3.0
S101,08,13,3,0,Left,1.25,3.25
S101,08,13,4,0,Left,1.5,3.5
S101,08,13,5,0,Left,1.75,3.75
S101,08,13,6,0,Left,2.0,4.0
S101,08,15,0,1,Right,0.5,2.5
S101,08,15,1,1,Right,0.75,2.75
S101,08,15,2,1,Right,1.0,3.0
S101,08,15,3,1,Right,1.25,3.25
S101,08,15,4,1,Right,1.5,3.5
S101,08,15,5,1,Right,1.75,3.75
S101,08,15,6,1,Right,2.0,4.0
S101,08,17,0,1,Right,0.5,2.5
S101,08,17,1,1,Right,0.75,2.75
S101,08,17,2,1,Right,1.0,3.0
S101,08,17,3,1,Right,1.25,3.25
S101,08,17,4,1,Right,1.5,3.5
S101,08,17,5,1,Right,1.75,3.75
S101,08,17,6,1,Right,2.0,4.0
S101,08,19,0,0,Left,0.5,2.5
S101,08,19,1,0,Left,0.75,2.75
S101,08,19,2,0,Left,1.0,3.0
S101,08,19,3,0,Left,1.25,3.25
S101,08,19,4,0,Left,1.5,3.5
S101,08,19,5,0,Left,1.75,3.75
S101,08,19,6,0,Left,2.0,4.0
S101,08,21,0,1,Right,0.5,2.5
S101,08,21,1,1,Right,0.75,2.75
S101,08,21,2,1,Right,1.0,3.0
S101,08,21,3,1,Right,1.25,3.25
S101,08,21,4,1,Right,1.5,3.5
S101,08,21,5,1,Right,1.75,3.75
S101,08,21,6,1,Right,2.0,4.0
S101,08,23,0,0,Left,0.5,2.5
S101,08,23,1,0,Left,0.75,2.75
S101,08,23,2,0,Left,1.0,3.0
S101,08,23,3,0,Left,1.25,3.25
S101,08,23,4,0,Left,1.5,3.5
S101,08,23,5,0,Left,1.75,3.75
S101,08,23,6,0,Left,2.0,4.0
S101,08,25,0,1,Right,0.5,2.5
S101,08,25,1,1,Right,0.75,2.75
S101,08,25,2,1,Right,1.0,3.0
S101,08,25,3,1,Right,1.25,3.25
S101,08,25,4,1,Right,1.5,3.5
S101,08,25,5,1,Right,1.75,3.75
S101,08,25,6,1,Right,2.0,4.0
S101,08,27,0,0,Left,0.5,2.5
S101,08,27,1,0,Left,0.75,2.75
S101,08,27,2,0,Left,1.0,3.0
S101,08,27,3,0,Left,1.25,3.25
S101,08,27,4,0,Left,1.5,3.5
S101,08,27,5,0,Left,1.75,3.75
S101,08,27,6,0,Left,2.0,4.0
S101,08,29,0,1,Right,0.5,2.5
S101,08,29,1,1,Right,0.75,2.75
S101,08,29,2,1,Right,1.0,3.0
S101,08,29,3,1,Right,1.25,3.25
S101,08,29,4,1,Right,1.5,3.5
S101,08,29,5,1,Right,1.75,3.75
S101,08,29,6,1,Right,2.0,4.0
S101,12,1,0,0,Left,0.5,2.5
S101,12,1,1,0,Left,0.75,2.75
S101,12,1,2,0,Left,1.0,3.0
S101,12,1,3,0,Left,1.25,3.25
S101,12,1,4,0,Left,1.5,3.5
S101,12,1,5,0,Left,1.75,3.75
S101,12,1,6,0,Left,2.0,4.0
S101,12,3,0,1,Right,0.5,2.5
S101,12,3,1,1,Right,0.75,2.75
S101,12,3,2,1,Right,1.0,3.0
S101,12,3,3,1,Right,1.25,3.25
S101,12,3,4,1,Right,1.5,3.5
S101,12,3,5,1,Right,1.75,3.75
S101,12,3,6,1,Right,2.0,4.0
S101,12,5,0,0,Left,0.5,2.5
S101,12,5,1,0,Left,0.75,2.75
S101,12,5,2,0,Left,1.0,3.0
S101,12,5,3,0,Left,1.25,3.25
S101,12,5,4,0,Left,1.5,3.5
S101,12,5,5,0,Left,1.75,3.75
S101,12,5,6,0,Left,2.0,4.0
S101,12,7,0,1,Right,0.5,2.5
S101,12,7,1,1,Right,0.75,2.75
S101,12,7,2,1,Right,1.0,3.0
S101,12,7,3,1,Right,1.25,3.25
S101,12,7,4,1,Right,1.5,3.5
S101,12,7,5,1,Right,1.75,3.75
S101,12,7,6,1,Right,2.0,4.0
S101,12,9,6,1,Right,2.0,4.0
S101,12,11,0,0,Left,0.5,2.5
S101,12,11,1,0,Left,0.75,2.75
S101,12,11,2,0,Left,1.0,3.0
S101,12,11,3,0,Left,1.25,3.25
S101,12,11,4,0,Left,1.5,3.5
S101,12,11,5,0,Left,1.75,3.75
S101,12,11,6,0,Left,2.0,4.0
S101,12,13,0,1,Right,0.5,2.5
S101,12,13,1,1,Right,0.75,2.75
S101,12,13,2,1,Right,1.0,3.0
S101,12,13,3,1,Right,1.25,3.25
S101,12,13,4,1,Right,1.5,3.5
S101,12,13,5,1,Right,1.75,3.75
S101,12,13,6,1,Right,2.0,4.0
S101,12,15,0,0,Left,0.5,2.5
S101,12,15,1,0,Left,0.75,2.75
S101,12,15,2,0,Left,1.0,3.0
S101,12,15,3,0,Left,1.25,3.25
S101,12,15,4,0,Left,1.5,3.5
S101,12,15,5,0,Left,1.75,3.75
S101,12,15,6,0,Left,2.0,4.0
S101,12,17,0,1,Right,0.5,2.5
S101,12,17,1,1,Right,0.75,2.75
S101,12,17,2,1,Right,1.0,3.0
S101,12,17,3,1,Right,1.25,3.25
S101,12,17,4,1,Right,1.5,3.5
S101,12,17,5,1,Right,1.75,3.75
S101,12,17,6,1,Right,2.0,4.0
S101,12,19,0,0,Left,0.5,2.5
S101,12,19,1,0,Left,0.75,2.75
S101,12,19,2,0,Left,1.0,3.0
S101,12,19,3,0,Left,1.25,3.25
S101,12,19,4,0,Left,1.5,3.5
S101,12,19,5,0,Left,1.75,3.75
S101,12,19,6,0,Left,2.0,4.0
S101,12,21,0,1,Right,0.5,2.5
S101,12,21,1,1,Right,0.75,2.75
S101,12,21,2,1,Right,1.0,3.0
S101,12,21,3,1,Right,1.25,3.25
S101,12,21,4,1,Right,1.5,3.5
S101,12,21,5,1,Right,1.75,3.75
S101,12,21,6,1,Right,2.0,4.0
S101,12,23,0,0,Left,0.5,2.5
S101,12,23,1,0,Left,0.75,2.75
S101,12,23,2,0,Left,1.0,3.0
S101,12,23,3,0,Left,1.25,3.25
S101,12,23,4,0,Left,1.5,3.5
S101,12,23,5,0,Left,1.75,3.75
S101,12,23,6,0,Left,2.0,4.0
S101,12,25,0,0,Left,0.5,2.5
S101,12,25,1,0,Left,0.75,2.75
S101,12,25,2,0,Left,1.0,3.0
S101,12,25,3,0,Left,1.25,3.25
S101,12,25,4,0,Left,1.5,3.5
S101,12,25,5,0,Left,1.75,3.75
S101,12,25,6,0,Left,2.0,4.0
S101,12,27,0,1,Right,0.5,2.5
S101,12,27,1,1,Right,0.75,2.75
S101,12,27,2,1,Right,1.0,3.0
S101,12,27,3,1,Right,1.25,3.25
S101,12,27,4,1,Right,1.5,3.5
S101,12,27,5,1,Right,1.75,3.75
S101,12,27,6,1,Right,2.0,4.0
S101,12,29,0,1,Right,0.5,2.5
S101,12,29,1,1,Right,0.75,2.75
S101,12,29,2,1,Right,1.0,3.0
S101,12,29,3,1,Right,1.25,3.25
S101,12,29,4,1,Right,1.5,3.5
S101,12,29,5,1,Right,1.75,3.75
S101,12,29,6,1,Right,2.0,4.0
S103,04,1,0,0,Left,0.5,2.5
S103,04,3,2,1,Right,1.0,3.0
S103,04,5,0,1,Right,0.5,2.5
S103,04,5,1,1,Right,0.75,2.75
S103,04,5,2,1,Right,1.0,3.0
S103,04,5,3,1,Right,1.25,3.25
S103,04,5,4,1,Right,1.5,3.5
S103,04,5,5,1,Right,1.75,3.75
S103,04,5,6,1,Right,2.0,4.0
S103,04,15,0,1,Right,0.5,2.5
S103,04,15,1,1,Right,0.75,2.75
S103,04,15,2,1,Right,1.0,3.0
S103,04,15,3,1,Right,1.25,3.25
S103,04,15,4,1,Right,1.5,3.5
S103,04,15,5,1,Right,1.75,3.75
S103,04,15,6,1,Right,2.0,4.0
S103,04,21,3,0,Left,1.25,3.25
S103,04,21,4,0,Left,1.5,3.5
S103,08,1,5,1,Right,1.75,3.75
S103,08,1,6,1,Right,2.0,4.0
S103,08,3,0,0,Left,0.5,2.5
S103,08,7,0,0,Left,0.5,2.5
S103,08,13,5,1,Right,1.75,3.75
S103,08,13,6,1,Right,2.0,4.0
S103,08,21,0,1,Right,0.5,2.5
S103,08,21,1,1,Right,0.75,2.75
S103,08,21,2,1,Right,1.0,3.0
S103,08,21,3,1,Right,1.25,3.25
S103,08,21,4,1,Right,1.5,3.5
S103,08,25,0,0,Left,0.5,2.5
S103,12,3,0,0,Left,0.5,2.5
S103,12,3,1,0,Left,0.75,2.75
S103,12,3,2,0,Left,1.0,3.0
S103,12,3,3,0,Left,1.25,3.25
S105,04,1,0,0,Left,0.5,2.5
S105,04,1,1,0,Left,0.75,2.75
S105,04,1,2,0,Left,1.0,3.0
S105,04,1,3,0,Left,1.25,3.25
S105,04,1,4,0,Left,1.5,3.5
S105,04,1,5,0,Left,1.75,3.75
S105,04,1,6,0,Left,2.0,4.0
S105,04,3,0,1,Right,0.5,2.5
S105,04,3,1,1,Right,0.75,2.75
S105,04,3,2,1,Right,1.0,3.0
S105,04,3,3,1,Right,1.25,3.25
S105,04,3,4,1,Right,1.5,3.5
S105,04,3,5,1,Right,1.75,3.75
S105,04,3,6,1,Right,2.0,4.0
S105,04,5,0,1,Right,0.5,2.5
S105,04,5,1,1,Right,0.75,2.75
S105,04,5,2,1,Right,1.0,3.0
S105,04,5,3,1,Right,1.25,3.25
S105,04,5,4,1,Right,1.5,3.5
S105,04,5,5,1,Right,1.75,3.75
S105,04,5,6,1,Right,2.0,4.0
S105,04,7,0,0,Left,0.5,2.5
S105,04,7,1,0,Left,0.75,2.75
S105,04,7,2,0,Left,1.0,3.0
S105,04,7,3,0,Left,1.25,3.25
S105,04,7,4,0,Left,1.5,3.5
S105,04,7,5,0,Left,1.75,3.75
S105,04,7,6,0,Left,2.0,4.0
S105,04,9,0,1,Right,0.5,2.5
S105,04,9,1,1,Right,0.75,2.75
S105,04,9,2,1,Right,1.0,3.0
S105,04,9,3,1,Right,1.25,3.25
S105,04,9,4,1,Right,1.5,3.5
S105,04,9,5,1,Right,1.75,3.75
S105,04,9,6,1,Right,2.0,4.0
S105,04,11,0,0,Left,0.5,2.5
S105,04,11,1,0,Left,0.75,2.75
S105,04,11,2,0,Left,1.0,3.0
S105,04,11,3,0,Left,1.25,3.25
S105,04,11,4,0,Left,1.5,3.5
S105,04,11,5,0,Left,1.75,3.75
S105,04,11,6,0,Left,2.0,4.0
S105,04,13,0,1,Right,0.5,2.5
S105,04,13,1,1,Right,0.75,2.75
S105,04,13,2,1,Right,1.0,3.0
S105,04,13,3,1,Right,1.25,3.25
S105,04,13,4,1,Right,1.5,3.5
S105,04,13,5,1,Right,1.75,3.75
S105,04,13,6,1,Right,2.0,4.0
S105,04,15,0,0,Left,0.5,2.5
S105,04,15,1,0,Left,0.75,2.75
S105,04,15,2,0,Left,1.0,3.0
S105,04,15,3,0,Left,1.25,3.25
S105,04,15,4,0,Left,1.5,3.5
S105,04,15,5,0,Left,1.75,3.75
S105,04,15,6,0,Left,2.0,4.0
S105,04,17,0,0,Left,0.5,2.5
S105,04,17,1,0,Left,0.75,2.75
S105,04,17,2,0,Left,1.0,3.0
S105,04,17,3,0,Left,1.25,3.25
S105,04,17,4,0,Left,1.5,3.5
S105,04,17,5,0,Left,1.75,3.75
S105,04,17,6,0,Left,2.0,4.0
S105,04,19,0,1,Right,0.5,2.5
S105,04,19,1,1,Right,0.75,2.75
S105,04,19,2,1,Right,1.0,3.0
S105,04,19,3,1,Right,1.25,3.25
S105,04,19,4,1,Right,1.5,3.5
S105,04,19,5,1,Right,1.75,3.75
S105,04,19,6,1,Right,2.0,4.0
S105,04,21,0,1,Right,0.5,2.5
S105,04,21,1,1,Right,0.75,2.75
S105,04,21,2,1,Right,1.0,3.0
S105,04,21,3,1,Right,1.25,3.25
S105,04,21,4,1,Right,1.5,3.5
S105,04,21,5,1,Right,1.75,3.75
S105,04,21,6,1,Right,2.0,4.0
S105,04,23,0,0,Left,0.5,2.5
S105,04,23,1,0,Left,0.75,2.75
S105,04,23,2,0,Left,1.0,3.0
S105,04,23,3,0,Left,1.25,3.25
S105,04,23,4,0,Left,1.5,3.5
S105,04,23,5,0,Left,1.75,3.75
S105,04,23,6,0,Left,2.0,4.0
S105,04,25,0,1,Right,0.5,2.5
S105,04,25,1,1,Right,0.75,2.75
S105,04,25,2,1,Right,1.0,3.0
S105,04,25,3,1,Right,1.25,3.25
S105,04,25,4,1,Right,1.5,3.5
S105,04,25,5,1,Right,1.75,3.75
S105,04,25,6,1,Right,2.0,4.0
S105,04,27,0,0,Left,0.5,2.5
S105,04,27,1,0,Left,0.75,2.75
S105,04,27,2,0,Left,1.0,3.0
S105,04,27,3,0,Left,1.25,3.25
S105,04,27,4,0,Left,1.5,3.5
S105,04,27,5,0,Left,1.75,3.75
S105,04,27,6,0,Left,2.0,4.0
S105,04,29,0,0,Left,0.5,2.5
S105,04,29,1,0,Left,0.75,2.75
S105,04,29,2,0,Left,1.0,3.0
S105,04,29,3,0,Left,1.25,3.25
S105,04,29,4,0,Left,1.5,3.5
S105,04,29,5,0,Left,1.75,3.75
S105,04,29,6,0,Left,2.0,4.0
S105,08,1,0,1,Right,0.5,2.5
S105,08,1,1,1,Right,0.75,2.75
S105,08,1,2,1,Right,1.0,3.0
S105,08,1,3,1,Right,1.25,3.25
S105,08,1,4,1,Right,1.5,3.5
S105,08,1,5,1,Right,1.75,3.75
S105,08,1,6,1,Right,2.0,4.0
S105,08,3,0,0,Left,0.5,2.5
S105,08,3,1,0,Left,0.75,2.75
S105,08,3,2,0,Left,1.0,3.0
S105,08,3,3,0,Left,1.25,3.25
S105,08,3,4,0,Left,1.5,3.5
S105,08,3,5,0,Left,1.75,3.75
S105,08,3,6,0,Left,2.0,4.0
S105,08,5,0,1,Right,0.5,2.5
S105,08,5,1,1,Right,0.75,2.75
S105,08,5,2,1,Right,1.0,3.0
S105,08,5,3,1,Right,1.25,3.25
S105,08,5,4,1,Right,1.5,3.5
S105,08,5,5,1,Right,1.75,3.75
S105,08,5,6,1,Right,2.0,4.0
S105,08,7,0,0,Left,0.5,2.5
S105,08,7,1,0,Left,0.75,2.75
S105,08,7,2,0,Left,1.0,3.0
S105,08,7,3,0,Left,1.25,3.25
S105,08,7,4,0,Left,1.5,3.5
S105,08,7,5,0,Left,1.75,3.75
S105,08,7,6,0,Left,2.0,4.0
S105,08,9,0,0,Left,0.5,2.5
S105,08,9,1,0,Left,0.75,2.75
S105,08,9,2,0,Left,1.0,3.0
S105,08,9,3,0,Left,1.25,3.25
S105,08,9,4,0,Left,1.5,3.5
S105,08,9,5,0,Left,1.75,3.75
S105,08,9,6,0,Left,2.0,4.0
S105,08,11,0,1,Right,0.5,2.5
S105,08,11,1,1,Right,0.75,2.75
S105,08,11,2,1,Right,1.0,3.0
S105,08,11,3,1,Right,1.25,3.25
S105,08,11,4,1,Right,1.5,3.5
S105,08,11,5,1,Right,1.75,3.75
S105,08,11,6,1,Right,2.0,4.0
S105,08,13,0,1,Right,0.5,2.5
S105,08,13,1,1,Right,0.75,2.75
S105,08,13,2,1,Right,1.0,3.0
S105,08,13,3,1,Right,1.25,3.25
S105,08,13,4,1,Right,1.5,3.5
S105,08,13,5,1,Right,1.75,3.75
S105,08,13,6,1,Right,2.0,4.0
S105,08,15,0,0,Left,0.5,2.5
S105,08,15,1,0,Left,0.75,2.75
S105,08,15,2,0,Left,1.0,3.0
S105,08,15,3,0,Left,1.25,3.25
S105,08,15,4,0,Left,1.5,3.5
S105,08,15,5,0,Left,1.75,3.75
S105,08,15,6,0,Left,2.0,4.0
S105,08,17,0,0,Left,0.5,2.5
S105,08,17,1,0,Left,0.75,2.75
S105,08,17,2,0,Left,1.0,3.0
S105,08,17,3,0,Left,1.25,3.25
S105,08,17,4,0,Left,1.5,3.5
S105,08,17,5,0,Left,1.75,3.75
S105,08,17,6,0,Left,2.0,4.0
S105,08,19,0,1,Right,0.5,2.5
S105,08,19,1,1,Right,0.75,2.75
S105,08,19,2,1,Right,1.0,3.0
S105,08,19,3,1,Right,1.25,3.25
S105,08,19,4,1,Right,1.5,3.5
S105,08,19,5,1,Right,1.75,3.75
S105,08,19,6,1,Right,2.0,4.0
S105,08,21,0,0,Left,0.5,2.5
S105,08,21,1,0,Left,0.75,2.75
S105,08,21,2,0,Left,1.0,3.0
S105,08,21,3,0,Left,1.25,3.25
S105,08,21,4,0,Left,1.5,3.5
S105,08,21,5,0,Left,1.75,3.75
S105,08,21,6,0,Left,2.0,4.0
S105,08,23,0,1,Right,0.5,2.5
S105,08,23,1,1,Right,0.75,2.75
S105,08,23,2,1,Right,1.0,3.0
S105,08,23,3,1,Right,1.25,3.25
S105,08,23,4,1,Right,1.5,3.5
S105,08,23,5,1,Right,1.75,3.75
S105,08,23,6,1,Right,2.0,4.0
S105,08,25,0,0,Left,0.5,2.5
S105,08,25,1,0,Left,0.75,2.75
S105,08,25,2,0,Left,1.0,3.0
S105,08,25,3,0,Left,1.25,3.25
S105,08,25,4,0,Left,1.5,3.5
S105,08,25,5,0,Left,1.75,3.75
S105,08,25,6,0,Left,2.0,4.0
S105,08,27,0,1,Right,0.5,2.5
S105,08,27,1,1,Right,0.75,2.75
S105,08,27,2,1,Right,1.0,3.0
S105,08,27,3,1,Right,1.25,3.25
S105,08,27,4,1,Right,1.5,3.5
S105,08,27,5,1,Right,1.75,3.75
S105,08,27,6,1,Right,2.0,4.0
S105,08,29,0,1,Right,0.5,2.5
S105,08,29,1,1,Right,0.75,2.75
S105,08,29,2,1,Right,1.0,3.0
S105,08,29,3,1,Right,1.25,3.25
S105,08,29,4,1,Right,1.5,3.5
S105,08,29,5,1,Right,1.75,3.75
S105,08,29,6,1,Right,2.0,4.0
S105,12,1,0,1,Right,0.5,2.5
S105,12,1,1,1,Right,0.75,2.75
S105,12,1,2,1,Right,1.0,3.0
S105,12,1,3,1,Right,1.25,3.25
S105,12,1,4,1,Right,1.5,3.5
S105,12,1,5,1,Right,1.75,3.75
S105,12,1,6,1,Right,2.0,4.0
S105,12,3,0,0,Left,0.5,2.5
S105,12,3,1,0,Left,0.75,2.75
S105,12,3,2,0,Left,1.0,3.0
S105,12,3,3,0,Left,1.25,3.25
S105,12,3,4,0,Left,1.5,3.5
S105,12,3,5,0,Left,1.75,3.75
S105,12,3,6,0,Left,2.0,4.0
S105,12,5,0,1,Right,0.5,2.5
S105,12,5,1,1,Right,0.75,2.75
S105,12,5,2,1,Right,1.0,3.0
S105,12,5,3,1,Right,1.25,3.25
S105,12,5,4,1,Right,1.5,3.5
S105,12,5,5,1,Right,1.75,3.75
S105,12,5,6,1,Right,2.0,4.0
S105,12,7,0,0,Left,0.5,2.5
S105,12,7,1,0,Left,0.75,2.75
S105,12,7,2,0,Left,1.0,3.0
S105,12,7,3,0,Left,1.25,3.25
S105,12,7,4,0,Left,1.5,3.5
S105,12,7,5,0,Left,1.75,3.75
S105,12,7,6,0,Left,2.0,4.0
S105,12,9,0,1,Right,0.5,2.5
S105,12,9,1,1,Right,0.75,2.75
S105,12,9,2,1,Right,1.0,3.0
S105,12,9,3,1,Right,1.25,3.25
S105,12,9,4,1,Right,1.5,3.5
S105,12,9,5,1,Right,1.75,3.75
S105,12,9,6,1,Right,2.0,4.0
S105,12,11,0,0,Left,0.5,2.5
S105,12,11,1,0,Left,0.75,2.75
S105,12,11,2,0,Left,1.0,3.0
S105,12,11,3,0,Left,1.25,3.25
S105,12,11,4,0,Left,1.5,3.5
S105,12,11,5,0,Left,1.75,3.75
S105,12,11,6,0,Left,2.0,4.0
S105,12,13,0,1,Right,0.5,2.5
S105,12,13,1,1,Right,0.75,2.75
S105,12,13,2,1,Right,1.0,3.0
S105,12,13,3,1,Right,1.25,3.25
S105,12,13,4,1,Right,1.5,3.5
S105,12,13,5,1,Right,1.75,3.75
S105,12,13,6,1,Right,2.0,4.0
S105,12,15,0,0,Left,0.5,2.5
S105,12,15,1,0,Left,0.75,2.75
S105,12,15,2,0,Left,1.0,3.0
S105,12,15,3,0,Left,1.25,3.25
S105,12,15,4,0,Left,1.5,3.5
S105,12,15,5,0,Left,1.75,3.75
S105,12,15,6,0,Left,2.0,4.0
S105,12,17,0,0,Left,0.5,2.5
S105,12,17,1,0,Left,0.75,2.75
S105,12,17,2,0,Left,1.0,3.0
S105,12,17,3,0,Left,1.25,3.25
S105,12,17,4,0,Left,1.5,3.5
S105,12,17,5,0,Left,1.75,3.75
S105,12,17,6,0,Left,2.0,4.0
S105,12,19,0,1,Right,0.5,2.5
S105,12,19,1,1,Right,0.75,2.75
S105,12,19,2,1,Right,1.0,3.0
S105,12,19,3,1,Right,1.25,3.25
S105,12,19,4,1,Right,1.5,3.5
S105,12,19,5,1,Right,1.75,3.75
S105,12,19,6,1,Right,2.0,4.0
S105,12,21,0,1,Right,0.5,2.5
S105,12,21,1,1,Right,0.75,2.75
S105,12,21,2,1,Right,1.0,3.0
S105,12,21,3,1,Right,1.25,3.25
S105,12,21,4,1,Right,1.5,3.5
S105,12,21,5,1,Right,1.75,3.75
S105,12,21,6,1,Right,2.0,4.0
S105,12,23,0,0,Left,0.5,2.5
S105,12,23,1,0,Left,0.75,2.75
S105,12,23,2,0,Left,1.0,3.0
S105,12,23,3,0,Left,1.25,3.25
S105,12,23,4,0,Left,1.5,3.5
S105,12,23,5,0,Left,1.75,3.75
S105,12,23,6,0,Left,2.0,4.0
S105,12,25,0,1,Right,0.5,2.5
S105,12,25,1,1,Right,0.75,2.75
S105,12,25,2,1,Right,1.0,3.0
S105,12,25,3,1,Right,1.25,3.25
S105,12,25,4,1,Right,1.5,3.5
S105,12,25,5,1,Right,1.75,3.75
S105,12,25,6,1,Right,2.0,4.0
S105,12,27,0,0,Left,0.5,2.5
S105,12,27,1,0,Left,0.75,2.75
S105,12,27,2,0,Left,1.0,3.0
S105,12,27,3,0,Left,1.25,3.25
S105,12,27,4,0,Left,1.5,3.5
S105,12,27,5,0,Left,1.75,3.75
S105,12,27,6,0,Left,2.0,4.0
S105,12,29,0,0,Left,0.5,2.5
S105,12,29,1,0,Left,0.75,2.75
S105,12,29,2,0,Left,1.0,3.0
S105,12,29,3,0,Left,1.25,3.25
S105,12,29,4,0,Left,1.5,3.5
S105,12,29,5,0,Left,1.75,3.75
S105,12,29,6,0,Left,2.0,4.0
S107,04,5,0,0,Left,0.5,2.5
S107,04,11,0,1,Right,0.5,2.5
S107,04,11,1,1,Right,0.75,2.75
S107,04,11,2,1,Right,1.0,3.0
S107,04,11,3,1,Right,1.25,3.25
S107,04,11,4,1,Right,1.5,3.5
S107,04,11,5,1,Right,1.75,3.75
S107,04,11,6,1,Right,2.0,4.0
S107,04,17,3,0,Left,1.25,3.25
S107,04,17,4,0,Left,1.5,3.5
S107,04,17,5,0,Left,1.75,3.75
S107,08,3,1,0,Left,0.75,2.75
S107,08,3,2,0,Left,1.0,3.0
S107,08,3,3,0,Left,1.25,3.25
S107,08,3,4,0,Left,1.5,3.5
S107,08,5,1,1,Right,0.75,2.75
S107,08,11,0,0,Left,0.5,2.5
S107,08,11,1,0,Left,0.75,2.75
S107,08,11,2,0,Left,1.0,3.0
S107,08,15,0,1,Right,0.5,2.5
S107,08,21,0,0,Left,0.5,2.5
S107,08,21,1,0,Left,0.75,2.75
S107,08,21,2,0,Left,1.0,3.0
S107,08,21,3,0,Left,1.25,3.25
S107,08,21,4,0,Left,1.5,3.5
S107,08,21,5,0,Left,1.75,3.75
S107,08,21,6,0,Left,2.0,4.0
S107,08,23,2,1,Right,1.0,3.0
S107,08,25,5,1,Right,1.75,3.75
S107,08,29,0,0,Left,0.5,2.5
S107,08,29,1,0,Left,0.75,2.75
S107,08,29,2,0,Left,1.0,3.0
S107,08,29,3,0,Left,1.25,3.25
S107,08,29,4,0,Left,1.5,3.5
S107,08,29,5,0,Left,1.75,3.75
S107,08,29,6,0,Left,2.0,4.0
S107,12,1,2,0,Left,1.0,3.0
S107,12,1,3,0,Left,1.25,3.25
S107,12,1,4,0,Left,1.5,3.5
S107,12,1,5,0,Left,1.75,3.75
S107,12,5,0,1,Right,0.5,2.5
S107,12,5,1,1,Right,0.75,2.75
S107,12,7,3,0,Left,1.25,3.25
S107,12,17,3,1,Right,1.25,3.25
S107,12,17,4,1,Right,1.5,3.5
S107,12,17,5,1,Right,1.75,3.75
S107,12,17,6,1,Right,2.0,4.0
S107,12,19,5,0,Left,1.75,3.75
S107,12,19,6,0,Left,2.0,4.0
S107,12,21,0,0,Left,0.5,2.5
S107,12,23,0,1,Right,0.5,2.5
S107,12,23,1,1,Right,0.75,2.75
S107,12,25,0,0,Left,0.5,2.5
S107,12,25,1,0,Left,0.75,2.75
S107,12,25,2,0,Left,1.0,3.0
S107,12,25,3,0,Left,1.25,3.25
S107,12,25,4,0,Left,1.5,3.5
S107,12,25,5,0,Left,1.75,3.75
S107,12,25,6,0,Left,2.0,4.0
