Subject,Run,Trial,Window_Idx,Label,Label_Name,Start_sec,End_sec
S001,04,0,0,-1,Rest,0.5,2.5
S001,04,0,1,-1,Rest,0.75,2.75
S001,04,0,2,-1,Rest,1.0,3.0
S001,04,0,3,-1,Rest,1.25,3.25
S001,04,0,4,-1,Rest,1.5,3.5
S001,04,0,5,-1,Rest,1.75,3.75
S001,04,0,6,-1,Rest,2.0,4.0
S001,04,2,0,-1,Rest,0.5,2.5
S001,04,2,1,-1,Rest,0.75,2.75
S001,04,2,2,-1,Rest,1.0,3.0
S001,04,2,3,-1,Rest,1.25,3.25
S001,04,2,4,-1,Rest,1.5,3.5
S001,04,2,5,-1,Rest,1.75,3.75
S001,04,2,6,-1,Rest,2.0,4.0
S001,04,4,0,-1,Rest,0.5,2.5
S001,04,4,1,-1,Rest,0.75,2.75
S001,04,4,2,-1,Rest,1.0,3.0
S001,04,4,3,-1,Rest,1.25,3.25
S001,04,4,4,-1,Rest,1.5,3.5
S001,04,4,5,-1,Rest,1.75,3.75
S001,04,4,6,-1,Rest,2.0,4.0
S001,04,6,0,-1,Rest,0.5,2.5
S001,04,6,1,-1,Rest,0.75,2.75
S001,04,6,2,-1,Rest,1.0,3.0
S001,04,6,3,-1,Rest,1.25,3.25
S001,04,6,4,-1,Rest,1.5,3.5
S001,04,6,5,-1,Rest,1.75,3.75
S001,04,6,6,-1,Rest,2.0,4.0
S001,04,8,0,-1,Rest,0.5,2.5
S001,04,8,1,-1,Rest,0.75,2.75
S001,04,8,2,-1,Rest,1.0,3.0
S001,04,8,3,-1,Rest,1.25,3.25
S001,04,8,4,-1,Rest,1.5,3.5
S001,04,8,5,-1,Rest,1.75,3.75
S001,04,8,6,-1,Rest,2.0,4.0
S001,04,10,0,-1,Rest,0.5,2.5
S001,04,10,1,-1,Rest,0.75,2.75
S001,04,10,2,-1,Rest,1.0,3.0
S001,04,10,3,-1,Rest,1.25,3.25
S001,04,10,4,-1,Rest,1.5,3.5
S001,04,10,5,-1,Rest,1.75,3.75
S001,04,10,6,-1,Rest,2.0,4.0
S001,04,14,0,-1,Rest,0.5,2.5
S001,04,14,1,-1,Rest,0.75,2.75
S001,04,14,2,-1,Rest,1.0,3.0
S001,04,14,3,-1,Rest,1.25,3.25
S001,04,14,4,-1,Rest,1.5,3.5
S001,04,14,5,-1,Rest,1.75,3.75
S001,04,14,6,-1,Rest,2.0,4.0
S001,04,16,0,-1,Rest,0.5,2.5
S001,04,16,1,-1,Rest,0.75,2.75
S001,04,16,2,-1,Rest,1.0,3.0
S001,04,16,3,-1,Rest,1.25,3.25
S001,04,16,4,-1,Rest,1.5,3.5
S001,04,16,5,-1,Rest,1.75,3.75
S001,04,16,6,-1,Rest,2.0,4.0
S001,04,18,0,-1,Rest,0.5,2.5
S001,04,18,1,-1,Rest,0.75,2.75
S001,04,18,2,-1,Rest,1.0,3.0
S001,04,18,3,-1,Rest,1.25,3.25
S001,04,18,4,-1,Rest,1.5,3.5
S001,04,18,5,-1,Rest,1.75,3.75
S001,04,18,6,-1,Rest,2.0,4.0
S001,04,20,0,-1,Rest,0.5,2.5
S001,04,20,1,-1,Rest,0.75,2.75
S001,04,20,2,-1,Rest,1.0,3.0
S001,04,20,3,-1,Rest,1.25,3.25
S001,04,20,4,-1,Rest,1.5,3.5
S001,04,20,5,-1,Rest,1.75,3.75
S001,04,20,6,-1,Rest,2.0,4.0
S001,04,22,0,-1,Rest,0.5,2.5
S001,04,22,1,-1,Rest,0.75,2.75
S001,04,22,2,-1,Rest,1.0,3.0
S001,04,22,3,-1,Rest,1.25,3.25
S001,04,22,4,-1,Rest,1.5,3.5
S001,04,22,5,-1,Rest,1.75,3.75
S001,04,22,6,-1,Rest,2.0,4.0
S001,04,24,0,-1,Rest,0.5,2.5
S001,04,24,1,-1,Rest,0.75,2.75
S001,04,24,2,-1,Rest,1.0,3.0
S001,04,24,3,-1,Rest,1.25,3.25
S001,04,24,4,-1,Rest,1.5,3.5
S001,04,24,5,-1,Rest,1.75,3.75
S001,04,24,6,-1,Rest,2.0,4.0
S001,04,26,0,-1,Rest,0.5,2.5
S001,04,26,1,-1,Rest,0.75,2.75
S001,04,26,2,-1,Rest,1.0,3.0
S001,04,26,3,-1,Rest,1.25,3.25
S001,04,26,4,-1,Rest,1.5,3.5
S001,04,26,5,-1,Rest,1.75,3.75
S001,04,26,6,-1,Rest,2.0,4.0
S001,04,28,0,-1,Rest,0.5,2.5
S001,04,28,1,-1,Rest,0.75,2.75
S001,04,28,2,-1,Rest,1.0,3.0
S001,04,28,3,-1,Rest,1.25,3.25
S001,04,28,4,-1,Rest,1.5,3.5
S001,04,28,5,-1,Rest,1.75,3.75
S001,04,28,6,-1,Rest,2.0,4.0
S001,08,0,0,-1,Rest,0.5,2.5
S001,08,0,1,-1,Rest,0.75,2.75
S001,08,0,2,-1,Rest,1.0,3.0
S001,08,0,3,-1,Rest,1.25,3.25
S001,08,0,4,-1,Rest,1.5,3.5
S001,08,0,5,-1,Rest,1.75,3.75
S001,08,0,6,-1,Rest,2.0,4.0
S001,08,2,0,-1,Rest,0.5,2.5
S001,08,2,1,-1,Rest,0.75,2.75
S001,08,2,2,-1,Rest,1.0,3.0
S001,08,2,3,-1,Rest,1.25,3.25
S001,08,2,4,-1,Rest,1.5,3.5
S001,08,2,5,-1,Rest,1.75,3.75
S001,08,2,6,-1,Rest,2.0,4.0
S001,08,4,0,-1,Rest,0.5,2.5
S001,08,4,1,-1,Rest,0.75,2.75
S001,08,4,2,-1,Rest,1.0,3.0
S001,08,4,3,-1,Rest,1.25,3.25
S001,08,4,4,-1,Rest,1.5,3.5
S001,08,4,5,-1,Rest,1.75,3.75
S001,08,4,6,-1,Rest,2.0,4.0
S001,08,6,0,-1,Rest,0.5,2.5
S001,08,6,1,-1,Rest,0.75,2.75
S001,08,6,2,-1,Rest,1.0,3.0
S001,08,6,3,-1,Rest,1.25,3.25
S001,08,6,4,-1,Rest,1.5,3.5
S001,08,6,5,-1,Rest,1.75,3.75
S001,08,6,6,-1,Rest,2.0,4.0
S001,08,8,0,-1,Rest,0.5,2.5
S001,08,8,1,-1,Rest,0.75,2.75
S001,08,8,2,-1,Rest,1.0,3.0
S001,08,8,3,-1,Rest,1.25,3.25
S001,08,8,4,-1,Rest,1.5,3.5
S001,08,8,5,-1,Rest,1.75,3.75
S001,08,8,6,-1,Rest,2.0,4.0
S001,08,10,0,-1,Rest,0.5,2.5
S001,08,10,1,-1,Rest,0.75,2.75
S001,08,10,2,-1,Rest,1.0,3.0
S001,08,10,3,-1,Rest,1.25,3.25
S001,08,10,4,-1,Rest,1.5,3.5
S001,08,10,5,-1,Rest,1.75,3.75
S001,08,10,6,-1,Rest,2.0,4.0
S001,08,12,5,-1,Rest,1.75,3.75
S001,08,12,6,-1,Rest,2.0,4.0
S001,08,16,0,-1,Rest,0.5,2.5
S001,08,16,1,-1,Rest,0.75,2.75
S001,08,16,2,-1,Rest,1.0,3.0
S001,08,16,3,-1,Rest,1.25,3.25
S001,08,16,4,-1,Rest,1.5,3.5
S001,08,16,5,-1,Rest,1.75,3.75
S001,08,16,6,-1,Rest,2.0,4.0
S001,08,18,0,-1,Rest,0.5,2.5
S001,08,18,1,-1,Rest,0.75,2.75
S001,08,18,2,-1,Rest,1.0,3.0
S001,08,18,3,-1,Rest,1.25,3.25
S001,08,18,4,-1,Rest,1.5,3.5
S001,08,18,5,-1,Rest,1.75,3.75
S001,08,18,6,-1,Rest,2.0,4.0
S001,08,20,0,-1,Rest,0.5,2.5
S001,08,20,1,-1,Rest,0.75,2.75
S001,08,20,2,-1,Rest,1.0,3.0
S001,08,20,3,-1,Rest,1.25,3.25
S001,08,20,4,-1,Rest,1.5,3.5
S001,08,20,5,-1,Rest,1.75,3.75
S001,08,20,6,-1,Rest,2.0,4.0
S001,08,22,0,-1,Rest,0.5,2.5
S001,08,22,1,-1,Rest,0.75,2.75
S001,08,22,2,-1,Rest,1.0,3.0
S001,08,22,3,-1,Rest,1.25,3.25
S001,08,22,4,-1,Rest,1.5,3.5
S001,08,22,5,-1,Rest,1.75,3.75
S001,08,22,6,-1,Rest,2.0,4.0
S001,08,24,0,-1,Rest,0.5,2.5
S001,08,24,1,-1,Rest,0.75,2.75
S001,08,24,2,-1,Rest,1.0,3.0
S001,08,24,3,-1,Rest,1.25,3.25
S001,08,24,4,-1,Rest,1.5,3.5
S001,08,24,5,-1,Rest,1.75,3.75
S001,08,24,6,-1,Rest,2.0,4.0
S001,08,26,0,-1,Rest,0.5,2.5
S001,08,26,1,-1,Rest,0.75,2.75
S001,08,26,2,-1,Rest,1.0,3.0
S001,08,26,3,-1,Rest,1.25,3.25
S001,08,26,4,-1,Rest,1.5,3.5
S001,08,26,5,-1,Rest,1.75,3.75
S001,08,26,6,-1,Rest,2.0,4.0
S001,08,28,0,-1,Rest,0.5,2.5
S001,08,28,1,-1,Rest,0.75,2.75
S001,08,28,2,-1,Rest,1.0,3.0
S001,08,28,3,-1,Rest,1.25,3.25
S001,08,28,4,-1,Rest,1.5,3.5
S001,08,28,5,-1,Rest,1.75,3.75
S001,08,28,6,-1,Rest,2.0,4.0
S001,12,0,0,-1,Rest,0.5,2.5
S001,12,0,1,-1,Rest,0.75,2.75
S001,12,0,2,-1,Rest,1.0,3.0
S001,12,0,3,-1,Rest,1.25,3.25
S001,12,0,4,-1,Rest,1.5,3.5
S001,12,0,5,-1,Rest,1.75,3.75
S001,12,0,6,-1,Rest,2.0,4.0
S001,12,2,0,-1,Rest,0.5,2.5
S001,12,2,1,-1,Rest,0.75,2.75
S001,12,2,2,-1,Rest,1.0,3.0
S001,12,2,3,-1,Rest,1.25,3.25
S001,12,2,4,-1,Rest,1.5,3.5
S001,12,2,5,-1,Rest,1.75,3.75
S001,12,2,6,-1,Rest,2.0,4.0
S001,12,4,0,-1,Rest,0.5,2.5
S001,12,4,1,-1,Rest,0.75,2.75
S001,12,4,2,-1,Rest,1.0,3.0
S001,12,4,3,-1,Rest,1.25,3.25
S001,12,4,4,-1,Rest,1.5,3.5
S001,12,4,5,-1,Rest,1.75,3.75
S001,12,4,6,-1,Rest,2.0,4.0
S001,12,6,0,-1,Rest,0.5,2.5
S001,12,6,1,-1,Rest,0.75,2.75
S001,12,6,2,-1,Rest,1.0,3.0
S001,12,6,3,-1,Rest,1.25,3.25
S001,12,6,4,-1,Rest,1.5,3.5
S001,12,6,5,-1,Rest,1.75,3.75
S001,12,6,6,-1,Rest,2.0,4.0
S001,12,8,0,-1,Rest,0.5,2.5
S001,12,8,1,-1,Rest,0.75,2.75
S001,12,8,2,-1,Rest,1.0,3.0
S001,12,8,3,-1,Rest,1.25,3.25
S001,12,8,4,-1,Rest,1.5,3.5
S001,12,8,5,-1,Rest,1.75,3.75
S001,12,8,6,-1,Rest,2.0,4.0
S001,12,12,0,-1,Rest,0.5,2.5
S001,12,12,1,-1,Rest,0.75,2.75
S001,12,12,2,-1,Rest,1.0,3.0
S001,12,12,3,-1,Rest,1.25,3.25
S001,12,12,4,-1,Rest,1.5,3.5
S001,12,12,5,-1,Rest,1.75,3.75
S001,12,12,6,-1,Rest,2.0,4.0
S001,12,14,0,-1,Rest,0.5,2.5
S001,12,14,1,-1,Rest,0.75,2.75
S001,12,14,2,-1,Rest,1.0,3.0
S001,12,14,3,-1,Rest,1.25,3.25
S001,12,14,4,-1,Rest,1.5,3.5
S001,12,14,5,-1,Rest,1.75,3.75
S001,12,14,6,-1,Rest,2.0,4.0
S001,12,16,0,-1,Rest,0.5,2.5
S001,12,16,1,-1,Rest,0.75,2.75
S001,12,16,2,-1,Rest,1.0,3.0
S001,12,16,3,-1,Rest,1.25,3.25
S001,12,16,4,-1,Rest,1.5,3.5
S001,12,16,5,-1,Rest,1.75,3.75
S001,12,16,6,-1,Rest,2.0,4.0
S001,12,18,6,-1,Rest,2.0,4.0
S001,12,20,0,-1,Rest,0.5,2.5
S001,12,20,1,-1,Rest,0.75,2.75
S001,12,20,2,-1,Rest,1.0,3.0
S001,12,20,3,-1,Rest,1.25,3.25
S001,12,20,4,-1,Rest,1.5,3.5
S001,12,20,5,-1,Rest,1.75,3.75
S001,12,20,6,-1,Rest,2.0,4.0
S001,12,22,0,-1,Rest,0.5,2.5
S001,12,22,1,-1,Rest,0.75,2.75
S001,12,22,2,-1,Rest,1.0,3.0
S001,12,22,3,-1,Rest,1.25,3.25
S001,12,22,4,-1,Rest,1.5,3.5
S001,12,22,5,-1,Rest,1.75,3.75
S001,12,22,6,-1,Rest,2.0,4.0
S001,12,24,0,-1,Rest,0.5,2.5
S001,12,24,1,-1,Rest,0.75,2.75
S001,12,24,2,-1,Rest,1.0,3.0
S001,12,24,3,-1,Rest,1.25,3.25
S001,12,24,4,-1,Rest,1.5,3.5
S001,12,24,5,-1,Rest,1.75,3.75
S001,12,24,6,-1,Rest,2.0,4.0
S001,12,26,0,-1,Rest,0.5,2.5
S001,12,26,1,-1,Rest,0.75,2.75
S001,12,26,2,-1,Rest,1.0,3.0
S001,12,26,3,-1,Rest,1.25,3.25
S001,12,26,4,-1,Rest,1.5,3.5
S001,12,26,5,-1,Rest,1.75,3.75
S001,12,26,6,-1,Rest,2.0,4.0
S001,12,28,0,-1,Rest,0.5,2.5
S001,12,28,1,-1,Rest,0.75,2.75
S001,12,28,2,-1,Rest,1.0,3.0
S001,12,28,3,-1,Rest,1.25,3.25
S001,12,28,4,-1,Rest,1.5,3.5
S001,12,28,5,-1,Rest,1.75,3.75
S001,12,28,6,-1,Rest,2.0,4.0
S002,04,0,0,-1,Rest,0.5,2.5
S002,04,0,1,-1,Rest,0.75,2.75
S002,04,0,2,-1,Rest,1.0,3.0
S002,04,0,3,-1,Rest,1.25,3.25
S002,04,0,4,-1,Rest,1.5,3.5
S002,04,0,5,-1,Rest,1.75,3.75
S002,04,0,6,-1,Rest,2.0,4.0
S002,04,2,0,-1,Rest,0.5,2.5
S002,04,2,1,-1,Rest,0.75,2.75
S002,04,2,2,-1,Rest,1.0,3.0
S002,04,2,3,-1,Rest,1.25,3.25
S002,04,2,4,-1,Rest,1.5,3.5
S002,04,2,5,-1,Rest,1.75,3.75
S002,04,2,6,-1,Rest,2.0,4.0
S002,04,4,0,-1,Rest,0.5,2.5
S002,04,4,1,-1,Rest,0.75,2.75
S002,04,4,2,-1,Rest,1.0,3.0
S002,04,4,3,-1,Rest,1.25,3.25
S002,04,4,4,-1,Rest,1.5,3.5
S002,04,4,5,-1,Rest,1.75,3.75
S002,04,4,6,-1,Rest,2.0,4.0
S002,04,6,0,-1,Rest,0.5,2.5
S002,04,6,1,-1,Rest,0.75,2.75
S002,04,6,2,-1,Rest,1.0,3.0
S002,04,6,3,-1,Rest,1.25,3.25
S002,04,6,4,-1,Rest,1.5,3.5
S002,04,6,5,-1,Rest,1.75,3.75
S002,04,6,6,-1,Rest,2.0,4.0
S002,04,8,0,-1,Rest,0.5,2.5
S002,04,8,1,-1,Rest,0.75,2.75
S002,04,8,2,-1,Rest,1.0,3.0
S002,04,8,3,-1,Rest,1.25,3.25
S002,04,8,4,-1,Rest,1.5,3.5
S002,04,8,5,-1,Rest,1.75,3.75
S002,04,8,6,-1,Rest,2.0,4.0
S002,04,10,0,-1,Rest,0.5,2.5
S002,04,10,1,-1,Rest,0.75,2.75
S002,04,10,2,-1,Rest,1.0,3.0
S002,04,10,3,-1,Rest,1.25,3.25
S002,04,10,4,-1,Rest,1.5,3.5
S002,04,10,5,-1,Rest,1.75,3.75
S002,04,10,6,-1,Rest,2.0,4.0
S002,04,12,0,-1,Rest,0.5,2.5
S002,04,12,1,-1,Rest,0.75,2.75
S002,04,12,2,-1,Rest,1.0,3.0
S002,04,12,3,-1,Rest,1.25,3.25
S002,04,12,4,-1,Rest,1.5,3.5
S002,04,12,5,-1,Rest,1.75,3.75
S002,04,12,6,-1,Rest,2.0,4.0
S002,04,14,0,-1,Rest,0.5,2.5
S002,04,14,1,-1,Rest,0.75,2.75
S002,04,14,2,-1,Rest,1.0,3.0
S002,04,14,3,-1,Rest,1.25,3.25
S002,04,14,4,-1,Rest,1.5,3.5
S002,04,14,5,-1,Rest,1.75,3.75
S002,04,14,6,-1,Rest,2.0,4.0
S002,04,16,0,-1,Rest,0.5,2.5
S002,04,16,1,-1,Rest,0.75,2.75
S002,04,16,2,-1,Rest,1.0,3.0
S002,04,16,3,-1,Rest,1.25,3.25
S002,04,16,4,-1,Rest,1.5,3.5
S002,04,16,5,-1,Rest,1.75,3.75
S002,04,16,6,-1,Rest,2.0,4.0
S002,04,18,0,-1,Rest,0.5,2.5
S002,04,18,1,-1,Rest,0.75,2.75
S002,04,18,2,-1,Rest,1.0,3.0
S002,04,18,3,-1,Rest,1.25,3.25
S002,04,18,4,-1,Rest,1.5,3.5
S002,04,18,5,-1,Rest,1.75,3.75
S002,04,18,6,-1,Rest,2.0,4.0
S002,04,20,0,-1,Rest,0.5,2.5
S002,04,20,1,-1,Rest,0.75,2.75
S002,04,20,2,-1,Rest,1.0,3.0
S002,04,20,3,-1,Rest,1.25,3.25
S002,04,20,4,-1,Rest,1.5,3.5
S002,04,20,5,-1,Rest,1.75,3.75
S002,04,20,6,-1,Rest,2.0,4.0
S002,04,22,0,-1,Rest,0.5,2.5
S002,04,22,1,-1,Rest,0.75,2.75
S002,04,22,2,-1,Rest,1.0,3.0
S002,04,22,3,-1,Rest,1.25,3.25
S002,04,22,4,-1,Rest,1.5,3.5
S002,04,22,5,-1,Rest,1.75,3.75
S002,04,22,6,-1,Rest,2.0,4.0
S002,04,24,0,-1,Rest,0.5,2.5
S002,04,24,1,-1,Rest,0.75,2.75
S002,04,24,2,-1,Rest,1.0,3.0
S002,04,24,3,-1,Rest,1.25,3.25
S002,04,24,4,-1,Rest,1.5,3.5
S002,04,24,5,-1,Rest,1.75,3.75
S002,04,24,6,-1,Rest,2.0,4.0
S002,04,26,0,-1,Rest,0.5,2.5
S002,04,26,1,-1,Rest,0.75,2.75
S002,04,26,2,-1,Rest,1.0,3.0
S002,04,26,3,-1,Rest,1.25,3.25
S002,04,26,4,-1,Rest,1.5,3.5
S002,04,26,5,-1,Rest,1.75,3.75
S002,04,26,6,-1,Rest,2.0,4.0
S002,04,28,0,-1,Rest,0.5,2.5
S002,04,28,1,-1,Rest,0.75,2.75
S002,04,28,2,-1,Rest,1.0,3.0
S002,04,28,3,-1,Rest,1.25,3.25
S002,04,28,4,-1,Rest,1.5,3.5
S002,04,28,5,-1,Rest,1.75,3.75
S002,04,28,6,-1,Rest,2.0,4.0
S002,08,0,0,-1,Rest,0.5,2.5
S002,08,0,1,-1,Rest,0.75,2.75
S002,08,0,2,-1,Rest,1.0,3.0
S002,08,0,3,-1,Rest,1.25,3.25
S002,08,0,4,-1,Rest,1.5,3.5
S002,08,0,5,-1,Rest,1.75,3.75
S002,08,0,6,-1,Rest,2.0,4.0
S002,08,2,0,-1,Rest,0.5,2.5
S002,08,2,1,-1,Rest,0.75,2.75
S002,08,2,2,-1,Rest,1.0,3.0
S002,08,2,3,-1,Rest,1.25,3.25
S002,08,2,4,-1,Rest,1.5,3.5
S002,08,2,5,-1,Rest,1.75,3.75
S002,08,2,6,-1,Rest,2.0,4.0
S002,08,4,0,-1,Rest,0.5,2.5
S002,08,4,1,-1,Rest,0.75,2.75
S002,08,4,2,-1,Rest,1.0,3.0
S002,08,4,3,-1,Rest,1.25,3.25
S002,08,4,4,-1,Rest,1.5,3.5
S002,08,4,5,-1,Rest,1.75,3.75
S002,08,4,6,-1,Rest,2.0,4.0
S002,08,6,0,-1,Rest,0.5,2.5
S002,08,6,1,-1,Rest,0.75,2.75
S002,08,6,2,-1,Rest,1.0,3.0
S002,08,6,3,-1,Rest,1.25,3.25
S002,08,6,4,-1,Rest,1.5,3.5
S002,08,6,5,-1,Rest,1.75,3.75
S002,08,6,6,-1,Rest,2.0,4.0
S002,08,8,0,-1,Rest,0.5,2.5
S002,08,8,1,-1,Rest,0.75,2.75
S002,08,8,2,-1,Rest,1.0,3.0
S002,08,8,3,-1,Rest,1.25,3.25
S002,08,8,4,-1,Rest,1.5,3.5
S002,08,8,5,-1,Rest,1.75,3.75
S002,08,8,6,-1,Rest,2.0,4.0
S002,08,10,0,-1,Rest,0.5,2.5
S002,08,10,1,-1,Rest,0.75,2.75
S002,08,10,2,-1,Rest,1.0,3.0
S002,08,10,3,-1,Rest,1.25,3.25
S002,08,10,4,-1,Rest,1.5,3.5
S002,08,10,5,-1,Rest,1.75,3.75
S002,08,10,6,-1,Rest,2.0,4.0
S002,08,12,0,-1,Rest,0.5,2.5
S002,08,12,1,-1,Rest,0.75,2.75
S002,08,12,2,-1,Rest,1.0,3.0
S002,08,12,3,-1,Rest,1.25,3.25
S002,08,12,4,-1,Rest,1.5,3.5
S002,08,12,5,-1,Rest,1.75,3.75
S002,08,12,6,-1,Rest,2.0,4.0
S002,08,14,0,-1,Rest,0.5,2.5
S002,08,14,1,-1,Rest,0.75,2.75
S002,08,14,2,-1,Rest,1.0,3.0
S002,08,14,3,-1,Rest,1.25,3.25
S002,08,14,4,-1,Rest,1.5,3.5
S002,08,14,5,-1,Rest,1.75,3.75
S002,08,14,6,-1,Rest,2.0,4.0
S002,08,16,0,-1,Rest,0.5,2.5
S002,08,16,1,-1,Rest,0.75,2.75
S002,08,16,2,-1,Rest,1.0,3.0
S002,08,16,3,-1,Rest,1.25,3.25
S002,08,16,4,-1,Rest,1.5,3.5
S002,08,16,5,-1,Rest,1.75,3.75
S002,08,16,6,-1,Rest,2.0,4.0
S002,08,18,0,-1,Rest,0.5,2.5
S002,08,18,1,-1,Rest,0.75,2.75
S002,08,18,2,-1,Rest,1.0,3.0
S002,08,18,3,-1,Rest,1.25,3.25
S002,08,18,4,-1,Rest,1.5,3.5
S002,08,18,5,-1,Rest,1.75,3.75
S002,08,18,6,-1,Rest,2.0,4.0
S002,08,20,0,-1,Rest,0.5,2.5
S002,08,20,1,-1,Rest,0.75,2.75
S002,08,20,2,-1,Rest,1.0,3.0
S002,08,20,3,-1,Rest,1.25,3.25
S002,08,20,4,-1,Rest,1.5,3.5
S002,08,20,5,-1,Rest,1.75,3.75
S002,08,20,6,-1,Rest,2.0,4.0
S002,08,22,0,-1,Rest,0.5,2.5
S002,08,22,1,-1,Rest,0.75,2.75
S002,08,22,2,-1,Rest,1.0,3.0
S002,08,22,3,-1,Rest,1.25,3.25
S002,08,22,4,-1,Rest,1.5,3.5
S002,08,22,5,-1,Rest,1.75,3.75
S002,08,22,6,-1,Rest,2.0,4.0
S002,08,24,0,-1,Rest,0.5,2.5
S002,08,24,1,-1,Rest,0.75,2.75
S002,08,24,2,-1,Rest,1.0,3.0
S002,08,24,3,-1,Rest,1.25,3.25
S002,08,24,4,-1,Rest,1.5,3.5
S002,08,24,5,-1,Rest,1.75,3.75
S002,08,24,6,-1,Rest,2.0,4.0
S002,08,26,0,-1,Rest,0.5,2.5
S002,08,26,1,-1,Rest,0.75,2.75
S002,08,26,2,-1,Rest,1.0,3.0
S002,08,26,3,-1,Rest,1.25,3.25
S002,08,26,4,-1,Rest,1.5,3.5
S002,08,26,5,-1,Rest,1.75,3.75
S002,08,26,6,-1,Rest,2.0,4.0
S002,08,28,0,-1,Rest,0.5,2.5
S002,08,28,1,-1,Rest,0.75,2.75
S002,08,28,2,-1,Rest,1.0,3.0
S002,08,28,3,-1,Rest,1.25,3.25
S002,08,28,4,-1,Rest,1.5,3.5
S002,08,28,5,-1,Rest,1.75,3.75
S002,08,28,6,-1,Rest,2.0,4.0
S002,12,0,0,-1,Rest,0.5,2.5
S002,12,0,1,-1,Rest,0.75,2.75
S002,12,0,2,-1,Rest,1.0,3.0
S002,12,0,3,-1,Rest,1.25,3.25
S002,12,0,4,-1,Rest,1.5,3.5
S002,12,0,5,-1,Rest,1.75,3.75
S002,12,0,6,-1,Rest,2.0,4.0
S002,12,2,0,-1,Rest,0.5,2.5
S002,12,2,1,-1,Rest,0.75,2.75
S002,12,2,2,-1,Rest,1.0,3.0
S002,12,2,3,-1,Rest,1.25,3.25
S002,12,2,4,-1,Rest,1.5,3.5
S002,12,2,5,-1,Rest,1.75,3.75
S002,12,2,6,-1,Rest,2.0,4.0
S002,12,4,0,-1,Rest,0.5,2.5
S002,12,4,1,-1,Rest,0.75,2.75
S002,12,4,2,-1,Rest,1.0,3.0
S002,12,4,3,-1,Rest,1.25,3.25
S002,12,4,4,-1,Rest,1.5,3.5
S002,12,4,5,-1,Rest,1.75,3.75
S002,12,4,6,-1,Rest,2.0,4.0
S002,12,6,0,-1,Rest,0.5,2.5
S002,12,6,1,-1,Rest,0.75,2.75
S002,12,6,2,-1,Rest,1.0,3.0
S002,12,6,3,-1,Rest,1.25,3.25
S002,12,6,4,-1,Rest,1.5,3.5
S002,12,6,5,-1,Rest,1.75,3.75
S002,12,6,6,-1,Rest,2.0,4.0
S002,12,8,0,-1,Rest,0.5,2.5
S002,12,8,1,-1,Rest,0.75,2.75
S002,12,8,2,-1,Rest,1.0,3.0
S002,12,8,3,-1,Rest,1.25,3.25
S002,12,8,4,-1,Rest,1.5,3.5
S002,12,8,5,-1,Rest,1.75,3.75
S002,12,8,6,-1,Rest,2.0,4.0
S002,12,10,0,-1,Rest,0.5,2.5
S002,12,10,1,-1,Rest,0.75,2.75
S002,12,10,2,-1,Rest,1.0,3.0
S002,12,10,3,-1,Rest,1.25,3.25
S002,12,10,4,-1,Rest,1.5,3.5
S002,12,10,5,-1,Rest,1.75,3.75
S002,12,10,6,-1,Rest,2.0,4.0
S002,12,12,0,-1,Rest,0.5,2.5
S002,12,12,1,-1,Rest,0.75,2.75
S002,12,12,2,-1,Rest,1.0,3.0
S002,12,12,3,-1,Rest,1.25,3.25
S002,12,12,4,-1,Rest,1.5,3.5
S002,12,12,5,-1,Rest,1.75,3.75
S002,12,12,6,-1,Rest,2.0,4.0
S002,12,14,0,-1,Rest,0.5,2.5
S002,12,14,1,-1,Rest,0.75,2.75
S002,12,14,2,-1,Rest,1.0,3.0
S002,12,14,3,-1,Rest,1.25,3.25
S002,12,14,4,-1,Rest,1.5,3.5
S002,12,14,5,-1,Rest,1.75,3.75
S002,12,14,6,-1,Rest,2.0,4.0
S002,12,16,0,-1,Rest,0.5,2.5
S002,12,16,1,-1,Rest,0.75,2.75
S002,12,16,2,-1,Rest,1.0,3.0
S002,12,16,3,-1,Rest,1.25,3.25
S002,12,16,4,-1,Rest,1.5,3.5
S002,12,16,5,-1,Rest,1.75,3.75
S002,12,16,6,-1,Rest,2.0,4.0
S002,12,18,0,-1,Rest,0.5,2.5
S002,12,18,1,-1,Rest,0.75,2.75
S002,12,18,2,-1,Rest,1.0,3.0
S002,12,18,3,-1,Rest,1.25,3.25
S002,12,18,4,-1,Rest,1.5,3.5
S002,12,18,5,-1,Rest,1.75,3.75
S002,12,18,6,-1,Rest,2.0,4.0
S002,12,20,0,-1,Rest,0.5,2.5
S002,12,20,1,-1,Rest,0.75,2.75
S002,12,20,2,-1,Rest,1.0,3.0
S002,12,20,3,-1,Rest,1.25,3.25
S002,12,20,4,-1,Rest,1.5,3.5
S002,12,20,5,-1,Rest,1.75,3.75
S002,12,20,6,-1,Rest,2.0,4.0
S002,12,22,0,-1,Rest,0.5,2.5
S002,12,22,1,-1,Rest,0.75,2.75
S002,12,22,2,-1,Rest,1.0,3.0
S002,12,22,3,-1,Rest,1.25,3.25
S002,12,22,4,-1,Rest,1.5,3.5
S002,12,22,5,-1,Rest,1.75,3.75
S002,12,22,6,-1,Rest,2.0,4.0
S002,12,24,0,-1,Rest,0.5,2.5
S002,12,24,1,-1,Rest,0.75,2.75
S002,12,24,2,-1,Rest,1.0,3.0
S002,12,24,3,-1,Rest,1.25,3.25
S002,12,24,4,-1,Rest,1.5,3.5
S002,12,24,5,-1,Rest,1.75,3.75
S002,12,24,6,-1,Rest,2.0,4.0
S002,12,26,0,-1,Rest,0.5,2.5
S002,12,26,1,-1,Rest,0.75,2.75
S002,12,26,2,-1,Rest,1.0,3.0
S002,12,26,3,-1,Rest,1.25,3.25
S002,12,26,4,-1,Rest,1.5,3.5
S002,12,26,5,-1,Rest,1.75,3.75
S002,12,26,6,-1,Rest,2.0,4.0
S002,12,28,0,-1,Rest,0.5,2.5
S002,12,28,1,-1,Rest,0.75,2.75
S002,12,28,2,-1,Rest,1.0,3.0
S002,12,28,3,-1,Rest,1.25,3.25
S002,12,28,4,-1,Rest,1.5,3.5
S002,12,28,5,-1,Rest,1.75,3.75
S002,12,28,6,-1,Rest,2.0,4.0
S003,04,0,0,-1,Rest,0.5,2.5
S003,04,0,1,-1,Rest,0.75,2.75
S003,04,0,2,-1,Rest,1.0,3.0
S003,04,0,3,-1,Rest,1.25,3.25
S003,04,0,4,-1,Rest,1.5,3.5
S003,04,0,5,-1,Rest,1.75,3.75
S003,04,0,6,-1,Rest,2.0,4.0
S003,04,2,0,-1,Rest,0.5,2.5
S003,04,2,1,-1,Rest,0.75,2.75
S003,04,2,2,-1,Rest,1.0,3.0
S003,04,2,3,-1,Rest,1.25,3.25
S003,04,2,4,-1,Rest,1.5,3.5
S003,04,2,5,-1,Rest,1.75,3.75
S003,04,2,6,-1,Rest,2.0,4.0
S003,04,4,0,-1,Rest,0.5,2.5
S003,04,4,1,-1,Rest,0.75,2.75
S003,04,4,2,-1,Rest,1.0,3.0
S003,04,4,3,-1,Rest,1.25,3.25
S003,04,4,4,-1,Rest,1.5,3.5
S003,04,4,5,-1,Rest,1.75,3.75
S003,04,4,6,-1,Rest,2.0,4.0
S003,04,8,5,-1,Rest,1.75,3.75
S003,04,8,6,-1,Rest,2.0,4.0
S003,04,10,0,-1,Rest,0.5,2.5
S003,04,10,1,-1,Rest,0.75,2.75
S003,04,10,2,-1,Rest,1.0,3.0
S003,04,10,3,-1,Rest,1.25,3.25
S003,04,10,4,-1,Rest,1.5,3.5
S003,04,10,5,-1,Rest,1.75,3.75
S003,04,10,6,-1,Rest,2.0,4.0
S003,04,14,0,-1,Rest,0.5,2.5
S003,04,14,1,-1,Rest,0.75,2.75
S003,04,14,2,-1,Rest,1.0,3.0
S003,04,14,3,-1,Rest,1.25,3.25
S003,04,14,4,-1,Rest,1.5,3.5
S003,04,14,5,-1,Rest,1.75,3.75
S003,04,14,6,-1,Rest,2.0,4.0
S003,04,16,0,-1,Rest,0.5,2.5
S003,04,16,1,-1,Rest,0.75,2.75
S003,04,16,2,-1,Rest,1.0,3.0
S003,04,16,3,-1,Rest,1.25,3.25
S003,04,16,4,-1,Rest,1.5,3.5
S003,04,16,5,-1,Rest,1.75,3.75
S003,04,18,2,-1,Rest,1.0,3.0
S003,04,18,3,-1,Rest,1.25,3.25
S003,04,18,4,-1,Rest,1.5,3.5
S003,04,18,5,-1,Rest,1.75,3.75
S003,04,18,6,-1,Rest,2.0,4.0
S003,04,20,0,-1,Rest,0.5,2.5
S003,04,20,1,-1,Rest,0.75,2.75
S003,04,20,2,-1,Rest,1.0,3.0
S003,04,20,3,-1,Rest,1.25,3.25
S003,04,20,4,-1,Rest,1.5,3.5
S003,04,20,5,-1,Rest,1.75,3.75
S003,04,20,6,-1,Rest,2.0,4.0
S003,04,22,1,-1,Rest,0.75,2.75
S003,04,22,2,-1,Rest,1.0,3.0
S003,04,22,3,-1,Rest,1.25,3.25
S003,04,22,4,-1,Rest,1.5,3.5
S003,04,22,5,-1,Rest,1.75,3.75
S003,04,22,6,-1,Rest,2.0,4.0
S003,04,26,0,-1,Rest,0.5,2.5
S003,04,26,1,-1,Rest,0.75,2.75
S003,04,26,2,-1,Rest,1.0,3.0
S003,04,26,3,-1,Rest,1.25,3.25
S003,04,26,4,-1,Rest,1.5,3.5
S003,04,26,5,-1,Rest,1.75,3.75
S003,04,26,6,-1,Rest,2.0,4.0
S003,04,28,0,-1,Rest,0.5,2.5
S003,04,28,1,-1,Rest,0.75,2.75
S003,04,28,2,-1,Rest,1.0,3.0
S003,04,28,3,-1,Rest,1.25,3.25
S003,08,0,0,-1,Rest,0.5,2.5
S003,08,0,1,-1,Rest,0.75,2.75
S003,08,0,2,-1,Rest,1.0,3.0
S003,08,0,3,-1,Rest,1.25,3.25
S003,08,0,4,-1,Rest,1.5,3.5
S003,08,0,5,-1,Rest,1.75,3.75
S003,08,0,6,-1,Rest,2.0,4.0
S003,08,2,0,-1,Rest,0.5,2.5
S003,08,2,1,-1,Rest,0.75,2.75
S003,08,2,2,-1,Rest,1.0,3.0
S003,08,2,3,-1,Rest,1.25,3.25
S003,08,2,4,-1,Rest,1.5,3.5
S003,08,2,5,-1,Rest,1.75,3.75
S003,08,4,0,-1,Rest,0.5,2.5
S003,08,4,1,-1,Rest,0.75,2.75
S003,08,4,2,-1,Rest,1.0,3.0
S003,08,6,0,-1,Rest,0.5,2.5
S003,08,6,1,-1,Rest,0.75,2.75
S003,08,6,2,-1,Rest,1.0,3.0
S003,08,6,3,-1,Rest,1.25,3.25
S003,08,6,4,-1,Rest,1.5,3.5
S003,08,6,5,-1,Rest,1.75,3.75
S003,08,6,6,-1,Rest,2.0,4.0
S003,08,8,0,-1,Rest,0.5,2.5
S003,08,8,1,-1,Rest,0.75,2.75
S003,08,8,2,-1,Rest,1.0,3.0
S003,08,8,3,-1,Rest,1.25,3.25
S003,08,8,4,-1,Rest,1.5,3.5
S003,08,8,5,-1,Rest,1.75,3.75
S003,08,8,6,-1,Rest,2.0,4.0
S003,08,10,0,-1,Rest,0.5,2.5
S003,08,10,1,-1,Rest,0.75,2.75
S003,08,10,2,-1,Rest,1.0,3.0
S003,08,10,3,-1,Rest,1.25,3.25
S003,08,10,4,-1,Rest,1.5,3.5
S003,08,10,5,-1,Rest,1.75,3.75
S003,08,10,6,-1,Rest,2.0,4.0
S003,08,12,0,-1,Rest,0.5,2.5
S003,08,12,1,-1,Rest,0.75,2.75
S003,08,12,2,-1,Rest,1.0,3.0
S003,08,12,3,-1,Rest,1.25,3.25
S003,08,12,4,-1,Rest,1.5,3.5
S003,08,12,5,-1,Rest,1.75,3.75
S003,08,12,6,-1,Rest,2.0,4.0
S003,08,14,0,-1,Rest,0.5,2.5
S003,08,14,1,-1,Rest,0.75,2.75
S003,08,14,2,-1,Rest,1.0,3.0
S003,08,14,3,-1,Rest,1.25,3.25
S003,08,14,4,-1,Rest,1.5,3.5
S003,08,14,5,-1,Rest,1.75,3.75
S003,08,14,6,-1,Rest,2.0,4.0
S003,08,16,0,-1,Rest,0.5,2.5
S003,08,16,1,-1,Rest,0.75,2.75
S003,08,16,2,-1,Rest,1.0,3.0
S003,08,16,3,-1,Rest,1.25,3.25
S003,08,16,4,-1,Rest,1.5,3.5
S003,08,16,5,-1,Rest,1.75,3.75
S003,08,16,6,-1,Rest,2.0,4.0
S003,08,18,0,-1,Rest,0.5,2.5
S003,08,18,1,-1,Rest,0.75,2.75
S003,08,18,2,-1,Rest,1.0,3.0
S003,08,18,3,-1,Rest,1.25,3.25
S003,08,18,4,-1,Rest,1.5,3.5
S003,08,18,5,-1,Rest,1.75,3.75
S003,08,18,6,-1,Rest,2.0,4.0
S003,08,20,0,-1,Rest,0.5,2.5
S003,08,20,1,-1,Rest,0.75,2.75
S003,08,20,2,-1,Rest,1.0,3.0
S003,08,20,3,-1,Rest,1.25,3.25
S003,08,20,4,-1,Rest,1.5,3.5
S003,08,20,5,-1,Rest,1.75,3.75
S003,08,20,6,-1,Rest,2.0,4.0
S003,08,22,0,-1,Rest,0.5,2.5
S003,08,22,1,-1,Rest,0.75,2.75
S003,08,22,2,-1,Rest,1.0,3.0
S003,08,22,3,-1,Rest,1.25,3.25
S003,08,22,4,-1,Rest,1.5,3.5
S003,08,22,5,-1,Rest,1.75,3.75
S003,08,22,6,-1,Rest,2.0,4.0
S003,08,24,0,-1,Rest,0.5,2.5
S003,08,24,1,-1,Rest,0.75,2.75
S003,08,24,2,-1,Rest,1.0,3.0
S003,08,24,3,-1,Rest,1.25,3.25
S003,08,24,4,-1,Rest,1.5,3.5
S003,08,24,5,-1,Rest,1.75,3.75
S003,08,24,6,-1,Rest,2.0,4.0
S003,08,26,0,-1,Rest,0.5,2.5
S003,08,26,1,-1,Rest,0.75,2.75
S003,08,26,2,-1,Rest,1.0,3.0
S003,08,26,3,-1,Rest,1.25,3.25
S003,08,26,4,-1,Rest,1.5,3.5
S003,08,26,5,-1,Rest,1.75,3.75
S003,08,26,6,-1,Rest,2.0,4.0
S003,08,28,0,-1,Rest,0.5,2.5
S003,08,28,1,-1,Rest,0.75,2.75
S003,08,28,2,-1,Rest,1.0,3.0
S003,08,28,3,-1,Rest,1.25,3.25
S003,08,28,4,-1,Rest,1.5,3.5
S003,08,28,5,-1,Rest,1.75,3.75
S003,08,28,6,-1,Rest,2.0,4.0
S003,12,0,0,-1,Rest,0.5,2.5
S003,12,0,1,-1,Rest,0.75,2.75
S003,12,0,2,-1,Rest,1.0,3.0
S003,12,0,3,-1,Rest,1.25,3.25
S003,12,0,4,-1,Rest,1.5,3.5
S003,12,0,5,-1,Rest,1.75,3.75
S003,12,0,6,-1,Rest,2.0,4.0
S003,12,2,0,-1,Rest,0.5,2.5
S003,12,2,1,-1,Rest,0.75,2.75
S003,12,2,2,-1,Rest,1.0,3.0
S003,12,2,3,-1,Rest,1.25,3.25
S003,12,2,4,-1,Rest,1.5,3.5
S003,12,2,5,-1,Rest,1.75,3.75
S003,12,2,6,-1,Rest,2.0,4.0
S003,12,4,0,-1,Rest,0.5,2.5
S003,12,4,1,-1,Rest,0.75,2.75
S003,12,6,0,-1,Rest,0.5,2.5
S003,12,6,1,-1,Rest,0.75,2.75
S003,12,6,2,-1,Rest,1.0,3.0
S003,12,6,3,-1,Rest,1.25,3.25
S003,12,6,4,-1,Rest,1.5,3.5
S003,12,6,5,-1,Rest,1.75,3.75
S003,12,6,6,-1,Rest,2.0,4.0
S003,12,8,0,-1,Rest,0.5,2.5
S003,12,8,1,-1,Rest,0.75,2.75
S003,12,8,2,-1,Rest,1.0,3.0
S003,12,8,3,-1,Rest,1.25,3.25
S003,12,8,4,-1,Rest,1.5,3.5
S003,12,8,5,-1,Rest,1.75,3.75
S003,12,8,6,-1,Rest,2.0,4.0
S003,12,10,0,-1,Rest,0.5,2.5
S003,12,10,1,-1,Rest,0.75,2.75
S003,12,10,2,-1,Rest,1.0,3.0
S003,12,10,3,-1,Rest,1.25,3.25
S003,12,10,4,-1,Rest,1.5,3.5
S003,12,10,5,-1,Rest,1.75,3.75
S003,12,10,6,-1,Rest,2.0,4.0
S003,12,12,0,-1,Rest,0.5,2.5
S003,12,12,1,-1,Rest,0.75,2.75
S003,12,12,2,-1,Rest,1.0,3.0
S003,12,12,3,-1,Rest,1.25,3.25
S003,12,12,4,-1,Rest,1.5,3.5
S003,12,12,5,-1,Rest,1.75,3.75
S003,12,12,6,-1,Rest,2.0,4.0
S003,12,14,0,-1,Rest,0.5,2.5
S003,12,14,1,-1,Rest,0.75,2.75
S003,12,14,2,-1,Rest,1.0,3.0
S003,12,14,3,-1,Rest,1.25,3.25
S003,12,14,4,-1,Rest,1.5,3.5
S003,12,14,5,-1,Rest,1.75,3.75
S003,12,14,6,-1,Rest,2.0,4.0
S003,12,16,0,-1,Rest,0.5,2.5
S003,12,16,1,-1,Rest,0.75,2.75
S003,12,16,2,-1,Rest,1.0,3.0
S003,12,16,3,-1,Rest,1.25,3.25
S003,12,16,4,-1,Rest,1.5,3.5
S003,12,16,5,-1,Rest,1.75,3.75
S003,12,16,6,-1,Rest,2.0,4.0
S003,12,18,0,-1,Rest,0.5,2.5
S003,12,18,1,-1,Rest,0.75,2.75
S003,12,18,2,-1,Rest,1.0,3.0
S003,12,18,3,-1,Rest,1.25,3.25
S003,12,18,4,-1,Rest,1.5,3.5
S003,12,18,5,-1,Rest,1.75,3.75
S003,12,18,6,-1,Rest,2.0,4.0
S003,12,20,0,-1,Rest,0.5,2.5
S003,12,20,1,-1,Rest,0.75,2.75
S003,12,20,2,-1,Rest,1.0,3.0
S003,12,20,3,-1,Rest,1.25,3.25
S003,12,20,4,-1,Rest,1.5,3.5
S003,12,20,5,-1,Rest,1.75,3.75
S003,12,20,6,-1,Rest,2.0,4.0
S003,12,22,0,-1,Rest,0.5,2.5
S003,12,22,1,-1,Rest,0.75,2.75
S003,12,22,2,-1,Rest,1.0,3.0
S003,12,22,3,-1,Rest,1.25,3.25
S003,12,22,4,-1,Rest,1.5,3.5
S003,12,22,5,-1,Rest,1.75,3.75
S003,12,22,6,-1,Rest,2.0,4.0
S003,12,28,0,-1,Rest,0.5,2.5
S003,12,28,1,-1,Rest,0.75,2.75
S003,12,28,2,-1,Rest,1.0,3.0
S003,12,28,3,-1,Rest,1.25,3.25
S003,12,28,4,-1,Rest,1.5,3.5
S003,12,28,5,-1,Rest,1.75,3.75
S003,12,28,6,-1,Rest,2.0,4.0
S004,04,0,0,-1,Rest,0.5,2.5
S004,04,0,1,-1,Rest,0.75,2.75
S004,04,0,2,-1,Rest,1.0,3.0
S004,04,0,3,-1,Rest,1.25,3.25
S004,04,0,4,-1,Rest,1.5,3.5
S004,04,0,5,-1,Rest,1.75,3.75
S004,04,0,6,-1,Rest,2.0,4.0
S004,04,2,0,-1,Rest,0.5,2.5
S004,04,2,1,-1,Rest,0.75,2.75
S004,04,2,2,-1,Rest,1.0,3.0
S004,04,2,3,-1,Rest,1.25,3.25
S004,04,2,4,-1,Rest,1.5,3.5
S004,04,2,5,-1,Rest,1.75,3.75
S004,04,2,6,-1,Rest,2.0,4.0
S004,04,4,0,-1,Rest,0.5,2.5
S004,04,4,1,-1,Rest,0.75,2.75
S004,04,4,2,-1,Rest,1.0,3.0
S004,04,4,3,-1,Rest,1.25,3.25
S004,04,4,4,-1,Rest,1.5,3.5
S004,04,4,5,-1,Rest,1.75,3.75
S004,04,4,6,-1,Rest,2.0,4.0
S004,04,6,0,-1,Rest,0.5,2.5
S004,04,6,1,-1,Rest,0.75,2.75
S004,04,6,2,-1,Rest,1.0,3.0
S004,04,6,3,-1,Rest,1.25,3.25
S004,04,6,4,-1,Rest,1.5,3.5
S004,04,6,5,-1,Rest,1.75,3.75
S004,04,6,6,-1,Rest,2.0,4.0
S004,04,8,0,-1,Rest,0.5,2.5
S004,04,8,1,-1,Rest,0.75,2.75
S004,04,8,2,-1,Rest,1.0,3.0
S004,04,8,3,-1,Rest,1.25,3.25
S004,04,8,4,-1,Rest,1.5,3.5
S004,04,8,5,-1,Rest,1.75,3.75
S004,04,8,6,-1,Rest,2.0,4.0
S004,04,10,0,-1,Rest,0.5,2.5
S004,04,10,1,-1,Rest,0.75,2.75
S004,04,10,2,-1,Rest,1.0,3.0
S004,04,10,3,-1,Rest,1.25,3.25
S004,04,10,4,-1,Rest,1.5,3.5
S004,04,10,5,-1,Rest,1.75,3.75
S004,04,10,6,-1,Rest,2.0,4.0
S004,04,12,0,-1,Rest,0.5,2.5
S004,04,12,1,-1,Rest,0.75,2.75
S004,04,12,2,-1,Rest,1.0,3.0
S004,04,12,3,-1,Rest,1.25,3.25
S004,04,12,4,-1,Rest,1.5,3.5
S004,04,12,5,-1,Rest,1.75,3.75
S004,04,12,6,-1,Rest,2.0,4.0
S004,04,14,0,-1,Rest,0.5,2.5
S004,04,14,1,-1,Rest,0.75,2.75
S004,04,14,2,-1,Rest,1.0,3.0
S004,04,14,3,-1,Rest,1.25,3.25
S004,04,14,4,-1,Rest,1.5,3.5
S004,04,14,5,-1,Rest,1.75,3.75
S004,04,14,6,-1,Rest,2.0,4.0
S004,04,16,0,-1,Rest,0.5,2.5
S004,04,16,1,-1,Rest,0.75,2.75
S004,04,16,2,-1,Rest,1.0,3.0
S004,04,16,3,-1,Rest,1.25,3.25
S004,04,16,4,-1,Rest,1.5,3.5
S004,04,16,5,-1,Rest,1.75,3.75
S004,04,16,6,-1,Rest,2.0,4.0
S004,04,18,0,-1,Rest,0.5,2.5
S004,04,18,1,-1,Rest,0.75,2.75
S004,04,18,2,-1,Rest,1.0,3.0
S004,04,18,3,-1,Rest,1.25,3.25
S004,04,18,4,-1,Rest,1.5,3.5
S004,04,18,5,-1,Rest,1.75,3.75
S004,04,18,6,-1,Rest,2.0,4.0
S004,04,20,0,-1,Rest,0.5,2.5
S004,04,20,1,-1,Rest,0.75,2.75
S004,04,20,2,-1,Rest,1.0,3.0
S004,04,20,3,-1,Rest,1.25,3.25
S004,04,20,4,-1,Rest,1.5,3.5
S004,04,20,5,-1,Rest,1.75,3.75
S004,04,20,6,-1,Rest,2.0,4.0
S004,04,22,0,-1,Rest,0.5,2.5
S004,04,22,1,-1,Rest,0.75,2.75
S004,04,22,2,-1,Rest,1.0,3.0
S004,04,22,3,-1,Rest,1.25,3.25
S004,04,22,4,-1,Rest,1.5,3.5
S004,04,22,5,-1,Rest,1.75,3.75
S004,04,22,6,-1,Rest,2.0,4.0
S004,04,24,0,-1,Rest,0.5,2.5
S004,04,24,1,-1,Rest,0.75,2.75
S004,04,24,2,-1,Rest,1.0,3.0
S004,04,24,3,-1,Rest,1.25,3.25
S004,04,24,4,-1,Rest,1.5,3.5
S004,04,24,5,-1,Rest,1.75,3.75
S004,04,24,6,-1,Rest,2.0,4.0
S004,04,26,0,-1,Rest,0.5,2.5
S004,04,26,1,-1,Rest,0.75,2.75
S004,04,26,2,-1,Rest,1.0,3.0
S004,04,26,3,-1,Rest,1.25,3.25
S004,04,26,4,-1,Rest,1.5,3.5
S004,04,26,5,-1,Rest,1.75,3.75
S004,04,26,6,-1,Rest,2.0,4.0
S004,04,28,0,-1,Rest,0.5,2.5
S004,04,28,1,-1,Rest,0.75,2.75
S004,04,28,2,-1,Rest,1.0,3.0
S004,04,28,3,-1,Rest,1.25,3.25
S004,04,28,4,-1,Rest,1.5,3.5
S004,04,28,5,-1,Rest,1.75,3.75
S004,04,28,6,-1,Rest,2.0,4.0
S004,08,0,0,-1,Rest,0.5,2.5
S004,08,0,1,-1,Rest,0.75,2.75
S004,08,0,2,-1,Rest,1.0,3.0
S004,08,0,3,-1,Rest,1.25,3.25
S004,08,0,4,-1,Rest,1.5,3.5
S004,08,0,5,-1,Rest,1.75,3.75
S004,08,0,6,-1,Rest,2.0,4.0
S004,08,2,0,-1,Rest,0.5,2.5
S004,08,2,1,-1,Rest,0.75,2.75
S004,08,2,2,-1,Rest,1.0,3.0
S004,08,2,3,-1,Rest,1.25,3.25
S004,08,2,4,-1,Rest,1.5,3.5
S004,08,2,5,-1,Rest,1.75,3.75
S004,08,2,6,-1,Rest,2.0,4.0
S004,08,4,0,-1,Rest,0.5,2.5
S004,08,4,1,-1,Rest,0.75,2.75
S004,08,4,2,-1,Rest,1.0,3.0
S004,08,4,3,-1,Rest,1.25,3.25
S004,08,4,4,-1,Rest,1.5,3.5
S004,08,4,5,-1,Rest,1.75,3.75
S004,08,4,6,-1,Rest,2.0,4.0
S004,08,6,0,-1,Rest,0.5,2.5
S004,08,6,1,-1,Rest,0.75,2.75
S004,08,6,2,-1,Rest,1.0,3.0
S004,08,6,3,-1,Rest,1.25,3.25
S004,08,6,4,-1,Rest,1.5,3.5
S004,08,6,5,-1,Rest,1.75,3.75
S004,08,6,6,-1,Rest,2.0,4.0
S004,08,8,0,-1,Rest,0.5,2.5
S004,08,8,1,-1,Rest,0.75,2.75
S004,08,8,2,-1,Rest,1.0,3.0
S004,08,8,3,-1,Rest,1.25,3.25
S004,08,8,4,-1,Rest,1.5,3.5
S004,08,8,5,-1,Rest,1.75,3.75
S004,08,8,6,-1,Rest,2.0,4.0
S004,08,10,0,-1,Rest,0.5,2.5
S004,08,10,1,-1,Rest,0.75,2.75
S004,08,10,2,-1,Rest,1.0,3.0
S004,08,10,3,-1,Rest,1.25,3.25
S004,08,10,4,-1,Rest,1.5,3.5
S004,08,10,5,-1,Rest,1.75,3.75
S004,08,10,6,-1,Rest,2.0,4.0
S004,08,12,0,-1,Rest,0.5,2.5
S004,08,12,1,-1,Rest,0.75,2.75
S004,08,12,2,-1,Rest,1.0,3.0
S004,08,12,3,-1,Rest,1.25,3.25
S004,08,12,4,-1,Rest,1.5,3.5
S004,08,12,5,-1,Rest,1.75,3.75
S004,08,12,6,-1,Rest,2.0,4.0
S004,08,14,0,-1,Rest,0.5,2.5
S004,08,14,1,-1,Rest,0.75,2.75
S004,08,14,2,-1,Rest,1.0,3.0
S004,08,14,3,-1,Rest,1.25,3.25
S004,08,14,4,-1,Rest,1.5,3.5
S004,08,14,5,-1,Rest,1.75,3.75
S004,08,14,6,-1,Rest,2.0,4.0
S004,08,16,0,-1,Rest,0.5,2.5
S004,08,16,1,-1,Rest,0.75,2.75
S004,08,16,2,-1,Rest,1.0,3.0
S004,08,16,3,-1,Rest,1.25,3.25
S004,08,16,4,-1,Rest,1.5,3.5
S004,08,16,5,-1,Rest,1.75,3.75
S004,08,16,6,-1,Rest,2.0,4.0
S004,08,18,0,-1,Rest,0.5,2.5
S004,08,18,1,-1,Rest,0.75,2.75
S004,08,18,2,-1,Rest,1.0,3.0
S004,08,18,3,-1,Rest,1.25,3.25
S004,08,18,4,-1,Rest,1.5,3.5
S004,08,18,5,-1,Rest,1.75,3.75
S004,08,18,6,-1,Rest,2.0,4.0
S004,08,20,0,-1,Rest,0.5,2.5
S004,08,20,1,-1,Rest,0.75,2.75
S004,08,20,2,-1,Rest,1.0,3.0
S004,08,20,3,-1,Rest,1.25,3.25
S004,08,20,4,-1,Rest,1.5,3.5
S004,08,20,5,-1,Rest,1.75,3.75
S004,08,20,6,-1,Rest,2.0,4.0
S004,08,22,0,-1,Rest,0.5,2.5
S004,08,22,1,-1,Rest,0.75,2.75
S004,08,22,2,-1,Rest,1.0,3.0
S004,08,22,3,-1,Rest,1.25,3.25
S004,08,22,4,-1,Rest,1.5,3.5
S004,08,22,5,-1,Rest,1.75,3.75
S004,08,22,6,-1,Rest,2.0,4.0
S004,08,24,0,-1,Rest,0.5,2.5
S004,08,24,1,-1,Rest,0.75,2.75
S004,08,24,2,-1,Rest,1.0,3.0
S004,08,24,3,-1,Rest,1.25,3.25
S004,08,24,4,-1,Rest,1.5,3.5
S004,08,24,5,-1,Rest,1.75,3.75
S004,08,24,6,-1,Rest,2.0,4.0
S004,08,26,0,-1,Rest,0.5,2.5
S004,08,26,1,-1,Rest,0.75,2.75
S004,08,26,2,-1,Rest,1.0,3.0
S004,08,26,3,-1,Rest,1.25,3.25
S004,08,26,4,-1,Rest,1.5,3.5
S004,08,26,5,-1,Rest,1.75,3.75
S004,08,26,6,-1,Rest,2.0,4.0
S004,08,28,0,-1,Rest,0.5,2.5
S004,08,28,1,-1,Rest,0.75,2.75
S004,08,28,2,-1,Rest,1.0,3.0
S004,08,28,3,-1,Rest,1.25,3.25
S004,08,28,4,-1,Rest,1.5,3.5
S004,08,28,5,-1,Rest,1.75,3.75
S004,08,28,6,-1,Rest,2.0,4.0
S004,12,0,0,-1,Rest,0.5,2.5
S004,12,0,1,-1,Rest,0.75,2.75
S004,12,0,2,-1,Rest,1.0,3.0
S004,12,0,3,-1,Rest,1.25,3.25
S004,12,0,4,-1,Rest,1.5,3.5
S004,12,0,5,-1,Rest,1.75,3.75
S004,12,0,6,-1,Rest,2.0,4.0
S004,12,2,0,-1,Rest,0.5,2.5
S004,12,2,1,-1,Rest,0.75,2.75
S004,12,2,2,-1,Rest,1.0,3.0
S004,12,2,3,-1,Rest,1.25,3.25
S004,12,2,4,-1,Rest,1.5,3.5
S004,12,2,5,-1,Rest,1.75,3.75
S004,12,2,6,-1,Rest,2.0,4.0
S004,12,4,0,-1,Rest,0.5,2.5
S004,12,4,1,-1,Rest,0.75,2.75
S004,12,4,2,-1,Rest,1.0,3.0
S004,12,4,3,-1,Rest,1.25,3.25
S004,12,4,4,-1,Rest,1.5,3.5
S004,12,4,5,-1,Rest,1.75,3.75
S004,12,4,6,-1,Rest,2.0,4.0
S004,12,6,0,-1,Rest,0.5,2.5
S004,12,6,1,-1,Rest,0.75,2.75
S004,12,6,2,-1,Rest,1.0,3.0
S004,12,6,3,-1,Rest,1.25,3.25
S004,12,6,4,-1,Rest,1.5,3.5
S004,12,6,5,-1,Rest,1.75,3.75
S004,12,6,6,-1,Rest,2.0,4.0
S004,12,8,0,-1,Rest,0.5,2.5
S004,12,8,1,-1,Rest,0.75,2.75
S004,12,8,2,-1,Rest,1.0,3.0
S004,12,8,3,-1,Rest,1.25,3.25
S004,12,8,4,-1,Rest,1.5,3.5
S004,12,8,5,-1,Rest,1.75,3.75
S004,12,8,6,-1,Rest,2.0,4.0
S004,12,10,0,-1,Rest,0.5,2.5
S004,12,10,1,-1,Rest,0.75,2.75
S004,12,10,2,-1,Rest,1.0,3.0
S004,12,10,3,-1,Rest,1.25,3.25
S004,12,10,4,-1,Rest,1.5,3.5
S004,12,10,5,-1,Rest,1.75,3.75
S004,12,10,6,-1,Rest,2.0,4.0
S004,12,12,0,-1,Rest,0.5,2.5
S004,12,12,1,-1,Rest,0.75,2.75
S004,12,12,2,-1,Rest,1.0,3.0
S004,12,12,3,-1,Rest,1.25,3.25
S004,12,12,4,-1,Rest,1.5,3.5
S004,12,12,5,-1,Rest,1.75,3.75
S004,12,12,6,-1,Rest,2.0,4.0
S004,12,14,0,-1,Rest,0.5,2.5
S004,12,14,1,-1,Rest,0.75,2.75
S004,12,14,2,-1,Rest,1.0,3.0
S004,12,14,3,-1,Rest,1.25,3.25
S004,12,14,4,-1,Rest,1.5,3.5
S004,12,14,5,-1,Rest,1.75,3.75
S004,12,14,6,-1,Rest,2.0,4.0
S004,12,16,0,-1,Rest,0.5,2.5
S004,12,16,1,-1,Rest,0.75,2.75
S004,12,16,2,-1,Rest,1.0,3.0
S004,12,16,3,-1,Rest,1.25,3.25
S004,12,16,4,-1,Rest,1.5,3.5
S004,12,16,5,-1,Rest,1.75,3.75
S004,12,16,6,-1,Rest,2.0,4.0
S004,12,18,0,-1,Rest,0.5,2.5
S004,12,18,1,-1,Rest,0.75,2.75
S004,12,18,2,-1,Rest,1.0,3.0
S004,12,18,3,-1,Rest,1.25,3.25
S004,12,18,4,-1,Rest,1.5,3.5
S004,12,18,5,-1,Rest,1.75,3.75
S004,12,18,6,-1,Rest,2.0,4.0
S004,12,20,0,-1,Rest,0.5,2.5
S004,12,20,1,-1,Rest,0.75,2.75
S004,12,20,2,-1,Rest,1.0,3.0
S004,12,20,3,-1,Rest,1.25,3.25
S004,12,20,4,-1,Rest,1.5,3.5
S004,12,20,5,-1,Rest,1.75,3.75
S004,12,20,6,-1,Rest,2.0,4.0
S004,12,22,0,-1,Rest,0.5,2.5
S004,12,22,1,-1,Rest,0.75,2.75
S004,12,22,2,-1,Rest,1.0,3.0
S004,12,22,3,-1,Rest,1.25,3.25
S004,12,22,4,-1,Rest,1.5,3.5
S004,12,22,5,-1,Rest,1.75,3.75
S004,12,22,6,-1,Rest,2.0,4.0
S004,12,24,0,-1,Rest,0.5,2.5
S004,12,24,1,-1,Rest,0.75,2.75
S004,12,24,2,-1,Rest,1.0,3.0
S004,12,24,3,-1,Rest,1.25,3.25
S004,12,24,4,-1,Rest,1.5,3.5
S004,12,24,5,-1,Rest,1.75,3.75
S004,12,24,6,-1,Rest,2.0,4.0
S004,12,26,0,-1,Rest,0.5,2.5
S004,12,26,1,-1,Rest,0.75,2.75
S004,12,26,2,-1,Rest,1.0,3.0
S004,12,26,3,-1,Rest,1.25,3.25
S004,12,26,4,-1,Rest,1.5,3.5
S004,12,26,5,-1,Rest,1.75,3.75
S004,12,26,6,-1,Rest,2.0,4.0
S004,12,28,0,-1,Rest,0.5,2.5
S004,12,28,1,-1,Rest,0.75,2.75
S004,12,28,2,-1,Rest,1.0,3.0
S004,12,28,3,-1,Rest,1.25,3.25
S004,12,28,4,-1,Rest,1.5,3.5
S004,12,28,5,-1,Rest,1.75,3.75
S004,12,28,6,-1,Rest,2.0,4.0
S005,04,0,0,-1,Rest,0.5,2.5
S005,04,0,1,-1,Rest,0.75,2.75
S005,04,0,2,-1,Rest,1.0,3.0
S005,04,0,3,-1,Rest,1.25,3.25
S005,04,0,4,-1,Rest,1.5,3.5
S005,04,0,5,-1,Rest,1.75,3.75
S005,04,0,6,-1,Rest,2.0,4.0
S005,04,2,0,-1,Rest,0.5,2.5
S005,04,2,1,-1,Rest,0.75,2.75
S005,04,2,2,-1,Rest,1.0,3.0
S005,04,2,3,-1,Rest,1.25,3.25
S005,04,2,4,-1,Rest,1.5,3.5
S005,04,2,5,-1,Rest,1.75,3.75
S005,04,2,6,-1,Rest,2.0,4.0
S005,04,4,0,-1,Rest,0.5,2.5
S005,04,4,1,-1,Rest,0.75,2.75
S005,04,4,2,-1,Rest,1.0,3.0
S005,04,4,3,-1,Rest,1.25,3.25
S005,04,4,4,-1,Rest,1.5,3.5
S005,04,4,5,-1,Rest,1.75,3.75
S005,04,4,6,-1,Rest,2.0,4.0
S005,04,6,0,-1,Rest,0.5,2.5
S005,04,6,1,-1,Rest,0.75,2.75
S005,04,6,2,-1,Rest,1.0,3.0
S005,04,6,3,-1,Rest,1.25,3.25
S005,04,6,4,-1,Rest,1.5,3.5
S005,04,6,5,-1,Rest,1.75,3.75
S005,04,6,6,-1,Rest,2.0,4.0
S005,04,8,0,-1,Rest,0.5,2.5
S005,04,8,1,-1,Rest,0.75,2.75
S005,04,8,2,-1,Rest,1.0,3.0
S005,04,8,3,-1,Rest,1.25,3.25
S005,04,8,4,-1,Rest,1.5,3.5
S005,04,8,5,-1,Rest,1.75,3.75
S005,04,8,6,-1,Rest,2.0,4.0
S005,04,10,0,-1,Rest,0.5,2.5
S005,04,10,1,-1,Rest,0.75,2.75
S005,04,10,2,-1,Rest,1.0,3.0
S005,04,10,3,-1,Rest,1.25,3.25
S005,04,10,4,-1,Rest,1.5,3.5
S005,04,10,5,-1,Rest,1.75,3.75
S005,04,10,6,-1,Rest,2.0,4.0
S005,04,12,0,-1,Rest,0.5,2.5
S005,04,12,1,-1,Rest,0.75,2.75
S005,04,12,2,-1,Rest,1.0,3.0
S005,04,12,3,-1,Rest,1.25,3.25
S005,04,12,4,-1,Rest,1.5,3.5
S005,04,12,5,-1,Rest,1.75,3.75
S005,04,12,6,-1,Rest,2.0,4.0
S005,04,14,0,-1,Rest,0.5,2.5
S005,04,14,1,-1,Rest,0.75,2.75
S005,04,14,2,-1,Rest,1.0,3.0
S005,04,14,3,-1,Rest,1.25,3.25
S005,04,14,4,-1,Rest,1.5,3.5
S005,04,14,5,-1,Rest,1.75,3.75
S005,04,14,6,-1,Rest,2.0,4.0
S005,04,16,0,-1,Rest,0.5,2.5
S005,04,16,1,-1,Rest,0.75,2.75
S005,04,16,2,-1,Rest,1.0,3.0
S005,04,16,3,-1,Rest,1.25,3.25
S005,04,16,4,-1,Rest,1.5,3.5
S005,04,16,5,-1,Rest,1.75,3.75
S005,04,16,6,-1,Rest,2.0,4.0
S005,04,18,0,-1,Rest,0.5,2.5
S005,04,18,1,-1,Rest,0.75,2.75
S005,04,18,2,-1,Rest,1.0,3.0
S005,04,18,3,-1,Rest,1.25,3.25
S005,04,18,4,-1,Rest,1.5,3.5
S005,04,18,5,-1,Rest,1.75,3.75
S005,04,18,6,-1,Rest,2.0,4.0
S005,04,20,0,-1,Rest,0.5,2.5
S005,04,20,1,-1,Rest,0.75,2.75
S005,04,20,2,-1,Rest,1.0,3.0
S005,04,20,3,-1,Rest,1.25,3.25
S005,04,20,4,-1,Rest,1.5,3.5
S005,04,20,5,-1,Rest,1.75,3.75
S005,04,20,6,-1,Rest,2.0,4.0
S005,04,22,0,-1,Rest,0.5,2.5
S005,04,22,1,-1,Rest,0.75,2.75
S005,04,22,2,-1,Rest,1.0,3.0
S005,04,22,3,-1,Rest,1.25,3.25
S005,04,22,4,-1,Rest,1.5,3.5
S005,04,22,5,-1,Rest,1.75,3.75
S005,04,22,6,-1,Rest,2.0,4.0
S005,04,24,0,-1,Rest,0.5,2.5
S005,04,24,1,-1,Rest,0.75,2.75
S005,04,24,2,-1,Rest,1.0,3.0
S005,04,24,3,-1,Rest,1.25,3.25
S005,04,24,4,-1,Rest,1.5,3.5
S005,04,24,5,-1,Rest,1.75,3.75
S005,04,24,6,-1,Rest,2.0,4.0
S005,04,26,0,-1,Rest,0.5,2.5
S005,04,26,1,-1,Rest,0.75,2.75
S005,04,26,2,-1,Rest,1.0,3.0
S005,04,26,3,-1,Rest,1.25,3.25
S005,04,26,4,-1,Rest,1.5,3.5
S005,04,26,5,-1,Rest,1.75,3.75
S005,04,26,6,-1,Rest,2.0,4.0
S005,04,28,0,-1,Rest,0.5,2.5
S005,04,28,1,-1,Rest,0.75,2.75
S005,04,28,2,-1,Rest,1.0,3.0
S005,04,28,3,-1,Rest,1.25,3.25
S005,04,28,4,-1,Rest,1.5,3.5
S005,04,28,5,-1,Rest,1.75,3.75
S005,04,28,6,-1,Rest,2.0,4.0
S005,08,0,0,-1,Rest,0.5,2.5
S005,08,0,1,-1,Rest,0.75,2.75
S005,08,0,2,-1,Rest,1.0,3.0
S005,08,0,3,-1,Rest,1.25,3.25
S005,08,0,4,-1,Rest,1.5,3.5
S005,08,0,5,-1,Rest,1.75,3.75
S005,08,0,6,-1,Rest,2.0,4.0
S005,08,2,0,-1,Rest,0.5,2.5
S005,08,2,1,-1,Rest,0.75,2.75
S005,08,2,2,-1,Rest,1.0,3.0
S005,08,2,3,-1,Rest,1.25,3.25
S005,08,2,4,-1,Rest,1.5,3.5
S005,08,2,5,-1,Rest,1.75,3.75
S005,08,2,6,-1,Rest,2.0,4.0
S005,08,4,0,-1,Rest,0.5,2.5
S005,08,4,1,-1,Rest,0.75,2.75
S005,08,4,2,-1,Rest,1.0,3.0
S005,08,4,3,-1,Rest,1.25,3.25
S005,08,4,4,-1,Rest,1.5,3.5
S005,08,4,5,-1,Rest,1.75,3.75
S005,08,4,6,-1,Rest,2.0,4.0
S005,08,6,0,-1,Rest,0.5,2.5
S005,08,6,1,-1,Rest,0.75,2.75
S005,08,6,2,-1,Rest,1.0,3.0
S005,08,6,3,-1,Rest,1.25,3.25
S005,08,6,4,-1,Rest,1.5,3.5
S005,08,6,5,-1,Rest,1.75,3.75
S005,08,6,6,-1,Rest,2.0,4.0
S005,08,8,0,-1,Rest,0.5,2.5
S005,08,8,1,-1,Rest,0.75,2.75
S005,08,8,2,-1,Rest,1.0,3.0
S005,08,8,3,-1,Rest,1.25,3.25
S005,08,8,4,-1,Rest,1.5,3.5
S005,08,8,5,-1,Rest,1.75,3.75
S005,08,8,6,-1,Rest,2.0,4.0
S005,08,10,0,-1,Rest,0.5,2.5
S005,08,10,1,-1,Rest,0.75,2.75
S005,08,10,2,-1,Rest,1.0,3.0
S005,08,10,3,-1,Rest,1.25,3.25
S005,08,10,4,-1,Rest,1.5,3.5
S005,08,10,5,-1,Rest,1.75,3.75
S005,08,10,6,-1,Rest,2.0,4.0
S005,08,12,0,-1,Rest,0.5,2.5
S005,08,12,1,-1,Rest,0.75,2.75
S005,08,12,2,-1,Rest,1.0,3.0
S005,08,12,3,-1,Rest,1.25,3.25
S005,08,12,4,-1,Rest,1.5,3.5
S005,08,12,5,-1,Rest,1.75,3.75
S005,08,12,6,-1,Rest,2.0,4.0
S005,08,14,0,-1,Rest,0.5,2.5
S005,08,14,1,-1,Rest,0.75,2.75
S005,08,14,2,-1,Rest,1.0,3.0
S005,08,14,3,-1,Rest,1.25,3.25
S005,08,14,4,-1,Rest,1.5,3.5
S005,08,14,5,-1,Rest,1.75,3.75
S005,08,14,6,-1,Rest,2.0,4.0
S005,08,16,0,-1,Rest,0.5,2.5
S005,08,16,1,-1,Rest,0.75,2.75
S005,08,16,2,-1,Rest,1.0,3.0
S005,08,16,3,-1,Rest,1.25,3.25
S005,08,16,4,-1,Rest,1.5,3.5
S005,08,16,5,-1,Rest,1.75,3.75
S005,08,16,6,-1,Rest,2.0,4.0
S005,08,18,0,-1,Rest,0.5,2.5
S005,08,18,1,-1,Rest,0.75,2.75
S005,08,18,2,-1,Rest,1.0,3.0
S005,08,18,3,-1,Rest,1.25,3.25
S005,08,18,4,-1,Rest,1.5,3.5
S005,08,18,5,-1,Rest,1.75,3.75
S005,08,18,6,-1,Rest,2.0,4.0
S005,08,20,0,-1,Rest,0.5,2.5
S005,08,20,1,-1,Rest,0.75,2.75
S005,08,20,2,-1,Rest,1.0,3.0
S005,08,20,3,-1,Rest,1.25,3.25
S005,08,20,4,-1,Rest,1.5,3.5
S005,08,20,5,-1,Rest,1.75,3.75
S005,08,20,6,-1,Rest,2.0,4.0
S005,08,22,0,-1,Rest,0.5,2.5
S005,08,22,1,-1,Rest,0.75,2.75
S005,08,22,2,-1,Rest,1.0,3.0
S005,08,22,3,-1,Rest,1.25,3.25
S005,08,22,4,-1,Rest,1.5,3.5
S005,08,22,5,-1,Rest,1.75,3.75
S005,08,22,6,-1,Rest,2.0,4.0
S005,08,24,0,-1,Rest,0.5,2.5
S005,08,24,1,-1,Rest,0.75,2.75
S005,08,24,2,-1,Rest,1.0,3.0
S005,08,24,3,-1,Rest,1.25,3.25
S005,08,24,4,-1,Rest,1.5,3.5
S005,08,24,5,-1,Rest,1.75,3.75
S005,08,24,6,-1,Rest,2.0,4.0
S005,08,26,0,-1,Rest,0.5,2.5
S005,08,26,1,-1,Rest,0.75,2.75
S005,08,26,2,-1,Rest,1.0,3.0
S005,08,26,3,-1,Rest,1.25,3.25
S005,08,26,4,-1,Rest,1.5,3.5
S005,08,26,5,-1,Rest,1.75,3.75
S005,08,26,6,-1,Rest,2.0,4.0
S005,08,28,0,-1,Rest,0.5,2.5
S005,08,28,1,-1,Rest,0.75,2.75
S005,08,28,2,-1,Rest,1.0,3.0
S005,08,28,3,-1,Rest,1.25,3.25
S005,08,28,4,-1,Rest,1.5,3.5
S005,08,28,5,-1,Rest,1.75,3.75
S005,08,28,6,-1,Rest,2.0,4.0
S005,12,0,0,-1,Rest,0.5,2.5
S005,12,0,1,-1,Rest,0.75,2.75
S005,12,0,2,-1,Rest,1.0,3.0
S005,12,0,3,-1,Rest,1.25,3.25
S005,12,0,4,-1,Rest,1.5,3.5
S005,12,0,5,-1,Rest,1.75,3.75
S005,12,0,6,-1,Rest,2.0,4.0
S005,12,2,0,-1,Rest,0.5,2.5
S005,12,2,1,-1,Rest,0.75,2.75
S005,12,2,2,-1,Rest,1.0,3.0
S005,12,2,3,-1,Rest,1.25,3.25
S005,12,2,4,-1,Rest,1.5,3.5
S005,12,2,5,-1,Rest,1.75,3.75
S005,12,2,6,-1,Rest,2.0,4.0
S005,12,4,0,-1,Rest,0.5,2.5
S005,12,4,1,-1,Rest,0.75,2.75
S005,12,4,2,-1,Rest,1.0,3.0
S005,12,4,3,-1,Rest,1.25,3.25
S005,12,4,4,-1,Rest,1.5,3.5
S005,12,4,5,-1,Rest,1.75,3.75
S005,12,4,6,-1,Rest,2.0,4.0
S005,12,6,0,-1,Rest,0.5,2.5
S005,12,6,1,-1,Rest,0.75,2.75
S005,12,6,2,-1,Rest,1.0,3.0
S005,12,6,3,-1,Rest,1.25,3.25
S005,12,6,4,-1,Rest,1.5,3.5
S005,12,6,5,-1,Rest,1.75,3.75
S005,12,6,6,-1,Rest,2.0,4.0
S005,12,8,0,-1,Rest,0.5,2.5
S005,12,8,1,-1,Rest,0.75,2.75
S005,12,8,2,-1,Rest,1.0,3.0
S005,12,8,3,-1,Rest,1.25,3.25
S005,12,8,4,-1,Rest,1.5,3.5
S005,12,8,5,-1,Rest,1.75,3.75
S005,12,8,6,-1,Rest,2.0,4.0
S005,12,10,0,-1,Rest,0.5,2.5
S005,12,10,1,-1,Rest,0.75,2.75
S005,12,10,2,-1,Rest,1.0,3.0
S005,12,10,3,-1,Rest,1.25,3.25
S005,12,10,4,-1,Rest,1.5,3.5
S005,12,10,5,-1,Rest,1.75,3.75
S005,12,10,6,-1,Rest,2.0,4.0
S005,12,12,0,-1,Rest,0.5,2.5
S005,12,12,1,-1,Rest,0.75,2.75
S005,12,12,2,-1,Rest,1.0,3.0
S005,12,12,3,-1,Rest,1.25,3.25
S005,12,12,4,-1,Rest,1.5,3.5
S005,12,12,5,-1,Rest,1.75,3.75
S005,12,12,6,-1,Rest,2.0,4.0
S005,12,14,0,-1,Rest,0.5,2.5
S005,12,14,1,-1,Rest,0.75,2.75
S005,12,14,2,-1,Rest,1.0,3.0
S005,12,14,3,-1,Rest,1.25,3.25
S005,12,14,4,-1,Rest,1.5,3.5
S005,12,14,5,-1,Rest,1.75,3.75
S005,12,14,6,-1,Rest,2.0,4.0
S005,12,16,0,-1,Rest,0.5,2.5
S005,12,16,1,-1,Rest,0.75,2.75
S005,12,16,2,-1,Rest,1.0,3.0
S005,12,16,3,-1,Rest,1.25,3.25
S005,12,16,4,-1,Rest,1.5,3.5
S005,12,16,5,-1,Rest,1.75,3.75
S005,12,16,6,-1,Rest,2.0,4.0
S005,12,18,0,-1,Rest,0.5,2.5
S005,12,18,1,-1,Rest,0.75,2.75
S005,12,18,2,-1,Rest,1.0,3.0
S005,12,18,3,-1,Rest,1.25,3.25
S005,12,18,4,-1,Rest,1.5,3.5
S005,12,18,5,-1,Rest,1.75,3.75
S005,12,18,6,-1,Rest,2.0,4.0
S005,12,20,0,-1,Rest,0.5,2.5
S005,12,20,1,-1,Rest,0.75,2.75
S005,12,20,2,-1,Rest,1.0,3.0
S005,12,20,3,-1,Rest,1.25,3.25
S005,12,20,4,-1,Rest,1.5,3.5
S005,12,20,5,-1,Rest,1.75,3.75
S005,12,20,6,-1,Rest,2.0,4.0
S005,12,22,0,-1,Rest,0.5,2.5
S005,12,22,1,-1,Rest,0.75,2.75
S005,12,22,2,-1,Rest,1.0,3.0
S005,12,22,3,-1,Rest,1.25,3.25
S005,12,22,4,-1,Rest,1.5,3.5
S005,12,22,5,-1,Rest,1.75,3.75
S005,12,22,6,-1,Rest,2.0,4.0
S005,12,24,0,-1,Rest,0.5,2.5
S005,12,24,1,-1,Rest,0.75,2.75
S005,12,24,2,-1,Rest,1.0,3.0
S005,12,24,3,-1,Rest,1.25,3.25
S005,12,24,4,-1,Rest,1.5,3.5
S005,12,24,5,-1,Rest,1.75,3.75
S005,12,24,6,-1,Rest,2.0,4.0
S005,12,26,0,-1,Rest,0.5,2.5
S005,12,26,1,-1,Rest,0.75,2.75
S005,12,26,2,-1,Rest,1.0,3.0
S005,12,26,3,-1,Rest,1.25,3.25
S005,12,26,4,-1,Rest,1.5,3.5
S005,12,26,5,-1,Rest,1.75,3.75
S005,12,26,6,-1,Rest,2.0,4.0
S005,12,28,0,-1,Rest,0.5,2.5
S005,12,28,1,-1,Rest,0.75,2.75
S005,12,28,2,-1,Rest,1.0,3.0
S005,12,28,3,-1,Rest,1.25,3.25
S005,12,28,4,-1,Rest,1.5,3.5
S005,12,28,5,-1,Rest,1.75,3.75
S005,12,28,6,-1,Rest,2.0,4.0
S006,04,0,0,-1,Rest,0.5,2.5
S006,04,0,1,-1,Rest,0.75,2.75
S006,04,0,2,-1,Rest,1.0,3.0
S006,04,0,3,-1,Rest,1.25,3.25
S006,04,0,4,-1,Rest,1.5,3.5
S006,04,0,5,-1,Rest,1.75,3.75
S006,04,0,6,-1,Rest,2.0,4.0
S006,04,2,0,-1,Rest,0.5,2.5
S006,04,2,1,-1,Rest,0.75,2.75
S006,04,2,2,-1,Rest,1.0,3.0
S006,04,2,3,-1,Rest,1.25,3.25
S006,04,2,4,-1,Rest,1.5,3.5
S006,04,2,5,-1,Rest,1.75,3.75
S006,04,2,6,-1,Rest,2.0,4.0
S006,04,4,0,-1,Rest,0.5,2.5
S006,04,4,1,-1,Rest,0.75,2.75
S006,04,4,2,-1,Rest,1.0,3.0
S006,04,4,3,-1,Rest,1.25,3.25
S006,04,4,4,-1,Rest,1.5,3.5
S006,04,4,5,-1,Rest,1.75,3.75
S006,04,4,6,-1,Rest,2.0,4.0
S006,04,6,0,-1,Rest,0.5,2.5
S006,04,6,1,-1,Rest,0.75,2.75
S006,04,6,2,-1,Rest,1.0,3.0
S006,04,6,3,-1,Rest,1.25,3.25
S006,04,6,4,-1,Rest,1.5,3.5
S006,04,6,5,-1,Rest,1.75,3.75
S006,04,6,6,-1,Rest,2.0,4.0
S006,04,8,0,-1,Rest,0.5,2.5
S006,04,8,1,-1,Rest,0.75,2.75
S006,04,8,2,-1,Rest,1.0,3.0
S006,04,8,3,-1,Rest,1.25,3.25
S006,04,8,4,-1,Rest,1.5,3.5
S006,04,8,5,-1,Rest,1.75,3.75
S006,04,8,6,-1,Rest,2.0,4.0
S006,04,10,0,-1,Rest,0.5,2.5
S006,04,10,1,-1,Rest,0.75,2.75
S006,04,10,2,-1,Rest,1.0,3.0
S006,04,10,3,-1,Rest,1.25,3.25
S006,04,10,4,-1,Rest,1.5,3.5
S006,04,10,5,-1,Rest,1.75,3.75
S006,04,10,6,-1,Rest,2.0,4.0
S006,04,12,0,-1,Rest,0.5,2.5
S006,04,12,1,-1,Rest,0.75,2.75
S006,04,12,2,-1,Rest,1.0,3.0
S006,04,12,3,-1,Rest,1.25,3.25
S006,04,12,4,-1,Rest,1.5,3.5
S006,04,12,5,-1,Rest,1.75,3.75
S006,04,12,6,-1,Rest,2.0,4.0
S006,04,14,0,-1,Rest,0.5,2.5
S006,04,14,1,-1,Rest,0.75,2.75
S006,04,14,2,-1,Rest,1.0,3.0
S006,04,14,3,-1,Rest,1.25,3.25
S006,04,14,4,-1,Rest,1.5,3.5
S006,04,14,5,-1,Rest,1.75,3.75
S006,04,14,6,-1,Rest,2.0,4.0
S006,04,16,0,-1,Rest,0.5,2.5
S006,04,16,1,-1,Rest,0.75,2.75
S006,04,16,2,-1,Rest,1.0,3.0
S006,04,16,3,-1,Rest,1.25,3.25
S006,04,16,4,-1,Rest,1.5,3.5
S006,04,16,5,-1,Rest,1.75,3.75
S006,04,16,6,-1,Rest,2.0,4.0
S006,04,18,0,-1,Rest,0.5,2.5
S006,04,18,1,-1,Rest,0.75,2.75
S006,04,18,2,-1,Rest,1.0,3.0
S006,04,18,3,-1,Rest,1.25,3.25
S006,04,18,4,-1,Rest,1.5,3.5
S006,04,18,5,-1,Rest,1.75,3.75
S006,04,18,6,-1,Rest,2.0,4.0
S006,04,20,0,-1,Rest,0.5,2.5
S006,04,20,1,-1,Rest,0.75,2.75
S006,04,20,2,-1,Rest,1.0,3.0
S006,04,20,3,-1,Rest,1.25,3.25
S006,04,20,4,-1,Rest,1.5,3.5
S006,04,20,5,-1,Rest,1.75,3.75
S006,04,20,6,-1,Rest,2.0,4.0
S006,04,22,0,-1,Rest,0.5,2.5
S006,04,22,1,-1,Rest,0.75,2.75
S006,04,22,2,-1,Rest,1.0,3.0
S006,04,22,3,-1,Rest,1.25,3.25
S006,04,22,4,-1,Rest,1.5,3.5
S006,04,22,5,-1,Rest,1.75,3.75
S006,04,22,6,-1,Rest,2.0,4.0
S006,04,24,0,-1,Rest,0.5,2.5
S006,04,24,1,-1,Rest,0.75,2.75
S006,04,24,2,-1,Rest,1.0,3.0
S006,04,24,3,-1,Rest,1.25,3.25
S006,04,24,4,-1,Rest,1.5,3.5
S006,04,24,5,-1,Rest,1.75,3.75
S006,04,24,6,-1,Rest,2.0,4.0
S006,04,26,0,-1,Rest,0.5,2.5
S006,04,26,1,-1,Rest,0.75,2.75
S006,04,26,2,-1,Rest,1.0,3.0
S006,04,26,3,-1,Rest,1.25,3.25
S006,04,26,4,-1,Rest,1.5,3.5
S006,04,26,5,-1,Rest,1.75,3.75
S006,04,26,6,-1,Rest,2.0,4.0
S006,04,28,0,-1,Rest,0.5,2.5
S006,04,28,1,-1,Rest,0.75,2.75
S006,04,28,2,-1,Rest,1.0,3.0
S006,04,28,3,-1,Rest,1.25,3.25
S006,04,28,4,-1,Rest,1.5,3.5
S006,04,28,5,-1,Rest,1.75,3.75
S006,04,28,6,-1,Rest,2.0,4.0
S006,08,0,0,-1,Rest,0.5,2.5
S006,08,0,1,-1,Rest,0.75,2.75
S006,08,0,2,-1,Rest,1.0,3.0
S006,08,0,3,-1,Rest,1.25,3.25
S006,08,0,4,-1,Rest,1.5,3.5
S006,08,0,5,-1,Rest,1.75,3.75
S006,08,0,6,-1,Rest,2.0,4.0
S006,08,2,0,-1,Rest,0.5,2.5
S006,08,2,1,-1,Rest,0.75,2.75
S006,08,2,2,-1,Rest,1.0,3.0
S006,08,2,3,-1,Rest,1.25,3.25
S006,08,2,4,-1,Rest,1.5,3.5
S006,08,2,5,-1,Rest,1.75,3.75
S006,08,2,6,-1,Rest,2.0,4.0
S006,08,4,0,-1,Rest,0.5,2.5
S006,08,4,1,-1,Rest,0.75,2.75
S006,08,4,2,-1,Rest,1.0,3.0
S006,08,4,3,-1,Rest,1.25,3.25
S006,08,4,4,-1,Rest,1.5,3.5
S006,08,4,5,-1,Rest,1.75,3.75
S006,08,4,6,-1,Rest,2.0,4.0
S006,08,6,0,-1,Rest,0.5,2.5
S006,08,6,1,-1,Rest,0.75,2.75
S006,08,6,2,-1,Rest,1.0,3.0
S006,08,6,3,-1,Rest,1.25,3.25
S006,08,6,4,-1,Rest,1.5,3.5
S006,08,6,5,-1,Rest,1.75,3.75
S006,08,6,6,-1,Rest,2.0,4.0
S006,08,8,0,-1,Rest,0.5,2.5
S006,08,8,1,-1,Rest,0.75,2.75
S006,08,8,2,-1,Rest,1.0,3.0
S006,08,8,3,-1,Rest,1.25,3.25
S006,08,8,4,-1,Rest,1.5,3.5
S006,08,8,5,-1,Rest,1.75,3.75
S006,08,8,6,-1,Rest,2.0,4.0
S006,08,10,0,-1,Rest,0.5,2.5
S006,08,10,1,-1,Rest,0.75,2.75
S006,08,10,2,-1,Rest,1.0,3.0
S006,08,10,3,-1,Rest,1.25,3.25
S006,08,10,4,-1,Rest,1.5,3.5
S006,08,10,5,-1,Rest,1.75,3.75
S006,08,10,6,-1,Rest,2.0,4.0
S006,08,12,0,-1,Rest,0.5,2.5
S006,08,12,1,-1,Rest,0.75,2.75
S006,08,12,2,-1,Rest,1.0,3.0
S006,08,12,3,-1,Rest,1.25,3.25
S006,08,12,4,-1,Rest,1.5,3.5
S006,08,12,5,-1,Rest,1.75,3.75
S006,08,12,6,-1,Rest,2.0,4.0
S006,08,14,0,-1,Rest,0.5,2.5
S006,08,14,1,-1,Rest,0.75,2.75
S006,08,14,2,-1,Rest,1.0,3.0
S006,08,14,3,-1,Rest,1.25,3.25
S006,08,14,4,-1,Rest,1.5,3.5
S006,08,14,5,-1,Rest,1.75,3.75
S006,08,14,6,-1,Rest,2.0,4.0
S006,08,16,0,-1,Rest,0.5,2.5
S006,08,16,1,-1,Rest,0.75,2.75
S006,08,16,2,-1,Rest,1.0,3.0
S006,08,16,3,-1,Rest,1.25,3.25
S006,08,16,4,-1,Rest,1.5,3.5
S006,08,16,5,-1,Rest,1.75,3.75
S006,08,16,6,-1,Rest,2.0,4.0
S006,08,18,0,-1,Rest,0.5,2.5
S006,08,18,1,-1,Rest,0.75,2.75
S006,08,18,2,-1,Rest,1.0,3.0
S006,08,18,3,-1,Rest,1.25,3.25
S006,08,18,4,-1,Rest,1.5,3.5
S006,08,18,5,-1,Rest,1.75,3.75
S006,08,18,6,-1,Rest,2.0,4.0
S006,08,20,0,-1,Rest,0.5,2.5
S006,08,20,1,-1,Rest,0.75,2.75
S006,08,20,2,-1,Rest,1.0,3.0
S006,08,20,3,-1,Rest,1.25,3.25
S006,08,20,4,-1,Rest,1.5,3.5
S006,08,20,5,-1,Rest,1.75,3.75
S006,08,20,6,-1,Rest,2.0,4.0
S006,08,22,0,-1,Rest,0.5,2.5
S006,08,22,1,-1,Rest,0.75,2.75
S006,08,22,2,-1,Rest,1.0,3.0
S006,08,22,3,-1,Rest,1.25,3.25
S006,08,22,4,-1,Rest,1.5,3.5
S006,08,22,5,-1,Rest,1.75,3.75
S006,08,22,6,-1,Rest,2.0,4.0
S006,08,24,0,-1,Rest,0.5,2.5
S006,08,24,1,-1,Rest,0.75,2.75
S006,08,24,2,-1,Rest,1.0,3.0
S006,08,24,3,-1,Rest,1.25,3.25
S006,08,24,4,-1,Rest,1.5,3.5
S006,08,24,5,-1,Rest,1.75,3.75
S006,08,24,6,-1,Rest,2.0,4.0
S006,08,26,0,-1,Rest,0.5,2.5
S006,08,26,1,-1,Rest,0.75,2.75
S006,08,26,2,-1,Rest,1.0,3.0
S006,08,26,3,-1,Rest,1.25,3.25
S006,08,26,4,-1,Rest,1.5,3.5
S006,08,26,5,-1,Rest,1.75,3.75
S006,08,26,6,-1,Rest,2.0,4.0
S006,08,28,0,-1,Rest,0.5,2.5
S006,08,28,1,-1,Rest,0.75,2.75
S006,08,28,2,-1,Rest,1.0,3.0
S006,08,28,3,-1,Rest,1.25,3.25
S006,08,28,4,-1,Rest,1.5,3.5
S006,08,28,5,-1,Rest,1.75,3.75
S006,08,28,6,-1,Rest,2.0,4.0
S006,12,0,0,-1,Rest,0.5,2.5
S006,12,0,1,-1,Rest,0.75,2.75
S006,12,0,2,-1,Rest,1.0,3.0
S006,12,0,3,-1,Rest,1.25,3.25
S006,12,0,4,-1,Rest,1.5,3.5
S006,12,0,5,-1,Rest,1.75,3.75
S006,12,0,6,-1,Rest,2.0,4.0
S006,12,2,0,-1,Rest,0.5,2.5
S006,12,2,1,-1,Rest,0.75,2.75
S006,12,2,2,-1,Rest,1.0,3.0
S006,12,2,3,-1,Rest,1.25,3.25
S006,12,2,4,-1,Rest,1.5,3.5
S006,12,2,5,-1,Rest,1.75,3.75
S006,12,2,6,-1,Rest,2.0,4.0
S006,12,4,0,-1,Rest,0.5,2.5
S006,12,4,1,-1,Rest,0.75,2.75
S006,12,4,2,-1,Rest,1.0,3.0
S006,12,4,3,-1,Rest,1.25,3.25
S006,12,4,4,-1,Rest,1.5,3.5
S006,12,4,5,-1,Rest,1.75,3.75
S006,12,4,6,-1,Rest,2.0,4.0
S006,12,6,0,-1,Rest,0.5,2.5
S006,12,6,1,-1,Rest,0.75,2.75
S006,12,6,2,-1,Rest,1.0,3.0
S006,12,6,3,-1,Rest,1.25,3.25
S006,12,6,4,-1,Rest,1.5,3.5
S006,12,6,5,-1,Rest,1.75,3.75
S006,12,6,6,-1,Rest,2.0,4.0
S006,12,8,0,-1,Rest,0.5,2.5
S006,12,8,1,-1,Rest,0.75,2.75
S006,12,8,2,-1,Rest,1.0,3.0
S006,12,8,3,-1,Rest,1.25,3.25
S006,12,8,4,-1,Rest,1.5,3.5
S006,12,8,5,-1,Rest,1.75,3.75
S006,12,8,6,-1,Rest,2.0,4.0
S006,12,10,0,-1,Rest,0.5,2.5
S006,12,10,1,-1,Rest,0.75,2.75
S006,12,10,2,-1,Rest,1.0,3.0
S006,12,10,3,-1,Rest,1.25,3.25
S006,12,10,4,-1,Rest,1.5,3.5
S006,12,10,5,-1,Rest,1.75,3.75
S006,12,10,6,-1,Rest,2.0,4.0
S006,12,12,0,-1,Rest,0.5,2.5
S006,12,12,1,-1,Rest,0.75,2.75
S006,12,12,2,-1,Rest,1.0,3.0
S006,12,12,3,-1,Rest,1.25,3.25
S006,12,12,4,-1,Rest,1.5,3.5
S006,12,12,5,-1,Rest,1.75,3.75
S006,12,12,6,-1,Rest,2.0,4.0
S006,12,14,0,-1,Rest,0.5,2.5
S006,12,14,1,-1,Rest,0.75,2.75
S006,12,14,2,-1,Rest,1.0,3.0
S006,12,14,3,-1,Rest,1.25,3.25
S006,12,14,4,-1,Rest,1.5,3.5
S006,12,14,5,-1,Rest,1.75,3.75
S006,12,14,6,-1,Rest,2.0,4.0
S006,12,16,0,-1,Rest,0.5,2.5
S006,12,16,1,-1,Rest,0.75,2.75
S006,12,16,2,-1,Rest,1.0,3.0
S006,12,16,3,-1,Rest,1.25,3.25
S006,12,16,4,-1,Rest,1.5,3.5
S006,12,16,5,-1,Rest,1.75,3.75
S006,12,16,6,-1,Rest,2.0,4.0
S006,12,18,0,-1,Rest,0.5,2.5
S006,12,18,1,-1,Rest,0.75,2.75
S006,12,18,2,-1,Rest,1.0,3.0
S006,12,18,3,-1,Rest,1.25,3.25
S006,12,18,4,-1,Rest,1.5,3.5
S006,12,18,5,-1,Rest,1.75,3.75
S006,12,18,6,-1,Rest,2.0,4.0
S006,12,20,0,-1,Rest,0.5,2.5
S006,12,20,1,-1,Rest,0.75,2.75
S006,12,20,2,-1,Rest,1.0,3.0
S006,12,20,3,-1,Rest,1.25,3.25
S006,12,20,4,-1,Rest,1.5,3.5
S006,12,20,5,-1,Rest,1.75,3.75
S006,12,20,6,-1,Rest,2.0,4.0
S006,12,22,0,-1,Rest,0.5,2.5
S006,12,22,1,-1,Rest,0.75,2.75
S006,12,22,2,-1,Rest,1.0,3.0
S006,12,22,3,-1,Rest,1.25,3.25
S006,12,22,4,-1,Rest,1.5,3.5
S006,12,22,5,-1,Rest,1.75,3.75
S006,12,22,6,-1,Rest,2.0,4.0
S006,12,24,0,-1,Rest,0.5,2.5
S006,12,24,1,-1,Rest,0.75,2.75
S006,12,24,2,-1,Rest,1.0,3.0
S006,12,24,3,-1,Rest,1.25,3.25
S006,12,24,4,-1,Rest,1.5,3.5
S006,12,24,5,-1,Rest,1.75,3.75
S006,12,24,6,-1,Rest,2.0,4.0
S006,12,26,0,-1,Rest,0.5,2.5
S006,12,26,1,-1,Rest,0.75,2.75
S006,12,26,2,-1,Rest,1.0,3.0
S006,12,26,3,-1,Rest,1.25,3.25
S006,12,26,4,-1,Rest,1.5,3.5
S006,12,26,5,-1,Rest,1.75,3.75
S006,12,26,6,-1,Rest,2.0,4.0
S006,12,28,0,-1,Rest,0.5,2.5
S006,12,28,1,-1,Rest,0.75,2.75
S006,12,28,2,-1,Rest,1.0,3.0
S006,12,28,3,-1,Rest,1.25,3.25
S006,12,28,4,-1,Rest,1.5,3.5
S006,12,28,5,-1,Rest,1.75,3.75
S006,12,28,6,-1,Rest,2.0,4.0
S008,04,0,0,-1,Rest,0.5,2.5
S008,04,0,1,-1,Rest,0.75,2.75
S008,04,0,2,-1,Rest,1.0,3.0
S008,04,0,3,-1,Rest,1.25,3.25
S008,04,0,4,-1,Rest,1.5,3.5
S008,04,0,5,-1,Rest,1.75,3.75
S008,04,0,6,-1,Rest,2.0,4.0
S008,04,2,0,-1,Rest,0.5,2.5
S008,04,2,1,-1,Rest,0.75,2.75
S008,04,2,2,-1,Rest,1.0,3.0
S008,04,2,3,-1,Rest,1.25,3.25
S008,04,2,4,-1,Rest,1.5,3.5
S008,04,2,5,-1,Rest,1.75,3.75
S008,04,2,6,-1,Rest,2.0,4.0
S008,04,4,0,-1,Rest,0.5,2.5
S008,04,4,1,-1,Rest,0.75,2.75
S008,04,4,2,-1,Rest,1.0,3.0
S008,04,4,3,-1,Rest,1.25,3.25
S008,04,4,4,-1,Rest,1.5,3.5
S008,04,4,5,-1,Rest,1.75,3.75
S008,04,4,6,-1,Rest,2.0,4.0
S008,04,6,0,-1,Rest,0.5,2.5
S008,04,6,1,-1,Rest,0.75,2.75
S008,04,6,2,-1,Rest,1.0,3.0
S008,04,6,3,-1,Rest,1.25,3.25
S008,04,6,4,-1,Rest,1.5,3.5
S008,04,6,5,-1,Rest,1.75,3.75
S008,04,6,6,-1,Rest,2.0,4.0
S008,04,8,0,-1,Rest,0.5,2.5
S008,04,8,1,-1,Rest,0.75,2.75
S008,04,8,2,-1,Rest,1.0,3.0
S008,04,8,3,-1,Rest,1.25,3.25
S008,04,8,4,-1,Rest,1.5,3.5
S008,04,8,5,-1,Rest,1.75,3.75
S008,04,8,6,-1,Rest,2.0,4.0
S008,04,10,0,-1,Rest,0.5,2.5
S008,04,10,1,-1,Rest,0.75,2.75
S008,04,10,2,-1,Rest,1.0,3.0
S008,04,10,3,-1,Rest,1.25,3.25
S008,04,10,4,-1,Rest,1.5,3.5
S008,04,10,5,-1,Rest,1.75,3.75
S008,04,10,6,-1,Rest,2.0,4.0
S008,04,12,0,-1,Rest,0.5,2.5
S008,04,12,1,-1,Rest,0.75,2.75
S008,04,12,2,-1,Rest,1.0,3.0
S008,04,12,3,-1,Rest,1.25,3.25
S008,04,12,4,-1,Rest,1.5,3.5
S008,04,12,5,-1,Rest,1.75,3.75
S008,04,12,6,-1,Rest,2.0,4.0
S008,04,14,0,-1,Rest,0.5,2.5
S008,04,14,1,-1,Rest,0.75,2.75
S008,04,14,2,-1,Rest,1.0,3.0
S008,04,14,3,-1,Rest,1.25,3.25
S008,04,14,4,-1,Rest,1.5,3.5
S008,04,14,5,-1,Rest,1.75,3.75
S008,04,14,6,-1,Rest,2.0,4.0
S008,04,16,0,-1,Rest,0.5,2.5
S008,04,16,1,-1,Rest,0.75,2.75
S008,04,16,2,-1,Rest,1.0,3.0
S008,04,16,3,-1,Rest,1.25,3.25
S008,04,16,4,-1,Rest,1.5,3.5
S008,04,16,5,-1,Rest,1.75,3.75
S008,04,16,6,-1,Rest,2.0,4.0
S008,04,18,0,-1,Rest,0.5,2.5
S008,04,18,1,-1,Rest,0.75,2.75
S008,04,18,2,-1,Rest,1.0,3.0
S008,04,18,3,-1,Rest,1.25,3.25
S008,04,18,4,-1,Rest,1.5,3.5
S008,04,18,5,-1,Rest,1.75,3.75
S008,04,18,6,-1,Rest,2.0,4.0
S008,04,20,0,-1,Rest,0.5,2.5
S008,04,20,1,-1,Rest,0.75,2.75
S008,04,20,2,-1,Rest,1.0,3.0
S008,04,20,3,-1,Rest,1.25,3.25
S008,04,20,4,-1,Rest,1.5,3.5
S008,04,20,5,-1,Rest,1.75,3.75
S008,04,20,6,-1,Rest,2.0,4.0
S008,04,22,0,-1,Rest,0.5,2.5
S008,04,22,1,-1,Rest,0.75,2.75
S008,04,22,2,-1,Rest,1.0,3.0
S008,04,22,3,-1,Rest,1.25,3.25
S008,04,22,4,-1,Rest,1.5,3.5
S008,04,22,5,-1,Rest,1.75,3.75
S008,04,22,6,-1,Rest,2.0,4.0
S008,04,24,0,-1,Rest,0.5,2.5
S008,04,24,1,-1,Rest,0.75,2.75
S008,04,24,2,-1,Rest,1.0,3.0
S008,04,24,3,-1,Rest,1.25,3.25
S008,04,24,4,-1,Rest,1.5,3.5
S008,04,24,5,-1,Rest,1.75,3.75
S008,04,24,6,-1,Rest,2.0,4.0
S008,04,26,0,-1,Rest,0.5,2.5
S008,04,26,1,-1,Rest,0.75,2.75
S008,04,26,2,-1,Rest,1.0,3.0
S008,04,26,3,-1,Rest,1.25,3.25
S008,04,26,4,-1,Rest,1.5,3.5
S008,04,26,5,-1,Rest,1.75,3.75
S008,04,26,6,-1,Rest,2.0,4.0
S008,04,28,0,-1,Rest,0.5,2.5
S008,04,28,1,-1,Rest,0.75,2.75
S008,04,28,2,-1,Rest,1.0,3.0
S008,04,28,3,-1,Rest,1.25,3.25
S008,04,28,4,-1,Rest,1.5,3.5
S008,04,28,5,-1,Rest,1.75,3.75
S008,04,28,6,-1,Rest,2.0,4.0
S008,08,0,0,-1,Rest,0.5,2.5
S008,08,0,1,-1,Rest,0.75,2.75
S008,08,0,2,-1,Rest,1.0,3.0
S008,08,0,3,-1,Rest,1.25,3.25
S008,08,0,4,-1,Rest,1.5,3.5
S008,08,0,5,-1,Rest,1.75,3.75
S008,08,0,6,-1,Rest,2.0,4.0
S008,08,2,0,-1,Rest,0.5,2.5
S008,08,2,1,-1,Rest,0.75,2.75
S008,08,2,2,-1,Rest,1.0,3.0
S008,08,2,3,-1,Rest,1.25,3.25
S008,08,2,4,-1,Rest,1.5,3.5
S008,08,2,5,-1,Rest,1.75,3.75
S008,08,2,6,-1,Rest,2.0,4.0
S008,08,4,0,-1,Rest,0.5,2.5
S008,08,4,1,-1,Rest,0.75,2.75
S008,08,4,2,-1,Rest,1.0,3.0
S008,08,4,3,-1,Rest,1.25,3.25
S008,08,4,4,-1,Rest,1.5,3.5
S008,08,4,5,-1,Rest,1.75,3.75
S008,08,4,6,-1,Rest,2.0,4.0
S008,08,6,0,-1,Rest,0.5,2.5
S008,08,6,1,-1,Rest,0.75,2.75
S008,08,6,2,-1,Rest,1.0,3.0
S008,08,6,3,-1,Rest,1.25,3.25
S008,08,6,4,-1,Rest,1.5,3.5
S008,08,6,5,-1,Rest,1.75,3.75
S008,08,6,6,-1,Rest,2.0,4.0
S008,08,8,0,-1,Rest,0.5,2.5
S008,08,8,1,-1,Rest,0.75,2.75
S008,08,8,2,-1,Rest,1.0,3.0
S008,08,8,3,-1,Rest,1.25,3.25
S008,08,8,4,-1,Rest,1.5,3.5
S008,08,8,5,-1,Rest,1.75,3.75
S008,08,8,6,-1,Rest,2.0,4.0
S008,08,10,0,-1,Rest,0.5,2.5
S008,08,10,1,-1,Rest,0.75,2.75
S008,08,10,2,-1,Rest,1.0,3.0
S008,08,10,3,-1,Rest,1.25,3.25
S008,08,10,4,-1,Rest,1.5,3.5
S008,08,10,5,-1,Rest,1.75,3.75
S008,08,10,6,-1,Rest,2.0,4.0
S008,08,12,0,-1,Rest,0.5,2.5
S008,08,12,1,-1,Rest,0.75,2.75
S008,08,12,2,-1,Rest,1.0,3.0
S008,08,12,3,-1,Rest,1.25,3.25
S008,08,12,4,-1,Rest,1.5,3.5
S008,08,12,5,-1,Rest,1.75,3.75
S008,08,12,6,-1,Rest,2.0,4.0
S008,08,14,0,-1,Rest,0.5,2.5
S008,08,14,1,-1,Rest,0.75,2.75
S008,08,14,2,-1,Rest,1.0,3.0
S008,08,14,3,-1,Rest,1.25,3.25
S008,08,14,4,-1,Rest,1.5,3.5
S008,08,14,5,-1,Rest,1.75,3.75
S008,08,14,6,-1,Rest,2.0,4.0
S008,08,16,0,-1,Rest,0.5,2.5
S008,08,16,1,-1,Rest,0.75,2.75
S008,08,16,2,-1,Rest,1.0,3.0
S008,08,16,3,-1,Rest,1.25,3.25
S008,08,16,4,-1,Rest,1.5,3.5
S008,08,16,5,-1,Rest,1.75,3.75
S008,08,16,6,-1,Rest,2.0,4.0
S008,08,18,0,-1,Rest,0.5,2.5
S008,08,18,1,-1,Rest,0.75,2.75
S008,08,18,2,-1,Rest,1.0,3.0
S008,08,18,3,-1,Rest,1.25,3.25
S008,08,18,4,-1,Rest,1.5,3.5
S008,08,18,5,-1,Rest,1.75,3.75
S008,08,18,6,-1,Rest,2.0,4.0
S008,08,20,0,-1,Rest,0.5,2.5
S008,08,20,1,-1,Rest,0.75,2.75
S008,08,20,2,-1,Rest,1.0,3.0
S008,08,20,3,-1,Rest,1.25,3.25
S008,08,20,4,-1,Rest,1.5,3.5
S008,08,20,5,-1,Rest,1.75,3.75
S008,08,20,6,-1,Rest,2.0,4.0
S008,08,22,0,-1,Rest,0.5,2.5
S008,08,22,1,-1,Rest,0.75,2.75
S008,08,22,2,-1,Rest,1.0,3.0
S008,08,22,3,-1,Rest,1.25,3.25
S008,08,22,4,-1,Rest,1.5,3.5
S008,08,22,5,-1,Rest,1.75,3.75
S008,08,22,6,-1,Rest,2.0,4.0
S008,08,24,0,-1,Rest,0.5,2.5
S008,08,24,1,-1,Rest,0.75,2.75
S008,08,24,2,-1,Rest,1.0,3.0
S008,08,24,3,-1,Rest,1.25,3.25
S008,08,24,4,-1,Rest,1.5,3.5
S008,08,24,5,-1,Rest,1.75,3.75
S008,08,24,6,-1,Rest,2.0,4.0
S008,08,26,0,-1,Rest,0.5,2.5
S008,08,26,1,-1,Rest,0.75,2.75
S008,08,26,2,-1,Rest,1.0,3.0
S008,08,26,3,-1,Rest,1.25,3.25
S008,08,26,4,-1,Rest,1.5,3.5
S008,08,26,5,-1,Rest,1.75,3.75
S008,08,26,6,-1,Rest,2.0,4.0
S008,08,28,0,-1,Rest,0.5,2.5
S008,08,28,1,-1,Rest,0.75,2.75
S008,08,28,2,-1,Rest,1.0,3.0
S008,08,28,3,-1,Rest,1.25,3.25
S008,08,28,4,-1,Rest,1.5,3.5
S008,08,28,5,-1,Rest,1.75,3.75
S008,08,28,6,-1,Rest,2.0,4.0
S008,12,0,0,-1,Rest,0.5,2.5
S008,12,0,1,-1,Rest,0.75,2.75
S008,12,0,2,-1,Rest,1.0,3.0
S008,12,0,3,-1,Rest,1.25,3.25
S008,12,0,4,-1,Rest,1.5,3.5
S008,12,0,5,-1,Rest,1.75,3.75
S008,12,0,6,-1,Rest,2.0,4.0
S008,12,2,0,-1,Rest,0.5,2.5
S008,12,2,1,-1,Rest,0.75,2.75
S008,12,2,2,-1,Rest,1.0,3.0
S008,12,2,3,-1,Rest,1.25,3.25
S008,12,2,4,-1,Rest,1.5,3.5
S008,12,2,5,-1,Rest,1.75,3.75
S008,12,2,6,-1,Rest,2.0,4.0
S008,12,4,0,-1,Rest,0.5,2.5
S008,12,4,1,-1,Rest,0.75,2.75
S008,12,4,2,-1,Rest,1.0,3.0
S008,12,4,3,-1,Rest,1.25,3.25
S008,12,4,4,-1,Rest,1.5,3.5
S008,12,4,5,-1,Rest,1.75,3.75
S008,12,4,6,-1,Rest,2.0,4.0
S008,12,6,0,-1,Rest,0.5,2.5
S008,12,6,1,-1,Rest,0.75,2.75
S008,12,6,2,-1,Rest,1.0,3.0
S008,12,6,3,-1,Rest,1.25,3.25
S008,12,6,4,-1,Rest,1.5,3.5
S008,12,6,5,-1,Rest,1.75,3.75
S008,12,6,6,-1,Rest,2.0,4.0
S008,12,8,0,-1,Rest,0.5,2.5
S008,12,8,1,-1,Rest,0.75,2.75
S008,12,8,2,-1,Rest,1.0,3.0
S008,12,8,3,-1,Rest,1.25,3.25
S008,12,8,4,-1,Rest,1.5,3.5
S008,12,8,5,-1,Rest,1.75,3.75
S008,12,8,6,-1,Rest,2.0,4.0
S008,12,10,0,-1,Rest,0.5,2.5
S008,12,10,1,-1,Rest,0.75,2.75
S008,12,10,2,-1,Rest,1.0,3.0
S008,12,10,3,-1,Rest,1.25,3.25
S008,12,10,4,-1,Rest,1.5,3.5
S008,12,10,5,-1,Rest,1.75,3.75
S008,12,10,6,-1,Rest,2.0,4.0
S008,12,12,0,-1,Rest,0.5,2.5
S008,12,12,1,-1,Rest,0.75,2.75
S008,12,12,2,-1,Rest,1.0,3.0
S008,12,12,3,-1,Rest,1.25,3.25
S008,12,12,4,-1,Rest,1.5,3.5
S008,12,12,5,-1,Rest,1.75,3.75
S008,12,12,6,-1,Rest,2.0,4.0
S008,12,14,0,-1,Rest,0.5,2.5
S008,12,14,1,-1,Rest,0.75,2.75
S008,12,14,2,-1,Rest,1.0,3.0
S008,12,14,3,-1,Rest,1.25,3.25
S008,12,14,4,-1,Rest,1.5,3.5
S008,12,14,5,-1,Rest,1.75,3.75
S008,12,14,6,-1,Rest,2.0,4.0
S008,12,16,0,-1,Rest,0.5,2.5
S008,12,16,1,-1,Rest,0.75,2.75
S008,12,16,2,-1,Rest,1.0,3.0
S008,12,16,3,-1,Rest,1.25,3.25
S008,12,16,4,-1,Rest,1.5,3.5
S008,12,16,5,-1,Rest,1.75,3.75
S008,12,16,6,-1,Rest,2.0,4.0
S008,12,18,0,-1,Rest,0.5,2.5
S008,12,18,1,-1,Rest,0.75,2.75
S008,12,18,2,-1,Rest,1.0,3.0
S008,12,18,3,-1,Rest,1.25,3.25
S008,12,18,4,-1,Rest,1.5,3.5
S008,12,18,5,-1,Rest,1.75,3.75
S008,12,18,6,-1,Rest,2.0,4.0
S008,12,20,0,-1,Rest,0.5,2.5
S008,12,20,1,-1,Rest,0.75,2.75
S008,12,20,2,-1,Rest,1.0,3.0
S008,12,20,3,-1,Rest,1.25,3.25
S008,12,20,4,-1,Rest,1.5,3.5
S008,12,20,5,-1,Rest,1.75,3.75
S008,12,20,6,-1,Rest,2.0,4.0
S008,12,22,0,-1,Rest,0.5,2.5
S008,12,22,1,-1,Rest,0.75,2.75
S008,12,22,2,-1,Rest,1.0,3.0
S008,12,22,3,-1,Rest,1.25,3.25
S008,12,22,4,-1,Rest,1.5,3.5
S008,12,22,5,-1,Rest,1.75,3.75
S008,12,22,6,-1,Rest,2.0,4.0
S008,12,24,3,-1,Rest,1.25,3.25
S008,12,24,4,-1,Rest,1.5,3.5
S008,12,24,5,-1,Rest,1.75,3.75
S008,12,24,6,-1,Rest,2.0,4.0
S008,12,26,0,-1,Rest,0.5,2.5
S008,12,26,1,-1,Rest,0.75,2.75
S008,12,26,2,-1,Rest,1.0,3.0
S008,12,26,3,-1,Rest,1.25,3.25
S008,12,26,4,-1,Rest,1.5,3.5
S008,12,26,5,-1,Rest,1.75,3.75
S008,12,26,6,-1,Rest,2.0,4.0
S008,12,28,0,-1,Rest,0.5,2.5
S008,12,28,1,-1,Rest,0.75,2.75
S008,12,28,2,-1,Rest,1.0,3.0
S008,12,28,3,-1,Rest,1.25,3.25
S008,12,28,4,-1,Rest,1.5,3.5
S008,12,28,5,-1,Rest,1.75,3.75
S008,12,28,6,-1,Rest,2.0,4.0
S010,04,0,0,-1,Rest,0.5,2.5
S010,04,0,1,-1,Rest,0.75,2.75
S010,04,0,2,-1,Rest,1.0,3.0
S010,04,0,3,-1,Rest,1.25,3.25
S010,04,0,4,-1,Rest,1.5,3.5
S010,04,0,5,-1,Rest,1.75,3.75
S010,04,0,6,-1,Rest,2.0,4.0
S010,04,2,0,-1,Rest,0.5,2.5
S010,04,2,1,-1,Rest,0.75,2.75
S010,04,2,2,-1,Rest,1.0,3.0
S010,04,2,3,-1,Rest,1.25,3.25
S010,04,2,4,-1,Rest,1.5,3.5
S010,04,2,5,-1,Rest,1.75,3.75
S010,04,2,6,-1,Rest,2.0,4.0
S010,04,4,0,-1,Rest,0.5,2.5
S010,04,4,1,-1,Rest,0.75,2.75
S010,04,4,2,-1,Rest,1.0,3.0
S010,04,4,3,-1,Rest,1.25,3.25
S010,04,4,4,-1,Rest,1.5,3.5
S010,04,4,5,-1,Rest,1.75,3.75
S010,04,4,6,-1,Rest,2.0,4.0
S010,04,6,0,-1,Rest,0.5,2.5
S010,04,6,1,-1,Rest,0.75,2.75
S010,04,6,2,-1,Rest,1.0,3.0
S010,04,6,3,-1,Rest,1.25,3.25
S010,04,6,4,-1,Rest,1.5,3.5
S010,04,6,5,-1,Rest,1.75,3.75
S010,04,6,6,-1,Rest,2.0,4.0
S010,04,8,0,-1,Rest,0.5,2.5
S010,04,8,1,-1,Rest,0.75,2.75
S010,04,8,2,-1,Rest,1.0,3.0
S010,04,8,3,-1,Rest,1.25,3.25
S010,04,8,4,-1,Rest,1.5,3.5
S010,04,8,5,-1,Rest,1.75,3.75
S010,04,8,6,-1,Rest,2.0,4.0
S010,04,10,0,-1,Rest,0.5,2.5
S010,04,10,1,-1,Rest,0.75,2.75
S010,04,10,2,-1,Rest,1.0,3.0
S010,04,10,3,-1,Rest,1.25,3.25
S010,04,10,4,-1,Rest,1.5,3.5
S010,04,10,5,-1,Rest,1.75,3.75
S010,04,10,6,-1,Rest,2.0,4.0
S010,04,12,5,-1,Rest,1.75,3.75
S010,04,12,6,-1,Rest,2.0,4.0
S010,04,14,0,-1,Rest,0.5,2.5
S010,04,14,1,-1,Rest,0.75,2.75
S010,04,14,2,-1,Rest,1.0,3.0
S010,04,14,3,-1,Rest,1.25,3.25
S010,04,14,4,-1,Rest,1.5,3.5
S010,04,14,5,-1,Rest,1.75,3.75
S010,04,14,6,-1,Rest,2.0,4.0
S010,04,16,0,-1,Rest,0.5,2.5
S010,04,16,1,-1,Rest,0.75,2.75
S010,04,16,2,-1,Rest,1.0,3.0
S010,04,16,3,-1,Rest,1.25,3.25
S010,04,16,4,-1,Rest,1.5,3.5
S010,04,16,5,-1,Rest,1.75,3.75
S010,04,16,6,-1,Rest,2.0,4.0
S010,04,18,0,-1,Rest,0.5,2.5
S010,04,18,1,-1,Rest,0.75,2.75
S010,04,18,2,-1,Rest,1.0,3.0
S010,04,18,3,-1,Rest,1.25,3.25
S010,04,18,4,-1,Rest,1.5,3.5
S010,04,18,5,-1,Rest,1.75,3.75
S010,04,18,6,-1,Rest,2.0,4.0
S010,04,20,0,-1,Rest,0.5,2.5
S010,04,20,1,-1,Rest,0.75,2.75
S010,04,20,2,-1,Rest,1.0,3.0
S010,04,20,3,-1,Rest,1.25,3.25
S010,04,20,4,-1,Rest,1.5,3.5
S010,04,20,5,-1,Rest,1.75,3.75
S010,04,20,6,-1,Rest,2.0,4.0
S010,04,24,0,-1,Rest,0.5,2.5
S010,04,24,1,-1,Rest,0.75,2.75
S010,04,24,2,-1,Rest,1.0,3.0
S010,04,24,3,-1,Rest,1.25,3.25
S010,04,24,4,-1,Rest,1.5,3.5
S010,04,24,5,-1,Rest,1.75,3.75
S010,04,24,6,-1,Rest,2.0,4.0
S010,04,26,3,-1,Rest,1.25,3.25
S010,04,26,4,-1,Rest,1.5,3.5
S010,04,26,5,-1,Rest,1.75,3.75
S010,04,26,6,-1,Rest,2.0,4.0
S010,04,28,0,-1,Rest,0.5,2.5
S010,04,28,1,-1,Rest,0.75,2.75
S010,04,28,2,-1,Rest,1.0,3.0
S010,04,28,3,-1,Rest,1.25,3.25
S010,04,28,4,-1,Rest,1.5,3.5
S010,04,28,5,-1,Rest,1.75,3.75
S010,04,28,6,-1,Rest,2.0,4.0
S010,08,0,0,-1,Rest,0.5,2.5
S010,08,0,1,-1,Rest,0.75,2.75
S010,08,0,2,-1,Rest,1.0,3.0
S010,08,0,3,-1,Rest,1.25,3.25
S010,08,0,4,-1,Rest,1.5,3.5
S010,08,0,5,-1,Rest,1.75,3.75
S010,08,0,6,-1,Rest,2.0,4.0
S010,08,2,0,-1,Rest,0.5,2.5
S010,08,2,1,-1,Rest,0.75,2.75
S010,08,2,2,-1,Rest,1.0,3.0
S010,08,2,3,-1,Rest,1.25,3.25
S010,08,2,4,-1,Rest,1.5,3.5
S010,08,2,5,-1,Rest,1.75,3.75
S010,08,2,6,-1,Rest,2.0,4.0
S010,08,4,0,-1,Rest,0.5,2.5
S010,08,4,1,-1,Rest,0.75,2.75
S010,08,6,0,-1,Rest,0.5,2.5
S010,08,6,1,-1,Rest,0.75,2.75
S010,08,6,2,-1,Rest,1.0,3.0
S010,08,6,3,-1,Rest,1.25,3.25
S010,08,6,4,-1,Rest,1.5,3.5
S010,08,6,5,-1,Rest,1.75,3.75
S010,08,6,6,-1,Rest,2.0,4.0
S010,08,8,3,-1,Rest,1.25,3.25
S010,08,8,4,-1,Rest,1.5,3.5
S010,08,8,5,-1,Rest,1.75,3.75
S010,08,8,6,-1,Rest,2.0,4.0
S010,08,10,0,-1,Rest,0.5,2.5
S010,08,14,0,-1,Rest,0.5,2.5
S010,08,14,1,-1,Rest,0.75,2.75
S010,08,14,2,-1,Rest,1.0,3.0
S010,08,14,3,-1,Rest,1.25,3.25
S010,08,14,4,-1,Rest,1.5,3.5
S010,08,14,5,-1,Rest,1.75,3.75
S010,08,14,6,-1,Rest,2.0,4.0
S010,08,16,0,-1,Rest,0.5,2.5
S010,08,16,1,-1,Rest,0.75,2.75
S010,08,16,2,-1,Rest,1.0,3.0
S010,08,16,3,-1,Rest,1.25,3.25
S010,08,16,4,-1,Rest,1.5,3.5
S010,08,16,5,-1,Rest,1.75,3.75
S010,08,16,6,-1,Rest,2.0,4.0
S010,08,18,0,-1,Rest,0.5,2.5
S010,08,18,1,-1,Rest,0.75,2.75
S010,08,18,2,-1,Rest,1.0,3.0
S010,08,18,3,-1,Rest,1.25,3.25
S010,08,18,4,-1,Rest,1.5,3.5
S010,08,18,5,-1,Rest,1.75,3.75
S010,08,18,6,-1,Rest,2.0,4.0
S010,08,20,0,-1,Rest,0.5,2.5
S010,08,20,1,-1,Rest,0.75,2.75
S010,08,20,2,-1,Rest,1.0,3.0
S010,08,20,3,-1,Rest,1.25,3.25
S010,08,20,4,-1,Rest,1.5,3.5
S010,08,20,5,-1,Rest,1.75,3.75
S010,08,20,6,-1,Rest,2.0,4.0
S010,08,22,0,-1,Rest,0.5,2.5
S010,08,22,1,-1,Rest,0.75,2.75
S010,08,22,2,-1,Rest,1.0,3.0
S010,08,22,3,-1,Rest,1.25,3.25
S010,08,22,4,-1,Rest,1.5,3.5
S010,08,22,5,-1,Rest,1.75,3.75
S010,08,22,6,-1,Rest,2.0,4.0
S010,08,24,0,-1,Rest,0.5,2.5
S010,08,24,1,-1,Rest,0.75,2.75
S010,08,24,2,-1,Rest,1.0,3.0
S010,08,24,3,-1,Rest,1.25,3.25
S010,08,24,4,-1,Rest,1.5,3.5
S010,08,26,0,-1,Rest,0.5,2.5
S010,08,26,1,-1,Rest,0.75,2.75
S010,08,26,2,-1,Rest,1.0,3.0
S010,08,26,3,-1,Rest,1.25,3.25
S010,08,26,4,-1,Rest,1.5,3.5
S010,08,26,5,-1,Rest,1.75,3.75
S010,08,26,6,-1,Rest,2.0,4.0
S010,08,28,0,-1,Rest,0.5,2.5
S010,08,28,1,-1,Rest,0.75,2.75
S010,08,28,2,-1,Rest,1.0,3.0
S010,08,28,3,-1,Rest,1.25,3.25
S010,08,28,4,-1,Rest,1.5,3.5
S010,08,28,5,-1,Rest,1.75,3.75
S010,08,28,6,-1,Rest,2.0,4.0
S010,12,0,0,-1,Rest,0.5,2.5
S010,12,0,1,-1,Rest,0.75,2.75
S010,12,0,2,-1,Rest,1.0,3.0
S010,12,0,3,-1,Rest,1.25,3.25
S010,12,0,4,-1,Rest,1.5,3.5
S010,12,0,5,-1,Rest,1.75,3.75
S010,12,0,6,-1,Rest,2.0,4.0
S010,12,2,0,-1,Rest,0.5,2.5
S010,12,2,1,-1,Rest,0.75,2.75
S010,12,2,2,-1,Rest,1.0,3.0
S010,12,2,3,-1,Rest,1.25,3.25
S010,12,2,4,-1,Rest,1.5,3.5
S010,12,2,5,-1,Rest,1.75,3.75
S010,12,2,6,-1,Rest,2.0,4.0
S010,12,4,0,-1,Rest,0.5,2.5
S010,12,4,1,-1,Rest,0.75,2.75
S010,12,4,2,-1,Rest,1.0,3.0
S010,12,4,3,-1,Rest,1.25,3.25
S010,12,4,4,-1,Rest,1.5,3.5
S010,12,4,5,-1,Rest,1.75,3.75
S010,12,4,6,-1,Rest,2.0,4.0
S010,12,6,0,-1,Rest,0.5,2.5
S010,12,6,1,-1,Rest,0.75,2.75
S010,12,6,2,-1,Rest,1.0,3.0
S010,12,6,3,-1,Rest,1.25,3.25
S010,12,6,4,-1,Rest,1.5,3.5
S010,12,6,5,-1,Rest,1.75,3.75
S010,12,6,6,-1,Rest,2.0,4.0
S010,12,8,0,-1,Rest,0.5,2.5
S010,12,10,0,-1,Rest,0.5,2.5
S010,12,10,1,-1,Rest,0.75,2.75
S010,12,10,2,-1,Rest,1.0,3.0
S010,12,10,3,-1,Rest,1.25,3.25
S010,12,10,4,-1,Rest,1.5,3.5
S010,12,10,5,-1,Rest,1.75,3.75
S010,12,10,6,-1,Rest,2.0,4.0
S010,12,12,0,-1,Rest,0.5,2.5
S010,12,12,1,-1,Rest,0.75,2.75
S010,12,12,2,-1,Rest,1.0,3.0
S010,12,12,3,-1,Rest,1.25,3.25
S010,12,12,4,-1,Rest,1.5,3.5
S010,12,12,5,-1,Rest,1.75,3.75
S010,12,12,6,-1,Rest,2.0,4.0
S010,12,14,0,-1,Rest,0.5,2.5
S010,12,14,1,-1,Rest,0.75,2.75
S010,12,14,2,-1,Rest,1.0,3.0
S010,12,14,3,-1,Rest,1.25,3.25
S010,12,14,4,-1,Rest,1.5,3.5
S010,12,14,5,-1,Rest,1.75,3.75
S010,12,14,6,-1,Rest,2.0,4.0
S010,12,16,0,-1,Rest,0.5,2.5
S010,12,16,1,-1,Rest,0.75,2.75
S010,12,16,2,-1,Rest,1.0,3.0
S010,12,16,3,-1,Rest,1.25,3.25
S010,12,16,4,-1,Rest,1.5,3.5
S010,12,16,5,-1,Rest,1.75,3.75
S010,12,16,6,-1,Rest,2.0,4.0
S010,12,18,0,-1,Rest,0.5,2.5
S010,12,18,1,-1,Rest,0.75,2.75
S010,12,18,2,-1,Rest,1.0,3.0
S010,12,18,3,-1,Rest,1.25,3.25
S010,12,18,4,-1,Rest,1.5,3.5
S010,12,18,5,-1,Rest,1.75,3.75
S010,12,18,6,-1,Rest,2.0,4.0
S010,12,20,0,-1,Rest,0.5,2.5
S010,12,20,1,-1,Rest,0.75,2.75
S010,12,20,2,-1,Rest,1.0,3.0
S010,12,20,3,-1,Rest,1.25,3.25
S010,12,20,4,-1,Rest,1.5,3.5
S010,12,20,5,-1,Rest,1.75,3.75
S010,12,20,6,-1,Rest,2.0,4.0
S010,12,22,0,-1,Rest,0.5,2.5
S010,12,22,1,-1,Rest,0.75,2.75
S010,12,22,2,-1,Rest,1.0,3.0
S010,12,22,3,-1,Rest,1.25,3.25
S010,12,22,4,-1,Rest,1.5,3.5
S010,12,22,5,-1,Rest,1.75,3.75
S010,12,22,6,-1,Rest,2.0,4.0
S010,12,24,0,-1,Rest,0.5,2.5
S010,12,24,1,-1,Rest,0.75,2.75
S010,12,24,2,-1,Rest,1.0,3.0
S010,12,24,3,-1,Rest,1.25,3.25
S010,12,24,4,-1,Rest,1.5,3.5
S010,12,24,5,-1,Rest,1.75,3.75
S010,12,24,6,-1,Rest,2.0,4.0
S010,12,26,0,-1,Rest,0.5,2.5
S010,12,26,1,-1,Rest,0.75,2.75
S010,12,26,2,-1,Rest,1.0,3.0
S010,12,26,3,-1,Rest,1.25,3.25
S010,12,26,4,-1,Rest,1.5,3.5
S010,12,26,5,-1,Rest,1.75,3.75
S010,12,26,6,-1,Rest,2.0,4.0
S010,12,28,0,-1,Rest,0.5,2.5
S010,12,28,1,-1,Rest,0.75,2.75
S010,12,28,2,-1,Rest,1.0,3.0
S011,04,0,0,-1,Rest,0.5,2.5
S011,04,0,1,-1,Rest,0.75,2.75
S011,04,0,2,-1,Rest,1.0,3.0
S011,04,0,3,-1,Rest,1.25,3.25
S011,04,0,4,-1,Rest,1.5,3.5
S011,04,0,5,-1,Rest,1.75,3.75
S011,04,0,6,-1,Rest,2.0,4.0
S011,04,2,0,-1,Rest,0.5,2.5
S011,04,2,1,-1,Rest,0.75,2.75
S011,04,2,2,-1,Rest,1.0,3.0
S011,04,2,3,-1,Rest,1.25,3.25
S011,04,2,4,-1,Rest,1.5,3.5
S011,04,2,5,-1,Rest,1.75,3.75
S011,04,2,6,-1,Rest,2.0,4.0
S011,04,4,0,-1,Rest,0.5,2.5
S011,04,4,1,-1,Rest,0.75,2.75
S011,04,4,2,-1,Rest,1.0,3.0
S011,04,4,3,-1,Rest,1.25,3.25
S011,04,4,4,-1,Rest,1.5,3.5
S011,04,4,5,-1,Rest,1.75,3.75
S011,04,4,6,-1,Rest,2.0,4.0
S011,04,6,0,-1,Rest,0.5,2.5
S011,04,6,1,-1,Rest,0.75,2.75
S011,04,6,2,-1,Rest,1.0,3.0
S011,04,6,3,-1,Rest,1.25,3.25
S011,04,6,4,-1,Rest,1.5,3.5
S011,04,6,5,-1,Rest,1.75,3.75
S011,04,6,6,-1,Rest,2.0,4.0
S011,04,8,0,-1,Rest,0.5,2.5
S011,04,8,1,-1,Rest,0.75,2.75
S011,04,8,2,-1,Rest,1.0,3.0
S011,04,8,3,-1,Rest,1.25,3.25
S011,04,8,4,-1,Rest,1.5,3.5
S011,04,8,5,-1,Rest,1.75,3.75
S011,04,8,6,-1,Rest,2.0,4.0
S011,04,10,0,-1,Rest,0.5,2.5
S011,04,10,1,-1,Rest,0.75,2.75
S011,04,10,2,-1,Rest,1.0,3.0
S011,04,10,3,-1,Rest,1.25,3.25
S011,04,10,4,-1,Rest,1.5,3.5
S011,04,10,5,-1,Rest,1.75,3.75
S011,04,10,6,-1,Rest,2.0,4.0
S011,04,12,0,-1,Rest,0.5,2.5
S011,04,12,1,-1,Rest,0.75,2.75
S011,04,12,2,-1,Rest,1.0,3.0
S011,04,12,3,-1,Rest,1.25,3.25
S011,04,12,4,-1,Rest,1.5,3.5
S011,04,12,5,-1,Rest,1.75,3.75
S011,04,12,6,-1,Rest,2.0,4.0
S011,04,14,0,-1,Rest,0.5,2.5
S011,04,14,1,-1,Rest,0.75,2.75
S011,04,14,2,-1,Rest,1.0,3.0
S011,04,14,3,-1,Rest,1.25,3.25
S011,04,14,4,-1,Rest,1.5,3.5
S011,04,14,5,-1,Rest,1.75,3.75
S011,04,14,6,-1,Rest,2.0,4.0
S011,04,16,0,-1,Rest,0.5,2.5
S011,04,16,1,-1,Rest,0.75,2.75
S011,04,16,2,-1,Rest,1.0,3.0
S011,04,16,3,-1,Rest,1.25,3.25
S011,04,16,4,-1,Rest,1.5,3.5
S011,04,16,5,-1,Rest,1.75,3.75
S011,04,16,6,-1,Rest,2.0,4.0
S011,04,18,0,-1,Rest,0.5,2.5
S011,04,18,1,-1,Rest,0.75,2.75
S011,04,18,2,-1,Rest,1.0,3.0
S011,04,18,3,-1,Rest,1.25,3.25
S011,04,18,4,-1,Rest,1.5,3.5
S011,04,18,5,-1,Rest,1.75,3.75
S011,04,18,6,-1,Rest,2.0,4.0
S011,04,20,0,-1,Rest,0.5,2.5
S011,04,20,1,-1,Rest,0.75,2.75
S011,04,20,2,-1,Rest,1.0,3.0
S011,04,20,3,-1,Rest,1.25,3.25
S011,04,20,4,-1,Rest,1.5,3.5
S011,04,20,5,-1,Rest,1.75,3.75
S011,04,20,6,-1,Rest,2.0,4.0
S011,04,22,0,-1,Rest,0.5,2.5
S011,04,22,1,-1,Rest,0.75,2.75
S011,04,22,2,-1,Rest,1.0,3.0
S011,04,22,3,-1,Rest,1.25,3.25
S011,04,22,4,-1,Rest,1.5,3.5
S011,04,22,5,-1,Rest,1.75,3.75
S011,04,22,6,-1,Rest,2.0,4.0
S011,04,24,0,-1,Rest,0.5,2.5
S011,04,24,1,-1,Rest,0.75,2.75
S011,04,24,2,-1,Rest,1.0,3.0
S011,04,24,3,-1,Rest,1.25,3.25
S011,04,24,4,-1,Rest,1.5,3.5
S011,04,24,5,-1,Rest,1.75,3.75
S011,04,24,6,-1,Rest,2.0,4.0
S011,04,26,0,-1,Rest,0.5,2.5
S011,04,26,1,-1,Rest,0.75,2.75
S011,04,26,2,-1,Rest,1.0,3.0
S011,04,26,3,-1,Rest,1.25,3.25
S011,04,26,4,-1,Rest,1.5,3.5
S011,04,26,5,-1,Rest,1.75,3.75
S011,04,26,6,-1,Rest,2.0,4.0
S011,04,28,0,-1,Rest,0.5,2.5
S011,04,28,1,-1,Rest,0.75,2.75
S011,04,28,2,-1,Rest,1.0,3.0
S011,04,28,3,-1,Rest,1.25,3.25
S011,04,28,4,-1,Rest,1.5,3.5
S011,04,28,5,-1,Rest,1.75,3.75
S011,04,28,6,-1,Rest,2.0,4.0
S011,08,0,0,-1,Rest,0.5,2.5
S011,08,0,1,-1,Rest,0.75,2.75
S011,08,0,2,-1,Rest,1.0,3.0
S011,08,0,3,-1,Rest,1.25,3.25
S011,08,0,4,-1,Rest,1.5,3.5
S011,08,0,5,-1,Rest,1.75,3.75
S011,08,0,6,-1,Rest,2.0,4.0
S011,08,2,0,-1,Rest,0.5,2.5
S011,08,2,1,-1,Rest,0.75,2.75
S011,08,2,2,-1,Rest,1.0,3.0
S011,08,2,3,-1,Rest,1.25,3.25
S011,08,2,4,-1,Rest,1.5,3.5
S011,08,2,5,-1,Rest,1.75,3.75
S011,08,2,6,-1,Rest,2.0,4.0
S011,08,4,0,-1,Rest,0.5,2.5
S011,08,4,1,-1,Rest,0.75,2.75
S011,08,4,2,-1,Rest,1.0,3.0
S011,08,4,3,-1,Rest,1.25,3.25
S011,08,4,4,-1,Rest,1.5,3.5
S011,08,4,5,-1,Rest,1.75,3.75
S011,08,4,6,-1,Rest,2.0,4.0
S011,08,6,0,-1,Rest,0.5,2.5
S011,08,6,1,-1,Rest,0.75,2.75
S011,08,6,2,-1,Rest,1.0,3.0
S011,08,6,3,-1,Rest,1.25,3.25
S011,08,6,4,-1,Rest,1.5,3.5
S011,08,6,5,-1,Rest,1.75,3.75
S011,08,6,6,-1,Rest,2.0,4.0
S011,08,8,0,-1,Rest,0.5,2.5
S011,08,8,1,-1,Rest,0.75,2.75
S011,08,8,2,-1,Rest,1.0,3.0
S011,08,8,3,-1,Rest,1.25,3.25
S011,08,8,4,-1,Rest,1.5,3.5
S011,08,8,5,-1,Rest,1.75,3.75
S011,08,8,6,-1,Rest,2.0,4.0
S011,08,10,0,-1,Rest,0.5,2.5
S011,08,10,1,-1,Rest,0.75,2.75
S011,08,10,2,-1,Rest,1.0,3.0
S011,08,10,3,-1,Rest,1.25,3.25
S011,08,10,4,-1,Rest,1.5,3.5
S011,08,10,5,-1,Rest,1.75,3.75
S011,08,10,6,-1,Rest,2.0,4.0
S011,08,12,0,-1,Rest,0.5,2.5
S011,08,12,1,-1,Rest,0.75,2.75
S011,08,12,2,-1,Rest,1.0,3.0
S011,08,12,3,-1,Rest,1.25,3.25
S011,08,12,4,-1,Rest,1.5,3.5
S011,08,12,5,-1,Rest,1.75,3.75
S011,08,12,6,-1,Rest,2.0,4.0
S011,08,14,0,-1,Rest,0.5,2.5
S011,08,14,1,-1,Rest,0.75,2.75
S011,08,14,2,-1,Rest,1.0,3.0
S011,08,14,3,-1,Rest,1.25,3.25
S011,08,14,4,-1,Rest,1.5,3.5
S011,08,14,5,-1,Rest,1.75,3.75
S011,08,14,6,-1,Rest,2.0,4.0
S011,08,16,0,-1,Rest,0.5,2.5
S011,08,16,1,-1,Rest,0.75,2.75
S011,08,16,2,-1,Rest,1.0,3.0
S011,08,16,3,-1,Rest,1.25,3.25
S011,08,16,4,-1,Rest,1.5,3.5
S011,08,16,5,-1,Rest,1.75,3.75
S011,08,16,6,-1,Rest,2.0,4.0
S011,08,18,0,-1,Rest,0.5,2.5
S011,08,18,1,-1,Rest,0.75,2.75
S011,08,18,2,-1,Rest,1.0,3.0
S011,08,18,3,-1,Rest,1.25,3.25
S011,08,18,4,-1,Rest,1.5,3.5
S011,08,18,5,-1,Rest,1.75,3.75
S011,08,18,6,-1,Rest,2.0,4.0
S011,08,20,0,-1,Rest,0.5,2.5
S011,08,20,1,-1,Rest,0.75,2.75
S011,08,20,2,-1,Rest,1.0,3.0
S011,08,20,3,-1,Rest,1.25,3.25
S011,08,20,4,-1,Rest,1.5,3.5
S011,08,20,5,-1,Rest,1.75,3.75
S011,08,20,6,-1,Rest,2.0,4.0
S011,08,22,0,-1,Rest,0.5,2.5
S011,08,22,1,-1,Rest,0.75,2.75
S011,08,22,2,-1,Rest,1.0,3.0
S011,08,22,3,-1,Rest,1.25,3.25
S011,08,22,4,-1,Rest,1.5,3.5
S011,08,22,5,-1,Rest,1.75,3.75
S011,08,22,6,-1,Rest,2.0,4.0
S011,08,24,0,-1,Rest,0.5,2.5
S011,08,24,1,-1,Rest,0.75,2.75
S011,08,24,2,-1,Rest,1.0,3.0
S011,08,24,3,-1,Rest,1.25,3.25
S011,08,24,4,-1,Rest,1.5,3.5
S011,08,24,5,-1,Rest,1.75,3.75
S011,08,24,6,-1,Rest,2.0,4.0
S011,08,26,0,-1,Rest,0.5,2.5
S011,08,26,1,-1,Rest,0.75,2.75
S011,08,26,2,-1,Rest,1.0,3.0
S011,08,26,3,-1,Rest,1.25,3.25
S011,08,26,4,-1,Rest,1.5,3.5
S011,08,26,5,-1,Rest,1.75,3.75
S011,08,26,6,-1,Rest,2.0,4.0
S011,08,28,0,-1,Rest,0.5,2.5
S011,08,28,1,-1,Rest,0.75,2.75
S011,08,28,2,-1,Rest,1.0,3.0
S011,08,28,3,-1,Rest,1.25,3.25
S011,08,28,4,-1,Rest,1.5,3.5
S011,08,28,5,-1,Rest,1.75,3.75
S011,08,28,6,-1,Rest,2.0,4.0
S011,12,0,0,-1,Rest,0.5,2.5
S011,12,0,1,-1,Rest,0.75,2.75
S011,12,0,2,-1,Rest,1.0,3.0
S011,12,0,3,-1,Rest,1.25,3.25
S011,12,0,4,-1,Rest,1.5,3.5
S011,12,0,5,-1,Rest,1.75,3.75
S011,12,0,6,-1,Rest,2.0,4.0
S011,12,2,0,-1,Rest,0.5,2.5
S011,12,2,1,-1,Rest,0.75,2.75
S011,12,2,2,-1,Rest,1.0,3.0
S011,12,2,3,-1,Rest,1.25,3.25
S011,12,2,4,-1,Rest,1.5,3.5
S011,12,2,5,-1,Rest,1.75,3.75
S011,12,2,6,-1,Rest,2.0,4.0
S011,12,4,0,-1,Rest,0.5,2.5
S011,12,4,1,-1,Rest,0.75,2.75
S011,12,4,2,-1,Rest,1.0,3.0
S011,12,4,3,-1,Rest,1.25,3.25
S011,12,4,4,-1,Rest,1.5,3.5
S011,12,4,5,-1,Rest,1.75,3.75
S011,12,4,6,-1,Rest,2.0,4.0
S011,12,6,0,-1,Rest,0.5,2.5
S011,12,6,1,-1,Rest,0.75,2.75
S011,12,6,2,-1,Rest,1.0,3.0
S011,12,6,3,-1,Rest,1.25,3.25
S011,12,6,4,-1,Rest,1.5,3.5
S011,12,6,5,-1,Rest,1.75,3.75
S011,12,6,6,-1,Rest,2.0,4.0
S011,12,8,0,-1,Rest,0.5,2.5
S011,12,8,1,-1,Rest,0.75,2.75
S011,12,8,2,-1,Rest,1.0,3.0
S011,12,8,3,-1,Rest,1.25,3.25
S011,12,8,4,-1,Rest,1.5,3.5
S011,12,8,5,-1,Rest,1.75,3.75
S011,12,8,6,-1,Rest,2.0,4.0
S011,12,10,0,-1,Rest,0.5,2.5
S011,12,10,1,-1,Rest,0.75,2.75
S011,12,10,2,-1,Rest,1.0,3.0
S011,12,10,3,-1,Rest,1.25,3.25
S011,12,10,4,-1,Rest,1.5,3.5
S011,12,10,5,-1,Rest,1.75,3.75
S011,12,10,6,-1,Rest,2.0,4.0
S011,12,12,0,-1,Rest,0.5,2.5
S011,12,12,1,-1,Rest,0.75,2.75
S011,12,12,2,-1,Rest,1.0,3.0
S011,12,12,3,-1,Rest,1.25,3.25
S011,12,12,4,-1,Rest,1.5,3.5
S011,12,12,5,-1,Rest,1.75,3.75
S011,12,12,6,-1,Rest,2.0,4.0
S011,12,14,0,-1,Rest,0.5,2.5
S011,12,14,1,-1,Rest,0.75,2.75
S011,12,14,2,-1,Rest,1.0,3.0
S011,12,14,3,-1,Rest,1.25,3.25
S011,12,14,4,-1,Rest,1.5,3.5
S011,12,14,5,-1,Rest,1.75,3.75
S011,12,14,6,-1,Rest,2.0,4.0
S011,12,16,0,-1,Rest,0.5,2.5
S011,12,16,1,-1,Rest,0.75,2.75
S011,12,16,2,-1,Rest,1.0,3.0
S011,12,16,3,-1,Rest,1.25,3.25
S011,12,16,4,-1,Rest,1.5,3.5
S011,12,16,5,-1,Rest,1.75,3.75
S011,12,16,6,-1,Rest,2.0,4.0
S011,12,18,0,-1,Rest,0.5,2.5
S011,12,18,1,-1,Rest,0.75,2.75
S011,12,18,2,-1,Rest,1.0,3.0
S011,12,18,3,-1,Rest,1.25,3.25
S011,12,18,4,-1,Rest,1.5,3.5
S011,12,18,5,-1,Rest,1.75,3.75
S011,12,18,6,-1,Rest,2.0,4.0
S011,12,20,0,-1,Rest,0.5,2.5
S011,12,20,1,-1,Rest,0.75,2.75
S011,12,20,2,-1,Rest,1.0,3.0
S011,12,20,3,-1,Rest,1.25,3.25
S011,12,20,4,-1,Rest,1.5,3.5
S011,12,20,5,-1,Rest,1.75,3.75
S011,12,20,6,-1,Rest,2.0,4.0
S011,12,22,0,-1,Rest,0.5,2.5
S011,12,22,1,-1,Rest,0.75,2.75
S011,12,22,2,-1,Rest,1.0,3.0
S011,12,22,3,-1,Rest,1.25,3.25
S011,12,22,4,-1,Rest,1.5,3.5
S011,12,22,5,-1,Rest,1.75,3.75
S011,12,22,6,-1,Rest,2.0,4.0
S011,12,24,0,-1,Rest,0.5,2.5
S011,12,24,1,-1,Rest,0.75,2.75
S011,12,24,2,-1,Rest,1.0,3.0
S011,12,24,3,-1,Rest,1.25,3.25
S011,12,24,4,-1,Rest,1.5,3.5
S011,12,24,5,-1,Rest,1.75,3.75
S011,12,24,6,-1,Rest,2.0,4.0
S011,12,26,0,-1,Rest,0.5,2.5
S011,12,26,1,-1,Rest,0.75,2.75
S011,12,26,2,-1,Rest,1.0,3.0
S011,12,26,3,-1,Rest,1.25,3.25
S011,12,26,4,-1,Rest,1.5,3.5
S011,12,26,5,-1,Rest,1.75,3.75
S011,12,26,6,-1,Rest,2.0,4.0
S011,12,28,0,-1,Rest,0.5,2.5
S011,12,28,1,-1,Rest,0.75,2.75
S011,12,28,2,-1,Rest,1.0,3.0
S011,12,28,3,-1,Rest,1.25,3.25
S011,12,28,4,-1,Rest,1.5,3.5
S011,12,28,5,-1,Rest,1.75,3.75
S011,12,28,6,-1,Rest,2.0,4.0
S016,04,0,0,-1,Rest,0.5,2.5
S016,04,0,1,-1,Rest,0.75,2.75
S016,04,0,2,-1,Rest,1.0,3.0
S016,04,0,3,-1,Rest,1.25,3.25
S016,04,0,4,-1,Rest,1.5,3.5
S016,04,0,5,-1,Rest,1.75,3.75
S016,04,0,6,-1,Rest,2.0,4.0
S016,04,2,0,-1,Rest,0.5,2.5
S016,04,2,1,-1,Rest,0.75,2.75
S016,04,2,2,-1,Rest,1.0,3.0
S016,04,2,3,-1,Rest,1.25,3.25
S016,04,2,4,-1,Rest,1.5,3.5
S016,04,2,5,-1,Rest,1.75,3.75
S016,04,2,6,-1,Rest,2.0,4.0
S016,04,4,0,-1,Rest,0.5,2.5
S016,04,4,1,-1,Rest,0.75,2.75
S016,04,4,2,-1,Rest,1.0,3.0
S016,04,4,3,-1,Rest,1.25,3.25
S016,04,4,4,-1,Rest,1.5,3.5
S016,04,4,5,-1,Rest,1.75,3.75
S016,04,4,6,-1,Rest,2.0,4.0
S016,04,6,0,-1,Rest,0.5,2.5
S016,04,6,1,-1,Rest,0.75,2.75
S016,04,6,2,-1,Rest,1.0,3.0
S016,04,6,3,-1,Rest,1.25,3.25
S016,04,6,4,-1,Rest,1.5,3.5
S016,04,6,5,-1,Rest,1.75,3.75
S016,04,6,6,-1,Rest,2.0,4.0
S016,04,8,0,-1,Rest,0.5,2.5
S016,04,8,1,-1,Rest,0.75,2.75
S016,04,8,2,-1,Rest,1.0,3.0
S016,04,8,3,-1,Rest,1.25,3.25
S016,04,8,4,-1,Rest,1.5,3.5
S016,04,8,5,-1,Rest,1.75,3.75
S016,04,8,6,-1,Rest,2.0,4.0
S016,04,10,0,-1,Rest,0.5,2.5
S016,04,10,1,-1,Rest,0.75,2.75
S016,04,10,2,-1,Rest,1.0,3.0
S016,04,10,3,-1,Rest,1.25,3.25
S016,04,10,4,-1,Rest,1.5,3.5
S016,04,10,5,-1,Rest,1.75,3.75
S016,04,10,6,-1,Rest,2.0,4.0
S016,04,12,0,-1,Rest,0.5,2.5
S016,04,12,1,-1,Rest,0.75,2.75
S016,04,12,2,-1,Rest,1.0,3.0
S016,04,12,3,-1,Rest,1.25,3.25
S016,04,12,4,-1,Rest,1.5,3.5
S016,04,12,5,-1,Rest,1.75,3.75
S016,04,12,6,-1,Rest,2.0,4.0
S016,04,14,0,-1,Rest,0.5,2.5
S016,04,14,1,-1,Rest,0.75,2.75
S016,04,14,2,-1,Rest,1.0,3.0
S016,04,14,3,-1,Rest,1.25,3.25
S016,04,14,4,-1,Rest,1.5,3.5
S016,04,14,5,-1,Rest,1.75,3.75
S016,04,14,6,-1,Rest,2.0,4.0
S016,04,16,0,-1,Rest,0.5,2.5
S016,04,16,1,-1,Rest,0.75,2.75
S016,04,16,2,-1,Rest,1.0,3.0
S016,04,16,3,-1,Rest,1.25,3.25
S016,04,16,4,-1,Rest,1.5,3.5
S016,04,16,5,-1,Rest,1.75,3.75
S016,04,16,6,-1,Rest,2.0,4.0
S016,04,18,0,-1,Rest,0.5,2.5
S016,04,18,1,-1,Rest,0.75,2.75
S016,04,18,2,-1,Rest,1.0,3.0
S016,04,18,3,-1,Rest,1.25,3.25
S016,04,18,4,-1,Rest,1.5,3.5
S016,04,18,5,-1,Rest,1.75,3.75
S016,04,18,6,-1,Rest,2.0,4.0
S016,04,20,0,-1,Rest,0.5,2.5
S016,04,20,1,-1,Rest,0.75,2.75
S016,04,20,2,-1,Rest,1.0,3.0
S016,04,20,3,-1,Rest,1.25,3.25
S016,04,20,4,-1,Rest,1.5,3.5
S016,04,20,5,-1,Rest,1.75,3.75
S016,04,20,6,-1,Rest,2.0,4.0
S016,04,22,0,-1,Rest,0.5,2.5
S016,04,22,1,-1,Rest,0.75,2.75
S016,04,22,2,-1,Rest,1.0,3.0
S016,04,22,3,-1,Rest,1.25,3.25
S016,04,22,4,-1,Rest,1.5,3.5
S016,04,22,5,-1,Rest,1.75,3.75
S016,04,22,6,-1,Rest,2.0,4.0
S016,04,24,0,-1,Rest,0.5,2.5
S016,04,24,1,-1,Rest,0.75,2.75
S016,04,24,2,-1,Rest,1.0,3.0
S016,04,24,3,-1,Rest,1.25,3.25
S016,04,24,4,-1,Rest,1.5,3.5
S016,04,24,5,-1,Rest,1.75,3.75
S016,04,24,6,-1,Rest,2.0,4.0
S016,04,26,0,-1,Rest,0.5,2.5
S016,04,26,1,-1,Rest,0.75,2.75
S016,04,26,2,-1,Rest,1.0,3.0
S016,04,26,3,-1,Rest,1.25,3.25
S016,04,26,4,-1,Rest,1.5,3.5
S016,04,26,5,-1,Rest,1.75,3.75
S016,04,26,6,-1,Rest,2.0,4.0
S016,04,28,0,-1,Rest,0.5,2.5
S016,04,28,1,-1,Rest,0.75,2.75
S016,04,28,2,-1,Rest,1.0,3.0
S016,04,28,3,-1,Rest,1.25,3.25
S016,04,28,4,-1,Rest,1.5,3.5
S016,04,28,5,-1,Rest,1.75,3.75
S016,04,28,6,-1,Rest,2.0,4.0
S016,08,0,0,-1,Rest,0.5,2.5
S016,08,0,1,-1,Rest,0.75,2.75
S016,08,0,2,-1,Rest,1.0,3.0
S016,08,0,3,-1,Rest,1.25,3.25
S016,08,0,4,-1,Rest,1.5,3.5
S016,08,0,5,-1,Rest,1.75,3.75
S016,08,0,6,-1,Rest,2.0,4.0
S016,08,2,0,-1,Rest,0.5,2.5
S016,08,2,1,-1,Rest,0.75,2.75
S016,08,2,2,-1,Rest,1.0,3.0
S016,08,2,3,-1,Rest,1.25,3.25
S016,08,2,4,-1,Rest,1.5,3.5
S016,08,2,5,-1,Rest,1.75,3.75
S016,08,2,6,-1,Rest,2.0,4.0
S016,08,4,0,-1,Rest,0.5,2.5
S016,08,4,1,-1,Rest,0.75,2.75
S016,08,4,2,-1,Rest,1.0,3.0
S016,08,4,3,-1,Rest,1.25,3.25
S016,08,4,4,-1,Rest,1.5,3.5
S016,08,4,5,-1,Rest,1.75,3.75
S016,08,4,6,-1,Rest,2.0,4.0
S016,08,6,0,-1,Rest,0.5,2.5
S016,08,6,1,-1,Rest,0.75,2.75
S016,08,6,2,-1,Rest,1.0,3.0
S016,08,6,3,-1,Rest,1.25,3.25
S016,08,6,4,-1,Rest,1.5,3.5
S016,08,6,5,-1,Rest,1.75,3.75
S016,08,6,6,-1,Rest,2.0,4.0
S016,08,8,0,-1,Rest,0.5,2.5
S016,08,8,1,-1,Rest,0.75,2.75
S016,08,8,2,-1,Rest,1.0,3.0
S016,08,8,3,-1,Rest,1.25,3.25
S016,08,8,4,-1,Rest,1.5,3.5
S016,08,8,5,-1,Rest,1.75,3.75
S016,08,8,6,-1,Rest,2.0,4.0
S016,08,10,0,-1,Rest,0.5,2.5
S016,08,10,1,-1,Rest,0.75,2.75
S016,08,10,2,-1,Rest,1.0,3.0
S016,08,10,3,-1,Rest,1.25,3.25
S016,08,10,4,-1,Rest,1.5,3.5
S016,08,10,5,-1,Rest,1.75,3.75
S016,08,10,6,-1,Rest,2.0,4.0
S016,08,12,0,-1,Rest,0.5,2.5
S016,08,12,1,-1,Rest,0.75,2.75
S016,08,12,2,-1,Rest,1.0,3.0
S016,08,12,3,-1,Rest,1.25,3.25
S016,08,12,4,-1,Rest,1.5,3.5
S016,08,12,5,-1,Rest,1.75,3.75
S016,08,12,6,-1,Rest,2.0,4.0
S016,08,14,0,-1,Rest,0.5,2.5
S016,08,14,1,-1,Rest,0.75,2.75
S016,08,14,2,-1,Rest,1.0,3.0
S016,08,14,3,-1,Rest,1.25,3.25
S016,08,14,4,-1,Rest,1.5,3.5
S016,08,14,5,-1,Rest,1.75,3.75
S016,08,14,6,-1,Rest,2.0,4.0
S016,08,16,0,-1,Rest,0.5,2.5
S016,08,16,1,-1,Rest,0.75,2.75
S016,08,16,2,-1,Rest,1.0,3.0
S016,08,16,3,-1,Rest,1.25,3.25
S016,08,16,4,-1,Rest,1.5,3.5
S016,08,16,5,-1,Rest,1.75,3.75
S016,08,16,6,-1,Rest,2.0,4.0
S016,08,18,0,-1,Rest,0.5,2.5
S016,08,18,1,-1,Rest,0.75,2.75
S016,08,18,2,-1,Rest,1.0,3.0
S016,08,18,3,-1,Rest,1.25,3.25
S016,08,18,4,-1,Rest,1.5,3.5
S016,08,18,5,-1,Rest,1.75,3.75
S016,08,18,6,-1,Rest,2.0,4.0
S016,08,20,0,-1,Rest,0.5,2.5
S016,08,20,1,-1,Rest,0.75,2.75
S016,08,20,2,-1,Rest,1.0,3.0
S016,08,20,3,-1,Rest,1.25,3.25
S016,08,20,4,-1,Rest,1.5,3.5
S016,08,20,5,-1,Rest,1.75,3.75
S016,08,20,6,-1,Rest,2.0,4.0
S016,08,22,0,-1,Rest,0.5,2.5
S016,08,22,1,-1,Rest,0.75,2.75
S016,08,22,2,-1,Rest,1.0,3.0
S016,08,22,3,-1,Rest,1.25,3.25
S016,08,22,4,-1,Rest,1.5,3.5
S016,08,22,5,-1,Rest,1.75,3.75
S016,08,22,6,-1,Rest,2.0,4.0
S016,08,24,0,-1,Rest,0.5,2.5
S016,08,24,1,-1,Rest,0.75,2.75
S016,08,24,2,-1,Rest,1.0,3.0
S016,08,24,3,-1,Rest,1.25,3.25
S016,08,24,4,-1,Rest,1.5,3.5
S016,08,24,5,-1,Rest,1.75,3.75
S016,08,24,6,-1,Rest,2.0,4.0
S016,08,26,0,-1,Rest,0.5,2.5
S016,08,26,1,-1,Rest,0.75,2.75
S016,08,26,2,-1,Rest,1.0,3.0
S016,08,26,3,-1,Rest,1.25,3.25
S016,08,26,4,-1,Rest,1.5,3.5
S016,08,26,5,-1,Rest,1.75,3.75
S016,08,26,6,-1,Rest,2.0,4.0
S016,08,28,0,-1,Rest,0.5,2.5
S016,08,28,1,-1,Rest,0.75,2.75
S016,08,28,2,-1,Rest,1.0,3.0
S016,08,28,3,-1,Rest,1.25,3.25
S016,08,28,4,-1,Rest,1.5,3.5
S016,08,28,5,-1,Rest,1.75,3.75
S016,08,28,6,-1,Rest,2.0,4.0
S016,12,0,0,-1,Rest,0.5,2.5
S016,12,0,1,-1,Rest,0.75,2.75
S016,12,0,2,-1,Rest,1.0,3.0
S016,12,0,3,-1,Rest,1.25,3.25
S016,12,0,4,-1,Rest,1.5,3.5
S016,12,0,5,-1,Rest,1.75,3.75
S016,12,0,6,-1,Rest,2.0,4.0
S016,12,2,5,-1,Rest,1.75,3.75
S016,12,2,6,-1,Rest,2.0,4.0
S016,12,4,0,-1,Rest,0.5,2.5
S016,12,4,1,-1,Rest,0.75,2.75
S016,12,4,2,-1,Rest,1.0,3.0
S016,12,4,3,-1,Rest,1.25,3.25
S016,12,4,4,-1,Rest,1.5,3.5
S016,12,4,5,-1,Rest,1.75,3.75
S016,12,4,6,-1,Rest,2.0,4.0
S016,12,6,0,-1,Rest,0.5,2.5
S016,12,6,1,-1,Rest,0.75,2.75
S016,12,6,2,-1,Rest,1.0,3.0
S016,12,6,3,-1,Rest,1.25,3.25
S016,12,6,4,-1,Rest,1.5,3.5
S016,12,6,5,-1,Rest,1.75,3.75
S016,12,6,6,-1,Rest,2.0,4.0
S016,12,8,0,-1,Rest,0.5,2.5
S016,12,8,1,-1,Rest,0.75,2.75
S016,12,8,2,-1,Rest,1.0,3.0
S016,12,8,3,-1,Rest,1.25,3.25
S016,12,8,4,-1,Rest,1.5,3.5
S016,12,8,5,-1,Rest,1.75,3.75
S016,12,8,6,-1,Rest,2.0,4.0
S016,12,10,0,-1,Rest,0.5,2.5
S016,12,10,1,-1,Rest,0.75,2.75
S016,12,10,2,-1,Rest,1.0,3.0
S016,12,10,3,-1,Rest,1.25,3.25
S016,12,10,4,-1,Rest,1.5,3.5
S016,12,10,5,-1,Rest,1.75,3.75
S016,12,10,6,-1,Rest,2.0,4.0
S016,12,12,0,-1,Rest,0.5,2.5
S016,12,12,1,-1,Rest,0.75,2.75
S016,12,12,2,-1,Rest,1.0,3.0
S016,12,12,3,-1,Rest,1.25,3.25
S016,12,12,4,-1,Rest,1.5,3.5
S016,12,12,5,-1,Rest,1.75,3.75
S016,12,12,6,-1,Rest,2.0,4.0
S016,12,14,0,-1,Rest,0.5,2.5
S016,12,14,1,-1,Rest,0.75,2.75
S016,12,14,2,-1,Rest,1.0,3.0
S016,12,14,3,-1,Rest,1.25,3.25
S016,12,14,4,-1,Rest,1.5,3.5
S016,12,14,5,-1,Rest,1.75,3.75
S016,12,14,6,-1,Rest,2.0,4.0
S016,12,16,0,-1,Rest,0.5,2.5
S016,12,16,1,-1,Rest,0.75,2.75
S016,12,16,2,-1,Rest,1.0,3.0
S016,12,16,3,-1,Rest,1.25,3.25
S016,12,16,4,-1,Rest,1.5,3.5
S016,12,16,5,-1,Rest,1.75,3.75
S016,12,16,6,-1,Rest,2.0,4.0
S016,12,18,0,-1,Rest,0.5,2.5
S016,12,18,1,-1,Rest,0.75,2.75
S016,12,18,2,-1,Rest,1.0,3.0
S016,12,18,3,-1,Rest,1.25,3.25
S016,12,18,4,-1,Rest,1.5,3.5
S016,12,18,5,-1,Rest,1.75,3.75
S016,12,18,6,-1,Rest,2.0,4.0
S016,12,20,0,-1,Rest,0.5,2.5
S016,12,20,1,-1,Rest,0.75,2.75
S016,12,20,2,-1,Rest,1.0,3.0
S016,12,20,3,-1,Rest,1.25,3.25
S016,12,20,4,-1,Rest,1.5,3.5
S016,12,20,5,-1,Rest,1.75,3.75
S016,12,20,6,-1,Rest,2.0,4.0
S016,12,22,0,-1,Rest,0.5,2.5
S016,12,22,1,-1,Rest,0.75,2.75
S016,12,22,2,-1,Rest,1.0,3.0
S016,12,22,3,-1,Rest,1.25,3.25
S016,12,22,4,-1,Rest,1.5,3.5
S016,12,22,5,-1,Rest,1.75,3.75
S016,12,22,6,-1,Rest,2.0,4.0
S016,12,24,0,-1,Rest,0.5,2.5
S016,12,24,1,-1,Rest,0.75,2.75
S016,12,24,2,-1,Rest,1.0,3.0
S016,12,24,3,-1,Rest,1.25,3.25
S016,12,24,4,-1,Rest,1.5,3.5
S016,12,24,5,-1,Rest,1.75,3.75
S016,12,24,6,-1,Rest,2.0,4.0
S016,12,26,0,-1,Rest,0.5,2.5
S016,12,26,1,-1,Rest,0.75,2.75
S016,12,26,2,-1,Rest,1.0,3.0
S016,12,26,3,-1,Rest,1.25,3.25
S016,12,26,4,-1,Rest,1.5,3.5
S016,12,26,5,-1,Rest,1.75,3.75
S016,12,26,6,-1,Rest,2.0,4.0
S016,12,28,0,-1,Rest,0.5,2.5
S016,12,28,1,-1,Rest,0.75,2.75
S016,12,28,2,-1,Rest,1.0,3.0
S016,12,28,3,-1,Rest,1.25,3.25
S016,12,28,4,-1,Rest,1.5,3.5
S016,12,28,5,-1,Rest,1.75,3.75
S016,12,28,6,-1,Rest,2.0,4.0
S017,04,0,0,-1,Rest,0.5,2.5
S017,04,0,1,-1,Rest,0.75,2.75
S017,04,0,2,-1,Rest,1.0,3.0
S017,04,0,3,-1,Rest,1.25,3.25
S017,04,0,4,-1,Rest,1.5,3.5
S017,04,0,5,-1,Rest,1.75,3.75
S017,04,0,6,-1,Rest,2.0,4.0
S017,04,2,0,-1,Rest,0.5,2.5
S017,04,2,1,-1,Rest,0.75,2.75
S017,04,2,2,-1,Rest,1.0,3.0
S017,04,2,3,-1,Rest,1.25,3.25
S017,04,2,4,-1,Rest,1.5,3.5
S017,04,2,5,-1,Rest,1.75,3.75
S017,04,2,6,-1,Rest,2.0,4.0
S017,04,4,4,-1,Rest,1.5,3.5
S017,04,4,5,-1,Rest,1.75,3.75
S017,04,4,6,-1,Rest,2.0,4.0
S017,04,6,0,-1,Rest,0.5,2.5
S017,04,6,1,-1,Rest,0.75,2.75
S017,04,6,2,-1,Rest,1.0,3.0
S017,04,6,3,-1,Rest,1.25,3.25
S017,04,6,4,-1,Rest,1.5,3.5
S017,04,6,5,-1,Rest,1.75,3.75
S017,04,6,6,-1,Rest,2.0,4.0
S017,04,8,0,-1,Rest,0.5,2.5
S017,04,8,1,-1,Rest,0.75,2.75
S017,04,8,2,-1,Rest,1.0,3.0
S017,04,8,3,-1,Rest,1.25,3.25
S017,04,8,4,-1,Rest,1.5,3.5
S017,04,8,5,-1,Rest,1.75,3.75
S017,04,8,6,-1,Rest,2.0,4.0
S017,04,12,5,-1,Rest,1.75,3.75
S017,04,12,6,-1,Rest,2.0,4.0
S017,04,14,4,-1,Rest,1.5,3.5
S017,04,14,5,-1,Rest,1.75,3.75
S017,04,14,6,-1,Rest,2.0,4.0
S017,04,18,5,-1,Rest,1.75,3.75
S017,04,18,6,-1,Rest,2.0,4.0
S017,04,22,0,-1,Rest,0.5,2.5
S017,04,22,1,-1,Rest,0.75,2.75
S017,04,22,2,-1,Rest,1.0,3.0
S017,04,22,3,-1,Rest,1.25,3.25
S017,04,22,4,-1,Rest,1.5,3.5
S017,04,22,5,-1,Rest,1.75,3.75
S017,04,22,6,-1,Rest,2.0,4.0
S017,04,24,1,-1,Rest,0.75,2.75
S017,04,24,2,-1,Rest,1.0,3.0
S017,04,24,3,-1,Rest,1.25,3.25
S017,04,24,4,-1,Rest,1.5,3.5
S017,04,24,5,-1,Rest,1.75,3.75
S017,04,24,6,-1,Rest,2.0,4.0
S017,04,26,0,-1,Rest,0.5,2.5
S017,04,26,1,-1,Rest,0.75,2.75
S017,04,26,2,-1,Rest,1.0,3.0
S017,04,26,3,-1,Rest,1.25,3.25
S017,04,26,4,-1,Rest,1.5,3.5
S017,04,28,2,-1,Rest,1.0,3.0
S017,04,28,3,-1,Rest,1.25,3.25
S017,04,28,4,-1,Rest,1.5,3.5
S017,04,28,5,-1,Rest,1.75,3.75
S017,04,28,6,-1,Rest,2.0,4.0
S017,08,0,5,-1,Rest,1.75,3.75
S017,08,0,6,-1,Rest,2.0,4.0
S017,08,2,6,-1,Rest,2.0,4.0
S017,08,4,5,-1,Rest,1.75,3.75
S017,08,4,6,-1,Rest,2.0,4.0
S017,08,10,5,-1,Rest,1.75,3.75
S017,08,10,6,-1,Rest,2.0,4.0
S017,08,12,6,-1,Rest,2.0,4.0
S017,08,22,2,-1,Rest,1.0,3.0
S017,08,22,3,-1,Rest,1.25,3.25
S017,08,22,4,-1,Rest,1.5,3.5
S018,04,0,0,-1,Rest,0.5,2.5
S018,04,0,1,-1,Rest,0.75,2.75
S018,04,0,2,-1,Rest,1.0,3.0
S018,04,0,3,-1,Rest,1.25,3.25
S018,04,0,4,-1,Rest,1.5,3.5
S018,04,0,5,-1,Rest,1.75,3.75
S018,04,0,6,-1,Rest,2.0,4.0
S018,04,2,0,-1,Rest,0.5,2.5
S018,04,2,1,-1,Rest,0.75,2.75
S018,04,2,2,-1,Rest,1.0,3.0
S018,04,2,3,-1,Rest,1.25,3.25
S018,04,2,4,-1,Rest,1.5,3.5
S018,04,2,5,-1,Rest,1.75,3.75
S018,04,2,6,-1,Rest,2.0,4.0
S018,04,4,0,-1,Rest,0.5,2.5
S018,04,4,1,-1,Rest,0.75,2.75
S018,04,4,2,-1,Rest,1.0,3.0
S018,04,4,3,-1,Rest,1.25,3.25
S018,04,4,4,-1,Rest,1.5,3.5
S018,04,4,5,-1,Rest,1.75,3.75
S018,04,4,6,-1,Rest,2.0,4.0
S018,04,6,0,-1,Rest,0.5,2.5
S018,04,6,1,-1,Rest,0.75,2.75
S018,04,6,2,-1,Rest,1.0,3.0
S018,04,6,3,-1,Rest,1.25,3.25
S018,04,6,4,-1,Rest,1.5,3.5
S018,04,6,5,-1,Rest,1.75,3.75
S018,04,6,6,-1,Rest,2.0,4.0
S018,04,8,0,-1,Rest,0.5,2.5
S018,04,8,1,-1,Rest,0.75,2.75
S018,04,8,2,-1,Rest,1.0,3.0
S018,04,8,3,-1,Rest,1.25,3.25
S018,04,8,4,-1,Rest,1.5,3.5
S018,04,8,5,-1,Rest,1.75,3.75
S018,04,8,6,-1,Rest,2.0,4.0
S018,04,10,0,-1,Rest,0.5,2.5
S018,04,10,1,-1,Rest,0.75,2.75
S018,04,10,2,-1,Rest,1.0,3.0
S018,04,10,3,-1,Rest,1.25,3.25
S018,04,10,4,-1,Rest,1.5,3.5
S018,04,10,5,-1,Rest,1.75,3.75
S018,04,10,6,-1,Rest,2.0,4.0
S018,04,12,0,-1,Rest,0.5,2.5
S018,04,12,1,-1,Rest,0.75,2.75
S018,04,12,2,-1,Rest,1.0,3.0
S018,04,12,3,-1,Rest,1.25,3.25
S018,04,12,4,-1,Rest,1.5,3.5
S018,04,12,5,-1,Rest,1.75,3.75
S018,04,12,6,-1,Rest,2.0,4.0
S018,04,14,0,-1,Rest,0.5,2.5
S018,04,14,1,-1,Rest,0.75,2.75
S018,04,14,2,-1,Rest,1.0,3.0
S018,04,14,3,-1,Rest,1.25,3.25
S018,04,14,4,-1,Rest,1.5,3.5
S018,04,14,5,-1,Rest,1.75,3.75
S018,04,14,6,-1,Rest,2.0,4.0
S018,04,16,0,-1,Rest,0.5,2.5
S018,04,16,1,-1,Rest,0.75,2.75
S018,04,16,2,-1,Rest,1.0,3.0
S018,04,16,3,-1,Rest,1.25,3.25
S018,04,16,4,-1,Rest,1.5,3.5
S018,04,16,5,-1,Rest,1.75,3.75
S018,04,16,6,-1,Rest,2.0,4.0
S018,04,18,0,-1,Rest,0.5,2.5
S018,04,18,1,-1,Rest,0.75,2.75
S018,04,18,2,-1,Rest,1.0,3.0
S018,04,18,3,-1,Rest,1.25,3.25
S018,04,18,4,-1,Rest,1.5,3.5
S018,04,18,5,-1,Rest,1.75,3.75
S018,04,18,6,-1,Rest,2.0,4.0
S018,04,20,0,-1,Rest,0.5,2.5
S018,04,20,1,-1,Rest,0.75,2.75
S018,04,20,2,-1,Rest,1.0,3.0
S018,04,20,3,-1,Rest,1.25,3.25
S018,04,20,4,-1,Rest,1.5,3.5
S018,04,20,5,-1,Rest,1.75,3.75
S018,04,20,6,-1,Rest,2.0,4.0
S018,04,22,0,-1,Rest,0.5,2.5
S018,04,22,1,-1,Rest,0.75,2.75
S018,04,22,2,-1,Rest,1.0,3.0
S018,04,22,3,-1,Rest,1.25,3.25
S018,04,22,4,-1,Rest,1.5,3.5
S018,04,22,5,-1,Rest,1.75,3.75
S018,04,22,6,-1,Rest,2.0,4.0
S018,04,24,0,-1,Rest,0.5,2.5
S018,04,24,1,-1,Rest,0.75,2.75
S018,04,24,2,-1,Rest,1.0,3.0
S018,04,24,3,-1,Rest,1.25,3.25
S018,04,24,4,-1,Rest,1.5,3.5
S018,04,24,5,-1,Rest,1.75,3.75
S018,04,24,6,-1,Rest,2.0,4.0
S018,04,26,0,-1,Rest,0.5,2.5
S018,04,26,1,-1,Rest,0.75,2.75
S018,04,26,2,-1,Rest,1.0,3.0
S018,04,26,3,-1,Rest,1.25,3.25
S018,04,26,4,-1,Rest,1.5,3.5
S018,04,26,5,-1,Rest,1.75,3.75
S018,04,26,6,-1,Rest,2.0,4.0
S018,04,28,0,-1,Rest,0.5,2.5
S018,04,28,1,-1,Rest,0.75,2.75
S018,04,28,2,-1,Rest,1.0,3.0
S018,04,28,3,-1,Rest,1.25,3.25
S018,04,28,4,-1,Rest,1.5,3.5
S018,04,28,5,-1,Rest,1.75,3.75
S018,04,28,6,-1,Rest,2.0,4.0
S018,08,0,0,-1,Rest,0.5,2.5
S018,08,0,1,-1,Rest,0.75,2.75
S018,08,0,2,-1,Rest,1.0,3.0
S018,08,0,3,-1,Rest,1.25,3.25
S018,08,0,4,-1,Rest,1.5,3.5
S018,08,0,5,-1,Rest,1.75,3.75
S018,08,0,6,-1,Rest,2.0,4.0
S018,08,2,0,-1,Rest,0.5,2.5
S018,08,2,1,-1,Rest,0.75,2.75
S018,08,2,2,-1,Rest,1.0,3.0
S018,08,2,3,-1,Rest,1.25,3.25
S018,08,2,4,-1,Rest,1.5,3.5
S018,08,2,5,-1,Rest,1.75,3.75
S018,08,2,6,-1,Rest,2.0,4.0
S018,08,4,0,-1,Rest,0.5,2.5
S018,08,4,1,-1,Rest,0.75,2.75
S018,08,4,2,-1,Rest,1.0,3.0
S018,08,4,3,-1,Rest,1.25,3.25
S018,08,4,4,-1,Rest,1.5,3.5
S018,08,4,5,-1,Rest,1.75,3.75
S018,08,4,6,-1,Rest,2.0,4.0
S018,08,6,0,-1,Rest,0.5,2.5
S018,08,6,1,-1,Rest,0.75,2.75
S018,08,6,2,-1,Rest,1.0,3.0
S018,08,6,3,-1,Rest,1.25,3.25
S018,08,6,4,-1,Rest,1.5,3.5
S018,08,6,5,-1,Rest,1.75,3.75
S018,08,6,6,-1,Rest,2.0,4.0
S018,08,8,0,-1,Rest,0.5,2.5
S018,08,8,1,-1,Rest,0.75,2.75
S018,08,8,2,-1,Rest,1.0,3.0
S018,08,8,3,-1,Rest,1.25,3.25
S018,08,8,4,-1,Rest,1.5,3.5
S018,08,8,5,-1,Rest,1.75,3.75
S018,08,8,6,-1,Rest,2.0,4.0
S018,08,10,0,-1,Rest,0.5,2.5
S018,08,10,1,-1,Rest,0.75,2.75
S018,08,10,2,-1,Rest,1.0,3.0
S018,08,10,3,-1,Rest,1.25,3.25
S018,08,10,4,-1,Rest,1.5,3.5
S018,08,10,5,-1,Rest,1.75,3.75
S018,08,10,6,-1,Rest,2.0,4.0
S018,08,12,0,-1,Rest,0.5,2.5
S018,08,12,1,-1,Rest,0.75,2.75
S018,08,12,2,-1,Rest,1.0,3.0
S018,08,12,3,-1,Rest,1.25,3.25
S018,08,12,4,-1,Rest,1.5,3.5
S018,08,12,5,-1,Rest,1.75,3.75
S018,08,12,6,-1,Rest,2.0,4.0
S018,08,14,0,-1,Rest,0.5,2.5
S018,08,14,1,-1,Rest,0.75,2.75
S018,08,14,2,-1,Rest,1.0,3.0
S018,08,14,3,-1,Rest,1.25,3.25
S018,08,14,4,-1,Rest,1.5,3.5
S018,08,14,5,-1,Rest,1.75,3.75
S018,08,14,6,-1,Rest,2.0,4.0
S018,08,16,0,-1,Rest,0.5,2.5
S018,08,16,1,-1,Rest,0.75,2.75
S018,08,16,2,-1,Rest,1.0,3.0
S018,08,16,3,-1,Rest,1.25,3.25
S018,08,16,4,-1,Rest,1.5,3.5
S018,08,16,5,-1,Rest,1.75,3.75
S018,08,16,6,-1,Rest,2.0,4.0
S018,08,18,0,-1,Rest,0.5,2.5
S018,08,18,1,-1,Rest,0.75,2.75
S018,08,18,2,-1,Rest,1.0,3.0
S018,08,18,3,-1,Rest,1.25,3.25
S018,08,18,4,-1,Rest,1.5,3.5
S018,08,18,5,-1,Rest,1.75,3.75
S018,08,18,6,-1,Rest,2.0,4.0
S018,08,20,0,-1,Rest,0.5,2.5
S018,08,20,1,-1,Rest,0.75,2.75
S018,08,20,2,-1,Rest,1.0,3.0
S018,08,20,3,-1,Rest,1.25,3.25
S018,08,20,4,-1,Rest,1.5,3.5
S018,08,20,5,-1,Rest,1.75,3.75
S018,08,20,6,-1,Rest,2.0,4.0
S018,08,22,0,-1,Rest,0.5,2.5
S018,08,22,1,-1,Rest,0.75,2.75
S018,08,22,2,-1,Rest,1.0,3.0
S018,08,22,3,-1,Rest,1.25,3.25
S018,08,22,4,-1,Rest,1.5,3.5
S018,08,22,5,-1,Rest,1.75,3.75
S018,08,22,6,-1,Rest,2.0,4.0
S018,08,24,0,-1,Rest,0.5,2.5
S018,08,24,1,-1,Rest,0.75,2.75
S018,08,24,2,-1,Rest,1.0,3.0
S018,08,24,3,-1,Rest,1.25,3.25
S018,08,24,4,-1,Rest,1.5,3.5
S018,08,24,5,-1,Rest,1.75,3.75
S018,08,24,6,-1,Rest,2.0,4.0
S018,08,26,0,-1,Rest,0.5,2.5
S018,08,26,1,-1,Rest,0.75,2.75
S018,08,26,2,-1,Rest,1.0,3.0
S018,08,26,3,-1,Rest,1.25,3.25
S018,08,26,4,-1,Rest,1.5,3.5
S018,08,26,5,-1,Rest,1.75,3.75
S018,08,26,6,-1,Rest,2.0,4.0
S018,08,28,0,-1,Rest,0.5,2.5
S018,08,28,1,-1,Rest,0.75,2.75
S018,08,28,2,-1,Rest,1.0,3.0
S018,08,28,3,-1,Rest,1.25,3.25
S018,08,28,4,-1,Rest,1.5,3.5
S018,08,28,5,-1,Rest,1.75,3.75
S018,08,28,6,-1,Rest,2.0,4.0
S018,12,0,0,-1,Rest,0.5,2.5
S018,12,0,1,-1,Rest,0.75,2.75
S018,12,0,2,-1,Rest,1.0,3.0
S018,12,0,3,-1,Rest,1.25,3.25
S018,12,0,4,-1,Rest,1.5,3.5
S018,12,0,5,-1,Rest,1.75,3.75
S018,12,0,6,-1,Rest,2.0,4.0
S018,12,2,0,-1,Rest,0.5,2.5
S018,12,2,1,-1,Rest,0.75,2.75
S018,12,2,2,-1,Rest,1.0,3.0
S018,12,2,3,-1,Rest,1.25,3.25
S018,12,2,4,-1,Rest,1.5,3.5
S018,12,2,5,-1,Rest,1.75,3.75
S018,12,2,6,-1,Rest,2.0,4.0
S018,12,4,0,-1,Rest,0.5,2.5
S018,12,4,1,-1,Rest,0.75,2.75
S018,12,4,2,-1,Rest,1.0,3.0
S018,12,4,3,-1,Rest,1.25,3.25
S018,12,4,4,-1,Rest,1.5,3.5
S018,12,4,5,-1,Rest,1.75,3.75
S018,12,4,6,-1,Rest,2.0,4.0
S018,12,6,0,-1,Rest,0.5,2.5
S018,12,6,1,-1,Rest,0.75,2.75
S018,12,6,2,-1,Rest,1.0,3.0
S018,12,6,3,-1,Rest,1.25,3.25
S018,12,6,4,-1,Rest,1.5,3.5
S018,12,6,5,-1,Rest,1.75,3.75
S018,12,6,6,-1,Rest,2.0,4.0
S018,12,8,0,-1,Rest,0.5,2.5
S018,12,8,1,-1,Rest,0.75,2.75
S018,12,8,2,-1,Rest,1.0,3.0
S018,12,8,3,-1,Rest,1.25,3.25
S018,12,8,4,-1,Rest,1.5,3.5
S018,12,8,5,-1,Rest,1.75,3.75
S018,12,8,6,-1,Rest,2.0,4.0
S018,12,10,0,-1,Rest,0.5,2.5
S018,12,10,1,-1,Rest,0.75,2.75
S018,12,10,2,-1,Rest,1.0,3.0
S018,12,10,3,-1,Rest,1.25,3.25
S018,12,10,4,-1,Rest,1.5,3.5
S018,12,10,5,-1,Rest,1.75,3.75
S018,12,10,6,-1,Rest,2.0,4.0
S018,12,12,0,-1,Rest,0.5,2.5
S018,12,12,1,-1,Rest,0.75,2.75
S018,12,12,2,-1,Rest,1.0,3.0
S018,12,12,3,-1,Rest,1.25,3.25
S018,12,12,4,-1,Rest,1.5,3.5
S018,12,12,5,-1,Rest,1.75,3.75
S018,12,12,6,-1,Rest,2.0,4.0
S018,12,14,0,-1,Rest,0.5,2.5
S018,12,14,1,-1,Rest,0.75,2.75
S018,12,14,2,-1,Rest,1.0,3.0
S018,12,14,3,-1,Rest,1.25,3.25
S018,12,14,4,-1,Rest,1.5,3.5
S018,12,14,5,-1,Rest,1.75,3.75
S018,12,14,6,-1,Rest,2.0,4.0
S018,12,16,0,-1,Rest,0.5,2.5
S018,12,16,1,-1,Rest,0.75,2.75
S018,12,16,2,-1,Rest,1.0,3.0
S018,12,16,3,-1,Rest,1.25,3.25
S018,12,16,4,-1,Rest,1.5,3.5
S018,12,16,5,-1,Rest,1.75,3.75
S018,12,16,6,-1,Rest,2.0,4.0
S018,12,18,0,-1,Rest,0.5,2.5
S018,12,18,1,-1,Rest,0.75,2.75
S018,12,18,2,-1,Rest,1.0,3.0
S018,12,18,3,-1,Rest,1.25,3.25
S018,12,18,4,-1,Rest,1.5,3.5
S018,12,18,5,-1,Rest,1.75,3.75
S018,12,18,6,-1,Rest,2.0,4.0
S018,12,20,0,-1,Rest,0.5,2.5
S018,12,20,1,-1,Rest,0.75,2.75
S018,12,20,2,-1,Rest,1.0,3.0
S018,12,20,3,-1,Rest,1.25,3.25
S018,12,20,4,-1,Rest,1.5,3.5
S018,12,20,5,-1,Rest,1.75,3.75
S018,12,20,6,-1,Rest,2.0,4.0
S018,12,22,0,-1,Rest,0.5,2.5
S018,12,22,1,-1,Rest,0.75,2.75
S018,12,22,2,-1,Rest,1.0,3.0
S018,12,22,3,-1,Rest,1.25,3.25
S018,12,22,4,-1,Rest,1.5,3.5
S018,12,22,5,-1,Rest,1.75,3.75
S018,12,22,6,-1,Rest,2.0,4.0
S018,12,24,0,-1,Rest,0.5,2.5
S018,12,24,1,-1,Rest,0.75,2.75
S018,12,24,2,-1,Rest,1.0,3.0
S018,12,24,3,-1,Rest,1.25,3.25
S018,12,24,4,-1,Rest,1.5,3.5
S018,12,24,5,-1,Rest,1.75,3.75
S018,12,24,6,-1,Rest,2.0,4.0
S018,12,26,0,-1,Rest,0.5,2.5
S018,12,26,1,-1,Rest,0.75,2.75
S018,12,26,2,-1,Rest,1.0,3.0
S018,12,26,3,-1,Rest,1.25,3.25
S018,12,26,4,-1,Rest,1.5,3.5
S018,12,26,5,-1,Rest,1.75,3.75
S018,12,26,6,-1,Rest,2.0,4.0
S018,12,28,0,-1,Rest,0.5,2.5
S018,12,28,1,-1,Rest,0.75,2.75
S018,12,28,2,-1,Rest,1.0,3.0
S018,12,28,3,-1,Rest,1.25,3.25
S018,12,28,4,-1,Rest,1.5,3.5
S018,12,28,5,-1,Rest,1.75,3.75
S018,12,28,6,-1,Rest,2.0,4.0
S019,04,0,0,-1,Rest,0.5,2.5
S019,04,0,1,-1,Rest,0.75,2.75
S019,04,0,2,-1,Rest,1.0,3.0
S019,04,0,3,-1,Rest,1.25,3.25
S019,04,0,4,-1,Rest,1.5,3.5
S019,04,0,5,-1,Rest,1.75,3.75
S019,04,0,6,-1,Rest,2.0,4.0
S019,04,2,0,-1,Rest,0.5,2.5
S019,04,2,1,-1,Rest,0.75,2.75
S019,04,2,2,-1,Rest,1.0,3.0
S019,04,2,3,-1,Rest,1.25,3.25
S019,04,2,4,-1,Rest,1.5,3.5
S019,04,2,5,-1,Rest,1.75,3.75
S019,04,2,6,-1,Rest,2.0,4.0
S019,04,4,0,-1,Rest,0.5,2.5
S019,04,4,1,-1,Rest,0.75,2.75
S019,04,4,2,-1,Rest,1.0,3.0
S019,04,4,3,-1,Rest,1.25,3.25
S019,04,4,4,-1,Rest,1.5,3.5
S019,04,4,5,-1,Rest,1.75,3.75
S019,04,4,6,-1,Rest,2.0,4.0
S019,04,6,0,-1,Rest,0.5,2.5
S019,04,6,1,-1,Rest,0.75,2.75
S019,04,6,2,-1,Rest,1.0,3.0
S019,04,6,3,-1,Rest,1.25,3.25
S019,04,6,4,-1,Rest,1.5,3.5
S019,04,6,5,-1,Rest,1.75,3.75
S019,04,6,6,-1,Rest,2.0,4.0
S019,04,8,0,-1,Rest,0.5,2.5
S019,04,8,1,-1,Rest,0.75,2.75
S019,04,8,2,-1,Rest,1.0,3.0
S019,04,8,3,-1,Rest,1.25,3.25
S019,04,8,4,-1,Rest,1.5,3.5
S019,04,8,5,-1,Rest,1.75,3.75
S019,04,8,6,-1,Rest,2.0,4.0
S019,04,10,0,-1,Rest,0.5,2.5
S019,04,10,1,-1,Rest,0.75,2.75
S019,04,10,2,-1,Rest,1.0,3.0
S019,04,10,3,-1,Rest,1.25,3.25
S019,04,10,4,-1,Rest,1.5,3.5
S019,04,10,5,-1,Rest,1.75,3.75
S019,04,10,6,-1,Rest,2.0,4.0
S019,04,12,0,-1,Rest,0.5,2.5
S019,04,12,1,-1,Rest,0.75,2.75
S019,04,12,2,-1,Rest,1.0,3.0
S019,04,12,3,-1,Rest,1.25,3.25
S019,04,12,4,-1,Rest,1.5,3.5
S019,04,12,5,-1,Rest,1.75,3.75
S019,04,12,6,-1,Rest,2.0,4.0
S019,04,14,0,-1,Rest,0.5,2.5
S019,04,14,1,-1,Rest,0.75,2.75
S019,04,14,2,-1,Rest,1.0,3.0
S019,04,14,3,-1,Rest,1.25,3.25
S019,04,14,4,-1,Rest,1.5,3.5
S019,04,14,5,-1,Rest,1.75,3.75
S019,04,14,6,-1,Rest,2.0,4.0
S019,04,16,0,-1,Rest,0.5,2.5
S019,04,16,1,-1,Rest,0.75,2.75
S019,04,16,2,-1,Rest,1.0,3.0
S019,04,16,3,-1,Rest,1.25,3.25
S019,04,16,4,-1,Rest,1.5,3.5
S019,04,16,5,-1,Rest,1.75,3.75
S019,04,16,6,-1,Rest,2.0,4.0
S019,04,18,0,-1,Rest,0.5,2.5
S019,04,18,1,-1,Rest,0.75,2.75
S019,04,18,2,-1,Rest,1.0,3.0
S019,04,18,3,-1,Rest,1.25,3.25
S019,04,18,4,-1,Rest,1.5,3.5
S019,04,18,5,-1,Rest,1.75,3.75
S019,04,18,6,-1,Rest,2.0,4.0
S019,04,20,0,-1,Rest,0.5,2.5
S019,04,20,1,-1,Rest,0.75,2.75
S019,04,20,2,-1,Rest,1.0,3.0
S019,04,20,3,-1,Rest,1.25,3.25
S019,04,20,4,-1,Rest,1.5,3.5
S019,04,20,5,-1,Rest,1.75,3.75
S019,04,20,6,-1,Rest,2.0,4.0
S019,04,22,0,-1,Rest,0.5,2.5
S019,04,22,1,-1,Rest,0.75,2.75
S019,04,22,2,-1,Rest,1.0,3.0
S019,04,22,3,-1,Rest,1.25,3.25
S019,04,22,4,-1,Rest,1.5,3.5
S019,04,22,5,-1,Rest,1.75,3.75
S019,04,22,6,-1,Rest,2.0,4.0
S019,04,24,0,-1,Rest,0.5,2.5
S019,04,24,1,-1,Rest,0.75,2.75
S019,04,24,2,-1,Rest,1.0,3.0
S019,04,24,3,-1,Rest,1.25,3.25
S019,04,24,4,-1,Rest,1.5,3.5
S019,04,24,5,-1,Rest,1.75,3.75
S019,04,24,6,-1,Rest,2.0,4.0
S019,04,26,0,-1,Rest,0.5,2.5
S019,04,26,1,-1,Rest,0.75,2.75
S019,04,26,2,-1,Rest,1.0,3.0
S019,04,26,3,-1,Rest,1.25,3.25
S019,04,26,4,-1,Rest,1.5,3.5
S019,04,26,5,-1,Rest,1.75,3.75
S019,04,26,6,-1,Rest,2.0,4.0
S019,04,28,0,-1,Rest,0.5,2.5
S019,04,28,1,-1,Rest,0.75,2.75
S019,04,28,2,-1,Rest,1.0,3.0
S019,04,28,3,-1,Rest,1.25,3.25
S019,04,28,4,-1,Rest,1.5,3.5
S019,04,28,5,-1,Rest,1.75,3.75
S019,04,28,6,-1,Rest,2.0,4.0
S019,08,0,0,-1,Rest,0.5,2.5
S019,08,0,1,-1,Rest,0.75,2.75
S019,08,0,2,-1,Rest,1.0,3.0
S019,08,0,3,-1,Rest,1.25,3.25
S019,08,0,4,-1,Rest,1.5,3.5
S019,08,0,5,-1,Rest,1.75,3.75
S019,08,0,6,-1,Rest,2.0,4.0
S019,08,2,0,-1,Rest,0.5,2.5
S019,08,2,1,-1,Rest,0.75,2.75
S019,08,2,2,-1,Rest,1.0,3.0
S019,08,2,3,-1,Rest,1.25,3.25
S019,08,2,4,-1,Rest,1.5,3.5
S019,08,2,5,-1,Rest,1.75,3.75
S019,08,2,6,-1,Rest,2.0,4.0
S019,08,4,0,-1,Rest,0.5,2.5
S019,08,4,1,-1,Rest,0.75,2.75
S019,08,4,2,-1,Rest,1.0,3.0
S019,08,4,3,-1,Rest,1.25,3.25
S019,08,4,4,-1,Rest,1.5,3.5
S019,08,4,5,-1,Rest,1.75,3.75
S019,08,4,6,-1,Rest,2.0,4.0
S019,08,6,0,-1,Rest,0.5,2.5
S019,08,6,1,-1,Rest,0.75,2.75
S019,08,6,2,-1,Rest,1.0,3.0
S019,08,6,3,-1,Rest,1.25,3.25
S019,08,6,4,-1,Rest,1.5,3.5
S019,08,6,5,-1,Rest,1.75,3.75
S019,08,6,6,-1,Rest,2.0,4.0
S019,08,8,0,-1,Rest,0.5,2.5
S019,08,8,1,-1,Rest,0.75,2.75
S019,08,8,2,-1,Rest,1.0,3.0
S019,08,8,3,-1,Rest,1.25,3.25
S019,08,8,4,-1,Rest,1.5,3.5
S019,08,8,5,-1,Rest,1.75,3.75
S019,08,8,6,-1,Rest,2.0,4.0
S019,08,10,0,-1,Rest,0.5,2.5
S019,08,10,1,-1,Rest,0.75,2.75
S019,08,10,2,-1,Rest,1.0,3.0
S019,08,10,3,-1,Rest,1.25,3.25
S019,08,10,4,-1,Rest,1.5,3.5
S019,08,10,5,-1,Rest,1.75,3.75
S019,08,10,6,-1,Rest,2.0,4.0
S019,08,12,0,-1,Rest,0.5,2.5
S019,08,12,1,-1,Rest,0.75,2.75
S019,08,12,2,-1,Rest,1.0,3.0
S019,08,14,0,-1,Rest,0.5,2.5
S019,08,14,1,-1,Rest,0.75,2.75
S019,08,14,2,-1,Rest,1.0,3.0
S019,08,14,3,-1,Rest,1.25,3.25
S019,08,14,4,-1,Rest,1.5,3.5
S019,08,14,5,-1,Rest,1.75,3.75
S019,08,14,6,-1,Rest,2.0,4.0
S019,08,16,0,-1,Rest,0.5,2.5
S019,08,16,1,-1,Rest,0.75,2.75
S019,08,16,2,-1,Rest,1.0,3.0
S019,08,16,3,-1,Rest,1.25,3.25
S019,08,16,4,-1,Rest,1.5,3.5
S019,08,16,5,-1,Rest,1.75,3.75
S019,08,16,6,-1,Rest,2.0,4.0
S019,08,18,0,-1,Rest,0.5,2.5
S019,08,18,1,-1,Rest,0.75,2.75
S019,08,18,2,-1,Rest,1.0,3.0
S019,08,18,3,-1,Rest,1.25,3.25
S019,08,18,4,-1,Rest,1.5,3.5
S019,08,18,5,-1,Rest,1.75,3.75
S019,08,18,6,-1,Rest,2.0,4.0
S019,08,20,5,-1,Rest,1.75,3.75
S019,08,20,6,-1,Rest,2.0,4.0
S019,08,22,0,-1,Rest,0.5,2.5
S019,08,22,1,-1,Rest,0.75,2.75
S019,08,22,2,-1,Rest,1.0,3.0
S019,08,24,0,-1,Rest,0.5,2.5
S019,08,24,1,-1,Rest,0.75,2.75
S019,08,24,2,-1,Rest,1.0,3.0
S019,08,24,3,-1,Rest,1.25,3.25
S019,08,24,4,-1,Rest,1.5,3.5
S019,08,24,5,-1,Rest,1.75,3.75
S019,08,24,6,-1,Rest,2.0,4.0
S019,08,26,0,-1,Rest,0.5,2.5
S019,08,26,1,-1,Rest,0.75,2.75
S019,08,26,2,-1,Rest,1.0,3.0
S019,08,26,3,-1,Rest,1.25,3.25
S019,08,26,4,-1,Rest,1.5,3.5
S019,08,26,5,-1,Rest,1.75,3.75
S019,08,26,6,-1,Rest,2.0,4.0
S019,08,28,0,-1,Rest,0.5,2.5
S019,08,28,1,-1,Rest,0.75,2.75
S019,08,28,2,-1,Rest,1.0,3.0
S019,08,28,3,-1,Rest,1.25,3.25
S019,08,28,4,-1,Rest,1.5,3.5
S019,08,28,5,-1,Rest,1.75,3.75
S019,08,28,6,-1,Rest,2.0,4.0
S019,12,0,0,-1,Rest,0.5,2.5
S019,12,0,1,-1,Rest,0.75,2.75
S019,12,0,2,-1,Rest,1.0,3.0
S019,12,0,3,-1,Rest,1.25,3.25
S019,12,0,4,-1,Rest,1.5,3.5
S019,12,0,5,-1,Rest,1.75,3.75
S019,12,0,6,-1,Rest,2.0,4.0
S019,12,2,0,-1,Rest,0.5,2.5
S019,12,2,1,-1,Rest,0.75,2.75
S019,12,2,2,-1,Rest,1.0,3.0
S019,12,2,3,-1,Rest,1.25,3.25
S019,12,2,4,-1,Rest,1.5,3.5
S019,12,2,5,-1,Rest,1.75,3.75
S019,12,2,6,-1,Rest,2.0,4.0
S019,12,4,0,-1,Rest,0.5,2.5
S019,12,4,1,-1,Rest,0.75,2.75
S019,12,4,2,-1,Rest,1.0,3.0
S019,12,4,3,-1,Rest,1.25,3.25
S019,12,4,4,-1,Rest,1.5,3.5
S019,12,4,5,-1,Rest,1.75,3.75
S019,12,4,6,-1,Rest,2.0,4.0
S019,12,6,0,-1,Rest,0.5,2.5
S019,12,6,1,-1,Rest,0.75,2.75
S019,12,6,2,-1,Rest,1.0,3.0
S019,12,6,3,-1,Rest,1.25,3.25
S019,12,6,4,-1,Rest,1.5,3.5
S019,12,6,5,-1,Rest,1.75,3.75
S019,12,6,6,-1,Rest,2.0,4.0
S019,12,8,0,-1,Rest,0.5,2.5
S019,12,8,1,-1,Rest,0.75,2.75
S019,12,8,2,-1,Rest,1.0,3.0
S019,12,8,3,-1,Rest,1.25,3.25
S019,12,8,4,-1,Rest,1.5,3.5
S019,12,8,5,-1,Rest,1.75,3.75
S019,12,8,6,-1,Rest,2.0,4.0
S019,12,10,0,-1,Rest,0.5,2.5
S019,12,10,1,-1,Rest,0.75,2.75
S019,12,10,2,-1,Rest,1.0,3.0
S019,12,10,3,-1,Rest,1.25,3.25
S019,12,10,4,-1,Rest,1.5,3.5
S019,12,10,5,-1,Rest,1.75,3.75
S019,12,10,6,-1,Rest,2.0,4.0
S019,12,12,0,-1,Rest,0.5,2.5
S019,12,12,1,-1,Rest,0.75,2.75
S019,12,12,2,-1,Rest,1.0,3.0
S019,12,12,3,-1,Rest,1.25,3.25
S019,12,12,4,-1,Rest,1.5,3.5
S019,12,12,5,-1,Rest,1.75,3.75
S019,12,12,6,-1,Rest,2.0,4.0
S019,12,14,0,-1,Rest,0.5,2.5
S019,12,14,1,-1,Rest,0.75,2.75
S019,12,14,2,-1,Rest,1.0,3.0
S019,12,14,3,-1,Rest,1.25,3.25
S019,12,14,4,-1,Rest,1.5,3.5
S019,12,14,5,-1,Rest,1.75,3.75
S019,12,14,6,-1,Rest,2.0,4.0
S019,12,16,0,-1,Rest,0.5,2.5
S019,12,16,1,-1,Rest,0.75,2.75
S019,12,16,2,-1,Rest,1.0,3.0
S019,12,16,3,-1,Rest,1.25,3.25
S019,12,16,4,-1,Rest,1.5,3.5
S019,12,16,5,-1,Rest,1.75,3.75
S019,12,16,6,-1,Rest,2.0,4.0
S019,12,18,0,-1,Rest,0.5,2.5
S019,12,18,1,-1,Rest,0.75,2.75
S019,12,18,2,-1,Rest,1.0,3.0
S019,12,18,3,-1,Rest,1.25,3.25
S019,12,18,4,-1,Rest,1.5,3.5
S019,12,18,5,-1,Rest,1.75,3.75
S019,12,18,6,-1,Rest,2.0,4.0
S019,12,20,0,-1,Rest,0.5,2.5
S019,12,20,1,-1,Rest,0.75,2.75
S019,12,20,2,-1,Rest,1.0,3.0
S019,12,20,3,-1,Rest,1.25,3.25
S019,12,20,4,-1,Rest,1.5,3.5
S019,12,20,5,-1,Rest,1.75,3.75
S019,12,20,6,-1,Rest,2.0,4.0
S019,12,22,0,-1,Rest,0.5,2.5
S019,12,22,1,-1,Rest,0.75,2.75
S019,12,22,2,-1,Rest,1.0,3.0
S019,12,22,3,-1,Rest,1.25,3.25
S019,12,22,4,-1,Rest,1.5,3.5
S019,12,22,5,-1,Rest,1.75,3.75
S019,12,22,6,-1,Rest,2.0,4.0
S019,12,24,0,-1,Rest,0.5,2.5
S019,12,24,1,-1,Rest,0.75,2.75
S019,12,24,2,-1,Rest,1.0,3.0
S019,12,24,3,-1,Rest,1.25,3.25
S019,12,26,0,-1,Rest,0.5,2.5
S019,12,26,1,-1,Rest,0.75,2.75
S019,12,26,2,-1,Rest,1.0,3.0
S019,12,26,3,-1,Rest,1.25,3.25
S019,12,26,4,-1,Rest,1.5,3.5
S019,12,26,5,-1,Rest,1.75,3.75
S019,12,26,6,-1,Rest,2.0,4.0
S019,12,28,0,-1,Rest,0.5,2.5
S019,12,28,1,-1,Rest,0.75,2.75
S019,12,28,2,-1,Rest,1.0,3.0
S019,12,28,3,-1,Rest,1.25,3.25
S019,12,28,4,-1,Rest,1.5,3.5
S019,12,28,5,-1,Rest,1.75,3.75
S019,12,28,6,-1,Rest,2.0,4.0
S021,04,0,0,-1,Rest,0.5,2.5
S021,04,0,1,-1,Rest,0.75,2.75
S021,04,0,2,-1,Rest,1.0,3.0
S021,04,0,3,-1,Rest,1.25,3.25
S021,04,0,4,-1,Rest,1.5,3.5
S021,04,0,5,-1,Rest,1.75,3.75
S021,04,0,6,-1,Rest,2.0,4.0
S021,04,2,0,-1,Rest,0.5,2.5
S021,04,2,1,-1,Rest,0.75,2.75
S021,04,2,2,-1,Rest,1.0,3.0
S021,04,2,3,-1,Rest,1.25,3.25
S021,04,2,4,-1,Rest,1.5,3.5
S021,04,2,5,-1,Rest,1.75,3.75
S021,04,2,6,-1,Rest,2.0,4.0
S021,04,4,0,-1,Rest,0.5,2.5
S021,04,4,1,-1,Rest,0.75,2.75
S021,04,4,2,-1,Rest,1.0,3.0
S021,04,4,3,-1,Rest,1.25,3.25
S021,04,4,4,-1,Rest,1.5,3.5
S021,04,4,5,-1,Rest,1.75,3.75
S021,04,4,6,-1,Rest,2.0,4.0
S021,04,6,0,-1,Rest,0.5,2.5
S021,04,6,1,-1,Rest,0.75,2.75
S021,04,6,2,-1,Rest,1.0,3.0
S021,04,6,3,-1,Rest,1.25,3.25
S021,04,6,4,-1,Rest,1.5,3.5
S021,04,6,5,-1,Rest,1.75,3.75
S021,04,6,6,-1,Rest,2.0,4.0
S021,04,8,0,-1,Rest,0.5,2.5
S021,04,8,1,-1,Rest,0.75,2.75
S021,04,8,2,-1,Rest,1.0,3.0
S021,04,8,3,-1,Rest,1.25,3.25
S021,04,8,4,-1,Rest,1.5,3.5
S021,04,8,5,-1,Rest,1.75,3.75
S021,04,8,6,-1,Rest,2.0,4.0
S021,04,10,0,-1,Rest,0.5,2.5
S021,04,10,1,-1,Rest,0.75,2.75
S021,04,10,2,-1,Rest,1.0,3.0
S021,04,10,3,-1,Rest,1.25,3.25
S021,04,10,4,-1,Rest,1.5,3.5
S021,04,10,5,-1,Rest,1.75,3.75
S021,04,10,6,-1,Rest,2.0,4.0
S021,04,12,0,-1,Rest,0.5,2.5
S021,04,12,1,-1,Rest,0.75,2.75
S021,04,12,2,-1,Rest,1.0,3.0
S021,04,12,3,-1,Rest,1.25,3.25
S021,04,12,4,-1,Rest,1.5,3.5
S021,04,12,5,-1,Rest,1.75,3.75
S021,04,12,6,-1,Rest,2.0,4.0
S021,04,14,0,-1,Rest,0.5,2.5
S021,04,14,1,-1,Rest,0.75,2.75
S021,04,14,2,-1,Rest,1.0,3.0
S021,04,14,3,-1,Rest,1.25,3.25
S021,04,14,4,-1,Rest,1.5,3.5
S021,04,14,5,-1,Rest,1.75,3.75
S021,04,14,6,-1,Rest,2.0,4.0
S021,04,16,0,-1,Rest,0.5,2.5
S021,04,16,1,-1,Rest,0.75,2.75
S021,04,16,2,-1,Rest,1.0,3.0
S021,04,16,3,-1,Rest,1.25,3.25
S021,04,16,4,-1,Rest,1.5,3.5
S021,04,16,5,-1,Rest,1.75,3.75
S021,04,16,6,-1,Rest,2.0,4.0
S021,04,18,0,-1,Rest,0.5,2.5
S021,04,18,1,-1,Rest,0.75,2.75
S021,04,18,2,-1,Rest,1.0,3.0
S021,04,18,3,-1,Rest,1.25,3.25
S021,04,18,4,-1,Rest,1.5,3.5
S021,04,18,5,-1,Rest,1.75,3.75
S021,04,18,6,-1,Rest,2.0,4.0
S021,04,20,0,-1,Rest,0.5,2.5
S021,04,20,1,-1,Rest,0.75,2.75
S021,04,20,2,-1,Rest,1.0,3.0
S021,04,20,3,-1,Rest,1.25,3.25
S021,04,20,4,-1,Rest,1.5,3.5
S021,04,20,5,-1,Rest,1.75,3.75
S021,04,20,6,-1,Rest,2.0,4.0
S021,04,22,0,-1,Rest,0.5,2.5
S021,04,22,1,-1,Rest,0.75,2.75
S021,04,22,2,-1,Rest,1.0,3.0
S021,04,22,3,-1,Rest,1.25,3.25
S021,04,22,4,-1,Rest,1.5,3.5
S021,04,22,5,-1,Rest,1.75,3.75
S021,04,22,6,-1,Rest,2.0,4.0
S021,04,24,0,-1,Rest,0.5,2.5
S021,04,24,1,-1,Rest,0.75,2.75
S021,04,24,2,-1,Rest,1.0,3.0
S021,04,24,3,-1,Rest,1.25,3.25
S021,04,24,4,-1,Rest,1.5,3.5
S021,04,24,5,-1,Rest,1.75,3.75
S021,04,24,6,-1,Rest,2.0,4.0
S021,04,26,0,-1,Rest,0.5,2.5
S021,04,26,1,-1,Rest,0.75,2.75
S021,04,26,2,-1,Rest,1.0,3.0
S021,04,26,3,-1,Rest,1.25,3.25
S021,04,26,4,-1,Rest,1.5,3.5
S021,04,26,5,-1,Rest,1.75,3.75
S021,04,26,6,-1,Rest,2.0,4.0
S021,04,28,0,-1,Rest,0.5,2.5
S021,04,28,1,-1,Rest,0.75,2.75
S021,04,28,2,-1,Rest,1.0,3.0
S021,04,28,3,-1,Rest,1.25,3.25
S021,04,28,4,-1,Rest,1.5,3.5
S021,04,28,5,-1,Rest,1.75,3.75
S021,04,28,6,-1,Rest,2.0,4.0
S021,08,0,0,-1,Rest,0.5,2.5
S021,08,0,1,-1,Rest,0.75,2.75
S021,08,0,2,-1,Rest,1.0,3.0
S021,08,0,3,-1,Rest,1.25,3.25
S021,08,0,4,-1,Rest,1.5,3.5
S021,08,0,5,-1,Rest,1.75,3.75
S021,08,0,6,-1,Rest,2.0,4.0
S021,08,2,0,-1,Rest,0.5,2.5
S021,08,2,1,-1,Rest,0.75,2.75
S021,08,2,2,-1,Rest,1.0,3.0
S021,08,2,3,-1,Rest,1.25,3.25
S021,08,2,4,-1,Rest,1.5,3.5
S021,08,2,5,-1,Rest,1.75,3.75
S021,08,2,6,-1,Rest,2.0,4.0
S021,08,4,0,-1,Rest,0.5,2.5
S021,08,4,1,-1,Rest,0.75,2.75
S021,08,4,2,-1,Rest,1.0,3.0
S021,08,4,3,-1,Rest,1.25,3.25
S021,08,4,4,-1,Rest,1.5,3.5
S021,08,4,5,-1,Rest,1.75,3.75
S021,08,4,6,-1,Rest,2.0,4.0
S021,08,6,0,-1,Rest,0.5,2.5
S021,08,6,1,-1,Rest,0.75,2.75
S021,08,6,2,-1,Rest,1.0,3.0
S021,08,6,3,-1,Rest,1.25,3.25
S021,08,6,4,-1,Rest,1.5,3.5
S021,08,6,5,-1,Rest,1.75,3.75
S021,08,6,6,-1,Rest,2.0,4.0
S021,08,8,0,-1,Rest,0.5,2.5
S021,08,8,1,-1,Rest,0.75,2.75
S021,08,8,2,-1,Rest,1.0,3.0
S021,08,8,3,-1,Rest,1.25,3.25
S021,08,8,4,-1,Rest,1.5,3.5
S021,08,8,5,-1,Rest,1.75,3.75
S021,08,8,6,-1,Rest,2.0,4.0
S021,08,10,0,-1,Rest,0.5,2.5
S021,08,10,1,-1,Rest,0.75,2.75
S021,08,10,2,-1,Rest,1.0,3.0
S021,08,10,3,-1,Rest,1.25,3.25
S021,08,10,4,-1,Rest,1.5,3.5
S021,08,10,5,-1,Rest,1.75,3.75
S021,08,10,6,-1,Rest,2.0,4.0
S021,08,12,0,-1,Rest,0.5,2.5
S021,08,12,1,-1,Rest,0.75,2.75
S021,08,12,2,-1,Rest,1.0,3.0
S021,08,12,3,-1,Rest,1.25,3.25
S021,08,12,4,-1,Rest,1.5,3.5
S021,08,12,5,-1,Rest,1.75,3.75
S021,08,12,6,-1,Rest,2.0,4.0
S021,08,14,0,-1,Rest,0.5,2.5
S021,08,14,1,-1,Rest,0.75,2.75
S021,08,14,2,-1,Rest,1.0,3.0
S021,08,14,3,-1,Rest,1.25,3.25
S021,08,14,4,-1,Rest,1.5,3.5
S021,08,14,5,-1,Rest,1.75,3.75
S021,08,14,6,-1,Rest,2.0,4.0
S021,08,16,0,-1,Rest,0.5,2.5
S021,08,16,1,-1,Rest,0.75,2.75
S021,08,16,2,-1,Rest,1.0,3.0
S021,08,16,3,-1,Rest,1.25,3.25
S021,08,16,4,-1,Rest,1.5,3.5
S021,08,16,5,-1,Rest,1.75,3.75
S021,08,16,6,-1,Rest,2.0,4.0
S021,08,18,0,-1,Rest,0.5,2.5
S021,08,18,1,-1,Rest,0.75,2.75
S021,08,18,2,-1,Rest,1.0,3.0
S021,08,18,3,-1,Rest,1.25,3.25
S021,08,18,4,-1,Rest,1.5,3.5
S021,08,18,5,-1,Rest,1.75,3.75
S021,08,18,6,-1,Rest,2.0,4.0
S021,08,20,0,-1,Rest,0.5,2.5
S021,08,20,1,-1,Rest,0.75,2.75
S021,08,20,2,-1,Rest,1.0,3.0
S021,08,20,3,-1,Rest,1.25,3.25
S021,08,20,4,-1,Rest,1.5,3.5
S021,08,20,5,-1,Rest,1.75,3.75
S021,08,20,6,-1,Rest,2.0,4.0
S021,08,22,0,-1,Rest,0.5,2.5
S021,08,22,1,-1,Rest,0.75,2.75
S021,08,22,2,-1,Rest,1.0,3.0
S021,08,22,3,-1,Rest,1.25,3.25
S021,08,22,4,-1,Rest,1.5,3.5
S021,08,22,5,-1,Rest,1.75,3.75
S021,08,22,6,-1,Rest,2.0,4.0
S021,08,24,0,-1,Rest,0.5,2.5
S021,08,24,1,-1,Rest,0.75,2.75
S021,08,24,2,-1,Rest,1.0,3.0
S021,08,24,3,-1,Rest,1.25,3.25
S021,08,24,4,-1,Rest,1.5,3.5
S021,08,24,5,-1,Rest,1.75,3.75
S021,08,24,6,-1,Rest,2.0,4.0
S021,08,26,0,-1,Rest,0.5,2.5
S021,08,26,1,-1,Rest,0.75,2.75
S021,08,26,2,-1,Rest,1.0,3.0
S021,08,26,3,-1,Rest,1.25,3.25
S021,08,26,4,-1,Rest,1.5,3.5
S021,08,26,5,-1,Rest,1.75,3.75
S021,08,26,6,-1,Rest,2.0,4.0
S021,08,28,0,-1,Rest,0.5,2.5
S021,08,28,1,-1,Rest,0.75,2.75
S021,08,28,2,-1,Rest,1.0,3.0
S021,08,28,3,-1,Rest,1.25,3.25
S021,08,28,4,-1,Rest,1.5,3.5
S021,08,28,5,-1,Rest,1.75,3.75
S021,08,28,6,-1,Rest,2.0,4.0
S021,12,0,0,-1,Rest,0.5,2.5
S021,12,0,1,-1,Rest,0.75,2.75
S021,12,0,2,-1,Rest,1.0,3.0
S021,12,0,3,-1,Rest,1.25,3.25
S021,12,0,4,-1,Rest,1.5,3.5
S021,12,0,5,-1,Rest,1.75,3.75
S021,12,0,6,-1,Rest,2.0,4.0
S021,12,2,0,-1,Rest,0.5,2.5
S021,12,2,1,-1,Rest,0.75,2.75
S021,12,2,2,-1,Rest,1.0,3.0
S021,12,2,3,-1,Rest,1.25,3.25
S021,12,2,4,-1,Rest,1.5,3.5
S021,12,2,5,-1,Rest,1.75,3.75
S021,12,2,6,-1,Rest,2.0,4.0
S021,12,4,0,-1,Rest,0.5,2.5
S021,12,4,1,-1,Rest,0.75,2.75
S021,12,4,2,-1,Rest,1.0,3.0
S021,12,4,3,-1,Rest,1.25,3.25
S021,12,4,4,-1,Rest,1.5,3.5
S021,12,4,5,-1,Rest,1.75,3.75
S021,12,4,6,-1,Rest,2.0,4.0
S021,12,6,0,-1,Rest,0.5,2.5
S021,12,6,1,-1,Rest,0.75,2.75
S021,12,6,2,-1,Rest,1.0,3.0
S021,12,6,3,-1,Rest,1.25,3.25
S021,12,6,4,-1,Rest,1.5,3.5
S021,12,6,5,-1,Rest,1.75,3.75
S021,12,6,6,-1,Rest,2.0,4.0
S021,12,8,0,-1,Rest,0.5,2.5
S021,12,8,1,-1,Rest,0.75,2.75
S021,12,8,2,-1,Rest,1.0,3.0
S021,12,8,3,-1,Rest,1.25,3.25
S021,12,8,4,-1,Rest,1.5,3.5
S021,12,8,5,-1,Rest,1.75,3.75
S021,12,8,6,-1,Rest,2.0,4.0
S021,12,10,0,-1,Rest,0.5,2.5
S021,12,10,1,-1,Rest,0.75,2.75
S021,12,10,2,-1,Rest,1.0,3.0
S021,12,10,3,-1,Rest,1.25,3.25
S021,12,10,4,-1,Rest,1.5,3.5
S021,12,10,5,-1,Rest,1.75,3.75
S021,12,10,6,-1,Rest,2.0,4.0
S021,12,12,0,-1,Rest,0.5,2.5
S021,12,12,1,-1,Rest,0.75,2.75
S021,12,12,2,-1,Rest,1.0,3.0
S021,12,12,3,-1,Rest,1.25,3.25
S021,12,12,4,-1,Rest,1.5,3.5
S021,12,12,5,-1,Rest,1.75,3.75
S021,12,12,6,-1,Rest,2.0,4.0
S021,12,14,0,-1,Rest,0.5,2.5
S021,12,14,1,-1,Rest,0.75,2.75
S021,12,14,2,-1,Rest,1.0,3.0
S021,12,14,3,-1,Rest,1.25,3.25
S021,12,14,4,-1,Rest,1.5,3.5
S021,12,14,5,-1,Rest,1.75,3.75
S021,12,14,6,-1,Rest,2.0,4.0
S021,12,16,0,-1,Rest,0.5,2.5
S021,12,16,1,-1,Rest,0.75,2.75
S021,12,16,2,-1,Rest,1.0,3.0
S021,12,16,3,-1,Rest,1.25,3.25
S021,12,16,4,-1,Rest,1.5,3.5
S021,12,16,5,-1,Rest,1.75,3.75
S021,12,16,6,-1,Rest,2.0,4.0
S021,12,18,0,-1,Rest,0.5,2.5
S021,12,18,1,-1,Rest,0.75,2.75
S021,12,18,2,-1,Rest,1.0,3.0
S021,12,18,3,-1,Rest,1.25,3.25
S021,12,18,4,-1,Rest,1.5,3.5
S021,12,18,5,-1,Rest,1.75,3.75
S021,12,18,6,-1,Rest,2.0,4.0
S021,12,20,0,-1,Rest,0.5,2.5
S021,12,20,1,-1,Rest,0.75,2.75
S021,12,20,2,-1,Rest,1.0,3.0
S021,12,20,3,-1,Rest,1.25,3.25
S021,12,22,0,-1,Rest,0.5,2.5
S021,12,22,1,-1,Rest,0.75,2.75
S021,12,22,2,-1,Rest,1.0,3.0
S021,12,22,3,-1,Rest,1.25,3.25
S021,12,22,4,-1,Rest,1.5,3.5
S021,12,22,5,-1,Rest,1.75,3.75
S021,12,22,6,-1,Rest,2.0,4.0
S021,12,24,0,-1,Rest,0.5,2.5
S021,12,24,1,-1,Rest,0.75,2.75
S021,12,24,2,-1,Rest,1.0,3.0
S021,12,24,3,-1,Rest,1.25,3.25
S021,12,24,4,-1,Rest,1.5,3.5
S021,12,24,5,-1,Rest,1.75,3.75
S021,12,24,6,-1,Rest,2.0,4.0
S021,12,26,0,-1,Rest,0.5,2.5
S021,12,26,1,-1,Rest,0.75,2.75
S021,12,26,2,-1,Rest,1.0,3.0
S021,12,26,3,-1,Rest,1.25,3.25
S021,12,26,4,-1,Rest,1.5,3.5
S021,12,26,5,-1,Rest,1.75,3.75
S021,12,26,6,-1,Rest,2.0,4.0
S021,12,28,0,-1,Rest,0.5,2.5
S021,12,28,1,-1,Rest,0.75,2.75
S021,12,28,2,-1,Rest,1.0,3.0
S021,12,28,3,-1,Rest,1.25,3.25
S021,12,28,4,-1,Rest,1.5,3.5
S021,12,28,5,-1,Rest,1.75,3.75
S021,12,28,6,-1,Rest,2.0,4.0
S022,04,0,0,-1,Rest,0.5,2.5
S022,04,0,1,-1,Rest,0.75,2.75
S022,04,0,2,-1,Rest,1.0,3.0
S022,04,0,3,-1,Rest,1.25,3.25
S022,04,0,4,-1,Rest,1.5,3.5
S022,04,0,5,-1,Rest,1.75,3.75
S022,04,0,6,-1,Rest,2.0,4.0
S022,04,2,0,-1,Rest,0.5,2.5
S022,04,2,1,-1,Rest,0.75,2.75
S022,04,2,2,-1,Rest,1.0,3.0
S022,04,2,3,-1,Rest,1.25,3.25
S022,04,2,4,-1,Rest,1.5,3.5
S022,04,2,5,-1,Rest,1.75,3.75
S022,04,2,6,-1,Rest,2.0,4.0
S022,04,4,0,-1,Rest,0.5,2.5
S022,04,4,1,-1,Rest,0.75,2.75
S022,04,4,2,-1,Rest,1.0,3.0
S022,04,4,3,-1,Rest,1.25,3.25
S022,04,4,4,-1,Rest,1.5,3.5
S022,04,4,5,-1,Rest,1.75,3.75
S022,04,4,6,-1,Rest,2.0,4.0
S022,04,6,0,-1,Rest,0.5,2.5
S022,04,6,1,-1,Rest,0.75,2.75
S022,04,6,2,-1,Rest,1.0,3.0
S022,04,6,3,-1,Rest,1.25,3.25
S022,04,6,4,-1,Rest,1.5,3.5
S022,04,6,5,-1,Rest,1.75,3.75
S022,04,6,6,-1,Rest,2.0,4.0
S022,04,8,0,-1,Rest,0.5,2.5
S022,04,8,1,-1,Rest,0.75,2.75
S022,04,8,2,-1,Rest,1.0,3.0
S022,04,8,3,-1,Rest,1.25,3.25
S022,04,8,4,-1,Rest,1.5,3.5
S022,04,8,5,-1,Rest,1.75,3.75
S022,04,8,6,-1,Rest,2.0,4.0
S022,04,10,0,-1,Rest,0.5,2.5
S022,04,10,1,-1,Rest,0.75,2.75
S022,04,10,2,-1,Rest,1.0,3.0
S022,04,10,3,-1,Rest,1.25,3.25
S022,04,10,4,-1,Rest,1.5,3.5
S022,04,10,5,-1,Rest,1.75,3.75
S022,04,10,6,-1,Rest,2.0,4.0
S022,04,12,4,-1,Rest,1.5,3.5
S022,04,12,5,-1,Rest,1.75,3.75
S022,04,12,6,-1,Rest,2.0,4.0
S022,04,14,0,-1,Rest,0.5,2.5
S022,04,14,1,-1,Rest,0.75,2.75
S022,04,14,2,-1,Rest,1.0,3.0
S022,04,14,3,-1,Rest,1.25,3.25
S022,04,14,4,-1,Rest,1.5,3.5
S022,04,14,5,-1,Rest,1.75,3.75
S022,04,14,6,-1,Rest,2.0,4.0
S022,04,16,0,-1,Rest,0.5,2.5
S022,04,16,1,-1,Rest,0.75,2.75
S022,04,16,2,-1,Rest,1.0,3.0
S022,04,16,3,-1,Rest,1.25,3.25
S022,04,16,4,-1,Rest,1.5,3.5
S022,04,16,5,-1,Rest,1.75,3.75
S022,04,16,6,-1,Rest,2.0,4.0
S022,04,18,0,-1,Rest,0.5,2.5
S022,04,18,1,-1,Rest,0.75,2.75
S022,04,18,2,-1,Rest,1.0,3.0
S022,04,20,0,-1,Rest,0.5,2.5
S022,04,20,1,-1,Rest,0.75,2.75
S022,04,20,2,-1,Rest,1.0,3.0
S022,04,20,3,-1,Rest,1.25,3.25
S022,04,20,4,-1,Rest,1.5,3.5
S022,04,20,5,-1,Rest,1.75,3.75
S022,04,20,6,-1,Rest,2.0,4.0
S022,04,22,0,-1,Rest,0.5,2.5
S022,04,22,1,-1,Rest,0.75,2.75
S022,04,22,2,-1,Rest,1.0,3.0
S022,04,22,3,-1,Rest,1.25,3.25
S022,04,22,4,-1,Rest,1.5,3.5
S022,04,22,5,-1,Rest,1.75,3.75
S022,04,22,6,-1,Rest,2.0,4.0
S022,04,24,0,-1,Rest,0.5,2.5
S022,04,24,1,-1,Rest,0.75,2.75
S022,04,24,2,-1,Rest,1.0,3.0
S022,04,24,3,-1,Rest,1.25,3.25
S022,04,24,4,-1,Rest,1.5,3.5
S022,04,24,5,-1,Rest,1.75,3.75
S022,04,24,6,-1,Rest,2.0,4.0
S022,04,26,0,-1,Rest,0.5,2.5
S022,04,26,1,-1,Rest,0.75,2.75
S022,04,26,2,-1,Rest,1.0,3.0
S022,04,26,3,-1,Rest,1.25,3.25
S022,04,26,4,-1,Rest,1.5,3.5
S022,04,26,5,-1,Rest,1.75,3.75
S022,04,26,6,-1,Rest,2.0,4.0
S022,04,28,0,-1,Rest,0.5,2.5
S022,04,28,1,-1,Rest,0.75,2.75
S022,04,28,2,-1,Rest,1.0,3.0
S022,04,28,3,-1,Rest,1.25,3.25
S022,04,28,4,-1,Rest,1.5,3.5
S022,04,28,5,-1,Rest,1.75,3.75
S022,04,28,6,-1,Rest,2.0,4.0
S022,08,0,0,-1,Rest,0.5,2.5
S022,08,0,1,-1,Rest,0.75,2.75
S022,08,0,2,-1,Rest,1.0,3.0
S022,08,0,3,-1,Rest,1.25,3.25
S022,08,0,4,-1,Rest,1.5,3.5
S022,08,0,5,-1,Rest,1.75,3.75
S022,08,0,6,-1,Rest,2.0,4.0
S022,08,2,0,-1,Rest,0.5,2.5
S022,08,2,1,-1,Rest,0.75,2.75
S022,08,2,2,-1,Rest,1.0,3.0
S022,08,2,3,-1,Rest,1.25,3.25
S022,08,2,4,-1,Rest,1.5,3.5
S022,08,2,5,-1,Rest,1.75,3.75
S022,08,2,6,-1,Rest,2.0,4.0
S022,08,4,0,-1,Rest,0.5,2.5
S022,08,4,1,-1,Rest,0.75,2.75
S022,08,4,2,-1,Rest,1.0,3.0
S022,08,4,3,-1,Rest,1.25,3.25
S022,08,4,4,-1,Rest,1.5,3.5
S022,08,4,5,-1,Rest,1.75,3.75
S022,08,4,6,-1,Rest,2.0,4.0
S022,08,6,0,-1,Rest,0.5,2.5
S022,08,6,1,-1,Rest,0.75,2.75
S022,08,6,2,-1,Rest,1.0,3.0
S022,08,6,3,-1,Rest,1.25,3.25
S022,08,6,4,-1,Rest,1.5,3.5
S022,08,6,5,-1,Rest,1.75,3.75
S022,08,6,6,-1,Rest,2.0,4.0
S022,08,8,0,-1,Rest,0.5,2.5
S022,08,8,1,-1,Rest,0.75,2.75
S022,08,8,2,-1,Rest,1.0,3.0
S022,08,8,3,-1,Rest,1.25,3.25
S022,08,8,4,-1,Rest,1.5,3.5
S022,08,8,5,-1,Rest,1.75,3.75
S022,08,8,6,-1,Rest,2.0,4.0
S022,08,10,0,-1,Rest,0.5,2.5
S022,08,10,1,-1,Rest,0.75,2.75
S022,08,10,2,-1,Rest,1.0,3.0
S022,08,10,3,-1,Rest,1.25,3.25
S022,08,10,4,-1,Rest,1.5,3.5
S022,08,10,5,-1,Rest,1.75,3.75
S022,08,10,6,-1,Rest,2.0,4.0
S022,08,12,0,-1,Rest,0.5,2.5
S022,08,12,1,-1,Rest,0.75,2.75
S022,08,12,2,-1,Rest,1.0,3.0
S022,08,12,3,-1,Rest,1.25,3.25
S022,08,12,4,-1,Rest,1.5,3.5
S022,08,12,5,-1,Rest,1.75,3.75
S022,08,12,6,-1,Rest,2.0,4.0
S022,08,14,0,-1,Rest,0.5,2.5
S022,08,14,1,-1,Rest,0.75,2.75
S022,08,14,2,-1,Rest,1.0,3.0
S022,08,14,3,-1,Rest,1.25,3.25
S022,08,14,4,-1,Rest,1.5,3.5
S022,08,14,5,-1,Rest,1.75,3.75
S022,08,14,6,-1,Rest,2.0,4.0
S022,08,16,0,-1,Rest,0.5,2.5
S022,08,16,1,-1,Rest,0.75,2.75
S022,08,16,2,-1,Rest,1.0,3.0
S022,08,16,3,-1,Rest,1.25,3.25
S022,08,16,4,-1,Rest,1.5,3.5
S022,08,16,5,-1,Rest,1.75,3.75
S022,08,16,6,-1,Rest,2.0,4.0
S022,08,18,0,-1,Rest,0.5,2.5
S022,08,18,1,-1,Rest,0.75,2.75
S022,08,18,2,-1,Rest,1.0,3.0
S022,08,18,3,-1,Rest,1.25,3.25
S022,08,18,4,-1,Rest,1.5,3.5
S022,08,18,5,-1,Rest,1.75,3.75
S022,08,18,6,-1,Rest,2.0,4.0
S022,08,20,0,-1,Rest,0.5,2.5
S022,08,20,1,-1,Rest,0.75,2.75
S022,08,20,2,-1,Rest,1.0,3.0
S022,08,20,3,-1,Rest,1.25,3.25
S022,08,20,4,-1,Rest,1.5,3.5
S022,08,20,5,-1,Rest,1.75,3.75
S022,08,20,6,-1,Rest,2.0,4.0
S022,08,22,0,-1,Rest,0.5,2.5
S022,08,22,1,-1,Rest,0.75,2.75
S022,08,22,2,-1,Rest,1.0,3.0
S022,08,22,3,-1,Rest,1.25,3.25
S022,08,22,4,-1,Rest,1.5,3.5
S022,08,22,5,-1,Rest,1.75,3.75
S022,08,22,6,-1,Rest,2.0,4.0
S022,08,24,0,-1,Rest,0.5,2.5
S022,08,24,1,-1,Rest,0.75,2.75
S022,08,24,2,-1,Rest,1.0,3.0
S022,08,24,3,-1,Rest,1.25,3.25
S022,08,24,4,-1,Rest,1.5,3.5
S022,08,24,5,-1,Rest,1.75,3.75
S022,08,24,6,-1,Rest,2.0,4.0
S022,08,26,0,-1,Rest,0.5,2.5
S022,08,26,1,-1,Rest,0.75,2.75
S022,08,26,2,-1,Rest,1.0,3.0
S022,08,26,3,-1,Rest,1.25,3.25
S022,08,26,4,-1,Rest,1.5,3.5
S022,08,26,5,-1,Rest,1.75,3.75
S022,08,26,6,-1,Rest,2.0,4.0
S022,08,28,0,-1,Rest,0.5,2.5
S022,08,28,1,-1,Rest,0.75,2.75
S022,08,28,2,-1,Rest,1.0,3.0
S022,08,28,3,-1,Rest,1.25,3.25
S022,08,28,4,-1,Rest,1.5,3.5
S022,08,28,5,-1,Rest,1.75,3.75
S022,08,28,6,-1,Rest,2.0,4.0
S022,12,0,0,-1,Rest,0.5,2.5
S022,12,0,1,-1,Rest,0.75,2.75
S022,12,0,2,-1,Rest,1.0,3.0
S022,12,0,3,-1,Rest,1.25,3.25
S022,12,0,4,-1,Rest,1.5,3.5
S022,12,0,5,-1,Rest,1.75,3.75
S022,12,0,6,-1,Rest,2.0,4.0
S022,12,2,0,-1,Rest,0.5,2.5
S022,12,2,1,-1,Rest,0.75,2.75
S022,12,2,2,-1,Rest,1.0,3.0
S022,12,2,3,-1,Rest,1.25,3.25
S022,12,2,4,-1,Rest,1.5,3.5
S022,12,2,5,-1,Rest,1.75,3.75
S022,12,2,6,-1,Rest,2.0,4.0
S022,12,4,0,-1,Rest,0.5,2.5
S022,12,4,1,-1,Rest,0.75,2.75
S022,12,4,2,-1,Rest,1.0,3.0
S022,12,4,3,-1,Rest,1.25,3.25
S022,12,4,4,-1,Rest,1.5,3.5
S022,12,4,5,-1,Rest,1.75,3.75
S022,12,4,6,-1,Rest,2.0,4.0
S022,12,6,0,-1,Rest,0.5,2.5
S022,12,6,1,-1,Rest,0.75,2.75
S022,12,6,2,-1,Rest,1.0,3.0
S022,12,6,3,-1,Rest,1.25,3.25
S022,12,6,4,-1,Rest,1.5,3.5
S022,12,6,5,-1,Rest,1.75,3.75
S022,12,6,6,-1,Rest,2.0,4.0
S022,12,8,0,-1,Rest,0.5,2.5
S022,12,8,1,-1,Rest,0.75,2.75
S022,12,8,2,-1,Rest,1.0,3.0
S022,12,8,3,-1,Rest,1.25,3.25
S022,12,8,4,-1,Rest,1.5,3.5
S022,12,8,5,-1,Rest,1.75,3.75
S022,12,8,6,-1,Rest,2.0,4.0
S022,12,10,0,-1,Rest,0.5,2.5
S022,12,10,1,-1,Rest,0.75,2.75
S022,12,10,2,-1,Rest,1.0,3.0
S022,12,10,3,-1,Rest,1.25,3.25
S022,12,10,4,-1,Rest,1.5,3.5
S022,12,10,5,-1,Rest,1.75,3.75
S022,12,10,6,-1,Rest,2.0,4.0
S022,12,12,0,-1,Rest,0.5,2.5
S022,12,12,1,-1,Rest,0.75,2.75
S022,12,12,2,-1,Rest,1.0,3.0
S022,12,12,3,-1,Rest,1.25,3.25
S022,12,12,4,-1,Rest,1.5,3.5
S022,12,12,5,-1,Rest,1.75,3.75
S022,12,12,6,-1,Rest,2.0,4.0
S022,12,14,0,-1,Rest,0.5,2.5
S022,12,14,1,-1,Rest,0.75,2.75
S022,12,14,2,-1,Rest,1.0,3.0
S022,12,14,3,-1,Rest,1.25,3.25
S022,12,14,4,-1,Rest,1.5,3.5
S022,12,14,5,-1,Rest,1.75,3.75
S022,12,14,6,-1,Rest,2.0,4.0
S022,12,16,0,-1,Rest,0.5,2.5
S022,12,16,1,-1,Rest,0.75,2.75
S022,12,16,2,-1,Rest,1.0,3.0
S022,12,16,3,-1,Rest,1.25,3.25
S022,12,16,4,-1,Rest,1.5,3.5
S022,12,16,5,-1,Rest,1.75,3.75
S022,12,16,6,-1,Rest,2.0,4.0
S022,12,18,0,-1,Rest,0.5,2.5
S022,12,18,1,-1,Rest,0.75,2.75
S022,12,18,2,-1,Rest,1.0,3.0
S022,12,18,3,-1,Rest,1.25,3.25
S022,12,18,4,-1,Rest,1.5,3.5
S022,12,18,5,-1,Rest,1.75,3.75
S022,12,18,6,-1,Rest,2.0,4.0
S022,12,20,0,-1,Rest,0.5,2.5
S022,12,20,1,-1,Rest,0.75,2.75
S022,12,20,2,-1,Rest,1.0,3.0
S022,12,20,3,-1,Rest,1.25,3.25
S022,12,20,4,-1,Rest,1.5,3.5
S022,12,20,5,-1,Rest,1.75,3.75
S022,12,20,6,-1,Rest,2.0,4.0
S022,12,22,0,-1,Rest,0.5,2.5
S022,12,22,1,-1,Rest,0.75,2.75
S022,12,22,2,-1,Rest,1.0,3.0
S022,12,22,3,-1,Rest,1.25,3.25
S022,12,22,4,-1,Rest,1.5,3.5
S022,12,22,5,-1,Rest,1.75,3.75
S022,12,22,6,-1,Rest,2.0,4.0
S022,12,24,0,-1,Rest,0.5,2.5
S022,12,24,1,-1,Rest,0.75,2.75
S022,12,24,2,-1,Rest,1.0,3.0
S022,12,24,3,-1,Rest,1.25,3.25
S022,12,24,4,-1,Rest,1.5,3.5
S022,12,24,5,-1,Rest,1.75,3.75
S022,12,24,6,-1,Rest,2.0,4.0
S022,12,26,0,-1,Rest,0.5,2.5
S022,12,26,1,-1,Rest,0.75,2.75
S022,12,26,2,-1,Rest,1.0,3.0
S022,12,26,3,-1,Rest,1.25,3.25
S022,12,26,4,-1,Rest,1.5,3.5
S022,12,26,5,-1,Rest,1.75,3.75
S022,12,26,6,-1,Rest,2.0,4.0
S022,12,28,0,-1,Rest,0.5,2.5
S022,12,28,1,-1,Rest,0.75,2.75
S022,12,28,2,-1,Rest,1.0,3.0
S022,12,28,3,-1,Rest,1.25,3.25
S022,12,28,4,-1,Rest,1.5,3.5
S022,12,28,5,-1,Rest,1.75,3.75
S022,12,28,6,-1,Rest,2.0,4.0
S024,04,0,3,-1,Rest,1.25,3.25
S024,04,0,4,-1,Rest,1.5,3.5
S024,04,0,5,-1,Rest,1.75,3.75
S024,04,0,6,-1,Rest,2.0,4.0
S024,04,4,0,-1,Rest,0.5,2.5
S024,04,4,1,-1,Rest,0.75,2.75
S024,04,4,2,-1,Rest,1.0,3.0
S024,04,4,3,-1,Rest,1.25,3.25
S024,04,4,4,-1,Rest,1.5,3.5
S024,04,4,5,-1,Rest,1.75,3.75
S024,04,4,6,-1,Rest,2.0,4.0
S024,04,6,0,-1,Rest,0.5,2.5
S024,04,6,1,-1,Rest,0.75,2.75
S024,04,6,2,-1,Rest,1.0,3.0
S024,04,6,3,-1,Rest,1.25,3.25
S024,04,6,4,-1,Rest,1.5,3.5
S024,04,6,5,-1,Rest,1.75,3.75
S024,04,6,6,-1,Rest,2.0,4.0
S024,04,8,0,-1,Rest,0.5,2.5
S024,04,8,1,-1,Rest,0.75,2.75
S024,04,8,2,-1,Rest,1.0,3.0
S024,04,8,3,-1,Rest,1.25,3.25
S024,04,8,4,-1,Rest,1.5,3.5
S024,04,8,5,-1,Rest,1.75,3.75
S024,04,8,6,-1,Rest,2.0,4.0
S024,04,10,2,-1,Rest,1.0,3.0
S024,04,14,0,-1,Rest,0.5,2.5
S024,04,14,1,-1,Rest,0.75,2.75
S024,04,14,2,-1,Rest,1.0,3.0
S024,04,14,3,-1,Rest,1.25,3.25
S024,04,14,4,-1,Rest,1.5,3.5
S024,04,14,5,-1,Rest,1.75,3.75
S024,04,14,6,-1,Rest,2.0,4.0
S024,04,16,0,-1,Rest,0.5,2.5
S024,04,16,1,-1,Rest,0.75,2.75
S024,04,16,2,-1,Rest,1.0,3.0
S024,04,16,3,-1,Rest,1.25,3.25
S024,04,16,4,-1,Rest,1.5,3.5
S024,04,16,5,-1,Rest,1.75,3.75
S024,04,16,6,-1,Rest,2.0,4.0
S024,04,18,0,-1,Rest,0.5,2.5
S024,04,18,1,-1,Rest,0.75,2.75
S024,04,18,2,-1,Rest,1.0,3.0
S024,04,18,3,-1,Rest,1.25,3.25
S024,04,18,4,-1,Rest,1.5,3.5
S024,04,18,5,-1,Rest,1.75,3.75
S024,04,18,6,-1,Rest,2.0,4.0
S024,04,20,0,-1,Rest,0.5,2.5
S024,04,20,1,-1,Rest,0.75,2.75
S024,04,20,2,-1,Rest,1.0,3.0
S024,04,20,3,-1,Rest,1.25,3.25
S024,04,24,0,-1,Rest,0.5,2.5
S024,04,24,1,-1,Rest,0.75,2.75
S024,04,24,2,-1,Rest,1.0,3.0
S024,04,24,3,-1,Rest,1.25,3.25
S024,04,24,4,-1,Rest,1.5,3.5
S024,04,24,5,-1,Rest,1.75,3.75
S024,04,24,6,-1,Rest,2.0,4.0
S024,04,26,0,-1,Rest,0.5,2.5
S024,04,26,1,-1,Rest,0.75,2.75
S024,04,26,2,-1,Rest,1.0,3.0
S024,04,26,3,-1,Rest,1.25,3.25
S024,04,26,4,-1,Rest,1.5,3.5
S024,04,26,5,-1,Rest,1.75,3.75
S024,04,26,6,-1,Rest,2.0,4.0
S024,04,28,5,-1,Rest,1.75,3.75
S024,04,28,6,-1,Rest,2.0,4.0
S024,08,0,3,-1,Rest,1.25,3.25
S024,08,0,4,-1,Rest,1.5,3.5
S024,08,0,5,-1,Rest,1.75,3.75
S024,08,0,6,-1,Rest,2.0,4.0
S024,08,6,0,-1,Rest,0.5,2.5
S024,08,6,1,-1,Rest,0.75,2.75
S024,08,6,2,-1,Rest,1.0,3.0
S024,12,2,0,-1,Rest,0.5,2.5
S024,12,2,1,-1,Rest,0.75,2.75
S024,12,2,2,-1,Rest,1.0,3.0
S024,12,2,3,-1,Rest,1.25,3.25
S024,12,2,4,-1,Rest,1.5,3.5
S024,12,2,5,-1,Rest,1.75,3.75
S024,12,2,6,-1,Rest,2.0,4.0
S024,12,22,1,-1,Rest,0.75,2.75
S025,04,0,0,-1,Rest,0.5,2.5
S025,04,0,1,-1,Rest,0.75,2.75
S025,04,0,2,-1,Rest,1.0,3.0
S025,04,0,3,-1,Rest,1.25,3.25
S025,04,0,4,-1,Rest,1.5,3.5
S025,04,0,5,-1,Rest,1.75,3.75
S025,04,0,6,-1,Rest,2.0,4.0
S025,04,2,0,-1,Rest,0.5,2.5
S025,04,2,1,-1,Rest,0.75,2.75
S025,04,2,2,-1,Rest,1.0,3.0
S025,04,2,3,-1,Rest,1.25,3.25
S025,04,2,4,-1,Rest,1.5,3.5
S025,04,2,5,-1,Rest,1.75,3.75
S025,04,2,6,-1,Rest,2.0,4.0
S025,04,4,0,-1,Rest,0.5,2.5
S025,04,4,1,-1,Rest,0.75,2.75
S025,04,4,2,-1,Rest,1.0,3.0
S025,04,4,3,-1,Rest,1.25,3.25
S025,04,4,4,-1,Rest,1.5,3.5
S025,04,4,5,-1,Rest,1.75,3.75
S025,04,4,6,-1,Rest,2.0,4.0
S025,04,6,0,-1,Rest,0.5,2.5
S025,04,6,1,-1,Rest,0.75,2.75
S025,04,6,2,-1,Rest,1.0,3.0
S025,04,6,3,-1,Rest,1.25,3.25
S025,04,6,4,-1,Rest,1.5,3.5
S025,04,6,5,-1,Rest,1.75,3.75
S025,04,6,6,-1,Rest,2.0,4.0
S025,04,8,0,-1,Rest,0.5,2.5
S025,04,8,1,-1,Rest,0.75,2.75
S025,04,8,2,-1,Rest,1.0,3.0
S025,04,8,3,-1,Rest,1.25,3.25
S025,04,8,4,-1,Rest,1.5,3.5
S025,04,8,5,-1,Rest,1.75,3.75
S025,04,8,6,-1,Rest,2.0,4.0
S025,04,10,0,-1,Rest,0.5,2.5
S025,04,10,1,-1,Rest,0.75,2.75
S025,04,10,2,-1,Rest,1.0,3.0
S025,04,10,3,-1,Rest,1.25,3.25
S025,04,10,4,-1,Rest,1.5,3.5
S025,04,10,5,-1,Rest,1.75,3.75
S025,04,10,6,-1,Rest,2.0,4.0
S025,04,12,0,-1,Rest,0.5,2.5
S025,04,12,1,-1,Rest,0.75,2.75
S025,04,12,2,-1,Rest,1.0,3.0
S025,04,12,3,-1,Rest,1.25,3.25
S025,04,12,4,-1,Rest,1.5,3.5
S025,04,12,5,-1,Rest,1.75,3.75
S025,04,12,6,-1,Rest,2.0,4.0
S025,04,14,0,-1,Rest,0.5,2.5
S025,04,14,1,-1,Rest,0.75,2.75
S025,04,14,2,-1,Rest,1.0,3.0
S025,04,14,3,-1,Rest,1.25,3.25
S025,04,14,4,-1,Rest,1.5,3.5
S025,04,14,5,-1,Rest,1.75,3.75
S025,04,14,6,-1,Rest,2.0,4.0
S025,04,16,0,-1,Rest,0.5,2.5
S025,04,16,1,-1,Rest,0.75,2.75
S025,04,16,2,-1,Rest,1.0,3.0
S025,04,16,3,-1,Rest,1.25,3.25
S025,04,16,4,-1,Rest,1.5,3.5
S025,04,16,5,-1,Rest,1.75,3.75
S025,04,16,6,-1,Rest,2.0,4.0
S025,04,18,0,-1,Rest,0.5,2.5
S025,04,18,1,-1,Rest,0.75,2.75
S025,04,18,2,-1,Rest,1.0,3.0
S025,04,18,3,-1,Rest,1.25,3.25
S025,04,18,4,-1,Rest,1.5,3.5
S025,04,18,5,-1,Rest,1.75,3.75
S025,04,18,6,-1,Rest,2.0,4.0
S025,04,20,0,-1,Rest,0.5,2.5
S025,04,20,1,-1,Rest,0.75,2.75
S025,04,20,2,-1,Rest,1.0,3.0
S025,04,20,3,-1,Rest,1.25,3.25
S025,04,20,4,-1,Rest,1.5,3.5
S025,04,20,5,-1,Rest,1.75,3.75
S025,04,20,6,-1,Rest,2.0,4.0
S025,04,22,0,-1,Rest,0.5,2.5
S025,04,22,1,-1,Rest,0.75,2.75
S025,04,22,2,-1,Rest,1.0,3.0
S025,04,22,3,-1,Rest,1.25,3.25
S025,04,22,4,-1,Rest,1.5,3.5
S025,04,22,5,-1,Rest,1.75,3.75
S025,04,22,6,-1,Rest,2.0,4.0
S025,04,24,0,-1,Rest,0.5,2.5
S025,04,24,1,-1,Rest,0.75,2.75
S025,04,24,2,-1,Rest,1.0,3.0
S025,04,24,3,-1,Rest,1.25,3.25
S025,04,24,4,-1,Rest,1.5,3.5
S025,04,24,5,-1,Rest,1.75,3.75
S025,04,24,6,-1,Rest,2.0,4.0
S025,04,26,0,-1,Rest,0.5,2.5
S025,04,26,1,-1,Rest,0.75,2.75
S025,04,26,2,-1,Rest,1.0,3.0
S025,04,26,3,-1,Rest,1.25,3.25
S025,04,26,4,-1,Rest,1.5,3.5
S025,04,26,5,-1,Rest,1.75,3.75
S025,04,26,6,-1,Rest,2.0,4.0
S025,04,28,0,-1,Rest,0.5,2.5
S025,04,28,1,-1,Rest,0.75,2.75
S025,04,28,2,-1,Rest,1.0,3.0
S025,04,28,3,-1,Rest,1.25,3.25
S025,04,28,4,-1,Rest,1.5,3.5
S025,04,28,5,-1,Rest,1.75,3.75
S025,04,28,6,-1,Rest,2.0,4.0
S025,08,0,0,-1,Rest,0.5,2.5
S025,08,0,1,-1,Rest,0.75,2.75
S025,08,0,2,-1,Rest,1.0,3.0
S025,08,0,3,-1,Rest,1.25,3.25
S025,08,0,4,-1,Rest,1.5,3.5
S025,08,0,5,-1,Rest,1.75,3.75
S025,08,0,6,-1,Rest,2.0,4.0
S025,08,2,0,-1,Rest,0.5,2.5
S025,08,2,1,-1,Rest,0.75,2.75
S025,08,2,2,-1,Rest,1.0,3.0
S025,08,2,3,-1,Rest,1.25,3.25
S025,08,2,4,-1,Rest,1.5,3.5
S025,08,2,5,-1,Rest,1.75,3.75
S025,08,2,6,-1,Rest,2.0,4.0
S025,08,4,0,-1,Rest,0.5,2.5
S025,08,4,1,-1,Rest,0.75,2.75
S025,08,4,2,-1,Rest,1.0,3.0
S025,08,4,3,-1,Rest,1.25,3.25
S025,08,4,4,-1,Rest,1.5,3.5
S025,08,4,5,-1,Rest,1.75,3.75
S025,08,4,6,-1,Rest,2.0,4.0
S025,08,6,0,-1,Rest,0.5,2.5
S025,08,6,1,-1,Rest,0.75,2.75
S025,08,6,2,-1,Rest,1.0,3.0
S025,08,6,3,-1,Rest,1.25,3.25
S025,08,6,4,-1,Rest,1.5,3.5
S025,08,6,5,-1,Rest,1.75,3.75
S025,08,6,6,-1,Rest,2.0,4.0
S025,08,8,0,-1,Rest,0.5,2.5
S025,08,8,1,-1,Rest,0.75,2.75
S025,08,8,2,-1,Rest,1.0,3.0
S025,08,8,3,-1,Rest,1.25,3.25
S025,08,8,4,-1,Rest,1.5,3.5
S025,08,8,5,-1,Rest,1.75,3.75
S025,08,8,6,-1,Rest,2.0,4.0
S025,08,10,0,-1,Rest,0.5,2.5
S025,08,10,1,-1,Rest,0.75,2.75
S025,08,10,2,-1,Rest,1.0,3.0
S025,08,10,3,-1,Rest,1.25,3.25
S025,08,10,4,-1,Rest,1.5,3.5
S025,08,10,5,-1,Rest,1.75,3.75
S025,08,10,6,-1,Rest,2.0,4.0
S025,08,12,0,-1,Rest,0.5,2.5
S025,08,12,1,-1,Rest,0.75,2.75
S025,08,12,2,-1,Rest,1.0,3.0
S025,08,12,3,-1,Rest,1.25,3.25
S025,08,12,4,-1,Rest,1.5,3.5
S025,08,12,5,-1,Rest,1.75,3.75
S025,08,12,6,-1,Rest,2.0,4.0
S025,08,14,0,-1,Rest,0.5,2.5
S025,08,14,1,-1,Rest,0.75,2.75
S025,08,14,2,-1,Rest,1.0,3.0
S025,08,14,3,-1,Rest,1.25,3.25
S025,08,14,4,-1,Rest,1.5,3.5
S025,08,14,5,-1,Rest,1.75,3.75
S025,08,14,6,-1,Rest,2.0,4.0
S025,08,16,0,-1,Rest,0.5,2.5
S025,08,16,1,-1,Rest,0.75,2.75
S025,08,16,2,-1,Rest,1.0,3.0
S025,08,16,3,-1,Rest,1.25,3.25
S025,08,16,4,-1,Rest,1.5,3.5
S025,08,16,5,-1,Rest,1.75,3.75
S025,08,16,6,-1,Rest,2.0,4.0
S025,08,18,0,-1,Rest,0.5,2.5
S025,08,18,1,-1,Rest,0.75,2.75
S025,08,18,2,-1,Rest,1.0,3.0
S025,08,18,3,-1,Rest,1.25,3.25
S025,08,18,4,-1,Rest,1.5,3.5
S025,08,18,5,-1,Rest,1.75,3.75
S025,08,18,6,-1,Rest,2.0,4.0
S025,08,20,0,-1,Rest,0.5,2.5
S025,08,20,1,-1,Rest,0.75,2.75
S025,08,20,2,-1,Rest,1.0,3.0
S025,08,20,3,-1,Rest,1.25,3.25
S025,08,20,4,-1,Rest,1.5,3.5
S025,08,20,5,-1,Rest,1.75,3.75
S025,08,20,6,-1,Rest,2.0,4.0
S025,08,22,0,-1,Rest,0.5,2.5
S025,08,22,1,-1,Rest,0.75,2.75
S025,08,22,2,-1,Rest,1.0,3.0
S025,08,22,3,-1,Rest,1.25,3.25
S025,08,22,4,-1,Rest,1.5,3.5
S025,08,22,5,-1,Rest,1.75,3.75
S025,08,22,6,-1,Rest,2.0,4.0
S025,08,24,0,-1,Rest,0.5,2.5
S025,08,24,1,-1,Rest,0.75,2.75
S025,08,24,2,-1,Rest,1.0,3.0
S025,08,24,3,-1,Rest,1.25,3.25
S025,08,24,4,-1,Rest,1.5,3.5
S025,08,24,5,-1,Rest,1.75,3.75
S025,08,24,6,-1,Rest,2.0,4.0
S025,08,26,0,-1,Rest,0.5,2.5
S025,08,26,1,-1,Rest,0.75,2.75
S025,08,26,2,-1,Rest,1.0,3.0
S025,08,26,3,-1,Rest,1.25,3.25
S025,08,26,4,-1,Rest,1.5,3.5
S025,08,26,5,-1,Rest,1.75,3.75
S025,08,26,6,-1,Rest,2.0,4.0
S025,08,28,0,-1,Rest,0.5,2.5
S025,08,28,1,-1,Rest,0.75,2.75
S025,08,28,2,-1,Rest,1.0,3.0
S025,08,28,3,-1,Rest,1.25,3.25
S025,08,28,4,-1,Rest,1.5,3.5
S025,08,28,5,-1,Rest,1.75,3.75
S025,08,28,6,-1,Rest,2.0,4.0
S025,12,0,0,-1,Rest,0.5,2.5
S025,12,0,1,-1,Rest,0.75,2.75
S025,12,0,2,-1,Rest,1.0,3.0
S025,12,0,3,-1,Rest,1.25,3.25
S025,12,0,4,-1,Rest,1.5,3.5
S025,12,0,5,-1,Rest,1.75,3.75
S025,12,0,6,-1,Rest,2.0,4.0
S025,12,2,0,-1,Rest,0.5,2.5
S025,12,2,1,-1,Rest,0.75,2.75
S025,12,2,2,-1,Rest,1.0,3.0
S025,12,2,3,-1,Rest,1.25,3.25
S025,12,2,4,-1,Rest,1.5,3.5
S025,12,2,5,-1,Rest,1.75,3.75
S025,12,2,6,-1,Rest,2.0,4.0
S025,12,4,0,-1,Rest,0.5,2.5
S025,12,4,1,-1,Rest,0.75,2.75
S025,12,4,2,-1,Rest,1.0,3.0
S025,12,4,3,-1,Rest,1.25,3.25
S025,12,4,4,-1,Rest,1.5,3.5
S025,12,4,5,-1,Rest,1.75,3.75
S025,12,4,6,-1,Rest,2.0,4.0
S025,12,6,0,-1,Rest,0.5,2.5
S025,12,6,1,-1,Rest,0.75,2.75
S025,12,6,2,-1,Rest,1.0,3.0
S025,12,6,3,-1,Rest,1.25,3.25
S025,12,6,4,-1,Rest,1.5,3.5
S025,12,6,5,-1,Rest,1.75,3.75
S025,12,6,6,-1,Rest,2.0,4.0
S025,12,8,0,-1,Rest,0.5,2.5
S025,12,8,1,-1,Rest,0.75,2.75
S025,12,8,2,-1,Rest,1.0,3.0
S025,12,8,3,-1,Rest,1.25,3.25
S025,12,8,4,-1,Rest,1.5,3.5
S025,12,8,5,-1,Rest,1.75,3.75
S025,12,8,6,-1,Rest,2.0,4.0
S025,12,10,0,-1,Rest,0.5,2.5
S025,12,10,1,-1,Rest,0.75,2.75
S025,12,10,2,-1,Rest,1.0,3.0
S025,12,10,3,-1,Rest,1.25,3.25
S025,12,10,4,-1,Rest,1.5,3.5
S025,12,10,5,-1,Rest,1.75,3.75
S025,12,10,6,-1,Rest,2.0,4.0
S025,12,12,0,-1,Rest,0.5,2.5
S025,12,12,1,-1,Rest,0.75,2.75
S025,12,12,2,-1,Rest,1.0,3.0
S025,12,12,3,-1,Rest,1.25,3.25
S025,12,12,4,-1,Rest,1.5,3.5
S025,12,12,5,-1,Rest,1.75,3.75
S025,12,12,6,-1,Rest,2.0,4.0
S025,12,14,0,-1,Rest,0.5,2.5
S025,12,14,1,-1,Rest,0.75,2.75
S025,12,14,2,-1,Rest,1.0,3.0
S025,12,14,3,-1,Rest,1.25,3.25
S025,12,14,4,-1,Rest,1.5,3.5
S025,12,14,5,-1,Rest,1.75,3.75
S025,12,14,6,-1,Rest,2.0,4.0
S025,12,16,0,-1,Rest,0.5,2.5
S025,12,16,1,-1,Rest,0.75,2.75
S025,12,16,2,-1,Rest,1.0,3.0
S025,12,16,3,-1,Rest,1.25,3.25
S025,12,16,4,-1,Rest,1.5,3.5
S025,12,16,5,-1,Rest,1.75,3.75
S025,12,16,6,-1,Rest,2.0,4.0
S025,12,18,0,-1,Rest,0.5,2.5
S025,12,18,1,-1,Rest,0.75,2.75
S025,12,18,2,-1,Rest,1.0,3.0
S025,12,18,3,-1,Rest,1.25,3.25
S025,12,18,4,-1,Rest,1.5,3.5
S025,12,18,5,-1,Rest,1.75,3.75
S025,12,18,6,-1,Rest,2.0,4.0
S025,12,20,0,-1,Rest,0.5,2.5
S025,12,20,1,-1,Rest,0.75,2.75
S025,12,20,2,-1,Rest,1.0,3.0
S025,12,20,3,-1,Rest,1.25,3.25
S025,12,20,4,-1,Rest,1.5,3.5
S025,12,20,5,-1,Rest,1.75,3.75
S025,12,20,6,-1,Rest,2.0,4.0
S025,12,22,0,-1,Rest,0.5,2.5
S025,12,22,1,-1,Rest,0.75,2.75
S025,12,22,2,-1,Rest,1.0,3.0
S025,12,22,3,-1,Rest,1.25,3.25
S025,12,22,4,-1,Rest,1.5,3.5
S025,12,22,5,-1,Rest,1.75,3.75
S025,12,22,6,-1,Rest,2.0,4.0
S025,12,24,0,-1,Rest,0.5,2.5
S025,12,24,1,-1,Rest,0.75,2.75
S025,12,24,2,-1,Rest,1.0,3.0
S025,12,24,3,-1,Rest,1.25,3.25
S025,12,24,4,-1,Rest,1.5,3.5
S025,12,24,5,-1,Rest,1.75,3.75
S025,12,24,6,-1,Rest,2.0,4.0
S025,12,26,0,-1,Rest,0.5,2.5
S025,12,26,1,-1,Rest,0.75,2.75
S025,12,26,2,-1,Rest,1.0,3.0
S025,12,26,3,-1,Rest,1.25,3.25
S025,12,26,4,-1,Rest,1.5,3.5
S025,12,26,5,-1,Rest,1.75,3.75
S025,12,26,6,-1,Rest,2.0,4.0
S025,12,28,0,-1,Rest,0.5,2.5
S025,12,28,1,-1,Rest,0.75,2.75
S025,12,28,2,-1,Rest,1.0,3.0
S025,12,28,3,-1,Rest,1.25,3.25
S025,12,28,4,-1,Rest,1.5,3.5
S025,12,28,5,-1,Rest,1.75,3.75
S025,12,28,6,-1,Rest,2.0,4.0
S026,04,0,0,-1,Rest,0.5,2.5
S026,04,0,1,-1,Rest,0.75,2.75
S026,04,0,2,-1,Rest,1.0,3.0
S026,04,0,3,-1,Rest,1.25,3.25
S026,04,0,4,-1,Rest,1.5,3.5
S026,04,0,5,-1,Rest,1.75,3.75
S026,04,0,6,-1,Rest,2.0,4.0
S026,04,2,0,-1,Rest,0.5,2.5
S026,04,2,1,-1,Rest,0.75,2.75
S026,04,2,2,-1,Rest,1.0,3.0
S026,04,2,3,-1,Rest,1.25,3.25
S026,04,2,4,-1,Rest,1.5,3.5
S026,04,2,5,-1,Rest,1.75,3.75
S026,04,2,6,-1,Rest,2.0,4.0
S026,04,4,0,-1,Rest,0.5,2.5
S026,04,4,1,-1,Rest,0.75,2.75
S026,04,4,2,-1,Rest,1.0,3.0
S026,04,4,3,-1,Rest,1.25,3.25
S026,04,4,4,-1,Rest,1.5,3.5
S026,04,4,5,-1,Rest,1.75,3.75
S026,04,4,6,-1,Rest,2.0,4.0
S026,04,6,0,-1,Rest,0.5,2.5
S026,04,6,1,-1,Rest,0.75,2.75
S026,04,6,2,-1,Rest,1.0,3.0
S026,04,6,3,-1,Rest,1.25,3.25
S026,04,6,4,-1,Rest,1.5,3.5
S026,04,6,5,-1,Rest,1.75,3.75
S026,04,6,6,-1,Rest,2.0,4.0
S026,04,8,0,-1,Rest,0.5,2.5
S026,04,8,1,-1,Rest,0.75,2.75
S026,04,8,2,-1,Rest,1.0,3.0
S026,04,8,3,-1,Rest,1.25,3.25
S026,04,8,4,-1,Rest,1.5,3.5
S026,04,8,5,-1,Rest,1.75,3.75
S026,04,8,6,-1,Rest,2.0,4.0
S026,04,10,0,-1,Rest,0.5,2.5
S026,04,10,1,-1,Rest,0.75,2.75
S026,04,10,2,-1,Rest,1.0,3.0
S026,04,10,3,-1,Rest,1.25,3.25
S026,04,10,4,-1,Rest,1.5,3.5
S026,04,10,5,-1,Rest,1.75,3.75
S026,04,10,6,-1,Rest,2.0,4.0
S026,04,12,0,-1,Rest,0.5,2.5
S026,04,12,1,-1,Rest,0.75,2.75
S026,04,12,2,-1,Rest,1.0,3.0
S026,04,12,3,-1,Rest,1.25,3.25
S026,04,12,4,-1,Rest,1.5,3.5
S026,04,12,5,-1,Rest,1.75,3.75
S026,04,12,6,-1,Rest,2.0,4.0
S026,04,14,0,-1,Rest,0.5,2.5
S026,04,14,1,-1,Rest,0.75,2.75
S026,04,14,2,-1,Rest,1.0,3.0
S026,04,14,3,-1,Rest,1.25,3.25
S026,04,14,4,-1,Rest,1.5,3.5
S026,04,14,5,-1,Rest,1.75,3.75
S026,04,14,6,-1,Rest,2.0,4.0
S026,04,16,0,-1,Rest,0.5,2.5
S026,04,16,1,-1,Rest,0.75,2.75
S026,04,16,2,-1,Rest,1.0,3.0
S026,04,16,3,-1,Rest,1.25,3.25
S026,04,16,4,-1,Rest,1.5,3.5
S026,04,16,5,-1,Rest,1.75,3.75
S026,04,16,6,-1,Rest,2.0,4.0
S026,04,18,0,-1,Rest,0.5,2.5
S026,04,18,1,-1,Rest,0.75,2.75
S026,04,18,2,-1,Rest,1.0,3.0
S026,04,18,3,-1,Rest,1.25,3.25
S026,04,18,4,-1,Rest,1.5,3.5
S026,04,18,5,-1,Rest,1.75,3.75
S026,04,18,6,-1,Rest,2.0,4.0
S026,04,20,0,-1,Rest,0.5,2.5
S026,04,20,1,-1,Rest,0.75,2.75
S026,04,20,2,-1,Rest,1.0,3.0
S026,04,20,3,-1,Rest,1.25,3.25
S026,04,20,4,-1,Rest,1.5,3.5
S026,04,20,5,-1,Rest,1.75,3.75
S026,04,20,6,-1,Rest,2.0,4.0
S026,04,22,0,-1,Rest,0.5,2.5
S026,04,22,1,-1,Rest,0.75,2.75
S026,04,22,2,-1,Rest,1.0,3.0
S026,04,22,3,-1,Rest,1.25,3.25
S026,04,22,4,-1,Rest,1.5,3.5
S026,04,22,5,-1,Rest,1.75,3.75
S026,04,22,6,-1,Rest,2.0,4.0
S026,04,24,0,-1,Rest,0.5,2.5
S026,04,24,1,-1,Rest,0.75,2.75
S026,04,24,2,-1,Rest,1.0,3.0
S026,04,24,3,-1,Rest,1.25,3.25
S026,04,24,4,-1,Rest,1.5,3.5
S026,04,24,5,-1,Rest,1.75,3.75
S026,04,24,6,-1,Rest,2.0,4.0
S026,04,26,0,-1,Rest,0.5,2.5
S026,04,26,1,-1,Rest,0.75,2.75
S026,04,26,2,-1,Rest,1.0,3.0
S026,04,26,3,-1,Rest,1.25,3.25
S026,04,26,4,-1,Rest,1.5,3.5
S026,04,26,5,-1,Rest,1.75,3.75
S026,04,26,6,-1,Rest,2.0,4.0
S026,04,28,0,-1,Rest,0.5,2.5
S026,04,28,1,-1,Rest,0.75,2.75
S026,04,28,2,-1,Rest,1.0,3.0
S026,04,28,3,-1,Rest,1.25,3.25
S026,04,28,4,-1,Rest,1.5,3.5
S026,04,28,5,-1,Rest,1.75,3.75
S026,04,28,6,-1,Rest,2.0,4.0
S026,08,0,0,-1,Rest,0.5,2.5
S026,08,0,1,-1,Rest,0.75,2.75
S026,08,0,2,-1,Rest,1.0,3.0
S026,08,0,3,-1,Rest,1.25,3.25
S026,08,0,4,-1,Rest,1.5,3.5
S026,08,0,5,-1,Rest,1.75,3.75
S026,08,0,6,-1,Rest,2.0,4.0
S026,08,2,0,-1,Rest,0.5,2.5
S026,08,2,1,-1,Rest,0.75,2.75
S026,08,2,2,-1,Rest,1.0,3.0
S026,08,2,3,-1,Rest,1.25,3.25
S026,08,2,4,-1,Rest,1.5,3.5
S026,08,2,5,-1,Rest,1.75,3.75
S026,08,2,6,-1,Rest,2.0,4.0
S026,08,4,0,-1,Rest,0.5,2.5
S026,08,4,1,-1,Rest,0.75,2.75
S026,08,4,2,-1,Rest,1.0,3.0
S026,08,4,3,-1,Rest,1.25,3.25
S026,08,4,4,-1,Rest,1.5,3.5
S026,08,4,5,-1,Rest,1.75,3.75
S026,08,4,6,-1,Rest,2.0,4.0
S026,08,6,0,-1,Rest,0.5,2.5
S026,08,6,1,-1,Rest,0.75,2.75
S026,08,6,2,-1,Rest,1.0,3.0
S026,08,6,3,-1,Rest,1.25,3.25
S026,08,6,4,-1,Rest,1.5,3.5
S026,08,6,5,-1,Rest,1.75,3.75
S026,08,6,6,-1,Rest,2.0,4.0
S026,08,8,0,-1,Rest,0.5,2.5
S026,08,8,1,-1,Rest,0.75,2.75
S026,08,8,2,-1,Rest,1.0,3.0
S026,08,8,3,-1,Rest,1.25,3.25
S026,08,8,4,-1,Rest,1.5,3.5
S026,08,8,5,-1,Rest,1.75,3.75
S026,08,8,6,-1,Rest,2.0,4.0
S026,08,10,0,-1,Rest,0.5,2.5
S026,08,10,1,-1,Rest,0.75,2.75
S026,08,10,2,-1,Rest,1.0,3.0
S026,08,10,3,-1,Rest,1.25,3.25
S026,08,10,4,-1,Rest,1.5,3.5
S026,08,10,5,-1,Rest,1.75,3.75
S026,08,10,6,-1,Rest,2.0,4.0
S026,08,12,0,-1,Rest,0.5,2.5
S026,08,12,1,-1,Rest,0.75,2.75
S026,08,12,2,-1,Rest,1.0,3.0
S026,08,12,3,-1,Rest,1.25,3.25
S026,08,12,4,-1,Rest,1.5,3.5
S026,08,12,5,-1,Rest,1.75,3.75
S026,08,12,6,-1,Rest,2.0,4.0
S026,08,14,0,-1,Rest,0.5,2.5
S026,08,14,1,-1,Rest,0.75,2.75
S026,08,14,2,-1,Rest,1.0,3.0
S026,08,14,3,-1,Rest,1.25,3.25
S026,08,14,4,-1,Rest,1.5,3.5
S026,08,14,5,-1,Rest,1.75,3.75
S026,08,14,6,-1,Rest,2.0,4.0
S026,08,16,0,-1,Rest,0.5,2.5
S026,08,16,1,-1,Rest,0.75,2.75
S026,08,16,2,-1,Rest,1.0,3.0
S026,08,16,3,-1,Rest,1.25,3.25
S026,08,16,4,-1,Rest,1.5,3.5
S026,08,16,5,-1,Rest,1.75,3.75
S026,08,16,6,-1,Rest,2.0,4.0
S026,08,18,0,-1,Rest,0.5,2.5
S026,08,18,1,-1,Rest,0.75,2.75
S026,08,18,2,-1,Rest,1.0,3.0
S026,08,18,3,-1,Rest,1.25,3.25
S026,08,18,4,-1,Rest,1.5,3.5
S026,08,18,5,-1,Rest,1.75,3.75
S026,08,18,6,-1,Rest,2.0,4.0
S026,08,20,0,-1,Rest,0.5,2.5
S026,08,20,1,-1,Rest,0.75,2.75
S026,08,20,2,-1,Rest,1.0,3.0
S026,08,20,3,-1,Rest,1.25,3.25
S026,08,20,4,-1,Rest,1.5,3.5
S026,08,20,5,-1,Rest,1.75,3.75
S026,08,20,6,-1,Rest,2.0,4.0
S026,08,22,0,-1,Rest,0.5,2.5
S026,08,22,1,-1,Rest,0.75,2.75
S026,08,22,2,-1,Rest,1.0,3.0
S026,08,22,3,-1,Rest,1.25,3.25
S026,08,22,4,-1,Rest,1.5,3.5
S026,08,22,5,-1,Rest,1.75,3.75
S026,08,22,6,-1,Rest,2.0,4.0
S026,08,24,0,-1,Rest,0.5,2.5
S026,08,24,1,-1,Rest,0.75,2.75
S026,08,24,2,-1,Rest,1.0,3.0
S026,08,24,3,-1,Rest,1.25,3.25
S026,08,24,4,-1,Rest,1.5,3.5
S026,08,24,5,-1,Rest,1.75,3.75
S026,08,24,6,-1,Rest,2.0,4.0
S026,08,26,0,-1,Rest,0.5,2.5
S026,08,26,1,-1,Rest,0.75,2.75
S026,08,26,2,-1,Rest,1.0,3.0
S026,08,26,3,-1,Rest,1.25,3.25
S026,08,26,4,-1,Rest,1.5,3.5
S026,08,26,5,-1,Rest,1.75,3.75
S026,08,26,6,-1,Rest,2.0,4.0
S026,08,28,0,-1,Rest,0.5,2.5
S026,08,28,1,-1,Rest,0.75,2.75
S026,08,28,2,-1,Rest,1.0,3.0
S026,08,28,3,-1,Rest,1.25,3.25
S026,08,28,4,-1,Rest,1.5,3.5
S026,08,28,5,-1,Rest,1.75,3.75
S026,08,28,6,-1,Rest,2.0,4.0
S026,12,0,0,-1,Rest,0.5,2.5
S026,12,0,1,-1,Rest,0.75,2.75
S026,12,0,2,-1,Rest,1.0,3.0
S026,12,0,3,-1,Rest,1.25,3.25
S026,12,0,4,-1,Rest,1.5,3.5
S026,12,0,5,-1,Rest,1.75,3.75
S026,12,0,6,-1,Rest,2.0,4.0
S026,12,2,0,-1,Rest,0.5,2.5
S026,12,2,1,-1,Rest,0.75,2.75
S026,12,2,2,-1,Rest,1.0,3.0
S026,12,2,3,-1,Rest,1.25,3.25
S026,12,2,4,-1,Rest,1.5,3.5
S026,12,2,5,-1,Rest,1.75,3.75
S026,12,2,6,-1,Rest,2.0,4.0
S026,12,4,0,-1,Rest,0.5,2.5
S026,12,4,1,-1,Rest,0.75,2.75
S026,12,4,2,-1,Rest,1.0,3.0
S026,12,4,3,-1,Rest,1.25,3.25
S026,12,4,4,-1,Rest,1.5,3.5
S026,12,4,5,-1,Rest,1.75,3.75
S026,12,4,6,-1,Rest,2.0,4.0
S026,12,6,0,-1,Rest,0.5,2.5
S026,12,6,1,-1,Rest,0.75,2.75
S026,12,6,2,-1,Rest,1.0,3.0
S026,12,6,3,-1,Rest,1.25,3.25
S026,12,6,4,-1,Rest,1.5,3.5
S026,12,6,5,-1,Rest,1.75,3.75
S026,12,6,6,-1,Rest,2.0,4.0
S026,12,8,0,-1,Rest,0.5,2.5
S026,12,8,1,-1,Rest,0.75,2.75
S026,12,8,2,-1,Rest,1.0,3.0
S026,12,8,3,-1,Rest,1.25,3.25
S026,12,8,4,-1,Rest,1.5,3.5
S026,12,8,5,-1,Rest,1.75,3.75
S026,12,8,6,-1,Rest,2.0,4.0
S026,12,10,0,-1,Rest,0.5,2.5
S026,12,10,1,-1,Rest,0.75,2.75
S026,12,10,2,-1,Rest,1.0,3.0
S026,12,10,3,-1,Rest,1.25,3.25
S026,12,10,4,-1,Rest,1.5,3.5
S026,12,10,5,-1,Rest,1.75,3.75
S026,12,10,6,-1,Rest,2.0,4.0
S026,12,12,0,-1,Rest,0.5,2.5
S026,12,12,1,-1,Rest,0.75,2.75
S026,12,12,2,-1,Rest,1.0,3.0
S026,12,12,3,-1,Rest,1.25,3.25
S026,12,12,4,-1,Rest,1.5,3.5
S026,12,12,5,-1,Rest,1.75,3.75
S026,12,12,6,-1,Rest,2.0,4.0
S026,12,14,0,-1,Rest,0.5,2.5
S026,12,14,1,-1,Rest,0.75,2.75
S026,12,14,2,-1,Rest,1.0,3.0
S026,12,14,3,-1,Rest,1.25,3.25
S026,12,14,4,-1,Rest,1.5,3.5
S026,12,14,5,-1,Rest,1.75,3.75
S026,12,14,6,-1,Rest,2.0,4.0
S026,12,16,0,-1,Rest,0.5,2.5
S026,12,16,1,-1,Rest,0.75,2.75
S026,12,16,2,-1,Rest,1.0,3.0
S026,12,16,3,-1,Rest,1.25,3.25
S026,12,16,4,-1,Rest,1.5,3.5
S026,12,16,5,-1,Rest,1.75,3.75
S026,12,16,6,-1,Rest,2.0,4.0
S026,12,18,0,-1,Rest,0.5,2.5
S026,12,18,1,-1,Rest,0.75,2.75
S026,12,18,2,-1,Rest,1.0,3.0
S026,12,18,3,-1,Rest,1.25,3.25
S026,12,18,4,-1,Rest,1.5,3.5
S026,12,18,5,-1,Rest,1.75,3.75
S026,12,18,6,-1,Rest,2.0,4.0
S026,12,20,0,-1,Rest,0.5,2.5
S026,12,20,1,-1,Rest,0.75,2.75
S026,12,20,2,-1,Rest,1.0,3.0
S026,12,20,3,-1,Rest,1.25,3.25
S026,12,20,4,-1,Rest,1.5,3.5
S026,12,20,5,-1,Rest,1.75,3.75
S026,12,20,6,-1,Rest,2.0,4.0
S026,12,22,0,-1,Rest,0.5,2.5
S026,12,22,1,-1,Rest,0.75,2.75
S026,12,22,2,-1,Rest,1.0,3.0
S026,12,22,3,-1,Rest,1.25,3.25
S026,12,22,4,-1,Rest,1.5,3.5
S026,12,22,5,-1,Rest,1.75,3.75
S026,12,22,6,-1,Rest,2.0,4.0
S026,12,24,0,-1,Rest,0.5,2.5
S026,12,24,1,-1,Rest,0.75,2.75
S026,12,24,2,-1,Rest,1.0,3.0
S026,12,24,3,-1,Rest,1.25,3.25
S026,12,24,4,-1,Rest,1.5,3.5
S026,12,24,5,-1,Rest,1.75,3.75
S026,12,24,6,-1,Rest,2.0,4.0
S026,12,26,0,-1,Rest,0.5,2.5
S026,12,26,1,-1,Rest,0.75,2.75
S026,12,26,2,-1,Rest,1.0,3.0
S026,12,26,3,-1,Rest,1.25,3.25
S026,12,26,4,-1,Rest,1.5,3.5
S026,12,26,5,-1,Rest,1.75,3.75
S026,12,26,6,-1,Rest,2.0,4.0
S026,12,28,0,-1,Rest,0.5,2.5
S026,12,28,1,-1,Rest,0.75,2.75
S026,12,28,2,-1,Rest,1.0,3.0
S026,12,28,3,-1,Rest,1.25,3.25
S026,12,28,4,-1,Rest,1.5,3.5
S026,12,28,5,-1,Rest,1.75,3.75
S026,12,28,6,-1,Rest,2.0,4.0
S027,04,0,0,-1,Rest,0.5,2.5
S027,04,0,1,-1,Rest,0.75,2.75
S027,04,0,2,-1,Rest,1.0,3.0
S027,04,0,3,-1,Rest,1.25,3.25
S027,04,0,4,-1,Rest,1.5,3.5
S027,04,0,5,-1,Rest,1.75,3.75
S027,04,0,6,-1,Rest,2.0,4.0
S027,04,2,0,-1,Rest,0.5,2.5
S027,04,2,1,-1,Rest,0.75,2.75
S027,04,2,2,-1,Rest,1.0,3.0
S027,04,2,3,-1,Rest,1.25,3.25
S027,04,2,4,-1,Rest,1.5,3.5
S027,04,2,5,-1,Rest,1.75,3.75
S027,04,2,6,-1,Rest,2.0,4.0
S027,04,4,0,-1,Rest,0.5,2.5
S027,04,4,1,-1,Rest,0.75,2.75
S027,04,4,2,-1,Rest,1.0,3.0
S027,04,4,3,-1,Rest,1.25,3.25
S027,04,4,4,-1,Rest,1.5,3.5
S027,04,4,5,-1,Rest,1.75,3.75
S027,04,4,6,-1,Rest,2.0,4.0
S027,04,6,0,-1,Rest,0.5,2.5
S027,04,6,1,-1,Rest,0.75,2.75
S027,04,6,2,-1,Rest,1.0,3.0
S027,04,6,3,-1,Rest,1.25,3.25
S027,04,6,4,-1,Rest,1.5,3.5
S027,04,6,5,-1,Rest,1.75,3.75
S027,04,6,6,-1,Rest,2.0,4.0
S027,04,8,0,-1,Rest,0.5,2.5
S027,04,8,1,-1,Rest,0.75,2.75
S027,04,8,2,-1,Rest,1.0,3.0
S027,04,8,3,-1,Rest,1.25,3.25
S027,04,8,4,-1,Rest,1.5,3.5
S027,04,8,5,-1,Rest,1.75,3.75
S027,04,8,6,-1,Rest,2.0,4.0
S027,04,10,2,-1,Rest,1.0,3.0
S027,04,10,3,-1,Rest,1.25,3.25
S027,04,10,4,-1,Rest,1.5,3.5
S027,04,10,5,-1,Rest,1.75,3.75
S027,04,10,6,-1,Rest,2.0,4.0
S027,04,12,0,-1,Rest,0.5,2.5
S027,04,12,1,-1,Rest,0.75,2.75
S027,04,12,2,-1,Rest,1.0,3.0
S027,04,12,3,-1,Rest,1.25,3.25
S027,04,12,4,-1,Rest,1.5,3.5
S027,04,12,5,-1,Rest,1.75,3.75
S027,04,12,6,-1,Rest,2.0,4.0
S027,04,14,5,-1,Rest,1.75,3.75
S027,04,14,6,-1,Rest,2.0,4.0
S027,04,16,0,-1,Rest,0.5,2.5
S027,04,16,1,-1,Rest,0.75,2.75
S027,04,16,2,-1,Rest,1.0,3.0
S027,04,16,3,-1,Rest,1.25,3.25
S027,04,16,4,-1,Rest,1.5,3.5
S027,04,16,5,-1,Rest,1.75,3.75
S027,04,16,6,-1,Rest,2.0,4.0
S027,04,18,0,-1,Rest,0.5,2.5
S027,04,18,1,-1,Rest,0.75,2.75
S027,04,18,2,-1,Rest,1.0,3.0
S027,04,18,3,-1,Rest,1.25,3.25
S027,04,18,4,-1,Rest,1.5,3.5
S027,04,18,5,-1,Rest,1.75,3.75
S027,04,18,6,-1,Rest,2.0,4.0
S027,04,20,0,-1,Rest,0.5,2.5
S027,04,22,0,-1,Rest,0.5,2.5
S027,04,22,1,-1,Rest,0.75,2.75
S027,04,22,2,-1,Rest,1.0,3.0
S027,04,24,0,-1,Rest,0.5,2.5
S027,04,24,1,-1,Rest,0.75,2.75
S027,04,24,2,-1,Rest,1.0,3.0
S027,04,24,3,-1,Rest,1.25,3.25
S027,04,24,4,-1,Rest,1.5,3.5
S027,04,24,5,-1,Rest,1.75,3.75
S027,04,24,6,-1,Rest,2.0,4.0
S027,04,26,0,-1,Rest,0.5,2.5
S027,04,26,1,-1,Rest,0.75,2.75
S027,04,26,2,-1,Rest,1.0,3.0
S027,04,26,3,-1,Rest,1.25,3.25
S027,04,26,4,-1,Rest,1.5,3.5
S027,04,26,5,-1,Rest,1.75,3.75
S027,04,26,6,-1,Rest,2.0,4.0
S027,04,28,0,-1,Rest,0.5,2.5
S027,04,28,1,-1,Rest,0.75,2.75
S027,04,28,2,-1,Rest,1.0,3.0
S027,04,28,3,-1,Rest,1.25,3.25
S027,04,28,4,-1,Rest,1.5,3.5
S027,04,28,5,-1,Rest,1.75,3.75
S027,04,28,6,-1,Rest,2.0,4.0
S027,08,0,0,-1,Rest,0.5,2.5
S027,08,0,1,-1,Rest,0.75,2.75
S027,08,0,2,-1,Rest,1.0,3.0
S027,08,0,3,-1,Rest,1.25,3.25
S027,08,0,4,-1,Rest,1.5,3.5
S027,08,0,5,-1,Rest,1.75,3.75
S027,08,0,6,-1,Rest,2.0,4.0
S027,08,2,0,-1,Rest,0.5,2.5
S027,08,2,1,-1,Rest,0.75,2.75
S027,08,2,2,-1,Rest,1.0,3.0
S027,08,2,3,-1,Rest,1.25,3.25
S027,08,2,4,-1,Rest,1.5,3.5
S027,08,2,5,-1,Rest,1.75,3.75
S027,08,2,6,-1,Rest,2.0,4.0
S027,08,4,3,-1,Rest,1.25,3.25
S027,08,4,4,-1,Rest,1.5,3.5
S027,08,4,5,-1,Rest,1.75,3.75
S027,08,4,6,-1,Rest,2.0,4.0
S027,08,6,0,-1,Rest,0.5,2.5
S027,08,6,1,-1,Rest,0.75,2.75
S027,08,6,2,-1,Rest,1.0,3.0
S027,08,6,3,-1,Rest,1.25,3.25
S027,08,6,4,-1,Rest,1.5,3.5
S027,08,6,5,-1,Rest,1.75,3.75
S027,08,6,6,-1,Rest,2.0,4.0
S027,08,8,0,-1,Rest,0.5,2.5
S027,08,8,1,-1,Rest,0.75,2.75
S027,08,8,2,-1,Rest,1.0,3.0
S027,08,8,3,-1,Rest,1.25,3.25
S027,08,8,4,-1,Rest,1.5,3.5
S027,08,8,5,-1,Rest,1.75,3.75
S027,08,8,6,-1,Rest,2.0,4.0
S027,08,10,4,-1,Rest,1.5,3.5
S027,08,10,5,-1,Rest,1.75,3.75
S027,08,10,6,-1,Rest,2.0,4.0
S027,08,12,4,-1,Rest,1.5,3.5
S027,08,12,5,-1,Rest,1.75,3.75
S027,08,12,6,-1,Rest,2.0,4.0
S027,08,16,0,-1,Rest,0.5,2.5
S027,08,16,1,-1,Rest,0.75,2.75
S027,08,16,2,-1,Rest,1.0,3.0
S027,08,16,3,-1,Rest,1.25,3.25
S027,08,16,4,-1,Rest,1.5,3.5
S027,08,16,5,-1,Rest,1.75,3.75
S027,08,16,6,-1,Rest,2.0,4.0
S027,08,18,0,-1,Rest,0.5,2.5
S027,08,18,1,-1,Rest,0.75,2.75
S027,08,18,2,-1,Rest,1.0,3.0
S027,08,18,3,-1,Rest,1.25,3.25
S027,08,18,4,-1,Rest,1.5,3.5
S027,08,18,5,-1,Rest,1.75,3.75
S027,08,18,6,-1,Rest,2.0,4.0
S027,08,20,0,-1,Rest,0.5,2.5
S027,08,20,1,-1,Rest,0.75,2.75
S027,08,20,2,-1,Rest,1.0,3.0
S027,08,20,3,-1,Rest,1.25,3.25
S027,08,20,4,-1,Rest,1.5,3.5
S027,08,20,5,-1,Rest,1.75,3.75
S027,08,20,6,-1,Rest,2.0,4.0
S027,08,22,1,-1,Rest,0.75,2.75
S027,08,22,2,-1,Rest,1.0,3.0
S027,08,22,3,-1,Rest,1.25,3.25
S027,08,22,4,-1,Rest,1.5,3.5
S027,08,22,5,-1,Rest,1.75,3.75
S027,08,22,6,-1,Rest,2.0,4.0
S027,08,24,0,-1,Rest,0.5,2.5
S027,08,24,1,-1,Rest,0.75,2.75
S027,08,24,2,-1,Rest,1.0,3.0
S027,08,24,3,-1,Rest,1.25,3.25
S027,08,24,4,-1,Rest,1.5,3.5
S027,08,24,5,-1,Rest,1.75,3.75
S027,08,24,6,-1,Rest,2.0,4.0
S027,08,26,0,-1,Rest,0.5,2.5
S027,08,26,1,-1,Rest,0.75,2.75
S027,08,26,2,-1,Rest,1.0,3.0
S027,08,26,3,-1,Rest,1.25,3.25
S027,08,26,4,-1,Rest,1.5,3.5
S027,08,26,5,-1,Rest,1.75,3.75
S027,08,26,6,-1,Rest,2.0,4.0
S027,08,28,0,-1,Rest,0.5,2.5
S027,08,28,1,-1,Rest,0.75,2.75
S027,08,28,2,-1,Rest,1.0,3.0
S027,08,28,3,-1,Rest,1.25,3.25
S027,08,28,4,-1,Rest,1.5,3.5
S027,08,28,5,-1,Rest,1.75,3.75
S027,08,28,6,-1,Rest,2.0,4.0
S027,12,0,0,-1,Rest,0.5,2.5
S027,12,0,1,-1,Rest,0.75,2.75
S027,12,0,2,-1,Rest,1.0,3.0
S027,12,0,3,-1,Rest,1.25,3.25
S027,12,0,4,-1,Rest,1.5,3.5
S027,12,0,5,-1,Rest,1.75,3.75
S027,12,0,6,-1,Rest,2.0,4.0
S027,12,2,0,-1,Rest,0.5,2.5
S027,12,2,1,-1,Rest,0.75,2.75
S027,12,2,2,-1,Rest,1.0,3.0
S027,12,2,3,-1,Rest,1.25,3.25
S027,12,2,4,-1,Rest,1.5,3.5
S027,12,2,5,-1,Rest,1.75,3.75
S027,12,2,6,-1,Rest,2.0,4.0
S027,12,4,0,-1,Rest,0.5,2.5
S027,12,4,1,-1,Rest,0.75,2.75
S027,12,4,2,-1,Rest,1.0,3.0
S027,12,4,3,-1,Rest,1.25,3.25
S027,12,4,4,-1,Rest,1.5,3.5
S027,12,4,5,-1,Rest,1.75,3.75
S027,12,4,6,-1,Rest,2.0,4.0
S027,12,6,0,-1,Rest,0.5,2.5
S027,12,6,1,-1,Rest,0.75,2.75
S027,12,6,2,-1,Rest,1.0,3.0
S027,12,6,3,-1,Rest,1.25,3.25
S027,12,6,4,-1,Rest,1.5,3.5
S027,12,6,5,-1,Rest,1.75,3.75
S027,12,6,6,-1,Rest,2.0,4.0
S027,12,8,0,-1,Rest,0.5,2.5
S027,12,8,1,-1,Rest,0.75,2.75
S027,12,8,2,-1,Rest,1.0,3.0
S027,12,8,3,-1,Rest,1.25,3.25
S027,12,8,4,-1,Rest,1.5,3.5
S027,12,8,5,-1,Rest,1.75,3.75
S027,12,8,6,-1,Rest,2.0,4.0
S027,12,10,0,-1,Rest,0.5,2.5
S027,12,10,1,-1,Rest,0.75,2.75
S027,12,10,2,-1,Rest,1.0,3.0
S027,12,10,3,-1,Rest,1.25,3.25
S027,12,10,4,-1,Rest,1.5,3.5
S027,12,10,5,-1,Rest,1.75,3.75
S027,12,10,6,-1,Rest,2.0,4.0
S027,12,12,0,-1,Rest,0.5,2.5
S027,12,12,1,-1,Rest,0.75,2.75
S027,12,12,2,-1,Rest,1.0,3.0
S027,12,12,3,-1,Rest,1.25,3.25
S027,12,12,4,-1,Rest,1.5,3.5
S027,12,12,5,-1,Rest,1.75,3.75
S027,12,12,6,-1,Rest,2.0,4.0
S027,12,14,0,-1,Rest,0.5,2.5
S027,12,14,1,-1,Rest,0.75,2.75
S027,12,14,2,-1,Rest,1.0,3.0
S027,12,14,3,-1,Rest,1.25,3.25
S027,12,14,4,-1,Rest,1.5,3.5
S027,12,14,5,-1,Rest,1.75,3.75
S027,12,14,6,-1,Rest,2.0,4.0
S027,12,16,0,-1,Rest,0.5,2.5
S027,12,16,1,-1,Rest,0.75,2.75
S027,12,16,2,-1,Rest,1.0,3.0
S027,12,16,3,-1,Rest,1.25,3.25
S027,12,16,4,-1,Rest,1.5,3.5
S027,12,16,5,-1,Rest,1.75,3.75
S027,12,16,6,-1,Rest,2.0,4.0
S027,12,18,0,-1,Rest,0.5,2.5
S027,12,18,1,-1,Rest,0.75,2.75
S027,12,18,2,-1,Rest,1.0,3.0
S027,12,18,3,-1,Rest,1.25,3.25
S027,12,18,4,-1,Rest,1.5,3.5
S027,12,18,5,-1,Rest,1.75,3.75
S027,12,18,6,-1,Rest,2.0,4.0
S027,12,20,0,-1,Rest,0.5,2.5
S027,12,20,1,-1,Rest,0.75,2.75
S027,12,20,2,-1,Rest,1.0,3.0
S027,12,20,3,-1,Rest,1.25,3.25
S027,12,20,4,-1,Rest,1.5,3.5
S027,12,20,5,-1,Rest,1.75,3.75
S027,12,20,6,-1,Rest,2.0,4.0
S027,12,22,3,-1,Rest,1.25,3.25
S027,12,22,4,-1,Rest,1.5,3.5
S027,12,22,5,-1,Rest,1.75,3.75
S027,12,22,6,-1,Rest,2.0,4.0
S027,12,24,0,-1,Rest,0.5,2.5
S027,12,24,1,-1,Rest,0.75,2.75
S027,12,24,2,-1,Rest,1.0,3.0
S027,12,24,3,-1,Rest,1.25,3.25
S027,12,24,4,-1,Rest,1.5,3.5
S027,12,24,5,-1,Rest,1.75,3.75
S027,12,24,6,-1,Rest,2.0,4.0
S027,12,26,4,-1,Rest,1.5,3.5
S027,12,26,5,-1,Rest,1.75,3.75
S027,12,26,6,-1,Rest,2.0,4.0
S028,04,0,0,-1,Rest,0.5,2.5
S028,04,0,1,-1,Rest,0.75,2.75
S028,04,0,2,-1,Rest,1.0,3.0
S028,04,0,3,-1,Rest,1.25,3.25
S028,04,0,4,-1,Rest,1.5,3.5
S028,04,0,5,-1,Rest,1.75,3.75
S028,04,0,6,-1,Rest,2.0,4.0
S028,04,2,0,-1,Rest,0.5,2.5
S028,04,2,1,-1,Rest,0.75,2.75
S028,04,2,2,-1,Rest,1.0,3.0
S028,04,2,3,-1,Rest,1.25,3.25
S028,04,2,4,-1,Rest,1.5,3.5
S028,04,2,5,-1,Rest,1.75,3.75
S028,04,2,6,-1,Rest,2.0,4.0
S028,04,4,0,-1,Rest,0.5,2.5
S028,04,4,1,-1,Rest,0.75,2.75
S028,04,4,2,-1,Rest,1.0,3.0
S028,04,4,3,-1,Rest,1.25,3.25
S028,04,4,4,-1,Rest,1.5,3.5
S028,04,4,5,-1,Rest,1.75,3.75
S028,04,4,6,-1,Rest,2.0,4.0
S028,04,6,0,-1,Rest,0.5,2.5
S028,04,6,1,-1,Rest,0.75,2.75
S028,04,6,2,-1,Rest,1.0,3.0
S028,04,6,3,-1,Rest,1.25,3.25
S028,04,6,4,-1,Rest,1.5,3.5
S028,04,6,5,-1,Rest,1.75,3.75
S028,04,6,6,-1,Rest,2.0,4.0
S028,04,8,0,-1,Rest,0.5,2.5
S028,04,8,1,-1,Rest,0.75,2.75
S028,04,8,2,-1,Rest,1.0,3.0
S028,04,8,3,-1,Rest,1.25,3.25
S028,04,8,4,-1,Rest,1.5,3.5
S028,04,8,5,-1,Rest,1.75,3.75
S028,04,8,6,-1,Rest,2.0,4.0
S028,04,14,0,-1,Rest,0.5,2.5
S028,04,14,1,-1,Rest,0.75,2.75
S028,04,14,2,-1,Rest,1.0,3.0
S028,04,14,3,-1,Rest,1.25,3.25
S028,04,14,4,-1,Rest,1.5,3.5
S028,04,14,5,-1,Rest,1.75,3.75
S028,04,14,6,-1,Rest,2.0,4.0
S028,04,16,0,-1,Rest,0.5,2.5
S028,04,16,1,-1,Rest,0.75,2.75
S028,04,16,2,-1,Rest,1.0,3.0
S028,04,16,3,-1,Rest,1.25,3.25
S028,04,18,0,-1,Rest,0.5,2.5
S028,04,18,1,-1,Rest,0.75,2.75
S028,04,18,2,-1,Rest,1.0,3.0
S028,04,18,3,-1,Rest,1.25,3.25
S028,04,18,4,-1,Rest,1.5,3.5
S028,04,18,5,-1,Rest,1.75,3.75
S028,04,18,6,-1,Rest,2.0,4.0
S028,04,26,0,-1,Rest,0.5,2.5
S028,04,26,1,-1,Rest,0.75,2.75
S028,04,26,2,-1,Rest,1.0,3.0
S028,04,26,3,-1,Rest,1.25,3.25
S028,04,26,4,-1,Rest,1.5,3.5
S028,04,28,0,-1,Rest,0.5,2.5
S028,08,0,6,-1,Rest,2.0,4.0
S028,08,2,0,-1,Rest,0.5,2.5
S028,08,2,1,-1,Rest,0.75,2.75
S028,08,2,2,-1,Rest,1.0,3.0
S028,08,2,3,-1,Rest,1.25,3.25
S028,08,2,4,-1,Rest,1.5,3.5
S028,08,4,0,-1,Rest,0.5,2.5
S028,08,4,1,-1,Rest,0.75,2.75
S028,08,4,2,-1,Rest,1.0,3.0
S028,08,4,3,-1,Rest,1.25,3.25
S028,08,4,4,-1,Rest,1.5,3.5
S028,08,4,5,-1,Rest,1.75,3.75
S028,08,4,6,-1,Rest,2.0,4.0
S028,08,14,0,-1,Rest,0.5,2.5
S028,08,14,1,-1,Rest,0.75,2.75
S028,08,14,2,-1,Rest,1.0,3.0
S028,08,14,3,-1,Rest,1.25,3.25
S028,08,14,4,-1,Rest,1.5,3.5
S028,08,14,5,-1,Rest,1.75,3.75
S028,08,14,6,-1,Rest,2.0,4.0
S028,08,16,0,-1,Rest,0.5,2.5
S028,08,16,1,-1,Rest,0.75,2.75
S028,08,16,2,-1,Rest,1.0,3.0
S028,08,16,3,-1,Rest,1.25,3.25
S028,08,16,4,-1,Rest,1.5,3.5
S028,08,16,5,-1,Rest,1.75,3.75
S028,08,16,6,-1,Rest,2.0,4.0
S028,08,18,0,-1,Rest,0.5,2.5
S028,08,18,1,-1,Rest,0.75,2.75
S028,08,18,2,-1,Rest,1.0,3.0
S028,08,18,3,-1,Rest,1.25,3.25
S028,08,18,4,-1,Rest,1.5,3.5
S028,08,18,5,-1,Rest,1.75,3.75
S028,08,18,6,-1,Rest,2.0,4.0
S028,08,20,0,-1,Rest,0.5,2.5
S028,08,20,1,-1,Rest,0.75,2.75
S028,08,20,2,-1,Rest,1.0,3.0
S028,08,20,3,-1,Rest,1.25,3.25
S028,08,20,4,-1,Rest,1.5,3.5
S028,08,20,5,-1,Rest,1.75,3.75
S028,08,20,6,-1,Rest,2.0,4.0
S028,08,22,0,-1,Rest,0.5,2.5
S028,08,24,0,-1,Rest,0.5,2.5
S028,08,24,1,-1,Rest,0.75,2.75
S028,08,24,2,-1,Rest,1.0,3.0
S028,08,24,3,-1,Rest,1.25,3.25
S028,08,24,4,-1,Rest,1.5,3.5
S028,08,24,5,-1,Rest,1.75,3.75
S028,08,24,6,-1,Rest,2.0,4.0
S028,08,26,0,-1,Rest,0.5,2.5
S028,08,28,4,-1,Rest,1.5,3.5
S028,08,28,5,-1,Rest,1.75,3.75
S028,08,28,6,-1,Rest,2.0,4.0
S028,12,0,0,-1,Rest,0.5,2.5
S028,12,0,1,-1,Rest,0.75,2.75
S028,12,0,2,-1,Rest,1.0,3.0
S028,12,0,3,-1,Rest,1.25,3.25
S028,12,0,4,-1,Rest,1.5,3.5
S028,12,0,5,-1,Rest,1.75,3.75
S028,12,0,6,-1,Rest,2.0,4.0
S028,12,2,0,-1,Rest,0.5,2.5
S028,12,2,1,-1,Rest,0.75,2.75
S028,12,2,2,-1,Rest,1.0,3.0
S028,12,2,3,-1,Rest,1.25,3.25
S028,12,2,4,-1,Rest,1.5,3.5
S028,12,2,5,-1,Rest,1.75,3.75
S028,12,2,6,-1,Rest,2.0,4.0
S028,12,4,0,-1,Rest,0.5,2.5
S028,12,4,1,-1,Rest,0.75,2.75
S028,12,4,2,-1,Rest,1.0,3.0
S028,12,4,3,-1,Rest,1.25,3.25
S028,12,4,4,-1,Rest,1.5,3.5
S028,12,4,5,-1,Rest,1.75,3.75
S028,12,4,6,-1,Rest,2.0,4.0
S028,12,6,2,-1,Rest,1.0,3.0
S028,12,6,3,-1,Rest,1.25,3.25
S028,12,6,4,-1,Rest,1.5,3.5
S028,12,6,5,-1,Rest,1.75,3.75
S028,12,6,6,-1,Rest,2.0,4.0
S028,12,16,2,-1,Rest,1.0,3.0
S028,12,16,3,-1,Rest,1.25,3.25
S028,12,16,4,-1,Rest,1.5,3.5
S028,12,16,5,-1,Rest,1.75,3.75
S028,12,16,6,-1,Rest,2.0,4.0
S028,12,20,0,-1,Rest,0.5,2.5
S028,12,20,1,-1,Rest,0.75,2.75
S028,12,20,2,-1,Rest,1.0,3.0
S028,12,20,3,-1,Rest,1.25,3.25
S028,12,20,4,-1,Rest,1.5,3.5
S028,12,20,5,-1,Rest,1.75,3.75
S028,12,20,6,-1,Rest,2.0,4.0
S028,12,28,0,-1,Rest,0.5,2.5
S028,12,28,1,-1,Rest,0.75,2.75
S028,12,28,2,-1,Rest,1.0,3.0
S029,04,0,0,-1,Rest,0.5,2.5
S029,04,0,1,-1,Rest,0.75,2.75
S029,04,0,2,-1,Rest,1.0,3.0
S029,04,0,3,-1,Rest,1.25,3.25
S029,04,0,4,-1,Rest,1.5,3.5
S029,04,0,5,-1,Rest,1.75,3.75
S029,04,0,6,-1,Rest,2.0,4.0
S029,04,2,0,-1,Rest,0.5,2.5
S029,04,2,1,-1,Rest,0.75,2.75
S029,04,2,2,-1,Rest,1.0,3.0
S029,04,2,3,-1,Rest,1.25,3.25
S029,04,2,4,-1,Rest,1.5,3.5
S029,04,2,5,-1,Rest,1.75,3.75
S029,04,2,6,-1,Rest,2.0,4.0
S029,04,4,0,-1,Rest,0.5,2.5
S029,04,4,1,-1,Rest,0.75,2.75
S029,04,4,2,-1,Rest,1.0,3.0
S029,04,4,3,-1,Rest,1.25,3.25
S029,04,4,4,-1,Rest,1.5,3.5
S029,04,4,5,-1,Rest,1.75,3.75
S029,04,4,6,-1,Rest,2.0,4.0
S029,04,6,0,-1,Rest,0.5,2.5
S029,04,6,1,-1,Rest,0.75,2.75
S029,04,6,2,-1,Rest,1.0,3.0
S029,04,6,3,-1,Rest,1.25,3.25
S029,04,6,4,-1,Rest,1.5,3.5
S029,04,6,5,-1,Rest,1.75,3.75
S029,04,6,6,-1,Rest,2.0,4.0
S029,04,8,0,-1,Rest,0.5,2.5
S029,04,8,1,-1,Rest,0.75,2.75
S029,04,8,2,-1,Rest,1.0,3.0
S029,04,8,3,-1,Rest,1.25,3.25
S029,04,8,4,-1,Rest,1.5,3.5
S029,04,8,5,-1,Rest,1.75,3.75
S029,04,8,6,-1,Rest,2.0,4.0
S029,04,10,0,-1,Rest,0.5,2.5
S029,04,10,1,-1,Rest,0.75,2.75
S029,04,10,2,-1,Rest,1.0,3.0
S029,04,10,3,-1,Rest,1.25,3.25
S029,04,10,4,-1,Rest,1.5,3.5
S029,04,10,5,-1,Rest,1.75,3.75
S029,04,10,6,-1,Rest,2.0,4.0
S029,04,12,0,-1,Rest,0.5,2.5
S029,04,12,1,-1,Rest,0.75,2.75
S029,04,12,2,-1,Rest,1.0,3.0
S029,04,12,3,-1,Rest,1.25,3.25
S029,04,12,4,-1,Rest,1.5,3.5
S029,04,12,5,-1,Rest,1.75,3.75
S029,04,12,6,-1,Rest,2.0,4.0
S029,04,14,0,-1,Rest,0.5,2.5
S029,04,14,1,-1,Rest,0.75,2.75
S029,04,14,2,-1,Rest,1.0,3.0
S029,04,14,3,-1,Rest,1.25,3.25
S029,04,14,4,-1,Rest,1.5,3.5
S029,04,14,5,-1,Rest,1.75,3.75
S029,04,14,6,-1,Rest,2.0,4.0
S029,04,16,0,-1,Rest,0.5,2.5
S029,04,16,1,-1,Rest,0.75,2.75
S029,04,16,2,-1,Rest,1.0,3.0
S029,04,16,3,-1,Rest,1.25,3.25
S029,04,16,4,-1,Rest,1.5,3.5
S029,04,16,5,-1,Rest,1.75,3.75
S029,04,16,6,-1,Rest,2.0,4.0
S029,04,18,0,-1,Rest,0.5,2.5
S029,04,18,1,-1,Rest,0.75,2.75
S029,04,18,2,-1,Rest,1.0,3.0
S029,04,18,3,-1,Rest,1.25,3.25
S029,04,18,4,-1,Rest,1.5,3.5
S029,04,18,5,-1,Rest,1.75,3.75
S029,04,18,6,-1,Rest,2.0,4.0
S029,04,20,0,-1,Rest,0.5,2.5
S029,04,20,1,-1,Rest,0.75,2.75
S029,04,20,2,-1,Rest,1.0,3.0
S029,04,20,3,-1,Rest,1.25,3.25
S029,04,20,4,-1,Rest,1.5,3.5
S029,04,20,5,-1,Rest,1.75,3.75
S029,04,20,6,-1,Rest,2.0,4.0
S029,04,22,0,-1,Rest,0.5,2.5
S029,04,22,1,-1,Rest,0.75,2.75
S029,04,22,2,-1,Rest,1.0,3.0
S029,04,22,3,-1,Rest,1.25,3.25
S029,04,22,4,-1,Rest,1.5,3.5
S029,04,22,5,-1,Rest,1.75,3.75
S029,04,22,6,-1,Rest,2.0,4.0
S029,04,24,0,-1,Rest,0.5,2.5
S029,04,24,1,-1,Rest,0.75,2.75
S029,04,24,2,-1,Rest,1.0,3.0
S029,04,24,3,-1,Rest,1.25,3.25
S029,04,24,4,-1,Rest,1.5,3.5
S029,04,24,5,-1,Rest,1.75,3.75
S029,04,24,6,-1,Rest,2.0,4.0
S029,04,26,0,-1,Rest,0.5,2.5
S029,04,26,1,-1,Rest,0.75,2.75
S029,04,26,2,-1,Rest,1.0,3.0
S029,04,26,3,-1,Rest,1.25,3.25
S029,04,26,4,-1,Rest,1.5,3.5
S029,04,26,5,-1,Rest,1.75,3.75
S029,04,26,6,-1,Rest,2.0,4.0
S029,04,28,0,-1,Rest,0.5,2.5
S029,04,28,1,-1,Rest,0.75,2.75
S029,04,28,2,-1,Rest,1.0,3.0
S029,04,28,3,-1,Rest,1.25,3.25
S029,04,28,4,-1,Rest,1.5,3.5
S029,04,28,5,-1,Rest,1.75,3.75
S029,04,28,6,-1,Rest,2.0,4.0
S029,08,0,0,-1,Rest,0.5,2.5
S029,08,0,1,-1,Rest,0.75,2.75
S029,08,0,2,-1,Rest,1.0,3.0
S029,08,0,3,-1,Rest,1.25,3.25
S029,08,0,4,-1,Rest,1.5,3.5
S029,08,0,5,-1,Rest,1.75,3.75
S029,08,0,6,-1,Rest,2.0,4.0
S029,08,2,0,-1,Rest,0.5,2.5
S029,08,2,1,-1,Rest,0.75,2.75
S029,08,2,2,-1,Rest,1.0,3.0
S029,08,2,3,-1,Rest,1.25,3.25
S029,08,2,4,-1,Rest,1.5,3.5
S029,08,2,5,-1,Rest,1.75,3.75
S029,08,2,6,-1,Rest,2.0,4.0
S029,08,4,0,-1,Rest,0.5,2.5
S029,08,4,1,-1,Rest,0.75,2.75
S029,08,4,2,-1,Rest,1.0,3.0
S029,08,4,3,-1,Rest,1.25,3.25
S029,08,4,4,-1,Rest,1.5,3.5
S029,08,4,5,-1,Rest,1.75,3.75
S029,08,4,6,-1,Rest,2.0,4.0
S029,08,6,0,-1,Rest,0.5,2.5
S029,08,6,1,-1,Rest,0.75,2.75
S029,08,6,2,-1,Rest,1.0,3.0
S029,08,6,3,-1,Rest,1.25,3.25
S029,08,6,4,-1,Rest,1.5,3.5
S029,08,6,5,-1,Rest,1.75,3.75
S029,08,6,6,-1,Rest,2.0,4.0
S029,08,8,0,-1,Rest,0.5,2.5
S029,08,8,1,-1,Rest,0.75,2.75
S029,08,8,2,-1,Rest,1.0,3.0
S029,08,8,3,-1,Rest,1.25,3.25
S029,08,8,4,-1,Rest,1.5,3.5
S029,08,8,5,-1,Rest,1.75,3.75
S029,08,8,6,-1,Rest,2.0,4.0
S029,08,10,0,-1,Rest,0.5,2.5
S029,08,10,1,-1,Rest,0.75,2.75
S029,08,10,2,-1,Rest,1.0,3.0
S029,08,10,3,-1,Rest,1.25,3.25
S029,08,10,4,-1,Rest,1.5,3.5
S029,08,10,5,-1,Rest,1.75,3.75
S029,08,10,6,-1,Rest,2.0,4.0
S029,08,12,0,-1,Rest,0.5,2.5
S029,08,12,1,-1,Rest,0.75,2.75
S029,08,12,2,-1,Rest,1.0,3.0
S029,08,12,3,-1,Rest,1.25,3.25
S029,08,12,4,-1,Rest,1.5,3.5
S029,08,12,5,-1,Rest,1.75,3.75
S029,08,12,6,-1,Rest,2.0,4.0
S029,08,14,0,-1,Rest,0.5,2.5
S029,08,14,1,-1,Rest,0.75,2.75
S029,08,14,2,-1,Rest,1.0,3.0
S029,08,14,3,-1,Rest,1.25,3.25
S029,08,14,4,-1,Rest,1.5,3.5
S029,08,14,5,-1,Rest,1.75,3.75
S029,08,14,6,-1,Rest,2.0,4.0
S029,08,16,0,-1,Rest,0.5,2.5
S029,08,16,1,-1,Rest,0.75,2.75
S029,08,16,2,-1,Rest,1.0,3.0
S029,08,16,3,-1,Rest,1.25,3.25
S029,08,16,4,-1,Rest,1.5,3.5
S029,08,16,5,-1,Rest,1.75,3.75
S029,08,16,6,-1,Rest,2.0,4.0
S029,08,18,0,-1,Rest,0.5,2.5
S029,08,18,1,-1,Rest,0.75,2.75
S029,08,18,2,-1,Rest,1.0,3.0
S029,08,18,3,-1,Rest,1.25,3.25
S029,08,18,4,-1,Rest,1.5,3.5
S029,08,18,5,-1,Rest,1.75,3.75
S029,08,18,6,-1,Rest,2.0,4.0
S029,08,20,0,-1,Rest,0.5,2.5
S029,08,20,1,-1,Rest,0.75,2.75
S029,08,20,2,-1,Rest,1.0,3.0
S029,08,20,3,-1,Rest,1.25,3.25
S029,08,20,4,-1,Rest,1.5,3.5
S029,08,20,5,-1,Rest,1.75,3.75
S029,08,20,6,-1,Rest,2.0,4.0
S029,08,22,0,-1,Rest,0.5,2.5
S029,08,22,1,-1,Rest,0.75,2.75
S029,08,22,2,-1,Rest,1.0,3.0
S029,08,22,3,-1,Rest,1.25,3.25
S029,08,22,4,-1,Rest,1.5,3.5
S029,08,22,5,-1,Rest,1.75,3.75
S029,08,22,6,-1,Rest,2.0,4.0
S029,08,24,0,-1,Rest,0.5,2.5
S029,08,24,1,-1,Rest,0.75,2.75
S029,08,24,2,-1,Rest,1.0,3.0
S029,08,24,3,-1,Rest,1.25,3.25
S029,08,24,4,-1,Rest,1.5,3.5
S029,08,24,5,-1,Rest,1.75,3.75
S029,08,24,6,-1,Rest,2.0,4.0
S029,08,26,0,-1,Rest,0.5,2.5
S029,08,26,1,-1,Rest,0.75,2.75
S029,08,26,2,-1,Rest,1.0,3.0
S029,08,26,3,-1,Rest,1.25,3.25
S029,08,26,4,-1,Rest,1.5,3.5
S029,08,26,5,-1,Rest,1.75,3.75
S029,08,26,6,-1,Rest,2.0,4.0
S029,08,28,0,-1,Rest,0.5,2.5
S029,08,28,1,-1,Rest,0.75,2.75
S029,08,28,2,-1,Rest,1.0,3.0
S029,08,28,3,-1,Rest,1.25,3.25
S029,08,28,4,-1,Rest,1.5,3.5
S029,08,28,5,-1,Rest,1.75,3.75
S029,08,28,6,-1,Rest,2.0,4.0
S029,12,0,0,-1,Rest,0.5,2.5
S029,12,0,1,-1,Rest,0.75,2.75
S029,12,0,2,-1,Rest,1.0,3.0
S029,12,0,3,-1,Rest,1.25,3.25
S029,12,0,4,-1,Rest,1.5,3.5
S029,12,0,5,-1,Rest,1.75,3.75
S029,12,0,6,-1,Rest,2.0,4.0
S029,12,2,0,-1,Rest,0.5,2.5
S029,12,2,1,-1,Rest,0.75,2.75
S029,12,2,2,-1,Rest,1.0,3.0
S029,12,2,3,-1,Rest,1.25,3.25
S029,12,2,4,-1,Rest,1.5,3.5
S029,12,2,5,-1,Rest,1.75,3.75
S029,12,2,6,-1,Rest,2.0,4.0
S029,12,4,0,-1,Rest,0.5,2.5
S029,12,4,1,-1,Rest,0.75,2.75
S029,12,4,2,-1,Rest,1.0,3.0
S029,12,4,3,-1,Rest,1.25,3.25
S029,12,4,4,-1,Rest,1.5,3.5
S029,12,4,5,-1,Rest,1.75,3.75
S029,12,4,6,-1,Rest,2.0,4.0
S029,12,6,0,-1,Rest,0.5,2.5
S029,12,6,1,-1,Rest,0.75,2.75
S029,12,6,2,-1,Rest,1.0,3.0
S029,12,6,3,-1,Rest,1.25,3.25
S029,12,6,4,-1,Rest,1.5,3.5
S029,12,6,5,-1,Rest,1.75,3.75
S029,12,6,6,-1,Rest,2.0,4.0
S029,12,8,0,-1,Rest,0.5,2.5
S029,12,8,1,-1,Rest,0.75,2.75
S029,12,8,2,-1,Rest,1.0,3.0
S029,12,8,3,-1,Rest,1.25,3.25
S029,12,8,4,-1,Rest,1.5,3.5
S029,12,8,5,-1,Rest,1.75,3.75
S029,12,8,6,-1,Rest,2.0,4.0
S029,12,10,0,-1,Rest,0.5,2.5
S029,12,10,1,-1,Rest,0.75,2.75
S029,12,10,2,-1,Rest,1.0,3.0
S029,12,10,3,-1,Rest,1.25,3.25
S029,12,10,4,-1,Rest,1.5,3.5
S029,12,10,5,-1,Rest,1.75,3.75
S029,12,10,6,-1,Rest,2.0,4.0
S029,12,12,0,-1,Rest,0.5,2.5
S029,12,12,1,-1,Rest,0.75,2.75
S029,12,12,2,-1,Rest,1.0,3.0
S029,12,12,3,-1,Rest,1.25,3.25
S029,12,12,4,-1,Rest,1.5,3.5
S029,12,12,5,-1,Rest,1.75,3.75
S029,12,12,6,-1,Rest,2.0,4.0
S029,12,14,0,-1,Rest,0.5,2.5
S029,12,14,1,-1,Rest,0.75,2.75
S029,12,14,2,-1,Rest,1.0,3.0
S029,12,14,3,-1,Rest,1.25,3.25
S029,12,14,4,-1,Rest,1.5,3.5
S029,12,14,5,-1,Rest,1.75,3.75
S029,12,14,6,-1,Rest,2.0,4.0
S029,12,16,0,-1,Rest,0.5,2.5
S029,12,16,1,-1,Rest,0.75,2.75
S029,12,16,2,-1,Rest,1.0,3.0
S029,12,16,3,-1,Rest,1.25,3.25
S029,12,16,4,-1,Rest,1.5,3.5
S029,12,16,5,-1,Rest,1.75,3.75
S029,12,16,6,-1,Rest,2.0,4.0
S029,12,18,0,-1,Rest,0.5,2.5
S029,12,18,1,-1,Rest,0.75,2.75
S029,12,18,2,-1,Rest,1.0,3.0
S029,12,18,3,-1,Rest,1.25,3.25
S029,12,18,4,-1,Rest,1.5,3.5
S029,12,18,5,-1,Rest,1.75,3.75
S029,12,18,6,-1,Rest,2.0,4.0
S029,12,20,0,-1,Rest,0.5,2.5
S029,12,20,1,-1,Rest,0.75,2.75
S029,12,20,2,-1,Rest,1.0,3.0
S029,12,20,3,-1,Rest,1.25,3.25
S029,12,20,4,-1,Rest,1.5,3.5
S029,12,20,5,-1,Rest,1.75,3.75
S029,12,20,6,-1,Rest,2.0,4.0
S029,12,22,0,-1,Rest,0.5,2.5
S029,12,22,1,-1,Rest,0.75,2.75
S029,12,22,2,-1,Rest,1.0,3.0
S029,12,22,3,-1,Rest,1.25,3.25
S029,12,22,4,-1,Rest,1.5,3.5
S029,12,22,5,-1,Rest,1.75,3.75
S029,12,22,6,-1,Rest,2.0,4.0
S029,12,24,0,-1,Rest,0.5,2.5
S029,12,24,1,-1,Rest,0.75,2.75
S029,12,24,2,-1,Rest,1.0,3.0
S029,12,24,3,-1,Rest,1.25,3.25
S029,12,24,4,-1,Rest,1.5,3.5
S029,12,24,5,-1,Rest,1.75,3.75
S029,12,24,6,-1,Rest,2.0,4.0
S029,12,26,0,-1,Rest,0.5,2.5
S029,12,26,1,-1,Rest,0.75,2.75
S029,12,26,2,-1,Rest,1.0,3.0
S029,12,26,3,-1,Rest,1.25,3.25
S029,12,26,4,-1,Rest,1.5,3.5
S029,12,26,5,-1,Rest,1.75,3.75
S029,12,26,6,-1,Rest,2.0,4.0
S029,12,28,0,-1,Rest,0.5,2.5
S029,12,28,1,-1,Rest,0.75,2.75
S029,12,28,2,-1,Rest,1.0,3.0
S029,12,28,3,-1,Rest,1.25,3.25
S029,12,28,4,-1,Rest,1.5,3.5
S029,12,28,5,-1,Rest,1.75,3.75
S029,12,28,6,-1,Rest,2.0,4.0
S030,04,0,0,-1,Rest,0.5,2.5
S030,04,0,1,-1,Rest,0.75,2.75
S030,04,0,2,-1,Rest,1.0,3.0
S030,04,0,3,-1,Rest,1.25,3.25
S030,04,0,4,-1,Rest,1.5,3.5
S030,04,0,5,-1,Rest,1.75,3.75
S030,04,0,6,-1,Rest,2.0,4.0
S030,04,2,0,-1,Rest,0.5,2.5
S030,04,2,1,-1,Rest,0.75,2.75
S030,04,2,2,-1,Rest,1.0,3.0
S030,04,2,3,-1,Rest,1.25,3.25
S030,04,2,4,-1,Rest,1.5,3.5
S030,04,2,5,-1,Rest,1.75,3.75
S030,04,2,6,-1,Rest,2.0,4.0
S030,04,4,0,-1,Rest,0.5,2.5
S030,04,4,1,-1,Rest,0.75,2.75
S030,04,4,2,-1,Rest,1.0,3.0
S030,04,4,3,-1,Rest,1.25,3.25
S030,04,4,4,-1,Rest,1.5,3.5
S030,04,4,5,-1,Rest,1.75,3.75
S030,04,4,6,-1,Rest,2.0,4.0
S030,04,6,0,-1,Rest,0.5,2.5
S030,04,6,1,-1,Rest,0.75,2.75
S030,04,6,2,-1,Rest,1.0,3.0
S030,04,6,3,-1,Rest,1.25,3.25
S030,04,6,4,-1,Rest,1.5,3.5
S030,04,6,5,-1,Rest,1.75,3.75
S030,04,6,6,-1,Rest,2.0,4.0
S030,04,8,0,-1,Rest,0.5,2.5
S030,04,8,1,-1,Rest,0.75,2.75
S030,04,8,2,-1,Rest,1.0,3.0
S030,04,8,3,-1,Rest,1.25,3.25
S030,04,8,4,-1,Rest,1.5,3.5
S030,04,8,5,-1,Rest,1.75,3.75
S030,04,8,6,-1,Rest,2.0,4.0
S030,04,10,0,-1,Rest,0.5,2.5
S030,04,10,1,-1,Rest,0.75,2.75
S030,04,10,2,-1,Rest,1.0,3.0
S030,04,10,3,-1,Rest,1.25,3.25
S030,04,10,4,-1,Rest,1.5,3.5
S030,04,10,5,-1,Rest,1.75,3.75
S030,04,10,6,-1,Rest,2.0,4.0
S030,04,12,0,-1,Rest,0.5,2.5
S030,04,12,1,-1,Rest,0.75,2.75
S030,04,12,2,-1,Rest,1.0,3.0
S030,04,12,3,-1,Rest,1.25,3.25
S030,04,12,4,-1,Rest,1.5,3.5
S030,04,12,5,-1,Rest,1.75,3.75
S030,04,12,6,-1,Rest,2.0,4.0
S030,04,14,0,-1,Rest,0.5,2.5
S030,04,14,1,-1,Rest,0.75,2.75
S030,04,14,2,-1,Rest,1.0,3.0
S030,04,14,3,-1,Rest,1.25,3.25
S030,04,14,4,-1,Rest,1.5,3.5
S030,04,14,5,-1,Rest,1.75,3.75
S030,04,14,6,-1,Rest,2.0,4.0
S030,04,16,0,-1,Rest,0.5,2.5
S030,04,16,1,-1,Rest,0.75,2.75
S030,04,16,2,-1,Rest,1.0,3.0
S030,04,16,3,-1,Rest,1.25,3.25
S030,04,16,4,-1,Rest,1.5,3.5
S030,04,16,5,-1,Rest,1.75,3.75
S030,04,16,6,-1,Rest,2.0,4.0
S030,04,18,0,-1,Rest,0.5,2.5
S030,04,18,1,-1,Rest,0.75,2.75
S030,04,18,2,-1,Rest,1.0,3.0
S030,04,18,3,-1,Rest,1.25,3.25
S030,04,18,4,-1,Rest,1.5,3.5
S030,04,18,5,-1,Rest,1.75,3.75
S030,04,18,6,-1,Rest,2.0,4.0
S030,04,20,0,-1,Rest,0.5,2.5
S030,04,20,1,-1,Rest,0.75,2.75
S030,04,20,2,-1,Rest,1.0,3.0
S030,04,20,3,-1,Rest,1.25,3.25
S030,04,20,4,-1,Rest,1.5,3.5
S030,04,20,5,-1,Rest,1.75,3.75
S030,04,20,6,-1,Rest,2.0,4.0
S030,04,22,0,-1,Rest,0.5,2.5
S030,04,22,1,-1,Rest,0.75,2.75
S030,04,22,2,-1,Rest,1.0,3.0
S030,04,22,3,-1,Rest,1.25,3.25
S030,04,22,4,-1,Rest,1.5,3.5
S030,04,22,5,-1,Rest,1.75,3.75
S030,04,22,6,-1,Rest,2.0,4.0
S030,04,24,0,-1,Rest,0.5,2.5
S030,04,24,1,-1,Rest,0.75,2.75
S030,04,24,2,-1,Rest,1.0,3.0
S030,04,24,3,-1,Rest,1.25,3.25
S030,04,24,4,-1,Rest,1.5,3.5
S030,04,24,5,-1,Rest,1.75,3.75
S030,04,24,6,-1,Rest,2.0,4.0
S030,04,26,0,-1,Rest,0.5,2.5
S030,04,26,1,-1,Rest,0.75,2.75
S030,04,26,2,-1,Rest,1.0,3.0
S030,04,26,3,-1,Rest,1.25,3.25
S030,04,26,4,-1,Rest,1.5,3.5
S030,04,26,5,-1,Rest,1.75,3.75
S030,04,26,6,-1,Rest,2.0,4.0
S030,04,28,0,-1,Rest,0.5,2.5
S030,04,28,1,-1,Rest,0.75,2.75
S030,04,28,2,-1,Rest,1.0,3.0
S030,04,28,3,-1,Rest,1.25,3.25
S030,04,28,4,-1,Rest,1.5,3.5
S030,04,28,5,-1,Rest,1.75,3.75
S030,04,28,6,-1,Rest,2.0,4.0
S030,08,0,0,-1,Rest,0.5,2.5
S030,08,0,1,-1,Rest,0.75,2.75
S030,08,0,2,-1,Rest,1.0,3.0
S030,08,0,3,-1,Rest,1.25,3.25
S030,08,0,4,-1,Rest,1.5,3.5
S030,08,0,5,-1,Rest,1.75,3.75
S030,08,0,6,-1,Rest,2.0,4.0
S030,08,2,0,-1,Rest,0.5,2.5
S030,08,2,1,-1,Rest,0.75,2.75
S030,08,2,2,-1,Rest,1.0,3.0
S030,08,2,3,-1,Rest,1.25,3.25
S030,08,2,4,-1,Rest,1.5,3.5
S030,08,2,5,-1,Rest,1.75,3.75
S030,08,2,6,-1,Rest,2.0,4.0
S030,08,4,0,-1,Rest,0.5,2.5
S030,08,4,1,-1,Rest,0.75,2.75
S030,08,4,2,-1,Rest,1.0,3.0
S030,08,4,3,-1,Rest,1.25,3.25
S030,08,4,4,-1,Rest,1.5,3.5
S030,08,4,5,-1,Rest,1.75,3.75
S030,08,4,6,-1,Rest,2.0,4.0
S030,08,6,0,-1,Rest,0.5,2.5
S030,08,6,1,-1,Rest,0.75,2.75
S030,08,6,2,-1,Rest,1.0,3.0
S030,08,6,3,-1,Rest,1.25,3.25
S030,08,6,4,-1,Rest,1.5,3.5
S030,08,6,5,-1,Rest,1.75,3.75
S030,08,6,6,-1,Rest,2.0,4.0
S030,08,8,0,-1,Rest,0.5,2.5
S030,08,8,1,-1,Rest,0.75,2.75
S030,08,8,2,-1,Rest,1.0,3.0
S030,08,8,3,-1,Rest,1.25,3.25
S030,08,8,4,-1,Rest,1.5,3.5
S030,08,8,5,-1,Rest,1.75,3.75
S030,08,8,6,-1,Rest,2.0,4.0
S030,08,10,0,-1,Rest,0.5,2.5
S030,08,10,1,-1,Rest,0.75,2.75
S030,08,10,2,-1,Rest,1.0,3.0
S030,08,10,3,-1,Rest,1.25,3.25
S030,08,10,4,-1,Rest,1.5,3.5
S030,08,10,5,-1,Rest,1.75,3.75
S030,08,10,6,-1,Rest,2.0,4.0
S030,08,12,0,-1,Rest,0.5,2.5
S030,08,12,1,-1,Rest,0.75,2.75
S030,08,12,2,-1,Rest,1.0,3.0
S030,08,12,3,-1,Rest,1.25,3.25
S030,08,12,4,-1,Rest,1.5,3.5
S030,08,12,5,-1,Rest,1.75,3.75
S030,08,12,6,-1,Rest,2.0,4.0
S030,08,14,0,-1,Rest,0.5,2.5
S030,08,14,1,-1,Rest,0.75,2.75
S030,08,14,2,-1,Rest,1.0,3.0
S030,08,14,3,-1,Rest,1.25,3.25
S030,08,14,4,-1,Rest,1.5,3.5
S030,08,14,5,-1,Rest,1.75,3.75
S030,08,14,6,-1,Rest,2.0,4.0
S030,08,16,0,-1,Rest,0.5,2.5
S030,08,16,1,-1,Rest,0.75,2.75
S030,08,16,2,-1,Rest,1.0,3.0
S030,08,16,3,-1,Rest,1.25,3.25
S030,08,16,4,-1,Rest,1.5,3.5
S030,08,16,5,-1,Rest,1.75,3.75
S030,08,16,6,-1,Rest,2.0,4.0
S030,08,18,0,-1,Rest,0.5,2.5
S030,08,18,1,-1,Rest,0.75,2.75
S030,08,18,2,-1,Rest,1.0,3.0
S030,08,18,3,-1,Rest,1.25,3.25
S030,08,18,4,-1,Rest,1.5,3.5
S030,08,18,5,-1,Rest,1.75,3.75
S030,08,18,6,-1,Rest,2.0,4.0
S030,08,20,0,-1,Rest,0.5,2.5
S030,08,20,1,-1,Rest,0.75,2.75
S030,08,20,2,-1,Rest,1.0,3.0
S030,08,20,3,-1,Rest,1.25,3.25
S030,08,20,4,-1,Rest,1.5,3.5
S030,08,20,5,-1,Rest,1.75,3.75
S030,08,20,6,-1,Rest,2.0,4.0
S030,08,22,0,-1,Rest,0.5,2.5
S030,08,22,1,-1,Rest,0.75,2.75
S030,08,22,2,-1,Rest,1.0,3.0
S030,08,22,3,-1,Rest,1.25,3.25
S030,08,22,4,-1,Rest,1.5,3.5
S030,08,22,5,-1,Rest,1.75,3.75
S030,08,22,6,-1,Rest,2.0,4.0
S030,08,24,0,-1,Rest,0.5,2.5
S030,08,24,1,-1,Rest,0.75,2.75
S030,08,24,2,-1,Rest,1.0,3.0
S030,08,24,3,-1,Rest,1.25,3.25
S030,08,24,4,-1,Rest,1.5,3.5
S030,08,24,5,-1,Rest,1.75,3.75
S030,08,24,6,-1,Rest,2.0,4.0
S030,08,26,0,-1,Rest,0.5,2.5
S030,08,26,1,-1,Rest,0.75,2.75
S030,08,26,2,-1,Rest,1.0,3.0
S030,08,26,3,-1,Rest,1.25,3.25
S030,08,26,4,-1,Rest,1.5,3.5
S030,08,26,5,-1,Rest,1.75,3.75
S030,08,26,6,-1,Rest,2.0,4.0
S030,08,28,0,-1,Rest,0.5,2.5
S030,08,28,1,-1,Rest,0.75,2.75
S030,08,28,2,-1,Rest,1.0,3.0
S030,08,28,3,-1,Rest,1.25,3.25
S030,08,28,4,-1,Rest,1.5,3.5
S030,08,28,5,-1,Rest,1.75,3.75
S030,08,28,6,-1,Rest,2.0,4.0
S030,12,0,0,-1,Rest,0.5,2.5
S030,12,0,1,-1,Rest,0.75,2.75
S030,12,0,2,-1,Rest,1.0,3.0
S030,12,0,3,-1,Rest,1.25,3.25
S030,12,0,4,-1,Rest,1.5,3.5
S030,12,0,5,-1,Rest,1.75,3.75
S030,12,0,6,-1,Rest,2.0,4.0
S030,12,2,0,-1,Rest,0.5,2.5
S030,12,2,1,-1,Rest,0.75,2.75
S030,12,2,2,-1,Rest,1.0,3.0
S030,12,2,3,-1,Rest,1.25,3.25
S030,12,2,4,-1,Rest,1.5,3.5
S030,12,2,5,-1,Rest,1.75,3.75
S030,12,2,6,-1,Rest,2.0,4.0
S030,12,4,0,-1,Rest,0.5,2.5
S030,12,4,1,-1,Rest,0.75,2.75
S030,12,4,2,-1,Rest,1.0,3.0
S030,12,4,3,-1,Rest,1.25,3.25
S030,12,4,4,-1,Rest,1.5,3.5
S030,12,4,5,-1,Rest,1.75,3.75
S030,12,4,6,-1,Rest,2.0,4.0
S030,12,6,0,-1,Rest,0.5,2.5
S030,12,6,1,-1,Rest,0.75,2.75
S030,12,6,2,-1,Rest,1.0,3.0
S030,12,6,3,-1,Rest,1.25,3.25
S030,12,6,4,-1,Rest,1.5,3.5
S030,12,6,5,-1,Rest,1.75,3.75
S030,12,6,6,-1,Rest,2.0,4.0
S030,12,8,0,-1,Rest,0.5,2.5
S030,12,8,1,-1,Rest,0.75,2.75
S030,12,8,2,-1,Rest,1.0,3.0
S030,12,8,3,-1,Rest,1.25,3.25
S030,12,8,4,-1,Rest,1.5,3.5
S030,12,8,5,-1,Rest,1.75,3.75
S030,12,8,6,-1,Rest,2.0,4.0
S030,12,10,0,-1,Rest,0.5,2.5
S030,12,10,1,-1,Rest,0.75,2.75
S030,12,10,2,-1,Rest,1.0,3.0
S030,12,10,3,-1,Rest,1.25,3.25
S030,12,10,4,-1,Rest,1.5,3.5
S030,12,10,5,-1,Rest,1.75,3.75
S030,12,10,6,-1,Rest,2.0,4.0
S030,12,12,0,-1,Rest,0.5,2.5
S030,12,12,1,-1,Rest,0.75,2.75
S030,12,12,2,-1,Rest,1.0,3.0
S030,12,12,3,-1,Rest,1.25,3.25
S030,12,12,4,-1,Rest,1.5,3.5
S030,12,12,5,-1,Rest,1.75,3.75
S030,12,12,6,-1,Rest,2.0,4.0
S030,12,14,0,-1,Rest,0.5,2.5
S030,12,14,1,-1,Rest,0.75,2.75
S030,12,14,2,-1,Rest,1.0,3.0
S030,12,14,3,-1,Rest,1.25,3.25
S030,12,14,4,-1,Rest,1.5,3.5
S030,12,14,5,-1,Rest,1.75,3.75
S030,12,14,6,-1,Rest,2.0,4.0
S030,12,16,0,-1,Rest,0.5,2.5
S030,12,16,1,-1,Rest,0.75,2.75
S030,12,16,2,-1,Rest,1.0,3.0
S030,12,16,3,-1,Rest,1.25,3.25
S030,12,16,4,-1,Rest,1.5,3.5
S030,12,16,5,-1,Rest,1.75,3.75
S030,12,16,6,-1,Rest,2.0,4.0
S030,12,18,0,-1,Rest,0.5,2.5
S030,12,18,1,-1,Rest,0.75,2.75
S030,12,18,2,-1,Rest,1.0,3.0
S030,12,18,3,-1,Rest,1.25,3.25
S030,12,18,4,-1,Rest,1.5,3.5
S030,12,18,5,-1,Rest,1.75,3.75
S030,12,18,6,-1,Rest,2.0,4.0
S030,12,20,0,-1,Rest,0.5,2.5
S030,12,20,1,-1,Rest,0.75,2.75
S030,12,20,2,-1,Rest,1.0,3.0
S030,12,20,3,-1,Rest,1.25,3.25
S030,12,20,4,-1,Rest,1.5,3.5
S030,12,20,5,-1,Rest,1.75,3.75
S030,12,20,6,-1,Rest,2.0,4.0
S030,12,22,0,-1,Rest,0.5,2.5
S030,12,22,1,-1,Rest,0.75,2.75
S030,12,22,2,-1,Rest,1.0,3.0
S030,12,22,3,-1,Rest,1.25,3.25
S030,12,22,4,-1,Rest,1.5,3.5
S030,12,22,5,-1,Rest,1.75,3.75
S030,12,22,6,-1,Rest,2.0,4.0
S030,12,24,0,-1,Rest,0.5,2.5
S030,12,24,1,-1,Rest,0.75,2.75
S030,12,24,2,-1,Rest,1.0,3.0
S030,12,24,3,-1,Rest,1.25,3.25
S030,12,24,4,-1,Rest,1.5,3.5
S030,12,24,5,-1,Rest,1.75,3.75
S030,12,24,6,-1,Rest,2.0,4.0
S030,12,26,0,-1,Rest,0.5,2.5
S030,12,26,1,-1,Rest,0.75,2.75
S030,12,26,2,-1,Rest,1.0,3.0
S030,12,26,3,-1,Rest,1.25,3.25
S030,12,26,4,-1,Rest,1.5,3.5
S030,12,26,5,-1,Rest,1.75,3.75
S030,12,26,6,-1,Rest,2.0,4.0
S030,12,28,0,-1,Rest,0.5,2.5
S030,12,28,1,-1,Rest,0.75,2.75
S030,12,28,2,-1,Rest,1.0,3.0
S030,12,28,3,-1,Rest,1.25,3.25
S030,12,28,4,-1,Rest,1.5,3.5
S030,12,28,5,-1,Rest,1.75,3.75
S030,12,28,6,-1,Rest,2.0,4.0
S032,04,0,0,-1,Rest,0.5,2.5
S032,04,0,1,-1,Rest,0.75,2.75
S032,04,0,2,-1,Rest,1.0,3.0
S032,04,0,3,-1,Rest,1.25,3.25
S032,04,0,4,-1,Rest,1.5,3.5
S032,04,0,5,-1,Rest,1.75,3.75
S032,04,0,6,-1,Rest,2.0,4.0
S032,04,2,0,-1,Rest,0.5,2.5
S032,04,2,1,-1,Rest,0.75,2.75
S032,04,2,2,-1,Rest,1.0,3.0
S032,04,2,3,-1,Rest,1.25,3.25
S032,04,2,4,-1,Rest,1.5,3.5
S032,04,2,5,-1,Rest,1.75,3.75
S032,04,2,6,-1,Rest,2.0,4.0
S032,04,4,0,-1,Rest,0.5,2.5
S032,04,4,1,-1,Rest,0.75,2.75
S032,04,4,2,-1,Rest,1.0,3.0
S032,04,4,3,-1,Rest,1.25,3.25
S032,04,4,4,-1,Rest,1.5,3.5
S032,04,4,5,-1,Rest,1.75,3.75
S032,04,4,6,-1,Rest,2.0,4.0
S032,04,6,0,-1,Rest,0.5,2.5
S032,04,6,1,-1,Rest,0.75,2.75
S032,04,6,2,-1,Rest,1.0,3.0
S032,04,6,3,-1,Rest,1.25,3.25
S032,04,6,4,-1,Rest,1.5,3.5
S032,04,6,5,-1,Rest,1.75,3.75
S032,04,6,6,-1,Rest,2.0,4.0
S032,04,8,0,-1,Rest,0.5,2.5
S032,04,8,1,-1,Rest,0.75,2.75
S032,04,8,2,-1,Rest,1.0,3.0
S032,04,8,3,-1,Rest,1.25,3.25
S032,04,8,4,-1,Rest,1.5,3.5
S032,04,8,5,-1,Rest,1.75,3.75
S032,04,8,6,-1,Rest,2.0,4.0
S032,04,10,0,-1,Rest,0.5,2.5
S032,04,10,1,-1,Rest,0.75,2.75
S032,04,10,2,-1,Rest,1.0,3.0
S032,04,10,3,-1,Rest,1.25,3.25
S032,04,10,4,-1,Rest,1.5,3.5
S032,04,10,5,-1,Rest,1.75,3.75
S032,04,10,6,-1,Rest,2.0,4.0
S032,04,12,0,-1,Rest,0.5,2.5
S032,04,12,1,-1,Rest,0.75,2.75
S032,04,12,2,-1,Rest,1.0,3.0
S032,04,12,3,-1,Rest,1.25,3.25
S032,04,12,4,-1,Rest,1.5,3.5
S032,04,12,5,-1,Rest,1.75,3.75
S032,04,12,6,-1,Rest,2.0,4.0
S032,04,14,0,-1,Rest,0.5,2.5
S032,04,14,1,-1,Rest,0.75,2.75
S032,04,14,2,-1,Rest,1.0,3.0
S032,04,14,3,-1,Rest,1.25,3.25
S032,04,14,4,-1,Rest,1.5,3.5
S032,04,14,5,-1,Rest,1.75,3.75
S032,04,14,6,-1,Rest,2.0,4.0
S032,04,16,0,-1,Rest,0.5,2.5
S032,04,16,1,-1,Rest,0.75,2.75
S032,04,16,2,-1,Rest,1.0,3.0
S032,04,16,3,-1,Rest,1.25,3.25
S032,04,16,4,-1,Rest,1.5,3.5
S032,04,16,5,-1,Rest,1.75,3.75
S032,04,16,6,-1,Rest,2.0,4.0
S032,04,18,0,-1,Rest,0.5,2.5
S032,04,18,1,-1,Rest,0.75,2.75
S032,04,18,2,-1,Rest,1.0,3.0
S032,04,18,3,-1,Rest,1.25,3.25
S032,04,18,4,-1,Rest,1.5,3.5
S032,04,18,5,-1,Rest,1.75,3.75
S032,04,18,6,-1,Rest,2.0,4.0
S032,04,20,0,-1,Rest,0.5,2.5
S032,04,20,1,-1,Rest,0.75,2.75
S032,04,20,2,-1,Rest,1.0,3.0
S032,04,20,3,-1,Rest,1.25,3.25
S032,04,20,4,-1,Rest,1.5,3.5
S032,04,20,5,-1,Rest,1.75,3.75
S032,04,20,6,-1,Rest,2.0,4.0
S032,04,22,0,-1,Rest,0.5,2.5
S032,04,22,1,-1,Rest,0.75,2.75
S032,04,22,2,-1,Rest,1.0,3.0
S032,04,22,3,-1,Rest,1.25,3.25
S032,04,22,4,-1,Rest,1.5,3.5
S032,04,22,5,-1,Rest,1.75,3.75
S032,04,22,6,-1,Rest,2.0,4.0
S032,04,24,0,-1,Rest,0.5,2.5
S032,04,24,1,-1,Rest,0.75,2.75
S032,04,24,2,-1,Rest,1.0,3.0
S032,04,24,3,-1,Rest,1.25,3.25
S032,04,24,4,-1,Rest,1.5,3.5
S032,04,24,5,-1,Rest,1.75,3.75
S032,04,24,6,-1,Rest,2.0,4.0
S032,04,26,0,-1,Rest,0.5,2.5
S032,04,26,1,-1,Rest,0.75,2.75
S032,04,26,2,-1,Rest,1.0,3.0
S032,04,26,3,-1,Rest,1.25,3.25
S032,04,26,4,-1,Rest,1.5,3.5
S032,04,26,5,-1,Rest,1.75,3.75
S032,04,26,6,-1,Rest,2.0,4.0
S032,04,28,0,-1,Rest,0.5,2.5
S032,04,28,1,-1,Rest,0.75,2.75
S032,04,28,2,-1,Rest,1.0,3.0
S032,04,28,3,-1,Rest,1.25,3.25
S032,04,28,4,-1,Rest,1.5,3.5
S032,04,28,5,-1,Rest,1.75,3.75
S032,04,28,6,-1,Rest,2.0,4.0
S032,08,0,0,-1,Rest,0.5,2.5
S032,08,0,1,-1,Rest,0.75,2.75
S032,08,0,2,-1,Rest,1.0,3.0
S032,08,0,3,-1,Rest,1.25,3.25
S032,08,0,4,-1,Rest,1.5,3.5
S032,08,0,5,-1,Rest,1.75,3.75
S032,08,0,6,-1,Rest,2.0,4.0
S032,08,2,0,-1,Rest,0.5,2.5
S032,08,2,1,-1,Rest,0.75,2.75
S032,08,2,2,-1,Rest,1.0,3.0
S032,08,2,3,-1,Rest,1.25,3.25
S032,08,2,4,-1,Rest,1.5,3.5
S032,08,2,5,-1,Rest,1.75,3.75
S032,08,2,6,-1,Rest,2.0,4.0
S032,08,4,0,-1,Rest,0.5,2.5
S032,08,4,1,-1,Rest,0.75,2.75
S032,08,4,2,-1,Rest,1.0,3.0
S032,08,4,3,-1,Rest,1.25,3.25
S032,08,4,4,-1,Rest,1.5,3.5
S032,08,4,5,-1,Rest,1.75,3.75
S032,08,4,6,-1,Rest,2.0,4.0
S032,08,6,0,-1,Rest,0.5,2.5
S032,08,6,1,-1,Rest,0.75,2.75
S032,08,6,2,-1,Rest,1.0,3.0
S032,08,6,3,-1,Rest,1.25,3.25
S032,08,6,4,-1,Rest,1.5,3.5
S032,08,6,5,-1,Rest,1.75,3.75
S032,08,6,6,-1,Rest,2.0,4.0
S032,08,8,0,-1,Rest,0.5,2.5
S032,08,8,1,-1,Rest,0.75,2.75
S032,08,8,2,-1,Rest,1.0,3.0
S032,08,8,3,-1,Rest,1.25,3.25
S032,08,8,4,-1,Rest,1.5,3.5
S032,08,8,5,-1,Rest,1.75,3.75
S032,08,8,6,-1,Rest,2.0,4.0
S032,08,10,0,-1,Rest,0.5,2.5
S032,08,10,1,-1,Rest,0.75,2.75
S032,08,10,2,-1,Rest,1.0,3.0
S032,08,10,3,-1,Rest,1.25,3.25
S032,08,10,4,-1,Rest,1.5,3.5
S032,08,10,5,-1,Rest,1.75,3.75
S032,08,10,6,-1,Rest,2.0,4.0
S032,08,12,0,-1,Rest,0.5,2.5
S032,08,12,1,-1,Rest,0.75,2.75
S032,08,12,2,-1,Rest,1.0,3.0
S032,08,12,3,-1,Rest,1.25,3.25
S032,08,12,4,-1,Rest,1.5,3.5
S032,08,12,5,-1,Rest,1.75,3.75
S032,08,12,6,-1,Rest,2.0,4.0
S032,08,14,0,-1,Rest,0.5,2.5
S032,08,14,1,-1,Rest,0.75,2.75
S032,08,14,2,-1,Rest,1.0,3.0
S032,08,14,3,-1,Rest,1.25,3.25
S032,08,14,4,-1,Rest,1.5,3.5
S032,08,14,5,-1,Rest,1.75,3.75
S032,08,14,6,-1,Rest,2.0,4.0
S032,08,16,0,-1,Rest,0.5,2.5
S032,08,16,1,-1,Rest,0.75,2.75
S032,08,16,2,-1,Rest,1.0,3.0
S032,08,16,3,-1,Rest,1.25,3.25
S032,08,16,4,-1,Rest,1.5,3.5
S032,08,16,5,-1,Rest,1.75,3.75
S032,08,16,6,-1,Rest,2.0,4.0
S032,08,18,0,-1,Rest,0.5,2.5
S032,08,18,1,-1,Rest,0.75,2.75
S032,08,18,2,-1,Rest,1.0,3.0
S032,08,18,3,-1,Rest,1.25,3.25
S032,08,18,4,-1,Rest,1.5,3.5
S032,08,18,5,-1,Rest,1.75,3.75
S032,08,18,6,-1,Rest,2.0,4.0
S032,08,20,0,-1,Rest,0.5,2.5
S032,08,20,1,-1,Rest,0.75,2.75
S032,08,20,2,-1,Rest,1.0,3.0
S032,08,20,3,-1,Rest,1.25,3.25
S032,08,20,4,-1,Rest,1.5,3.5
S032,08,20,5,-1,Rest,1.75,3.75
S032,08,20,6,-1,Rest,2.0,4.0
S032,08,22,0,-1,Rest,0.5,2.5
S032,08,22,1,-1,Rest,0.75,2.75
S032,08,22,2,-1,Rest,1.0,3.0
S032,08,22,3,-1,Rest,1.25,3.25
S032,08,22,4,-1,Rest,1.5,3.5
S032,08,22,5,-1,Rest,1.75,3.75
S032,08,22,6,-1,Rest,2.0,4.0
S032,08,24,0,-1,Rest,0.5,2.5
S032,08,24,1,-1,Rest,0.75,2.75
S032,08,24,2,-1,Rest,1.0,3.0
S032,08,24,3,-1,Rest,1.25,3.25
S032,08,24,4,-1,Rest,1.5,3.5
S032,08,24,5,-1,Rest,1.75,3.75
S032,08,24,6,-1,Rest,2.0,4.0
S032,08,26,0,-1,Rest,0.5,2.5
S032,08,26,1,-1,Rest,0.75,2.75
S032,08,26,2,-1,Rest,1.0,3.0
S032,08,26,3,-1,Rest,1.25,3.25
S032,08,26,4,-1,Rest,1.5,3.5
S032,08,26,5,-1,Rest,1.75,3.75
S032,08,26,6,-1,Rest,2.0,4.0
S032,08,28,4,-1,Rest,1.5,3.5
S032,08,28,5,-1,Rest,1.75,3.75
S032,08,28,6,-1,Rest,2.0,4.0
S032,12,0,0,-1,Rest,0.5,2.5
S032,12,0,1,-1,Rest,0.75,2.75
S032,12,0,2,-1,Rest,1.0,3.0
S032,12,0,3,-1,Rest,1.25,3.25
S032,12,0,4,-1,Rest,1.5,3.5
S032,12,0,5,-1,Rest,1.75,3.75
S032,12,0,6,-1,Rest,2.0,4.0
S032,12,2,0,-1,Rest,0.5,2.5
S032,12,2,1,-1,Rest,0.75,2.75
S032,12,2,2,-1,Rest,1.0,3.0
S032,12,2,3,-1,Rest,1.25,3.25
S032,12,2,4,-1,Rest,1.5,3.5
S032,12,2,5,-1,Rest,1.75,3.75
S032,12,2,6,-1,Rest,2.0,4.0
S032,12,4,0,-1,Rest,0.5,2.5
S032,12,4,1,-1,Rest,0.75,2.75
S032,12,4,2,-1,Rest,1.0,3.0
S032,12,4,3,-1,Rest,1.25,3.25
S032,12,4,4,-1,Rest,1.5,3.5
S032,12,4,5,-1,Rest,1.75,3.75
S032,12,4,6,-1,Rest,2.0,4.0
S032,12,6,0,-1,Rest,0.5,2.5
S032,12,6,1,-1,Rest,0.75,2.75
S032,12,6,2,-1,Rest,1.0,3.0
S032,12,6,3,-1,Rest,1.25,3.25
S032,12,6,4,-1,Rest,1.5,3.5
S032,12,6,5,-1,Rest,1.75,3.75
S032,12,6,6,-1,Rest,2.0,4.0
S032,12,8,0,-1,Rest,0.5,2.5
S032,12,8,1,-1,Rest,0.75,2.75
S032,12,8,2,-1,Rest,1.0,3.0
S032,12,8,3,-1,Rest,1.25,3.25
S032,12,8,4,-1,Rest,1.5,3.5
S032,12,8,5,-1,Rest,1.75,3.75
S032,12,8,6,-1,Rest,2.0,4.0
S032,12,10,0,-1,Rest,0.5,2.5
S032,12,10,1,-1,Rest,0.75,2.75
S032,12,10,2,-1,Rest,1.0,3.0
S032,12,10,3,-1,Rest,1.25,3.25
S032,12,10,4,-1,Rest,1.5,3.5
S032,12,10,5,-1,Rest,1.75,3.75
S032,12,10,6,-1,Rest,2.0,4.0
S032,12,12,0,-1,Rest,0.5,2.5
S032,12,12,1,-1,Rest,0.75,2.75
S032,12,14,0,-1,Rest,0.5,2.5
S032,12,14,1,-1,Rest,0.75,2.75
S032,12,14,2,-1,Rest,1.0,3.0
S032,12,16,0,-1,Rest,0.5,2.5
S032,12,16,1,-1,Rest,0.75,2.75
S032,12,16,2,-1,Rest,1.0,3.0
S032,12,16,3,-1,Rest,1.25,3.25
S032,12,16,4,-1,Rest,1.5,3.5
S032,12,16,5,-1,Rest,1.75,3.75
S032,12,16,6,-1,Rest,2.0,4.0
S032,12,18,0,-1,Rest,0.5,2.5
S032,12,18,1,-1,Rest,0.75,2.75
S032,12,18,2,-1,Rest,1.0,3.0
S032,12,18,3,-1,Rest,1.25,3.25
S032,12,18,4,-1,Rest,1.5,3.5
S032,12,18,5,-1,Rest,1.75,3.75
S032,12,18,6,-1,Rest,2.0,4.0
S032,12,20,0,-1,Rest,0.5,2.5
S032,12,20,1,-1,Rest,0.75,2.75
S032,12,20,2,-1,Rest,1.0,3.0
S032,12,20,3,-1,Rest,1.25,3.25
S032,12,20,4,-1,Rest,1.5,3.5
S032,12,20,5,-1,Rest,1.75,3.75
S032,12,20,6,-1,Rest,2.0,4.0
S032,12,22,0,-1,Rest,0.5,2.5
S032,12,22,1,-1,Rest,0.75,2.75
S032,12,22,2,-1,Rest,1.0,3.0
S032,12,22,3,-1,Rest,1.25,3.25
S032,12,22,4,-1,Rest,1.5,3.5
S032,12,22,5,-1,Rest,1.75,3.75
S032,12,22,6,-1,Rest,2.0,4.0
S032,12,24,0,-1,Rest,0.5,2.5
S032,12,24,1,-1,Rest,0.75,2.75
S032,12,24,2,-1,Rest,1.0,3.0
S032,12,24,3,-1,Rest,1.25,3.25
S032,12,24,4,-1,Rest,1.5,3.5
S032,12,24,5,-1,Rest,1.75,3.75
S032,12,24,6,-1,Rest,2.0,4.0
S032,12,26,5,-1,Rest,1.75,3.75
S032,12,26,6,-1,Rest,2.0,4.0
S032,12,28,0,-1,Rest,0.5,2.5
S032,12,28,1,-1,Rest,0.75,2.75
S032,12,28,2,-1,Rest,1.0,3.0
S032,12,28,3,-1,Rest,1.25,3.25
S032,12,28,4,-1,Rest,1.5,3.5
S032,12,28,5,-1,Rest,1.75,3.75
S032,12,28,6,-1,Rest,2.0,4.0
S033,04,0,0,-1,Rest,0.5,2.5
S033,04,0,1,-1,Rest,0.75,2.75
S033,04,0,2,-1,Rest,1.0,3.0
S033,04,0,3,-1,Rest,1.25,3.25
S033,04,0,4,-1,Rest,1.5,3.5
S033,04,0,5,-1,Rest,1.75,3.75
S033,04,0,6,-1,Rest,2.0,4.0
S033,04,2,0,-1,Rest,0.5,2.5
S033,04,2,1,-1,Rest,0.75,2.75
S033,04,2,2,-1,Rest,1.0,3.0
S033,04,2,3,-1,Rest,1.25,3.25
S033,04,2,4,-1,Rest,1.5,3.5
S033,04,2,5,-1,Rest,1.75,3.75
S033,04,2,6,-1,Rest,2.0,4.0
S033,04,4,0,-1,Rest,0.5,2.5
S033,04,4,1,-1,Rest,0.75,2.75
S033,04,4,2,-1,Rest,1.0,3.0
S033,04,4,3,-1,Rest,1.25,3.25
S033,04,4,4,-1,Rest,1.5,3.5
S033,04,4,5,-1,Rest,1.75,3.75
S033,04,4,6,-1,Rest,2.0,4.0
S033,04,6,0,-1,Rest,0.5,2.5
S033,04,6,1,-1,Rest,0.75,2.75
S033,04,6,2,-1,Rest,1.0,3.0
S033,04,6,3,-1,Rest,1.25,3.25
S033,04,6,4,-1,Rest,1.5,3.5
S033,04,6,5,-1,Rest,1.75,3.75
S033,04,6,6,-1,Rest,2.0,4.0
S033,04,8,0,-1,Rest,0.5,2.5
S033,04,8,1,-1,Rest,0.75,2.75
S033,04,8,2,-1,Rest,1.0,3.0
S033,04,8,3,-1,Rest,1.25,3.25
S033,04,8,4,-1,Rest,1.5,3.5
S033,04,8,5,-1,Rest,1.75,3.75
S033,04,8,6,-1,Rest,2.0,4.0
S033,04,10,0,-1,Rest,0.5,2.5
S033,04,10,1,-1,Rest,0.75,2.75
S033,04,10,2,-1,Rest,1.0,3.0
S033,04,10,3,-1,Rest,1.25,3.25
S033,04,10,4,-1,Rest,1.5,3.5
S033,04,10,5,-1,Rest,1.75,3.75
S033,04,10,6,-1,Rest,2.0,4.0
S033,04,12,0,-1,Rest,0.5,2.5
S033,04,12,1,-1,Rest,0.75,2.75
S033,04,12,2,-1,Rest,1.0,3.0
S033,04,12,3,-1,Rest,1.25,3.25
S033,04,12,4,-1,Rest,1.5,3.5
S033,04,12,5,-1,Rest,1.75,3.75
S033,04,12,6,-1,Rest,2.0,4.0
S033,04,14,0,-1,Rest,0.5,2.5
S033,04,14,1,-1,Rest,0.75,2.75
S033,04,14,2,-1,Rest,1.0,3.0
S033,04,14,3,-1,Rest,1.25,3.25
S033,04,14,4,-1,Rest,1.5,3.5
S033,04,14,5,-1,Rest,1.75,3.75
S033,04,14,6,-1,Rest,2.0,4.0
S033,04,16,0,-1,Rest,0.5,2.5
S033,04,16,1,-1,Rest,0.75,2.75
S033,04,16,2,-1,Rest,1.0,3.0
S033,04,16,3,-1,Rest,1.25,3.25
S033,04,16,4,-1,Rest,1.5,3.5
S033,04,16,5,-1,Rest,1.75,3.75
S033,04,16,6,-1,Rest,2.0,4.0
S033,04,18,0,-1,Rest,0.5,2.5
S033,04,18,1,-1,Rest,0.75,2.75
S033,04,18,2,-1,Rest,1.0,3.0
S033,04,18,3,-1,Rest,1.25,3.25
S033,04,18,4,-1,Rest,1.5,3.5
S033,04,18,5,-1,Rest,1.75,3.75
S033,04,18,6,-1,Rest,2.0,4.0
S033,04,20,0,-1,Rest,0.5,2.5
S033,04,20,1,-1,Rest,0.75,2.75
S033,04,20,2,-1,Rest,1.0,3.0
S033,04,20,3,-1,Rest,1.25,3.25
S033,04,20,4,-1,Rest,1.5,3.5
S033,04,20,5,-1,Rest,1.75,3.75
S033,04,20,6,-1,Rest,2.0,4.0
S033,04,22,0,-1,Rest,0.5,2.5
S033,04,22,1,-1,Rest,0.75,2.75
S033,04,22,2,-1,Rest,1.0,3.0
S033,04,22,3,-1,Rest,1.25,3.25
S033,04,22,4,-1,Rest,1.5,3.5
S033,04,22,5,-1,Rest,1.75,3.75
S033,04,22,6,-1,Rest,2.0,4.0
S033,04,24,0,-1,Rest,0.5,2.5
S033,04,24,1,-1,Rest,0.75,2.75
S033,04,24,2,-1,Rest,1.0,3.0
S033,04,24,3,-1,Rest,1.25,3.25
S033,04,24,4,-1,Rest,1.5,3.5
S033,04,24,5,-1,Rest,1.75,3.75
S033,04,24,6,-1,Rest,2.0,4.0
S033,04,26,0,-1,Rest,0.5,2.5
S033,04,26,1,-1,Rest,0.75,2.75
S033,04,26,2,-1,Rest,1.0,3.0
S033,04,26,3,-1,Rest,1.25,3.25
S033,04,26,4,-1,Rest,1.5,3.5
S033,04,26,5,-1,Rest,1.75,3.75
S033,04,26,6,-1,Rest,2.0,4.0
S033,04,28,0,-1,Rest,0.5,2.5
S033,04,28,1,-1,Rest,0.75,2.75
S033,04,28,2,-1,Rest,1.0,3.0
S033,04,28,3,-1,Rest,1.25,3.25
S033,04,28,4,-1,Rest,1.5,3.5
S033,04,28,5,-1,Rest,1.75,3.75
S033,04,28,6,-1,Rest,2.0,4.0
S033,08,0,0,-1,Rest,0.5,2.5
S033,08,0,1,-1,Rest,0.75,2.75
S033,08,0,2,-1,Rest,1.0,3.0
S033,08,0,3,-1,Rest,1.25,3.25
S033,08,0,4,-1,Rest,1.5,3.5
S033,08,0,5,-1,Rest,1.75,3.75
S033,08,0,6,-1,Rest,2.0,4.0
S033,08,2,0,-1,Rest,0.5,2.5
S033,08,2,1,-1,Rest,0.75,2.75
S033,08,2,2,-1,Rest,1.0,3.0
S033,08,2,3,-1,Rest,1.25,3.25
S033,08,2,4,-1,Rest,1.5,3.5
S033,08,2,5,-1,Rest,1.75,3.75
S033,08,2,6,-1,Rest,2.0,4.0
S033,08,4,0,-1,Rest,0.5,2.5
S033,08,4,1,-1,Rest,0.75,2.75
S033,08,4,2,-1,Rest,1.0,3.0
S033,08,4,3,-1,Rest,1.25,3.25
S033,08,4,4,-1,Rest,1.5,3.5
S033,08,4,5,-1,Rest,1.75,3.75
S033,08,4,6,-1,Rest,2.0,4.0
S033,08,6,0,-1,Rest,0.5,2.5
S033,08,6,1,-1,Rest,0.75,2.75
S033,08,6,2,-1,Rest,1.0,3.0
S033,08,6,3,-1,Rest,1.25,3.25
S033,08,6,4,-1,Rest,1.5,3.5
S033,08,6,5,-1,Rest,1.75,3.75
S033,08,6,6,-1,Rest,2.0,4.0
S033,08,8,0,-1,Rest,0.5,2.5
S033,08,8,1,-1,Rest,0.75,2.75
S033,08,8,2,-1,Rest,1.0,3.0
S033,08,8,3,-1,Rest,1.25,3.25
S033,08,8,4,-1,Rest,1.5,3.5
S033,08,8,5,-1,Rest,1.75,3.75
S033,08,8,6,-1,Rest,2.0,4.0
S033,08,10,0,-1,Rest,0.5,2.5
S033,08,10,1,-1,Rest,0.75,2.75
S033,08,10,2,-1,Rest,1.0,3.0
S033,08,10,3,-1,Rest,1.25,3.25
S033,08,10,4,-1,Rest,1.5,3.5
S033,08,10,5,-1,Rest,1.75,3.75
S033,08,10,6,-1,Rest,2.0,4.0
S033,08,12,0,-1,Rest,0.5,2.5
S033,08,12,1,-1,Rest,0.75,2.75
S033,08,12,2,-1,Rest,1.0,3.0
S033,08,12,3,-1,Rest,1.25,3.25
S033,08,12,4,-1,Rest,1.5,3.5
S033,08,12,5,-1,Rest,1.75,3.75
S033,08,12,6,-1,Rest,2.0,4.0
S033,08,14,0,-1,Rest,0.5,2.5
S033,08,14,1,-1,Rest,0.75,2.75
S033,08,14,2,-1,Rest,1.0,3.0
S033,08,14,3,-1,Rest,1.25,3.25
S033,08,14,4,-1,Rest,1.5,3.5
S033,08,14,5,-1,Rest,1.75,3.75
S033,08,14,6,-1,Rest,2.0,4.0
S033,08,16,0,-1,Rest,0.5,2.5
S033,08,16,1,-1,Rest,0.75,2.75
S033,08,16,2,-1,Rest,1.0,3.0
S033,08,16,3,-1,Rest,1.25,3.25
S033,08,16,4,-1,Rest,1.5,3.5
S033,08,16,5,-1,Rest,1.75,3.75
S033,08,16,6,-1,Rest,2.0,4.0
S033,08,18,0,-1,Rest,0.5,2.5
S033,08,18,1,-1,Rest,0.75,2.75
S033,08,18,2,-1,Rest,1.0,3.0
S033,08,18,3,-1,Rest,1.25,3.25
S033,08,18,4,-1,Rest,1.5,3.5
S033,08,18,5,-1,Rest,1.75,3.75
S033,08,18,6,-1,Rest,2.0,4.0
S033,08,20,0,-1,Rest,0.5,2.5
S033,08,20,1,-1,Rest,0.75,2.75
S033,08,20,2,-1,Rest,1.0,3.0
S033,08,20,3,-1,Rest,1.25,3.25
S033,08,20,4,-1,Rest,1.5,3.5
S033,08,20,5,-1,Rest,1.75,3.75
S033,08,20,6,-1,Rest,2.0,4.0
S033,08,22,0,-1,Rest,0.5,2.5
S033,08,22,1,-1,Rest,0.75,2.75
S033,08,22,2,-1,Rest,1.0,3.0
S033,08,22,3,-1,Rest,1.25,3.25
S033,08,22,4,-1,Rest,1.5,3.5
S033,08,22,5,-1,Rest,1.75,3.75
S033,08,22,6,-1,Rest,2.0,4.0
S033,08,24,0,-1,Rest,0.5,2.5
S033,08,24,1,-1,Rest,0.75,2.75
S033,08,24,2,-1,Rest,1.0,3.0
S033,08,24,3,-1,Rest,1.25,3.25
S033,08,24,4,-1,Rest,1.5,3.5
S033,08,24,5,-1,Rest,1.75,3.75
S033,08,24,6,-1,Rest,2.0,4.0
S033,08,26,0,-1,Rest,0.5,2.5
S033,08,26,1,-1,Rest,0.75,2.75
S033,08,26,2,-1,Rest,1.0,3.0
S033,08,26,3,-1,Rest,1.25,3.25
S033,08,26,4,-1,Rest,1.5,3.5
S033,08,26,5,-1,Rest,1.75,3.75
S033,08,26,6,-1,Rest,2.0,4.0
S033,08,28,0,-1,Rest,0.5,2.5
S033,08,28,1,-1,Rest,0.75,2.75
S033,08,28,2,-1,Rest,1.0,3.0
S033,08,28,3,-1,Rest,1.25,3.25
S033,08,28,4,-1,Rest,1.5,3.5
S033,08,28,5,-1,Rest,1.75,3.75
S033,08,28,6,-1,Rest,2.0,4.0
S033,12,0,0,-1,Rest,0.5,2.5
S033,12,0,1,-1,Rest,0.75,2.75
S033,12,0,2,-1,Rest,1.0,3.0
S033,12,0,3,-1,Rest,1.25,3.25
S033,12,0,4,-1,Rest,1.5,3.5
S033,12,0,5,-1,Rest,1.75,3.75
S033,12,0,6,-1,Rest,2.0,4.0
S033,12,2,0,-1,Rest,0.5,2.5
S033,12,2,1,-1,Rest,0.75,2.75
S033,12,2,2,-1,Rest,1.0,3.0
S033,12,2,3,-1,Rest,1.25,3.25
S033,12,2,4,-1,Rest,1.5,3.5
S033,12,2,5,-1,Rest,1.75,3.75
S033,12,2,6,-1,Rest,2.0,4.0
S033,12,4,0,-1,Rest,0.5,2.5
S033,12,4,1,-1,Rest,0.75,2.75
S033,12,4,2,-1,Rest,1.0,3.0
S033,12,4,3,-1,Rest,1.25,3.25
S033,12,4,4,-1,Rest,1.5,3.5
S033,12,4,5,-1,Rest,1.75,3.75
S033,12,4,6,-1,Rest,2.0,4.0
S033,12,6,0,-1,Rest,0.5,2.5
S033,12,6,1,-1,Rest,0.75,2.75
S033,12,6,2,-1,Rest,1.0,3.0
S033,12,6,3,-1,Rest,1.25,3.25
S033,12,6,4,-1,Rest,1.5,3.5
S033,12,6,5,-1,Rest,1.75,3.75
S033,12,6,6,-1,Rest,2.0,4.0
S033,12,8,0,-1,Rest,0.5,2.5
S033,12,8,1,-1,Rest,0.75,2.75
S033,12,8,2,-1,Rest,1.0,3.0
S033,12,8,3,-1,Rest,1.25,3.25
S033,12,8,4,-1,Rest,1.5,3.5
S033,12,8,5,-1,Rest,1.75,3.75
S033,12,8,6,-1,Rest,2.0,4.0
S033,12,10,0,-1,Rest,0.5,2.5
S033,12,10,1,-1,Rest,0.75,2.75
S033,12,10,2,-1,Rest,1.0,3.0
S033,12,10,3,-1,Rest,1.25,3.25
S033,12,10,4,-1,Rest,1.5,3.5
S033,12,10,5,-1,Rest,1.75,3.75
S033,12,10,6,-1,Rest,2.0,4.0
S033,12,12,0,-1,Rest,0.5,2.5
S033,12,12,1,-1,Rest,0.75,2.75
S033,12,12,2,-1,Rest,1.0,3.0
S033,12,12,3,-1,Rest,1.25,3.25
S033,12,12,4,-1,Rest,1.5,3.5
S033,12,12,5,-1,Rest,1.75,3.75
S033,12,12,6,-1,Rest,2.0,4.0
S033,12,14,0,-1,Rest,0.5,2.5
S033,12,14,1,-1,Rest,0.75,2.75
S033,12,14,2,-1,Rest,1.0,3.0
S033,12,14,3,-1,Rest,1.25,3.25
S033,12,14,4,-1,Rest,1.5,3.5
S033,12,14,5,-1,Rest,1.75,3.75
S033,12,14,6,-1,Rest,2.0,4.0
S033,12,16,0,-1,Rest,0.5,2.5
S033,12,16,1,-1,Rest,0.75,2.75
S033,12,16,2,-1,Rest,1.0,3.0
S033,12,16,3,-1,Rest,1.25,3.25
S033,12,16,4,-1,Rest,1.5,3.5
S033,12,16,5,-1,Rest,1.75,3.75
S033,12,16,6,-1,Rest,2.0,4.0
S033,12,18,0,-1,Rest,0.5,2.5
S033,12,18,1,-1,Rest,0.75,2.75
S033,12,18,2,-1,Rest,1.0,3.0
S033,12,18,3,-1,Rest,1.25,3.25
S033,12,18,4,-1,Rest,1.5,3.5
S033,12,18,5,-1,Rest,1.75,3.75
S033,12,18,6,-1,Rest,2.0,4.0
S033,12,20,0,-1,Rest,0.5,2.5
S033,12,20,1,-1,Rest,0.75,2.75
S033,12,20,2,-1,Rest,1.0,3.0
S033,12,20,3,-1,Rest,1.25,3.25
S033,12,20,4,-1,Rest,1.5,3.5
S033,12,20,5,-1,Rest,1.75,3.75
S033,12,20,6,-1,Rest,2.0,4.0
S033,12,22,0,-1,Rest,0.5,2.5
S033,12,22,1,-1,Rest,0.75,2.75
S033,12,22,2,-1,Rest,1.0,3.0
S033,12,22,3,-1,Rest,1.25,3.25
S033,12,22,4,-1,Rest,1.5,3.5
S033,12,22,5,-1,Rest,1.75,3.75
S033,12,22,6,-1,Rest,2.0,4.0
S033,12,24,0,-1,Rest,0.5,2.5
S033,12,24,1,-1,Rest,0.75,2.75
S033,12,24,2,-1,Rest,1.0,3.0
S033,12,24,3,-1,Rest,1.25,3.25
S033,12,24,4,-1,Rest,1.5,3.5
S033,12,24,5,-1,Rest,1.75,3.75
S033,12,24,6,-1,Rest,2.0,4.0
S033,12,26,0,-1,Rest,0.5,2.5
S033,12,26,1,-1,Rest,0.75,2.75
S033,12,26,2,-1,Rest,1.0,3.0
S033,12,26,3,-1,Rest,1.25,3.25
S033,12,26,4,-1,Rest,1.5,3.5
S033,12,26,5,-1,Rest,1.75,3.75
S033,12,26,6,-1,Rest,2.0,4.0
S033,12,28,0,-1,Rest,0.5,2.5
S033,12,28,1,-1,Rest,0.75,2.75
S033,12,28,2,-1,Rest,1.0,3.0
S033,12,28,3,-1,Rest,1.25,3.25
S033,12,28,4,-1,Rest,1.5,3.5
S033,12,28,5,-1,Rest,1.75,3.75
S033,12,28,6,-1,Rest,2.0,4.0
S034,04,0,0,-1,Rest,0.5,2.5
S034,04,0,1,-1,Rest,0.75,2.75
S034,04,0,2,-1,Rest,1.0,3.0
S034,04,0,3,-1,Rest,1.25,3.25
S034,04,0,4,-1,Rest,1.5,3.5
S034,04,0,5,-1,Rest,1.75,3.75
S034,04,0,6,-1,Rest,2.0,4.0
S034,04,2,0,-1,Rest,0.5,2.5
S034,04,2,1,-1,Rest,0.75,2.75
S034,04,2,2,-1,Rest,1.0,3.0
S034,04,2,3,-1,Rest,1.25,3.25
S034,04,2,4,-1,Rest,1.5,3.5
S034,04,2,5,-1,Rest,1.75,3.75
S034,04,2,6,-1,Rest,2.0,4.0
S034,04,4,0,-1,Rest,0.5,2.5
S034,04,4,1,-1,Rest,0.75,2.75
S034,04,4,2,-1,Rest,1.0,3.0
S034,04,4,3,-1,Rest,1.25,3.25
S034,04,4,4,-1,Rest,1.5,3.5
S034,04,4,5,-1,Rest,1.75,3.75
S034,04,4,6,-1,Rest,2.0,4.0
S034,04,6,0,-1,Rest,0.5,2.5
S034,04,6,1,-1,Rest,0.75,2.75
S034,04,6,2,-1,Rest,1.0,3.0
S034,04,6,3,-1,Rest,1.25,3.25
S034,04,6,4,-1,Rest,1.5,3.5
S034,04,6,5,-1,Rest,1.75,3.75
S034,04,6,6,-1,Rest,2.0,4.0
S034,04,8,0,-1,Rest,0.5,2.5
S034,04,8,1,-1,Rest,0.75,2.75
S034,04,8,2,-1,Rest,1.0,3.0
S034,04,8,3,-1,Rest,1.25,3.25
S034,04,8,4,-1,Rest,1.5,3.5
S034,04,8,5,-1,Rest,1.75,3.75
S034,04,8,6,-1,Rest,2.0,4.0
S034,04,10,0,-1,Rest,0.5,2.5
S034,04,10,1,-1,Rest,0.75,2.75
S034,04,10,2,-1,Rest,1.0,3.0
S034,04,10,3,-1,Rest,1.25,3.25
S034,04,10,4,-1,Rest,1.5,3.5
S034,04,10,5,-1,Rest,1.75,3.75
S034,04,10,6,-1,Rest,2.0,4.0
S034,04,12,0,-1,Rest,0.5,2.5
S034,04,12,1,-1,Rest,0.75,2.75
S034,04,12,2,-1,Rest,1.0,3.0
S034,04,12,3,-1,Rest,1.25,3.25
S034,04,12,4,-1,Rest,1.5,3.5
S034,04,12,5,-1,Rest,1.75,3.75
S034,04,12,6,-1,Rest,2.0,4.0
S034,04,14,0,-1,Rest,0.5,2.5
S034,04,14,1,-1,Rest,0.75,2.75
S034,04,14,2,-1,Rest,1.0,3.0
S034,04,14,3,-1,Rest,1.25,3.25
S034,04,14,4,-1,Rest,1.5,3.5
S034,04,14,5,-1,Rest,1.75,3.75
S034,04,14,6,-1,Rest,2.0,4.0
S034,04,16,0,-1,Rest,0.5,2.5
S034,04,16,1,-1,Rest,0.75,2.75
S034,04,16,2,-1,Rest,1.0,3.0
S034,04,16,3,-1,Rest,1.25,3.25
S034,04,16,4,-1,Rest,1.5,3.5
S034,04,16,5,-1,Rest,1.75,3.75
S034,04,16,6,-1,Rest,2.0,4.0
S034,04,18,0,-1,Rest,0.5,2.5
S034,04,18,1,-1,Rest,0.75,2.75
S034,04,18,2,-1,Rest,1.0,3.0
S034,04,18,3,-1,Rest,1.25,3.25
S034,04,18,4,-1,Rest,1.5,3.5
S034,04,18,5,-1,Rest,1.75,3.75
S034,04,18,6,-1,Rest,2.0,4.0
S034,04,20,0,-1,Rest,0.5,2.5
S034,04,20,1,-1,Rest,0.75,2.75
S034,04,20,2,-1,Rest,1.0,3.0
S034,04,20,3,-1,Rest,1.25,3.25
S034,04,20,4,-1,Rest,1.5,3.5
S034,04,20,5,-1,Rest,1.75,3.75
S034,04,20,6,-1,Rest,2.0,4.0
S034,04,22,0,-1,Rest,0.5,2.5
S034,04,22,1,-1,Rest,0.75,2.75
S034,04,22,2,-1,Rest,1.0,3.0
S034,04,22,3,-1,Rest,1.25,3.25
S034,04,22,4,-1,Rest,1.5,3.5
S034,04,22,5,-1,Rest,1.75,3.75
S034,04,22,6,-1,Rest,2.0,4.0
S034,04,24,0,-1,Rest,0.5,2.5
S034,04,24,1,-1,Rest,0.75,2.75
S034,04,24,2,-1,Rest,1.0,3.0
S034,04,24,3,-1,Rest,1.25,3.25
S034,04,24,4,-1,Rest,1.5,3.5
S034,04,24,5,-1,Rest,1.75,3.75
S034,04,24,6,-1,Rest,2.0,4.0
S034,04,26,0,-1,Rest,0.5,2.5
S034,04,26,1,-1,Rest,0.75,2.75
S034,04,26,2,-1,Rest,1.0,3.0
S034,04,26,3,-1,Rest,1.25,3.25
S034,04,26,4,-1,Rest,1.5,3.5
S034,04,26,5,-1,Rest,1.75,3.75
S034,04,26,6,-1,Rest,2.0,4.0
S034,04,28,0,-1,Rest,0.5,2.5
S034,04,28,1,-1,Rest,0.75,2.75
S034,04,28,2,-1,Rest,1.0,3.0
S034,04,28,3,-1,Rest,1.25,3.25
S034,04,28,4,-1,Rest,1.5,3.5
S034,04,28,5,-1,Rest,1.75,3.75
S034,04,28,6,-1,Rest,2.0,4.0
S034,08,0,0,-1,Rest,0.5,2.5
S034,08,0,1,-1,Rest,0.75,2.75
S034,08,0,2,-1,Rest,1.0,3.0
S034,08,0,3,-1,Rest,1.25,3.25
S034,08,0,4,-1,Rest,1.5,3.5
S034,08,0,5,-1,Rest,1.75,3.75
S034,08,0,6,-1,Rest,2.0,4.0
S034,08,2,0,-1,Rest,0.5,2.5
S034,08,2,1,-1,Rest,0.75,2.75
S034,08,2,2,-1,Rest,1.0,3.0
S034,08,2,3,-1,Rest,1.25,3.25
S034,08,2,4,-1,Rest,1.5,3.5
S034,08,2,5,-1,Rest,1.75,3.75
S034,08,2,6,-1,Rest,2.0,4.0
S034,08,4,0,-1,Rest,0.5,2.5
S034,08,4,1,-1,Rest,0.75,2.75
S034,08,4,2,-1,Rest,1.0,3.0
S034,08,4,3,-1,Rest,1.25,3.25
S034,08,4,4,-1,Rest,1.5,3.5
S034,08,4,5,-1,Rest,1.75,3.75
S034,08,4,6,-1,Rest,2.0,4.0
S034,08,6,0,-1,Rest,0.5,2.5
S034,08,6,1,-1,Rest,0.75,2.75
S034,08,6,2,-1,Rest,1.0,3.0
S034,08,6,3,-1,Rest,1.25,3.25
S034,08,6,4,-1,Rest,1.5,3.5
S034,08,6,5,-1,Rest,1.75,3.75
S034,08,6,6,-1,Rest,2.0,4.0
S034,08,8,0,-1,Rest,0.5,2.5
S034,08,8,1,-1,Rest,0.75,2.75
S034,08,8,2,-1,Rest,1.0,3.0
S034,08,8,3,-1,Rest,1.25,3.25
S034,08,8,4,-1,Rest,1.5,3.5
S034,08,8,5,-1,Rest,1.75,3.75
S034,08,8,6,-1,Rest,2.0,4.0
S034,08,10,0,-1,Rest,0.5,2.5
S034,08,10,1,-1,Rest,0.75,2.75
S034,08,10,2,-1,Rest,1.0,3.0
S034,08,10,3,-1,Rest,1.25,3.25
S034,08,10,4,-1,Rest,1.5,3.5
S034,08,10,5,-1,Rest,1.75,3.75
S034,08,10,6,-1,Rest,2.0,4.0
S034,08,12,0,-1,Rest,0.5,2.5
S034,08,12,1,-1,Rest,0.75,2.75
S034,08,12,2,-1,Rest,1.0,3.0
S034,08,12,3,-1,Rest,1.25,3.25
S034,08,12,4,-1,Rest,1.5,3.5
S034,08,12,5,-1,Rest,1.75,3.75
S034,08,12,6,-1,Rest,2.0,4.0
S034,08,14,0,-1,Rest,0.5,2.5
S034,08,14,1,-1,Rest,0.75,2.75
S034,08,14,2,-1,Rest,1.0,3.0
S034,08,14,3,-1,Rest,1.25,3.25
S034,08,14,4,-1,Rest,1.5,3.5
S034,08,14,5,-1,Rest,1.75,3.75
S034,08,14,6,-1,Rest,2.0,4.0
S034,08,16,0,-1,Rest,0.5,2.5
S034,08,16,1,-1,Rest,0.75,2.75
S034,08,16,2,-1,Rest,1.0,3.0
S034,08,16,3,-1,Rest,1.25,3.25
S034,08,16,4,-1,Rest,1.5,3.5
S034,08,16,5,-1,Rest,1.75,3.75
S034,08,16,6,-1,Rest,2.0,4.0
S034,08,18,0,-1,Rest,0.5,2.5
S034,08,18,1,-1,Rest,0.75,2.75
S034,08,18,2,-1,Rest,1.0,3.0
S034,08,18,3,-1,Rest,1.25,3.25
S034,08,18,4,-1,Rest,1.5,3.5
S034,08,18,5,-1,Rest,1.75,3.75
S034,08,18,6,-1,Rest,2.0,4.0
S034,08,20,0,-1,Rest,0.5,2.5
S034,08,20,1,-1,Rest,0.75,2.75
S034,08,20,2,-1,Rest,1.0,3.0
S034,08,20,3,-1,Rest,1.25,3.25
S034,08,20,4,-1,Rest,1.5,3.5
S034,08,20,5,-1,Rest,1.75,3.75
S034,08,20,6,-1,Rest,2.0,4.0
S034,08,22,0,-1,Rest,0.5,2.5
S034,08,22,1,-1,Rest,0.75,2.75
S034,08,22,2,-1,Rest,1.0,3.0
S034,08,22,3,-1,Rest,1.25,3.25
S034,08,22,4,-1,Rest,1.5,3.5
S034,08,22,5,-1,Rest,1.75,3.75
S034,08,22,6,-1,Rest,2.0,4.0
S034,08,24,0,-1,Rest,0.5,2.5
S034,08,24,1,-1,Rest,0.75,2.75
S034,08,24,2,-1,Rest,1.0,3.0
S034,08,24,3,-1,Rest,1.25,3.25
S034,08,24,4,-1,Rest,1.5,3.5
S034,08,24,5,-1,Rest,1.75,3.75
S034,08,24,6,-1,Rest,2.0,4.0
S034,08,26,0,-1,Rest,0.5,2.5
S034,08,26,1,-1,Rest,0.75,2.75
S034,08,26,2,-1,Rest,1.0,3.0
S034,08,26,3,-1,Rest,1.25,3.25
S034,08,26,4,-1,Rest,1.5,3.5
S034,08,26,5,-1,Rest,1.75,3.75
S034,08,26,6,-1,Rest,2.0,4.0
S034,08,28,0,-1,Rest,0.5,2.5
S034,08,28,1,-1,Rest,0.75,2.75
S034,08,28,2,-1,Rest,1.0,3.0
S034,08,28,3,-1,Rest,1.25,3.25
S034,08,28,4,-1,Rest,1.5,3.5
S034,08,28,5,-1,Rest,1.75,3.75
S034,08,28,6,-1,Rest,2.0,4.0
S034,12,0,0,-1,Rest,0.5,2.5
S034,12,0,1,-1,Rest,0.75,2.75
S034,12,0,2,-1,Rest,1.0,3.0
S034,12,0,3,-1,Rest,1.25,3.25
S034,12,0,4,-1,Rest,1.5,3.5
S034,12,0,5,-1,Rest,1.75,3.75
S034,12,0,6,-1,Rest,2.0,4.0
S034,12,2,0,-1,Rest,0.5,2.5
S034,12,2,1,-1,Rest,0.75,2.75
S034,12,2,2,-1,Rest,1.0,3.0
S034,12,2,3,-1,Rest,1.25,3.25
S034,12,2,4,-1,Rest,1.5,3.5
S034,12,2,5,-1,Rest,1.75,3.75
S034,12,2,6,-1,Rest,2.0,4.0
S034,12,4,0,-1,Rest,0.5,2.5
S034,12,4,1,-1,Rest,0.75,2.75
S034,12,4,2,-1,Rest,1.0,3.0
S034,12,4,3,-1,Rest,1.25,3.25
S034,12,4,4,-1,Rest,1.5,3.5
S034,12,4,5,-1,Rest,1.75,3.75
S034,12,4,6,-1,Rest,2.0,4.0
S034,12,6,0,-1,Rest,0.5,2.5
S034,12,6,1,-1,Rest,0.75,2.75
S034,12,6,2,-1,Rest,1.0,3.0
S034,12,6,3,-1,Rest,1.25,3.25
S034,12,6,4,-1,Rest,1.5,3.5
S034,12,6,5,-1,Rest,1.75,3.75
S034,12,6,6,-1,Rest,2.0,4.0
S034,12,8,0,-1,Rest,0.5,2.5
S034,12,8,1,-1,Rest,0.75,2.75
S034,12,8,2,-1,Rest,1.0,3.0
S034,12,8,3,-1,Rest,1.25,3.25
S034,12,8,4,-1,Rest,1.5,3.5
S034,12,8,5,-1,Rest,1.75,3.75
S034,12,8,6,-1,Rest,2.0,4.0
S034,12,10,0,-1,Rest,0.5,2.5
S034,12,10,1,-1,Rest,0.75,2.75
S034,12,10,2,-1,Rest,1.0,3.0
S034,12,10,3,-1,Rest,1.25,3.25
S034,12,10,4,-1,Rest,1.5,3.5
S034,12,10,5,-1,Rest,1.75,3.75
S034,12,10,6,-1,Rest,2.0,4.0
S034,12,12,0,-1,Rest,0.5,2.5
S034,12,12,1,-1,Rest,0.75,2.75
S034,12,12,2,-1,Rest,1.0,3.0
S034,12,12,3,-1,Rest,1.25,3.25
S034,12,12,4,-1,Rest,1.5,3.5
S034,12,12,5,-1,Rest,1.75,3.75
S034,12,12,6,-1,Rest,2.0,4.0
S034,12,14,0,-1,Rest,0.5,2.5
S034,12,14,1,-1,Rest,0.75,2.75
S034,12,14,2,-1,Rest,1.0,3.0
S034,12,14,3,-1,Rest,1.25,3.25
S034,12,14,4,-1,Rest,1.5,3.5
S034,12,14,5,-1,Rest,1.75,3.75
S034,12,14,6,-1,Rest,2.0,4.0
S034,12,16,0,-1,Rest,0.5,2.5
S034,12,16,1,-1,Rest,0.75,2.75
S034,12,16,2,-1,Rest,1.0,3.0
S034,12,16,3,-1,Rest,1.25,3.25
S034,12,16,4,-1,Rest,1.5,3.5
S034,12,16,5,-1,Rest,1.75,3.75
S034,12,16,6,-1,Rest,2.0,4.0
S034,12,18,0,-1,Rest,0.5,2.5
S034,12,18,1,-1,Rest,0.75,2.75
S034,12,18,2,-1,Rest,1.0,3.0
S034,12,18,3,-1,Rest,1.25,3.25
S034,12,18,4,-1,Rest,1.5,3.5
S034,12,18,5,-1,Rest,1.75,3.75
S034,12,18,6,-1,Rest,2.0,4.0
S034,12,20,0,-1,Rest,0.5,2.5
S034,12,20,1,-1,Rest,0.75,2.75
S034,12,20,2,-1,Rest,1.0,3.0
S034,12,20,3,-1,Rest,1.25,3.25
S034,12,20,4,-1,Rest,1.5,3.5
S034,12,20,5,-1,Rest,1.75,3.75
S034,12,20,6,-1,Rest,2.0,4.0
S034,12,22,0,-1,Rest,0.5,2.5
S034,12,22,1,-1,Rest,0.75,2.75
S034,12,22,2,-1,Rest,1.0,3.0
S034,12,22,3,-1,Rest,1.25,3.25
S034,12,22,4,-1,Rest,1.5,3.5
S034,12,22,5,-1,Rest,1.75,3.75
S034,12,22,6,-1,Rest,2.0,4.0
S034,12,24,0,-1,Rest,0.5,2.5
S034,12,24,1,-1,Rest,0.75,2.75
S034,12,24,2,-1,Rest,1.0,3.0
S034,12,24,3,-1,Rest,1.25,3.25
S034,12,24,4,-1,Rest,1.5,3.5
S034,12,24,5,-1,Rest,1.75,3.75
S034,12,24,6,-1,Rest,2.0,4.0
S034,12,26,0,-1,Rest,0.5,2.5
S034,12,26,1,-1,Rest,0.75,2.75
S034,12,26,2,-1,Rest,1.0,3.0
S034,12,26,3,-1,Rest,1.25,3.25
S034,12,26,4,-1,Rest,1.5,3.5
S034,12,26,5,-1,Rest,1.75,3.75
S034,12,26,6,-1,Rest,2.0,4.0
S034,12,28,0,-1,Rest,0.5,2.5
S034,12,28,1,-1,Rest,0.75,2.75
S034,12,28,2,-1,Rest,1.0,3.0
S034,12,28,3,-1,Rest,1.25,3.25
S034,12,28,4,-1,Rest,1.5,3.5
S034,12,28,5,-1,Rest,1.75,3.75
S034,12,28,6,-1,Rest,2.0,4.0
S038,04,0,0,-1,Rest,0.5,2.5
S038,04,0,1,-1,Rest,0.75,2.75
S038,04,0,2,-1,Rest,1.0,3.0
S038,04,0,3,-1,Rest,1.25,3.25
S038,04,0,4,-1,Rest,1.5,3.5
S038,04,0,5,-1,Rest,1.75,3.75
S038,04,0,6,-1,Rest,2.0,4.0
S038,04,2,0,-1,Rest,0.5,2.5
S038,04,2,1,-1,Rest,0.75,2.75
S038,04,2,2,-1,Rest,1.0,3.0
S038,04,2,3,-1,Rest,1.25,3.25
S038,04,2,4,-1,Rest,1.5,3.5
S038,04,2,5,-1,Rest,1.75,3.75
S038,04,2,6,-1,Rest,2.0,4.0
S038,04,4,0,-1,Rest,0.5,2.5
S038,04,4,1,-1,Rest,0.75,2.75
S038,04,4,2,-1,Rest,1.0,3.0
S038,04,4,3,-1,Rest,1.25,3.25
S038,04,4,4,-1,Rest,1.5,3.5
S038,04,4,5,-1,Rest,1.75,3.75
S038,04,4,6,-1,Rest,2.0,4.0
S038,04,6,0,-1,Rest,0.5,2.5
S038,04,6,1,-1,Rest,0.75,2.75
S038,04,6,2,-1,Rest,1.0,3.0
S038,04,6,3,-1,Rest,1.25,3.25
S038,04,6,4,-1,Rest,1.5,3.5
S038,04,6,5,-1,Rest,1.75,3.75
S038,04,6,6,-1,Rest,2.0,4.0
S038,04,8,0,-1,Rest,0.5,2.5
S038,04,8,1,-1,Rest,0.75,2.75
S038,04,8,2,-1,Rest,1.0,3.0
S038,04,8,3,-1,Rest,1.25,3.25
S038,04,8,4,-1,Rest,1.5,3.5
S038,04,8,5,-1,Rest,1.75,3.75
S038,04,8,6,-1,Rest,2.0,4.0
S038,04,10,0,-1,Rest,0.5,2.5
S038,04,10,1,-1,Rest,0.75,2.75
S038,04,10,2,-1,Rest,1.0,3.0
S038,04,10,3,-1,Rest,1.25,3.25
S038,04,10,4,-1,Rest,1.5,3.5
S038,04,10,5,-1,Rest,1.75,3.75
S038,04,10,6,-1,Rest,2.0,4.0
S038,04,12,0,-1,Rest,0.5,2.5
S038,04,12,1,-1,Rest,0.75,2.75
S038,04,12,2,-1,Rest,1.0,3.0
S038,04,12,3,-1,Rest,1.25,3.25
S038,04,12,4,-1,Rest,1.5,3.5
S038,04,12,5,-1,Rest,1.75,3.75
S038,04,12,6,-1,Rest,2.0,4.0
S038,04,14,0,-1,Rest,0.5,2.5
S038,04,14,1,-1,Rest,0.75,2.75
S038,04,14,2,-1,Rest,1.0,3.0
S038,04,14,3,-1,Rest,1.25,3.25
S038,04,14,4,-1,Rest,1.5,3.5
S038,04,14,5,-1,Rest,1.75,3.75
S038,04,14,6,-1,Rest,2.0,4.0
S038,04,18,0,-1,Rest,0.5,2.5
S038,04,18,1,-1,Rest,0.75,2.75
S038,04,18,2,-1,Rest,1.0,3.0
S038,04,18,3,-1,Rest,1.25,3.25
S038,04,18,4,-1,Rest,1.5,3.5
S038,04,18,5,-1,Rest,1.75,3.75
S038,04,18,6,-1,Rest,2.0,4.0
S038,04,20,0,-1,Rest,0.5,2.5
S038,04,20,1,-1,Rest,0.75,2.75
S038,04,20,2,-1,Rest,1.0,3.0
S038,04,20,3,-1,Rest,1.25,3.25
S038,04,20,4,-1,Rest,1.5,3.5
S038,04,20,5,-1,Rest,1.75,3.75
S038,04,20,6,-1,Rest,2.0,4.0
S038,04,22,0,-1,Rest,0.5,2.5
S038,04,22,1,-1,Rest,0.75,2.75
S038,04,22,2,-1,Rest,1.0,3.0
S038,04,22,3,-1,Rest,1.25,3.25
S038,04,22,4,-1,Rest,1.5,3.5
S038,04,22,5,-1,Rest,1.75,3.75
S038,04,22,6,-1,Rest,2.0,4.0
S038,04,24,0,-1,Rest,0.5,2.5
S038,04,24,1,-1,Rest,0.75,2.75
S038,04,24,2,-1,Rest,1.0,3.0
S038,04,24,3,-1,Rest,1.25,3.25
S038,04,24,4,-1,Rest,1.5,3.5
S038,04,24,5,-1,Rest,1.75,3.75
S038,04,24,6,-1,Rest,2.0,4.0
S038,04,26,0,-1,Rest,0.5,2.5
S038,04,26,1,-1,Rest,0.75,2.75
S038,04,26,2,-1,Rest,1.0,3.0
S038,04,26,3,-1,Rest,1.25,3.25
S038,04,26,4,-1,Rest,1.5,3.5
S038,04,26,5,-1,Rest,1.75,3.75
S038,04,26,6,-1,Rest,2.0,4.0
S038,04,28,0,-1,Rest,0.5,2.5
S038,04,28,1,-1,Rest,0.75,2.75
S038,04,28,2,-1,Rest,1.0,3.0
S038,04,28,3,-1,Rest,1.25,3.25
S038,04,28,4,-1,Rest,1.5,3.5
S038,04,28,5,-1,Rest,1.75,3.75
S038,04,28,6,-1,Rest,2.0,4.0
S038,08,0,0,-1,Rest,0.5,2.5
S038,08,0,1,-1,Rest,0.75,2.75
S038,08,0,2,-1,Rest,1.0,3.0
S038,08,0,3,-1,Rest,1.25,3.25
S038,08,0,4,-1,Rest,1.5,3.5
S038,08,0,5,-1,Rest,1.75,3.75
S038,08,0,6,-1,Rest,2.0,4.0
S038,08,2,0,-1,Rest,0.5,2.5
S038,08,2,1,-1,Rest,0.75,2.75
S038,08,2,2,-1,Rest,1.0,3.0
S038,08,2,3,-1,Rest,1.25,3.25
S038,08,2,4,-1,Rest,1.5,3.5
S038,08,2,5,-1,Rest,1.75,3.75
S038,08,2,6,-1,Rest,2.0,4.0
S038,08,4,0,-1,Rest,0.5,2.5
S038,08,4,1,-1,Rest,0.75,2.75
S038,08,4,2,-1,Rest,1.0,3.0
S038,08,4,3,-1,Rest,1.25,3.25
S038,08,4,4,-1,Rest,1.5,3.5
S038,08,4,5,-1,Rest,1.75,3.75
S038,08,4,6,-1,Rest,2.0,4.0
S038,08,6,0,-1,Rest,0.5,2.5
S038,08,6,1,-1,Rest,0.75,2.75
S038,08,6,2,-1,Rest,1.0,3.0
S038,08,6,3,-1,Rest,1.25,3.25
S038,08,6,4,-1,Rest,1.5,3.5
S038,08,6,5,-1,Rest,1.75,3.75
S038,08,6,6,-1,Rest,2.0,4.0
S038,08,8,0,-1,Rest,0.5,2.5
S038,08,8,1,-1,Rest,0.75,2.75
S038,08,8,2,-1,Rest,1.0,3.0
S038,08,8,3,-1,Rest,1.25,3.25
S038,08,8,4,-1,Rest,1.5,3.5
S038,08,8,5,-1,Rest,1.75,3.75
S038,08,8,6,-1,Rest,2.0,4.0
S038,08,10,0,-1,Rest,0.5,2.5
S038,08,10,1,-1,Rest,0.75,2.75
S038,08,10,2,-1,Rest,1.0,3.0
S038,08,10,3,-1,Rest,1.25,3.25
S038,08,10,4,-1,Rest,1.5,3.5
S038,08,10,5,-1,Rest,1.75,3.75
S038,08,10,6,-1,Rest,2.0,4.0
S038,08,12,0,-1,Rest,0.5,2.5
S038,08,12,1,-1,Rest,0.75,2.75
S038,08,12,2,-1,Rest,1.0,3.0
S038,08,12,3,-1,Rest,1.25,3.25
S038,08,12,4,-1,Rest,1.5,3.5
S038,08,12,5,-1,Rest,1.75,3.75
S038,08,12,6,-1,Rest,2.0,4.0
S038,08,14,0,-1,Rest,0.5,2.5
S038,08,14,1,-1,Rest,0.75,2.75
S038,08,14,2,-1,Rest,1.0,3.0
S038,08,14,3,-1,Rest,1.25,3.25
S038,08,14,4,-1,Rest,1.5,3.5
S038,08,14,5,-1,Rest,1.75,3.75
S038,08,14,6,-1,Rest,2.0,4.0
S038,08,16,0,-1,Rest,0.5,2.5
S038,08,16,1,-1,Rest,0.75,2.75
S038,08,16,2,-1,Rest,1.0,3.0
S038,08,16,3,-1,Rest,1.25,3.25
S038,08,16,4,-1,Rest,1.5,3.5
S038,08,16,5,-1,Rest,1.75,3.75
S038,08,16,6,-1,Rest,2.0,4.0
S038,08,18,0,-1,Rest,0.5,2.5
S038,08,18,1,-1,Rest,0.75,2.75
S038,08,18,2,-1,Rest,1.0,3.0
S038,08,18,3,-1,Rest,1.25,3.25
S038,08,18,4,-1,Rest,1.5,3.5
S038,08,18,5,-1,Rest,1.75,3.75
S038,08,18,6,-1,Rest,2.0,4.0
S038,08,20,0,-1,Rest,0.5,2.5
S038,08,20,1,-1,Rest,0.75,2.75
S038,08,20,2,-1,Rest,1.0,3.0
S038,08,20,3,-1,Rest,1.25,3.25
S038,08,20,4,-1,Rest,1.5,3.5
S038,08,20,5,-1,Rest,1.75,3.75
S038,08,20,6,-1,Rest,2.0,4.0
S038,08,22,0,-1,Rest,0.5,2.5
S038,08,22,1,-1,Rest,0.75,2.75
S038,08,22,2,-1,Rest,1.0,3.0
S038,08,22,3,-1,Rest,1.25,3.25
S038,08,22,4,-1,Rest,1.5,3.5
S038,08,22,5,-1,Rest,1.75,3.75
S038,08,22,6,-1,Rest,2.0,4.0
S038,08,24,0,-1,Rest,0.5,2.5
S038,08,24,1,-1,Rest,0.75,2.75
S038,08,24,2,-1,Rest,1.0,3.0
S038,08,24,3,-1,Rest,1.25,3.25
S038,08,24,4,-1,Rest,1.5,3.5
S038,08,24,5,-1,Rest,1.75,3.75
S038,08,24,6,-1,Rest,2.0,4.0
S038,08,26,0,-1,Rest,0.5,2.5
S038,08,26,1,-1,Rest,0.75,2.75
S038,08,26,2,-1,Rest,1.0,3.0
S038,08,26,3,-1,Rest,1.25,3.25
S038,08,26,4,-1,Rest,1.5,3.5
S038,08,26,5,-1,Rest,1.75,3.75
S038,08,26,6,-1,Rest,2.0,4.0
S038,08,28,0,-1,Rest,0.5,2.5
S038,08,28,1,-1,Rest,0.75,2.75
S038,08,28,2,-1,Rest,1.0,3.0
S038,08,28,3,-1,Rest,1.25,3.25
S038,08,28,4,-1,Rest,1.5,3.5
S038,08,28,5,-1,Rest,1.75,3.75
S038,08,28,6,-1,Rest,2.0,4.0
S038,12,0,0,-1,Rest,0.5,2.5
S038,12,0,1,-1,Rest,0.75,2.75
S038,12,0,2,-1,Rest,1.0,3.0
S038,12,0,3,-1,Rest,1.25,3.25
S038,12,0,4,-1,Rest,1.5,3.5
S038,12,0,5,-1,Rest,1.75,3.75
S038,12,0,6,-1,Rest,2.0,4.0
S038,12,2,0,-1,Rest,0.5,2.5
S038,12,2,1,-1,Rest,0.75,2.75
S038,12,2,2,-1,Rest,1.0,3.0
S038,12,2,3,-1,Rest,1.25,3.25
S038,12,2,4,-1,Rest,1.5,3.5
S038,12,2,5,-1,Rest,1.75,3.75
S038,12,2,6,-1,Rest,2.0,4.0
S038,12,4,0,-1,Rest,0.5,2.5
S038,12,4,1,-1,Rest,0.75,2.75
S038,12,4,2,-1,Rest,1.0,3.0
S038,12,4,3,-1,Rest,1.25,3.25
S038,12,4,4,-1,Rest,1.5,3.5
S038,12,4,5,-1,Rest,1.75,3.75
S038,12,4,6,-1,Rest,2.0,4.0
S038,12,6,0,-1,Rest,0.5,2.5
S038,12,6,1,-1,Rest,0.75,2.75
S038,12,6,2,-1,Rest,1.0,3.0
S038,12,6,3,-1,Rest,1.25,3.25
S038,12,6,4,-1,Rest,1.5,3.5
S038,12,6,5,-1,Rest,1.75,3.75
S038,12,6,6,-1,Rest,2.0,4.0
S038,12,8,0,-1,Rest,0.5,2.5
S038,12,8,1,-1,Rest,0.75,2.75
S038,12,8,2,-1,Rest,1.0,3.0
S038,12,8,3,-1,Rest,1.25,3.25
S038,12,8,4,-1,Rest,1.5,3.5
S038,12,8,5,-1,Rest,1.75,3.75
S038,12,8,6,-1,Rest,2.0,4.0
S038,12,10,0,-1,Rest,0.5,2.5
S038,12,10,1,-1,Rest,0.75,2.75
S038,12,10,2,-1,Rest,1.0,3.0
S038,12,10,3,-1,Rest,1.25,3.25
S038,12,10,4,-1,Rest,1.5,3.5
S038,12,10,5,-1,Rest,1.75,3.75
S038,12,10,6,-1,Rest,2.0,4.0
S038,12,12,0,-1,Rest,0.5,2.5
S038,12,12,1,-1,Rest,0.75,2.75
S038,12,12,2,-1,Rest,1.0,3.0
S038,12,12,3,-1,Rest,1.25,3.25
S038,12,12,4,-1,Rest,1.5,3.5
S038,12,12,5,-1,Rest,1.75,3.75
S038,12,12,6,-1,Rest,2.0,4.0
S038,12,14,0,-1,Rest,0.5,2.5
S038,12,14,1,-1,Rest,0.75,2.75
S038,12,14,2,-1,Rest,1.0,3.0
S038,12,14,3,-1,Rest,1.25,3.25
S038,12,14,4,-1,Rest,1.5,3.5
S038,12,14,5,-1,Rest,1.75,3.75
S038,12,14,6,-1,Rest,2.0,4.0
S038,12,16,0,-1,Rest,0.5,2.5
S038,12,16,1,-1,Rest,0.75,2.75
S038,12,16,2,-1,Rest,1.0,3.0
S038,12,16,3,-1,Rest,1.25,3.25
S038,12,16,4,-1,Rest,1.5,3.5
S038,12,16,5,-1,Rest,1.75,3.75
S038,12,16,6,-1,Rest,2.0,4.0
S038,12,18,0,-1,Rest,0.5,2.5
S038,12,18,1,-1,Rest,0.75,2.75
S038,12,18,2,-1,Rest,1.0,3.0
S038,12,18,3,-1,Rest,1.25,3.25
S038,12,18,4,-1,Rest,1.5,3.5
S038,12,18,5,-1,Rest,1.75,3.75
S038,12,18,6,-1,Rest,2.0,4.0
S038,12,20,0,-1,Rest,0.5,2.5
S038,12,20,1,-1,Rest,0.75,2.75
S038,12,20,2,-1,Rest,1.0,3.0
S038,12,20,3,-1,Rest,1.25,3.25
S038,12,20,4,-1,Rest,1.5,3.5
S038,12,20,5,-1,Rest,1.75,3.75
S038,12,20,6,-1,Rest,2.0,4.0
S038,12,22,0,-1,Rest,0.5,2.5
S038,12,22,1,-1,Rest,0.75,2.75
S038,12,22,2,-1,Rest,1.0,3.0
S038,12,22,3,-1,Rest,1.25,3.25
S038,12,22,4,-1,Rest,1.5,3.5
S038,12,22,5,-1,Rest,1.75,3.75
S038,12,22,6,-1,Rest,2.0,4.0
S038,12,24,0,-1,Rest,0.5,2.5
S038,12,24,1,-1,Rest,0.75,2.75
S038,12,24,2,-1,Rest,1.0,3.0
S038,12,24,3,-1,Rest,1.25,3.25
S038,12,24,4,-1,Rest,1.5,3.5
S038,12,24,5,-1,Rest,1.75,3.75
S038,12,24,6,-1,Rest,2.0,4.0
S038,12,26,0,-1,Rest,0.5,2.5
S038,12,26,1,-1,Rest,0.75,2.75
S038,12,26,2,-1,Rest,1.0,3.0
S038,12,26,3,-1,Rest,1.25,3.25
S038,12,26,4,-1,Rest,1.5,3.5
S038,12,26,5,-1,Rest,1.75,3.75
S038,12,26,6,-1,Rest,2.0,4.0
S038,12,28,0,-1,Rest,0.5,2.5
S038,12,28,1,-1,Rest,0.75,2.75
S038,12,28,2,-1,Rest,1.0,3.0
S038,12,28,3,-1,Rest,1.25,3.25
S038,12,28,4,-1,Rest,1.5,3.5
S038,12,28,5,-1,Rest,1.75,3.75
S038,12,28,6,-1,Rest,2.0,4.0
S039,04,0,0,-1,Rest,0.5,2.5
S039,04,0,1,-1,Rest,0.75,2.75
S039,04,0,2,-1,Rest,1.0,3.0
S039,04,0,3,-1,Rest,1.25,3.25
S039,04,0,4,-1,Rest,1.5,3.5
S039,04,0,5,-1,Rest,1.75,3.75
S039,04,0,6,-1,Rest,2.0,4.0
S039,04,2,0,-1,Rest,0.5,2.5
S039,04,2,1,-1,Rest,0.75,2.75
S039,04,2,2,-1,Rest,1.0,3.0
S039,04,2,3,-1,Rest,1.25,3.25
S039,04,2,4,-1,Rest,1.5,3.5
S039,04,2,5,-1,Rest,1.75,3.75
S039,04,2,6,-1,Rest,2.0,4.0
S039,04,4,0,-1,Rest,0.5,2.5
S039,04,4,1,-1,Rest,0.75,2.75
S039,04,4,2,-1,Rest,1.0,3.0
S039,04,4,3,-1,Rest,1.25,3.25
S039,04,4,4,-1,Rest,1.5,3.5
S039,04,4,5,-1,Rest,1.75,3.75
S039,04,4,6,-1,Rest,2.0,4.0
S039,04,6,0,-1,Rest,0.5,2.5
S039,04,6,1,-1,Rest,0.75,2.75
S039,04,6,2,-1,Rest,1.0,3.0
S039,04,6,3,-1,Rest,1.25,3.25
S039,04,6,4,-1,Rest,1.5,3.5
S039,04,6,5,-1,Rest,1.75,3.75
S039,04,6,6,-1,Rest,2.0,4.0
S039,04,8,0,-1,Rest,0.5,2.5
S039,04,8,1,-1,Rest,0.75,2.75
S039,04,8,2,-1,Rest,1.0,3.0
S039,04,8,3,-1,Rest,1.25,3.25
S039,04,8,4,-1,Rest,1.5,3.5
S039,04,8,5,-1,Rest,1.75,3.75
S039,04,8,6,-1,Rest,2.0,4.0
S039,04,12,0,-1,Rest,0.5,2.5
S039,04,12,1,-1,Rest,0.75,2.75
S039,04,12,2,-1,Rest,1.0,3.0
S039,04,12,3,-1,Rest,1.25,3.25
S039,04,12,4,-1,Rest,1.5,3.5
S039,04,12,5,-1,Rest,1.75,3.75
S039,04,12,6,-1,Rest,2.0,4.0
S039,04,14,0,-1,Rest,0.5,2.5
S039,04,14,1,-1,Rest,0.75,2.75
S039,04,14,2,-1,Rest,1.0,3.0
S039,04,14,3,-1,Rest,1.25,3.25
S039,04,14,4,-1,Rest,1.5,3.5
S039,04,14,5,-1,Rest,1.75,3.75
S039,04,14,6,-1,Rest,2.0,4.0
S039,04,16,0,-1,Rest,0.5,2.5
S039,04,16,1,-1,Rest,0.75,2.75
S039,04,16,2,-1,Rest,1.0,3.0
S039,04,16,3,-1,Rest,1.25,3.25
S039,04,16,4,-1,Rest,1.5,3.5
S039,04,16,5,-1,Rest,1.75,3.75
S039,04,16,6,-1,Rest,2.0,4.0
S039,04,18,0,-1,Rest,0.5,2.5
S039,04,18,1,-1,Rest,0.75,2.75
S039,04,18,2,-1,Rest,1.0,3.0
S039,04,18,3,-1,Rest,1.25,3.25
S039,04,18,4,-1,Rest,1.5,3.5
S039,04,18,5,-1,Rest,1.75,3.75
S039,04,18,6,-1,Rest,2.0,4.0
S039,04,20,0,-1,Rest,0.5,2.5
S039,04,20,1,-1,Rest,0.75,2.75
S039,04,20,2,-1,Rest,1.0,3.0
S039,04,22,0,-1,Rest,0.5,2.5
S039,04,22,1,-1,Rest,0.75,2.75
S039,04,22,2,-1,Rest,1.0,3.0
S039,04,22,3,-1,Rest,1.25,3.25
S039,04,22,4,-1,Rest,1.5,3.5
S039,04,22,5,-1,Rest,1.75,3.75
S039,04,22,6,-1,Rest,2.0,4.0
S039,04,24,2,-1,Rest,1.0,3.0
S039,04,24,3,-1,Rest,1.25,3.25
S039,04,24,4,-1,Rest,1.5,3.5
S039,04,24,5,-1,Rest,1.75,3.75
S039,04,24,6,-1,Rest,2.0,4.0
S039,04,26,0,-1,Rest,0.5,2.5
S039,04,26,1,-1,Rest,0.75,2.75
S039,04,26,2,-1,Rest,1.0,3.0
S039,04,26,3,-1,Rest,1.25,3.25
S039,04,26,4,-1,Rest,1.5,3.5
S039,04,26,5,-1,Rest,1.75,3.75
S039,04,26,6,-1,Rest,2.0,4.0
S039,04,28,0,-1,Rest,0.5,2.5
S039,04,28,1,-1,Rest,0.75,2.75
S039,04,28,2,-1,Rest,1.0,3.0
S039,04,28,3,-1,Rest,1.25,3.25
S039,04,28,4,-1,Rest,1.5,3.5
S039,04,28,5,-1,Rest,1.75,3.75
S039,04,28,6,-1,Rest,2.0,4.0
S039,08,0,0,-1,Rest,0.5,2.5
S039,08,0,1,-1,Rest,0.75,2.75
S039,08,0,2,-1,Rest,1.0,3.0
S039,08,0,3,-1,Rest,1.25,3.25
S039,08,0,4,-1,Rest,1.5,3.5
S039,08,0,5,-1,Rest,1.75,3.75
S039,08,0,6,-1,Rest,2.0,4.0
S039,08,2,0,-1,Rest,0.5,2.5
S039,08,2,1,-1,Rest,0.75,2.75
S039,08,2,2,-1,Rest,1.0,3.0
S039,08,2,3,-1,Rest,1.25,3.25
S039,08,2,4,-1,Rest,1.5,3.5
S039,08,2,5,-1,Rest,1.75,3.75
S039,08,2,6,-1,Rest,2.0,4.0
S039,08,4,0,-1,Rest,0.5,2.5
S039,08,4,1,-1,Rest,0.75,2.75
S039,08,4,2,-1,Rest,1.0,3.0
S039,08,4,3,-1,Rest,1.25,3.25
S039,08,4,4,-1,Rest,1.5,3.5
S039,08,4,5,-1,Rest,1.75,3.75
S039,08,6,0,-1,Rest,0.5,2.5
S039,08,6,1,-1,Rest,0.75,2.75
S039,08,6,2,-1,Rest,1.0,3.0
S039,08,6,3,-1,Rest,1.25,3.25
S039,08,6,4,-1,Rest,1.5,3.5
S039,08,6,5,-1,Rest,1.75,3.75
S039,08,6,6,-1,Rest,2.0,4.0
S039,08,12,0,-1,Rest,0.5,2.5
S039,08,12,1,-1,Rest,0.75,2.75
S039,08,12,2,-1,Rest,1.0,3.0
S039,08,12,3,-1,Rest,1.25,3.25
S039,08,12,4,-1,Rest,1.5,3.5
S039,08,12,5,-1,Rest,1.75,3.75
S039,08,12,6,-1,Rest,2.0,4.0
S039,08,14,0,-1,Rest,0.5,2.5
S039,08,14,1,-1,Rest,0.75,2.75
S039,08,14,2,-1,Rest,1.0,3.0
S039,08,14,3,-1,Rest,1.25,3.25
S039,08,14,4,-1,Rest,1.5,3.5
S039,08,14,5,-1,Rest,1.75,3.75
S039,08,14,6,-1,Rest,2.0,4.0
S039,08,18,0,-1,Rest,0.5,2.5
S039,08,18,1,-1,Rest,0.75,2.75
S039,08,18,2,-1,Rest,1.0,3.0
S039,08,18,3,-1,Rest,1.25,3.25
S039,08,18,4,-1,Rest,1.5,3.5
S039,08,18,5,-1,Rest,1.75,3.75
S039,08,20,5,-1,Rest,1.75,3.75
S039,08,20,6,-1,Rest,2.0,4.0
S039,08,22,0,-1,Rest,0.5,2.5
S039,08,22,1,-1,Rest,0.75,2.75
S039,08,22,2,-1,Rest,1.0,3.0
S039,08,22,3,-1,Rest,1.25,3.25
S039,08,22,4,-1,Rest,1.5,3.5
S039,08,22,5,-1,Rest,1.75,3.75
S039,08,22,6,-1,Rest,2.0,4.0
S039,08,24,3,-1,Rest,1.25,3.25
S039,08,24,4,-1,Rest,1.5,3.5
S039,08,24,5,-1,Rest,1.75,3.75
S039,08,24,6,-1,Rest,2.0,4.0
S039,08,26,5,-1,Rest,1.75,3.75
S039,08,26,6,-1,Rest,2.0,4.0
S039,08,28,0,-1,Rest,0.5,2.5
S039,08,28,1,-1,Rest,0.75,2.75
S039,08,28,2,-1,Rest,1.0,3.0
S039,08,28,3,-1,Rest,1.25,3.25
S039,08,28,4,-1,Rest,1.5,3.5
S039,08,28,5,-1,Rest,1.75,3.75
S039,08,28,6,-1,Rest,2.0,4.0
S039,12,0,0,-1,Rest,0.5,2.5
S039,12,0,1,-1,Rest,0.75,2.75
S039,12,0,2,-1,Rest,1.0,3.0
S039,12,0,3,-1,Rest,1.25,3.25
S039,12,0,4,-1,Rest,1.5,3.5
S039,12,0,5,-1,Rest,1.75,3.75
S039,12,0,6,-1,Rest,2.0,4.0
S039,12,2,0,-1,Rest,0.5,2.5
S039,12,2,1,-1,Rest,0.75,2.75
S039,12,2,2,-1,Rest,1.0,3.0
S039,12,2,3,-1,Rest,1.25,3.25
S039,12,2,4,-1,Rest,1.5,3.5
S039,12,2,5,-1,Rest,1.75,3.75
S039,12,2,6,-1,Rest,2.0,4.0
S039,12,4,0,-1,Rest,0.5,2.5
S039,12,4,1,-1,Rest,0.75,2.75
S039,12,4,2,-1,Rest,1.0,3.0
S039,12,4,3,-1,Rest,1.25,3.25
S039,12,4,4,-1,Rest,1.5,3.5
S039,12,4,5,-1,Rest,1.75,3.75
S039,12,4,6,-1,Rest,2.0,4.0
S039,12,6,0,-1,Rest,0.5,2.5
S039,12,6,1,-1,Rest,0.75,2.75
S039,12,6,2,-1,Rest,1.0,3.0
S039,12,6,3,-1,Rest,1.25,3.25
S039,12,6,4,-1,Rest,1.5,3.5
S039,12,6,5,-1,Rest,1.75,3.75
S039,12,6,6,-1,Rest,2.0,4.0
S039,12,8,3,-1,Rest,1.25,3.25
S039,12,8,4,-1,Rest,1.5,3.5
S039,12,8,5,-1,Rest,1.75,3.75
S039,12,8,6,-1,Rest,2.0,4.0
S039,12,10,0,-1,Rest,0.5,2.5
S039,12,10,1,-1,Rest,0.75,2.75
S039,12,10,2,-1,Rest,1.0,3.0
S039,12,10,3,-1,Rest,1.25,3.25
S039,12,10,4,-1,Rest,1.5,3.5
S039,12,10,5,-1,Rest,1.75,3.75
S039,12,10,6,-1,Rest,2.0,4.0
S039,12,12,0,-1,Rest,0.5,2.5
S039,12,12,1,-1,Rest,0.75,2.75
S039,12,12,2,-1,Rest,1.0,3.0
S039,12,12,3,-1,Rest,1.25,3.25
S039,12,12,4,-1,Rest,1.5,3.5
S039,12,12,5,-1,Rest,1.75,3.75
S039,12,12,6,-1,Rest,2.0,4.0
S039,12,14,0,-1,Rest,0.5,2.5
S039,12,14,1,-1,Rest,0.75,2.75
S039,12,14,2,-1,Rest,1.0,3.0
S039,12,14,3,-1,Rest,1.25,3.25
S039,12,14,4,-1,Rest,1.5,3.5
S039,12,14,5,-1,Rest,1.75,3.75
S039,12,14,6,-1,Rest,2.0,4.0
S039,12,16,0,-1,Rest,0.5,2.5
S039,12,16,1,-1,Rest,0.75,2.75
S039,12,16,2,-1,Rest,1.0,3.0
S039,12,16,3,-1,Rest,1.25,3.25
S039,12,16,4,-1,Rest,1.5,3.5
S039,12,16,5,-1,Rest,1.75,3.75
S039,12,16,6,-1,Rest,2.0,4.0
S039,12,18,0,-1,Rest,0.5,2.5
S039,12,18,1,-1,Rest,0.75,2.75
S039,12,22,0,-1,Rest,0.5,2.5
S039,12,22,1,-1,Rest,0.75,2.75
S039,12,22,2,-1,Rest,1.0,3.0
S039,12,22,3,-1,Rest,1.25,3.25
S039,12,28,0,-1,Rest,0.5,2.5
S039,12,28,1,-1,Rest,0.75,2.75
S039,12,28,2,-1,Rest,1.0,3.0
S039,12,28,3,-1,Rest,1.25,3.25
S039,12,28,4,-1,Rest,1.5,3.5
S039,12,28,5,-1,Rest,1.75,3.75
S039,12,28,6,-1,Rest,2.0,4.0
S040,04,0,0,-1,Rest,0.5,2.5
S040,04,0,1,-1,Rest,0.75,2.75
S040,04,0,2,-1,Rest,1.0,3.0
S040,04,0,3,-1,Rest,1.25,3.25
S040,04,0,4,-1,Rest,1.5,3.5
S040,04,0,5,-1,Rest,1.75,3.75
S040,04,0,6,-1,Rest,2.0,4.0
S040,04,2,0,-1,Rest,0.5,2.5
S040,04,2,1,-1,Rest,0.75,2.75
S040,04,2,2,-1,Rest,1.0,3.0
S040,04,2,3,-1,Rest,1.25,3.25
S040,04,2,4,-1,Rest,1.5,3.5
S040,04,2,5,-1,Rest,1.75,3.75
S040,04,2,6,-1,Rest,2.0,4.0
S040,04,4,0,-1,Rest,0.5,2.5
S040,04,4,1,-1,Rest,0.75,2.75
S040,04,4,2,-1,Rest,1.0,3.0
S040,04,4,3,-1,Rest,1.25,3.25
S040,04,4,4,-1,Rest,1.5,3.5
S040,04,4,5,-1,Rest,1.75,3.75
S040,04,4,6,-1,Rest,2.0,4.0
S040,04,6,0,-1,Rest,0.5,2.5
S040,04,6,1,-1,Rest,0.75,2.75
S040,04,6,2,-1,Rest,1.0,3.0
S040,04,6,3,-1,Rest,1.25,3.25
S040,04,6,4,-1,Rest,1.5,3.5
S040,04,6,5,-1,Rest,1.75,3.75
S040,04,6,6,-1,Rest,2.0,4.0
S040,04,8,0,-1,Rest,0.5,2.5
S040,04,8,1,-1,Rest,0.75,2.75
S040,04,8,2,-1,Rest,1.0,3.0
S040,04,8,3,-1,Rest,1.25,3.25
S040,04,8,4,-1,Rest,1.5,3.5
S040,04,8,5,-1,Rest,1.75,3.75
S040,04,8,6,-1,Rest,2.0,4.0
S040,04,10,0,-1,Rest,0.5,2.5
S040,04,10,1,-1,Rest,0.75,2.75
S040,04,10,2,-1,Rest,1.0,3.0
S040,04,10,3,-1,Rest,1.25,3.25
S040,04,10,4,-1,Rest,1.5,3.5
S040,04,10,5,-1,Rest,1.75,3.75
S040,04,10,6,-1,Rest,2.0,4.0
S040,04,12,0,-1,Rest,0.5,2.5
S040,04,12,1,-1,Rest,0.75,2.75
S040,04,12,2,-1,Rest,1.0,3.0
S040,04,12,3,-1,Rest,1.25,3.25
S040,04,12,4,-1,Rest,1.5,3.5
S040,04,12,5,-1,Rest,1.75,3.75
S040,04,12,6,-1,Rest,2.0,4.0
S040,04,14,0,-1,Rest,0.5,2.5
S040,04,14,1,-1,Rest,0.75,2.75
S040,04,14,2,-1,Rest,1.0,3.0
S040,04,14,3,-1,Rest,1.25,3.25
S040,04,14,4,-1,Rest,1.5,3.5
S040,04,14,5,-1,Rest,1.75,3.75
S040,04,14,6,-1,Rest,2.0,4.0
S040,04,16,0,-1,Rest,0.5,2.5
S040,04,16,1,-1,Rest,0.75,2.75
S040,04,16,2,-1,Rest,1.0,3.0
S040,04,16,3,-1,Rest,1.25,3.25
S040,04,16,4,-1,Rest,1.5,3.5
S040,04,16,5,-1,Rest,1.75,3.75
S040,04,16,6,-1,Rest,2.0,4.0
S040,04,18,0,-1,Rest,0.5,2.5
S040,04,18,1,-1,Rest,0.75,2.75
S040,04,18,2,-1,Rest,1.0,3.0
S040,04,18,3,-1,Rest,1.25,3.25
S040,04,18,4,-1,Rest,1.5,3.5
S040,04,18,5,-1,Rest,1.75,3.75
S040,04,18,6,-1,Rest,2.0,4.0
S040,04,20,0,-1,Rest,0.5,2.5
S040,04,20,1,-1,Rest,0.75,2.75
S040,04,20,2,-1,Rest,1.0,3.0
S040,04,20,3,-1,Rest,1.25,3.25
S040,04,20,4,-1,Rest,1.5,3.5
S040,04,20,5,-1,Rest,1.75,3.75
S040,04,20,6,-1,Rest,2.0,4.0
S040,04,22,0,-1,Rest,0.5,2.5
S040,04,22,1,-1,Rest,0.75,2.75
S040,04,22,2,-1,Rest,1.0,3.0
S040,04,22,3,-1,Rest,1.25,3.25
S040,04,22,4,-1,Rest,1.5,3.5
S040,04,22,5,-1,Rest,1.75,3.75
S040,04,22,6,-1,Rest,2.0,4.0
S040,04,24,0,-1,Rest,0.5,2.5
S040,04,24,1,-1,Rest,0.75,2.75
S040,04,24,2,-1,Rest,1.0,3.0
S040,04,24,3,-1,Rest,1.25,3.25
S040,04,24,4,-1,Rest,1.5,3.5
S040,04,24,5,-1,Rest,1.75,3.75
S040,04,24,6,-1,Rest,2.0,4.0
S040,04,26,0,-1,Rest,0.5,2.5
S040,04,26,1,-1,Rest,0.75,2.75
S040,04,26,2,-1,Rest,1.0,3.0
S040,04,26,3,-1,Rest,1.25,3.25
S040,04,26,4,-1,Rest,1.5,3.5
S040,04,26,5,-1,Rest,1.75,3.75
S040,04,26,6,-1,Rest,2.0,4.0
S040,04,28,0,-1,Rest,0.5,2.5
S040,04,28,1,-1,Rest,0.75,2.75
S040,04,28,2,-1,Rest,1.0,3.0
S040,04,28,3,-1,Rest,1.25,3.25
S040,04,28,4,-1,Rest,1.5,3.5
S040,04,28,5,-1,Rest,1.75,3.75
S040,04,28,6,-1,Rest,2.0,4.0
S040,08,0,0,-1,Rest,0.5,2.5
S040,08,0,1,-1,Rest,0.75,2.75
S040,08,0,2,-1,Rest,1.0,3.0
S040,08,0,3,-1,Rest,1.25,3.25
S040,08,0,4,-1,Rest,1.5,3.5
S040,08,0,5,-1,Rest,1.75,3.75
S040,08,0,6,-1,Rest,2.0,4.0
S040,08,2,0,-1,Rest,0.5,2.5
S040,08,2,1,-1,Rest,0.75,2.75
S040,08,2,2,-1,Rest,1.0,3.0
S040,08,2,3,-1,Rest,1.25,3.25
S040,08,2,4,-1,Rest,1.5,3.5
S040,08,2,5,-1,Rest,1.75,3.75
S040,08,2,6,-1,Rest,2.0,4.0
S040,08,4,0,-1,Rest,0.5,2.5
S040,08,4,1,-1,Rest,0.75,2.75
S040,08,4,2,-1,Rest,1.0,3.0
S040,08,4,3,-1,Rest,1.25,3.25
S040,08,4,4,-1,Rest,1.5,3.5
S040,08,4,5,-1,Rest,1.75,3.75
S040,08,4,6,-1,Rest,2.0,4.0
S040,08,6,0,-1,Rest,0.5,2.5
S040,08,6,1,-1,Rest,0.75,2.75
S040,08,6,2,-1,Rest,1.0,3.0
S040,08,6,3,-1,Rest,1.25,3.25
S040,08,6,4,-1,Rest,1.5,3.5
S040,08,6,5,-1,Rest,1.75,3.75
S040,08,6,6,-1,Rest,2.0,4.0
S040,08,8,0,-1,Rest,0.5,2.5
S040,08,8,1,-1,Rest,0.75,2.75
S040,08,8,2,-1,Rest,1.0,3.0
S040,08,8,3,-1,Rest,1.25,3.25
S040,08,8,4,-1,Rest,1.5,3.5
S040,08,8,5,-1,Rest,1.75,3.75
S040,08,8,6,-1,Rest,2.0,4.0
S040,08,10,0,-1,Rest,0.5,2.5
S040,08,10,1,-1,Rest,0.75,2.75
S040,08,10,2,-1,Rest,1.0,3.0
S040,08,10,3,-1,Rest,1.25,3.25
S040,08,10,4,-1,Rest,1.5,3.5
S040,08,10,5,-1,Rest,1.75,3.75
S040,08,10,6,-1,Rest,2.0,4.0
S040,08,12,0,-1,Rest,0.5,2.5
S040,08,12,1,-1,Rest,0.75,2.75
S040,08,12,2,-1,Rest,1.0,3.0
S040,08,12,3,-1,Rest,1.25,3.25
S040,08,12,4,-1,Rest,1.5,3.5
S040,08,12,5,-1,Rest,1.75,3.75
S040,08,12,6,-1,Rest,2.0,4.0
S040,08,14,0,-1,Rest,0.5,2.5
S040,08,14,1,-1,Rest,0.75,2.75
S040,08,14,2,-1,Rest,1.0,3.0
S040,08,14,3,-1,Rest,1.25,3.25
S040,08,14,4,-1,Rest,1.5,3.5
S040,08,14,5,-1,Rest,1.75,3.75
S040,08,14,6,-1,Rest,2.0,4.0
S040,08,16,0,-1,Rest,0.5,2.5
S040,08,16,1,-1,Rest,0.75,2.75
S040,08,16,2,-1,Rest,1.0,3.0
S040,08,16,3,-1,Rest,1.25,3.25
S040,08,16,4,-1,Rest,1.5,3.5
S040,08,16,5,-1,Rest,1.75,3.75
S040,08,16,6,-1,Rest,2.0,4.0
S040,08,18,0,-1,Rest,0.5,2.5
S040,08,18,1,-1,Rest,0.75,2.75
S040,08,18,2,-1,Rest,1.0,3.0
S040,08,18,3,-1,Rest,1.25,3.25
S040,08,18,4,-1,Rest,1.5,3.5
S040,08,18,5,-1,Rest,1.75,3.75
S040,08,18,6,-1,Rest,2.0,4.0
S040,08,20,0,-1,Rest,0.5,2.5
S040,08,20,1,-1,Rest,0.75,2.75
S040,08,20,2,-1,Rest,1.0,3.0
S040,08,20,3,-1,Rest,1.25,3.25
S040,08,20,4,-1,Rest,1.5,3.5
S040,08,20,5,-1,Rest,1.75,3.75
S040,08,20,6,-1,Rest,2.0,4.0
S040,08,22,0,-1,Rest,0.5,2.5
S040,08,22,1,-1,Rest,0.75,2.75
S040,08,22,2,-1,Rest,1.0,3.0
S040,08,22,3,-1,Rest,1.25,3.25
S040,08,22,4,-1,Rest,1.5,3.5
S040,08,22,5,-1,Rest,1.75,3.75
S040,08,22,6,-1,Rest,2.0,4.0
S040,08,24,0,-1,Rest,0.5,2.5
S040,08,24,1,-1,Rest,0.75,2.75
S040,08,24,2,-1,Rest,1.0,3.0
S040,08,24,3,-1,Rest,1.25,3.25
S040,08,24,4,-1,Rest,1.5,3.5
S040,08,24,5,-1,Rest,1.75,3.75
S040,08,24,6,-1,Rest,2.0,4.0
S040,08,26,0,-1,Rest,0.5,2.5
S040,08,26,1,-1,Rest,0.75,2.75
S040,08,26,2,-1,Rest,1.0,3.0
S040,08,26,3,-1,Rest,1.25,3.25
S040,08,26,4,-1,Rest,1.5,3.5
S040,08,26,5,-1,Rest,1.75,3.75
S040,08,26,6,-1,Rest,2.0,4.0
S040,08,28,0,-1,Rest,0.5,2.5
S040,08,28,1,-1,Rest,0.75,2.75
S040,08,28,2,-1,Rest,1.0,3.0
S040,08,28,3,-1,Rest,1.25,3.25
S040,08,28,4,-1,Rest,1.5,3.5
S040,08,28,5,-1,Rest,1.75,3.75
S040,08,28,6,-1,Rest,2.0,4.0
S040,12,0,0,-1,Rest,0.5,2.5
S040,12,0,1,-1,Rest,0.75,2.75
S040,12,0,2,-1,Rest,1.0,3.0
S040,12,0,3,-1,Rest,1.25,3.25
S040,12,0,4,-1,Rest,1.5,3.5
S040,12,0,5,-1,Rest,1.75,3.75
S040,12,0,6,-1,Rest,2.0,4.0
S040,12,2,0,-1,Rest,0.5,2.5
S040,12,2,1,-1,Rest,0.75,2.75
S040,12,2,2,-1,Rest,1.0,3.0
S040,12,2,3,-1,Rest,1.25,3.25
S040,12,2,4,-1,Rest,1.5,3.5
S040,12,2,5,-1,Rest,1.75,3.75
S040,12,2,6,-1,Rest,2.0,4.0
S040,12,4,0,-1,Rest,0.5,2.5
S040,12,4,1,-1,Rest,0.75,2.75
S040,12,4,2,-1,Rest,1.0,3.0
S040,12,4,3,-1,Rest,1.25,3.25
S040,12,4,4,-1,Rest,1.5,3.5
S040,12,4,5,-1,Rest,1.75,3.75
S040,12,4,6,-1,Rest,2.0,4.0
S040,12,6,0,-1,Rest,0.5,2.5
S040,12,6,1,-1,Rest,0.75,2.75
S040,12,6,2,-1,Rest,1.0,3.0
S040,12,6,3,-1,Rest,1.25,3.25
S040,12,6,4,-1,Rest,1.5,3.5
S040,12,6,5,-1,Rest,1.75,3.75
S040,12,6,6,-1,Rest,2.0,4.0
S040,12,8,0,-1,Rest,0.5,2.5
S040,12,8,1,-1,Rest,0.75,2.75
S040,12,8,2,-1,Rest,1.0,3.0
S040,12,8,3,-1,Rest,1.25,3.25
S040,12,8,4,-1,Rest,1.5,3.5
S040,12,8,5,-1,Rest,1.75,3.75
S040,12,8,6,-1,Rest,2.0,4.0
S040,12,10,0,-1,Rest,0.5,2.5
S040,12,10,1,-1,Rest,0.75,2.75
S040,12,10,2,-1,Rest,1.0,3.0
S040,12,10,3,-1,Rest,1.25,3.25
S040,12,10,4,-1,Rest,1.5,3.5
S040,12,10,5,-1,Rest,1.75,3.75
S040,12,10,6,-1,Rest,2.0,4.0
S040,12,12,0,-1,Rest,0.5,2.5
S040,12,12,1,-1,Rest,0.75,2.75
S040,12,12,2,-1,Rest,1.0,3.0
S040,12,12,3,-1,Rest,1.25,3.25
S040,12,12,4,-1,Rest,1.5,3.5
S040,12,12,5,-1,Rest,1.75,3.75
S040,12,12,6,-1,Rest,2.0,4.0
S040,12,14,0,-1,Rest,0.5,2.5
S040,12,14,1,-1,Rest,0.75,2.75
S040,12,14,2,-1,Rest,1.0,3.0
S040,12,14,3,-1,Rest,1.25,3.25
S040,12,14,4,-1,Rest,1.5,3.5
S040,12,14,5,-1,Rest,1.75,3.75
S040,12,14,6,-1,Rest,2.0,4.0
S040,12,16,0,-1,Rest,0.5,2.5
S040,12,16,1,-1,Rest,0.75,2.75
S040,12,16,2,-1,Rest,1.0,3.0
S040,12,16,3,-1,Rest,1.25,3.25
S040,12,16,4,-1,Rest,1.5,3.5
S040,12,16,5,-1,Rest,1.75,3.75
S040,12,16,6,-1,Rest,2.0,4.0
S040,12,18,0,-1,Rest,0.5,2.5
S040,12,18,1,-1,Rest,0.75,2.75
S040,12,18,2,-1,Rest,1.0,3.0
S040,12,18,3,-1,Rest,1.25,3.25
S040,12,18,4,-1,Rest,1.5,3.5
S040,12,18,5,-1,Rest,1.75,3.75
S040,12,18,6,-1,Rest,2.0,4.0
S040,12,20,0,-1,Rest,0.5,2.5
S040,12,20,1,-1,Rest,0.75,2.75
S040,12,20,2,-1,Rest,1.0,3.0
S040,12,20,3,-1,Rest,1.25,3.25
S040,12,20,4,-1,Rest,1.5,3.5
S040,12,20,5,-1,Rest,1.75,3.75
S040,12,20,6,-1,Rest,2.0,4.0
S040,12,22,3,-1,Rest,1.25,3.25
S040,12,22,4,-1,Rest,1.5,3.5
S040,12,22,5,-1,Rest,1.75,3.75
S040,12,22,6,-1,Rest,2.0,4.0
S040,12,24,0,-1,Rest,0.5,2.5
S040,12,24,1,-1,Rest,0.75,2.75
S040,12,24,2,-1,Rest,1.0,3.0
S040,12,24,3,-1,Rest,1.25,3.25
S040,12,24,4,-1,Rest,1.5,3.5
S040,12,24,5,-1,Rest,1.75,3.75
S040,12,24,6,-1,Rest,2.0,4.0
S040,12,26,0,-1,Rest,0.5,2.5
S040,12,26,1,-1,Rest,0.75,2.75
S040,12,26,2,-1,Rest,1.0,3.0
S040,12,28,0,-1,Rest,0.5,2.5
S040,12,28,1,-1,Rest,0.75,2.75
S040,12,28,2,-1,Rest,1.0,3.0
S040,12,28,3,-1,Rest,1.25,3.25
S040,12,28,4,-1,Rest,1.5,3.5
S040,12,28,5,-1,Rest,1.75,3.75
S040,12,28,6,-1,Rest,2.0,4.0
S041,04,0,0,-1,Rest,0.5,2.5
S041,04,0,1,-1,Rest,0.75,2.75
S041,04,0,2,-1,Rest,1.0,3.0
S041,04,0,3,-1,Rest,1.25,3.25
S041,04,0,4,-1,Rest,1.5,3.5
S041,04,0,5,-1,Rest,1.75,3.75
S041,04,0,6,-1,Rest,2.0,4.0
S041,04,2,0,-1,Rest,0.5,2.5
S041,04,2,1,-1,Rest,0.75,2.75
S041,04,2,2,-1,Rest,1.0,3.0
S041,04,2,3,-1,Rest,1.25,3.25
S041,04,2,4,-1,Rest,1.5,3.5
S041,04,2,5,-1,Rest,1.75,3.75
S041,04,2,6,-1,Rest,2.0,4.0
S041,04,4,0,-1,Rest,0.5,2.5
S041,04,4,1,-1,Rest,0.75,2.75
S041,04,4,2,-1,Rest,1.0,3.0
S041,04,4,3,-1,Rest,1.25,3.25
S041,04,4,4,-1,Rest,1.5,3.5
S041,04,4,5,-1,Rest,1.75,3.75
S041,04,4,6,-1,Rest,2.0,4.0
S041,04,6,0,-1,Rest,0.5,2.5
S041,04,6,1,-1,Rest,0.75,2.75
S041,04,6,2,-1,Rest,1.0,3.0
S041,04,6,3,-1,Rest,1.25,3.25
S041,04,6,4,-1,Rest,1.5,3.5
S041,04,6,5,-1,Rest,1.75,3.75
S041,04,6,6,-1,Rest,2.0,4.0
S041,04,8,0,-1,Rest,0.5,2.5
S041,04,8,1,-1,Rest,0.75,2.75
S041,04,8,2,-1,Rest,1.0,3.0
S041,04,8,3,-1,Rest,1.25,3.25
S041,04,8,4,-1,Rest,1.5,3.5
S041,04,8,5,-1,Rest,1.75,3.75
S041,04,8,6,-1,Rest,2.0,4.0
S041,04,10,0,-1,Rest,0.5,2.5
S041,04,10,1,-1,Rest,0.75,2.75
S041,04,10,2,-1,Rest,1.0,3.0
S041,04,10,3,-1,Rest,1.25,3.25
S041,04,10,4,-1,Rest,1.5,3.5
S041,04,10,5,-1,Rest,1.75,3.75
S041,04,10,6,-1,Rest,2.0,4.0
S041,04,12,0,-1,Rest,0.5,2.5
S041,04,12,1,-1,Rest,0.75,2.75
S041,04,12,2,-1,Rest,1.0,3.0
S041,04,12,3,-1,Rest,1.25,3.25
S041,04,12,4,-1,Rest,1.5,3.5
S041,04,12,5,-1,Rest,1.75,3.75
S041,04,12,6,-1,Rest,2.0,4.0
S041,04,14,0,-1,Rest,0.5,2.5
S041,04,14,1,-1,Rest,0.75,2.75
S041,04,14,2,-1,Rest,1.0,3.0
S041,04,14,3,-1,Rest,1.25,3.25
S041,04,14,4,-1,Rest,1.5,3.5
S041,04,14,5,-1,Rest,1.75,3.75
S041,04,14,6,-1,Rest,2.0,4.0
S041,04,16,0,-1,Rest,0.5,2.5
S041,04,16,1,-1,Rest,0.75,2.75
S041,04,16,2,-1,Rest,1.0,3.0
S041,04,16,3,-1,Rest,1.25,3.25
S041,04,16,4,-1,Rest,1.5,3.5
S041,04,16,5,-1,Rest,1.75,3.75
S041,04,16,6,-1,Rest,2.0,4.0
S041,04,18,0,-1,Rest,0.5,2.5
S041,04,18,1,-1,Rest,0.75,2.75
S041,04,18,2,-1,Rest,1.0,3.0
S041,04,18,3,-1,Rest,1.25,3.25
S041,04,18,4,-1,Rest,1.5,3.5
S041,04,18,5,-1,Rest,1.75,3.75
S041,04,18,6,-1,Rest,2.0,4.0
S041,04,20,0,-1,Rest,0.5,2.5
S041,04,20,1,-1,Rest,0.75,2.75
S041,04,20,2,-1,Rest,1.0,3.0
S041,04,20,3,-1,Rest,1.25,3.25
S041,04,20,4,-1,Rest,1.5,3.5
S041,04,20,5,-1,Rest,1.75,3.75
S041,04,20,6,-1,Rest,2.0,4.0
S041,04,22,0,-1,Rest,0.5,2.5
S041,04,22,1,-1,Rest,0.75,2.75
S041,04,22,2,-1,Rest,1.0,3.0
S041,04,22,3,-1,Rest,1.25,3.25
S041,04,22,4,-1,Rest,1.5,3.5
S041,04,22,5,-1,Rest,1.75,3.75
S041,04,22,6,-1,Rest,2.0,4.0
S041,04,24,0,-1,Rest,0.5,2.5
S041,04,24,1,-1,Rest,0.75,2.75
S041,04,24,2,-1,Rest,1.0,3.0
S041,04,24,3,-1,Rest,1.25,3.25
S041,04,24,4,-1,Rest,1.5,3.5
S041,04,24,5,-1,Rest,1.75,3.75
S041,04,24,6,-1,Rest,2.0,4.0
S041,04,26,0,-1,Rest,0.5,2.5
S041,04,26,1,-1,Rest,0.75,2.75
S041,04,26,2,-1,Rest,1.0,3.0
S041,04,26,3,-1,Rest,1.25,3.25
S041,04,26,4,-1,Rest,1.5,3.5
S041,04,26,5,-1,Rest,1.75,3.75
S041,04,26,6,-1,Rest,2.0,4.0
S041,04,28,0,-1,Rest,0.5,2.5
S041,04,28,1,-1,Rest,0.75,2.75
S041,04,28,2,-1,Rest,1.0,3.0
S041,04,28,3,-1,Rest,1.25,3.25
S041,04,28,4,-1,Rest,1.5,3.5
S041,04,28,5,-1,Rest,1.75,3.75
S041,04,28,6,-1,Rest,2.0,4.0
S041,08,0,0,-1,Rest,0.5,2.5
S041,08,0,1,-1,Rest,0.75,2.75
S041,08,0,2,-1,Rest,1.0,3.0
S041,08,0,3,-1,Rest,1.25,3.25
S041,08,0,4,-1,Rest,1.5,3.5
S041,08,0,5,-1,Rest,1.75,3.75
S041,08,0,6,-1,Rest,2.0,4.0
S041,08,2,0,-1,Rest,0.5,2.5
S041,08,2,1,-1,Rest,0.75,2.75
S041,08,2,2,-1,Rest,1.0,3.0
S041,08,2,3,-1,Rest,1.25,3.25
S041,08,2,4,-1,Rest,1.5,3.5
S041,08,2,5,-1,Rest,1.75,3.75
S041,08,2,6,-1,Rest,2.0,4.0
S041,08,4,0,-1,Rest,0.5,2.5
S041,08,4,1,-1,Rest,0.75,2.75
S041,08,4,2,-1,Rest,1.0,3.0
S041,08,4,3,-1,Rest,1.25,3.25
S041,08,4,4,-1,Rest,1.5,3.5
S041,08,4,5,-1,Rest,1.75,3.75
S041,08,4,6,-1,Rest,2.0,4.0
S041,08,6,0,-1,Rest,0.5,2.5
S041,08,6,1,-1,Rest,0.75,2.75
S041,08,6,2,-1,Rest,1.0,3.0
S041,08,6,3,-1,Rest,1.25,3.25
S041,08,6,4,-1,Rest,1.5,3.5
S041,08,6,5,-1,Rest,1.75,3.75
S041,08,6,6,-1,Rest,2.0,4.0
S041,08,8,0,-1,Rest,0.5,2.5
S041,08,8,1,-1,Rest,0.75,2.75
S041,08,8,2,-1,Rest,1.0,3.0
S041,08,8,3,-1,Rest,1.25,3.25
S041,08,8,4,-1,Rest,1.5,3.5
S041,08,8,5,-1,Rest,1.75,3.75
S041,08,8,6,-1,Rest,2.0,4.0
S041,08,10,0,-1,Rest,0.5,2.5
S041,08,10,1,-1,Rest,0.75,2.75
S041,08,10,2,-1,Rest,1.0,3.0
S041,08,10,3,-1,Rest,1.25,3.25
S041,08,10,4,-1,Rest,1.5,3.5
S041,08,10,5,-1,Rest,1.75,3.75
S041,08,10,6,-1,Rest,2.0,4.0
S041,08,12,0,-1,Rest,0.5,2.5
S041,08,12,1,-1,Rest,0.75,2.75
S041,08,12,2,-1,Rest,1.0,3.0
S041,08,12,3,-1,Rest,1.25,3.25
S041,08,12,4,-1,Rest,1.5,3.5
S041,08,12,5,-1,Rest,1.75,3.75
S041,08,12,6,-1,Rest,2.0,4.0
S041,08,14,0,-1,Rest,0.5,2.5
S041,08,14,1,-1,Rest,0.75,2.75
S041,08,14,2,-1,Rest,1.0,3.0
S041,08,14,3,-1,Rest,1.25,3.25
S041,08,14,4,-1,Rest,1.5,3.5
S041,08,14,5,-1,Rest,1.75,3.75
S041,08,14,6,-1,Rest,2.0,4.0
S041,08,16,0,-1,Rest,0.5,2.5
S041,08,16,1,-1,Rest,0.75,2.75
S041,08,16,2,-1,Rest,1.0,3.0
S041,08,16,3,-1,Rest,1.25,3.25
S041,08,16,4,-1,Rest,1.5,3.5
S041,08,16,5,-1,Rest,1.75,3.75
S041,08,16,6,-1,Rest,2.0,4.0
S041,08,18,0,-1,Rest,0.5,2.5
S041,08,18,1,-1,Rest,0.75,2.75
S041,08,18,2,-1,Rest,1.0,3.0
S041,08,18,3,-1,Rest,1.25,3.25
S041,08,18,4,-1,Rest,1.5,3.5
S041,08,18,5,-1,Rest,1.75,3.75
S041,08,18,6,-1,Rest,2.0,4.0
S041,08,20,0,-1,Rest,0.5,2.5
S041,08,20,1,-1,Rest,0.75,2.75
S041,08,20,2,-1,Rest,1.0,3.0
S041,08,20,3,-1,Rest,1.25,3.25
S041,08,20,4,-1,Rest,1.5,3.5
S041,08,20,5,-1,Rest,1.75,3.75
S041,08,20,6,-1,Rest,2.0,4.0
S041,08,22,0,-1,Rest,0.5,2.5
S041,08,22,1,-1,Rest,0.75,2.75
S041,08,22,2,-1,Rest,1.0,3.0
S041,08,22,3,-1,Rest,1.25,3.25
S041,08,22,4,-1,Rest,1.5,3.5
S041,08,22,5,-1,Rest,1.75,3.75
S041,08,22,6,-1,Rest,2.0,4.0
S041,08,24,0,-1,Rest,0.5,2.5
S041,08,24,1,-1,Rest,0.75,2.75
S041,08,24,2,-1,Rest,1.0,3.0
S041,08,24,3,-1,Rest,1.25,3.25
S041,08,24,4,-1,Rest,1.5,3.5
S041,08,24,5,-1,Rest,1.75,3.75
S041,08,24,6,-1,Rest,2.0,4.0
S041,08,26,0,-1,Rest,0.5,2.5
S041,08,26,1,-1,Rest,0.75,2.75
S041,08,26,2,-1,Rest,1.0,3.0
S041,08,26,3,-1,Rest,1.25,3.25
S041,08,26,4,-1,Rest,1.5,3.5
S041,08,26,5,-1,Rest,1.75,3.75
S041,08,26,6,-1,Rest,2.0,4.0
S041,08,28,0,-1,Rest,0.5,2.5
S041,08,28,1,-1,Rest,0.75,2.75
S041,08,28,2,-1,Rest,1.0,3.0
S041,08,28,3,-1,Rest,1.25,3.25
S041,08,28,4,-1,Rest,1.5,3.5
S041,08,28,5,-1,Rest,1.75,3.75
S041,08,28,6,-1,Rest,2.0,4.0
S041,12,0,0,-1,Rest,0.5,2.5
S041,12,0,1,-1,Rest,0.75,2.75
S041,12,0,2,-1,Rest,1.0,3.0
S041,12,0,3,-1,Rest,1.25,3.25
S041,12,0,4,-1,Rest,1.5,3.5
S041,12,0,5,-1,Rest,1.75,3.75
S041,12,0,6,-1,Rest,2.0,4.0
S041,12,2,0,-1,Rest,0.5,2.5
S041,12,2,1,-1,Rest,0.75,2.75
S041,12,2,2,-1,Rest,1.0,3.0
S041,12,2,3,-1,Rest,1.25,3.25
S041,12,2,4,-1,Rest,1.5,3.5
S041,12,2,5,-1,Rest,1.75,3.75
S041,12,2,6,-1,Rest,2.0,4.0
S041,12,4,0,-1,Rest,0.5,2.5
S041,12,4,1,-1,Rest,0.75,2.75
S041,12,4,2,-1,Rest,1.0,3.0
S041,12,4,3,-1,Rest,1.25,3.25
S041,12,4,4,-1,Rest,1.5,3.5
S041,12,4,5,-1,Rest,1.75,3.75
S041,12,4,6,-1,Rest,2.0,4.0
S041,12,6,0,-1,Rest,0.5,2.5
S041,12,6,1,-1,Rest,0.75,2.75
S041,12,6,2,-1,Rest,1.0,3.0
S041,12,6,3,-1,Rest,1.25,3.25
S041,12,6,4,-1,Rest,1.5,3.5
S041,12,6,5,-1,Rest,1.75,3.75
S041,12,6,6,-1,Rest,2.0,4.0
S041,12,8,0,-1,Rest,0.5,2.5
S041,12,8,1,-1,Rest,0.75,2.75
S041,12,8,2,-1,Rest,1.0,3.0
S041,12,8,3,-1,Rest,1.25,3.25
S041,12,8,4,-1,Rest,1.5,3.5
S041,12,8,5,-1,Rest,1.75,3.75
S041,12,8,6,-1,Rest,2.0,4.0
S041,12,10,0,-1,Rest,0.5,2.5
S041,12,10,1,-1,Rest,0.75,2.75
S041,12,10,2,-1,Rest,1.0,3.0
S041,12,10,3,-1,Rest,1.25,3.25
S041,12,10,4,-1,Rest,1.5,3.5
S041,12,10,5,-1,Rest,1.75,3.75
S041,12,10,6,-1,Rest,2.0,4.0
S041,12,12,0,-1,Rest,0.5,2.5
S041,12,12,1,-1,Rest,0.75,2.75
S041,12,12,2,-1,Rest,1.0,3.0
S041,12,12,3,-1,Rest,1.25,3.25
S041,12,12,4,-1,Rest,1.5,3.5
S041,12,12,5,-1,Rest,1.75,3.75
S041,12,12,6,-1,Rest,2.0,4.0
S041,12,14,0,-1,Rest,0.5,2.5
S041,12,14,1,-1,Rest,0.75,2.75
S041,12,14,2,-1,Rest,1.0,3.0
S041,12,14,3,-1,Rest,1.25,3.25
S041,12,14,4,-1,Rest,1.5,3.5
S041,12,14,5,-1,Rest,1.75,3.75
S041,12,14,6,-1,Rest,2.0,4.0
S041,12,16,0,-1,Rest,0.5,2.5
S041,12,16,1,-1,Rest,0.75,2.75
S041,12,16,2,-1,Rest,1.0,3.0
S041,12,16,3,-1,Rest,1.25,3.25
S041,12,16,4,-1,Rest,1.5,3.5
S041,12,16,5,-1,Rest,1.75,3.75
S041,12,16,6,-1,Rest,2.0,4.0
S041,12,18,0,-1,Rest,0.5,2.5
S041,12,18,1,-1,Rest,0.75,2.75
S041,12,18,2,-1,Rest,1.0,3.0
S041,12,18,3,-1,Rest,1.25,3.25
S041,12,18,4,-1,Rest,1.5,3.5
S041,12,18,5,-1,Rest,1.75,3.75
S041,12,18,6,-1,Rest,2.0,4.0
S041,12,20,0,-1,Rest,0.5,2.5
S041,12,20,1,-1,Rest,0.75,2.75
S041,12,20,2,-1,Rest,1.0,3.0
S041,12,20,3,-1,Rest,1.25,3.25
S041,12,20,4,-1,Rest,1.5,3.5
S041,12,20,5,-1,Rest,1.75,3.75
S041,12,20,6,-1,Rest,2.0,4.0
S041,12,22,0,-1,Rest,0.5,2.5
S041,12,22,1,-1,Rest,0.75,2.75
S041,12,22,2,-1,Rest,1.0,3.0
S041,12,22,3,-1,Rest,1.25,3.25
S041,12,22,4,-1,Rest,1.5,3.5
S041,12,22,5,-1,Rest,1.75,3.75
S041,12,22,6,-1,Rest,2.0,4.0
S041,12,24,0,-1,Rest,0.5,2.5
S041,12,24,1,-1,Rest,0.75,2.75
S041,12,24,2,-1,Rest,1.0,3.0
S041,12,24,3,-1,Rest,1.25,3.25
S041,12,24,4,-1,Rest,1.5,3.5
S041,12,24,5,-1,Rest,1.75,3.75
S041,12,24,6,-1,Rest,2.0,4.0
S041,12,26,0,-1,Rest,0.5,2.5
S041,12,26,1,-1,Rest,0.75,2.75
S041,12,26,2,-1,Rest,1.0,3.0
S041,12,26,3,-1,Rest,1.25,3.25
S041,12,26,4,-1,Rest,1.5,3.5
S041,12,26,5,-1,Rest,1.75,3.75
S041,12,26,6,-1,Rest,2.0,4.0
S041,12,28,0,-1,Rest,0.5,2.5
S041,12,28,1,-1,Rest,0.75,2.75
S041,12,28,2,-1,Rest,1.0,3.0
S041,12,28,3,-1,Rest,1.25,3.25
S041,12,28,4,-1,Rest,1.5,3.5
S041,12,28,5,-1,Rest,1.75,3.75
S041,12,28,6,-1,Rest,2.0,4.0
S043,04,0,0,-1,Rest,0.5,2.5
S043,04,0,1,-1,Rest,0.75,2.75
S043,04,0,2,-1,Rest,1.0,3.0
S043,04,0,3,-1,Rest,1.25,3.25
S043,04,0,4,-1,Rest,1.5,3.5
S043,04,0,5,-1,Rest,1.75,3.75
S043,04,0,6,-1,Rest,2.0,4.0
S043,04,2,0,-1,Rest,0.5,2.5
S043,04,2,1,-1,Rest,0.75,2.75
S043,04,2,2,-1,Rest,1.0,3.0
S043,04,2,3,-1,Rest,1.25,3.25
S043,04,2,4,-1,Rest,1.5,3.5
S043,04,2,5,-1,Rest,1.75,3.75
S043,04,2,6,-1,Rest,2.0,4.0
S043,04,4,0,-1,Rest,0.5,2.5
S043,04,4,1,-1,Rest,0.75,2.75
S043,04,4,2,-1,Rest,1.0,3.0
S043,04,4,3,-1,Rest,1.25,3.25
S043,04,4,4,-1,Rest,1.5,3.5
S043,04,4,5,-1,Rest,1.75,3.75
S043,04,4,6,-1,Rest,2.0,4.0
S043,04,6,0,-1,Rest,0.5,2.5
S043,04,6,1,-1,Rest,0.75,2.75
S043,04,6,2,-1,Rest,1.0,3.0
S043,04,6,3,-1,Rest,1.25,3.25
S043,04,6,4,-1,Rest,1.5,3.5
S043,04,6,5,-1,Rest,1.75,3.75
S043,04,6,6,-1,Rest,2.0,4.0
S043,04,8,0,-1,Rest,0.5,2.5
S043,04,8,1,-1,Rest,0.75,2.75
S043,04,8,2,-1,Rest,1.0,3.0
S043,04,8,3,-1,Rest,1.25,3.25
S043,04,8,4,-1,Rest,1.5,3.5
S043,04,8,5,-1,Rest,1.75,3.75
S043,04,8,6,-1,Rest,2.0,4.0
S043,04,10,5,-1,Rest,1.75,3.75
S043,04,10,6,-1,Rest,2.0,4.0
S043,04,12,0,-1,Rest,0.5,2.5
S043,04,12,1,-1,Rest,0.75,2.75
S043,04,12,2,-1,Rest,1.0,3.0
S043,04,12,3,-1,Rest,1.25,3.25
S043,04,12,4,-1,Rest,1.5,3.5
S043,04,12,5,-1,Rest,1.75,3.75
S043,04,12,6,-1,Rest,2.0,4.0
S043,04,14,0,-1,Rest,0.5,2.5
S043,04,14,1,-1,Rest,0.75,2.75
S043,04,14,2,-1,Rest,1.0,3.0
S043,04,14,3,-1,Rest,1.25,3.25
S043,04,14,4,-1,Rest,1.5,3.5
S043,04,14,5,-1,Rest,1.75,3.75
S043,04,14,6,-1,Rest,2.0,4.0
S043,04,16,0,-1,Rest,0.5,2.5
S043,04,16,1,-1,Rest,0.75,2.75
S043,04,16,2,-1,Rest,1.0,3.0
S043,04,16,3,-1,Rest,1.25,3.25
S043,04,16,4,-1,Rest,1.5,3.5
S043,04,16,5,-1,Rest,1.75,3.75
S043,04,16,6,-1,Rest,2.0,4.0
S043,04,18,0,-1,Rest,0.5,2.5
S043,04,18,1,-1,Rest,0.75,2.75
S043,04,18,2,-1,Rest,1.0,3.0
S043,04,18,3,-1,Rest,1.25,3.25
S043,04,18,4,-1,Rest,1.5,3.5
S043,04,18,5,-1,Rest,1.75,3.75
S043,04,18,6,-1,Rest,2.0,4.0
S043,04,20,0,-1,Rest,0.5,2.5
S043,04,20,1,-1,Rest,0.75,2.75
S043,04,20,2,-1,Rest,1.0,3.0
S043,04,20,3,-1,Rest,1.25,3.25
S043,04,20,4,-1,Rest,1.5,3.5
S043,04,20,5,-1,Rest,1.75,3.75
S043,04,20,6,-1,Rest,2.0,4.0
S043,04,22,0,-1,Rest,0.5,2.5
S043,04,22,1,-1,Rest,0.75,2.75
S043,04,22,2,-1,Rest,1.0,3.0
S043,04,22,3,-1,Rest,1.25,3.25
S043,04,22,4,-1,Rest,1.5,3.5
S043,04,22,5,-1,Rest,1.75,3.75
S043,04,22,6,-1,Rest,2.0,4.0
S043,04,24,0,-1,Rest,0.5,2.5
S043,04,24,1,-1,Rest,0.75,2.75
S043,04,24,2,-1,Rest,1.0,3.0
S043,04,24,3,-1,Rest,1.25,3.25
S043,04,24,4,-1,Rest,1.5,3.5
S043,04,24,5,-1,Rest,1.75,3.75
S043,04,24,6,-1,Rest,2.0,4.0
S043,04,26,0,-1,Rest,0.5,2.5
S043,04,26,1,-1,Rest,0.75,2.75
S043,04,26,2,-1,Rest,1.0,3.0
S043,04,26,3,-1,Rest,1.25,3.25
S043,04,26,4,-1,Rest,1.5,3.5
S043,04,26,5,-1,Rest,1.75,3.75
S043,04,26,6,-1,Rest,2.0,4.0
S043,04,28,0,-1,Rest,0.5,2.5
S043,04,28,1,-1,Rest,0.75,2.75
S043,04,28,2,-1,Rest,1.0,3.0
S043,04,28,3,-1,Rest,1.25,3.25
S043,04,28,4,-1,Rest,1.5,3.5
S043,04,28,5,-1,Rest,1.75,3.75
S043,04,28,6,-1,Rest,2.0,4.0
S043,08,0,0,-1,Rest,0.5,2.5
S043,08,0,1,-1,Rest,0.75,2.75
S043,08,0,2,-1,Rest,1.0,3.0
S043,08,0,3,-1,Rest,1.25,3.25
S043,08,0,4,-1,Rest,1.5,3.5
S043,08,0,5,-1,Rest,1.75,3.75
S043,08,0,6,-1,Rest,2.0,4.0
S043,08,2,0,-1,Rest,0.5,2.5
S043,08,2,1,-1,Rest,0.75,2.75
S043,08,2,2,-1,Rest,1.0,3.0
S043,08,2,3,-1,Rest,1.25,3.25
S043,08,2,4,-1,Rest,1.5,3.5
S043,08,2,5,-1,Rest,1.75,3.75
S043,08,2,6,-1,Rest,2.0,4.0
S043,08,4,0,-1,Rest,0.5,2.5
S043,08,4,1,-1,Rest,0.75,2.75
S043,08,4,2,-1,Rest,1.0,3.0
S043,08,4,3,-1,Rest,1.25,3.25
S043,08,4,4,-1,Rest,1.5,3.5
S043,08,4,5,-1,Rest,1.75,3.75
S043,08,4,6,-1,Rest,2.0,4.0
S043,08,6,0,-1,Rest,0.5,2.5
S043,08,6,1,-1,Rest,0.75,2.75
S043,08,6,2,-1,Rest,1.0,3.0
S043,08,6,3,-1,Rest,1.25,3.25
S043,08,6,4,-1,Rest,1.5,3.5
S043,08,6,5,-1,Rest,1.75,3.75
S043,08,6,6,-1,Rest,2.0,4.0
S043,08,8,0,-1,Rest,0.5,2.5
S043,08,8,1,-1,Rest,0.75,2.75
S043,08,8,2,-1,Rest,1.0,3.0
S043,08,8,3,-1,Rest,1.25,3.25
S043,08,8,4,-1,Rest,1.5,3.5
S043,08,8,5,-1,Rest,1.75,3.75
S043,08,8,6,-1,Rest,2.0,4.0
S043,08,10,0,-1,Rest,0.5,2.5
S043,08,10,1,-1,Rest,0.75,2.75
S043,08,10,2,-1,Rest,1.0,3.0
S043,08,10,3,-1,Rest,1.25,3.25
S043,08,10,4,-1,Rest,1.5,3.5
S043,08,10,5,-1,Rest,1.75,3.75
S043,08,10,6,-1,Rest,2.0,4.0
S043,08,12,0,-1,Rest,0.5,2.5
S043,08,12,1,-1,Rest,0.75,2.75
S043,08,12,2,-1,Rest,1.0,3.0
S043,08,12,3,-1,Rest,1.25,3.25
S043,08,12,4,-1,Rest,1.5,3.5
S043,08,12,5,-1,Rest,1.75,3.75
S043,08,12,6,-1,Rest,2.0,4.0
S043,08,14,0,-1,Rest,0.5,2.5
S043,08,14,1,-1,Rest,0.75,2.75
S043,08,14,2,-1,Rest,1.0,3.0
S043,08,14,3,-1,Rest,1.25,3.25
S043,08,14,4,-1,Rest,1.5,3.5
S043,08,14,5,-1,Rest,1.75,3.75
S043,08,14,6,-1,Rest,2.0,4.0
S043,08,16,0,-1,Rest,0.5,2.5
S043,08,16,1,-1,Rest,0.75,2.75
S043,08,16,2,-1,Rest,1.0,3.0
S043,08,16,3,-1,Rest,1.25,3.25
S043,08,16,4,-1,Rest,1.5,3.5
S043,08,16,5,-1,Rest,1.75,3.75
S043,08,16,6,-1,Rest,2.0,4.0
S043,08,18,0,-1,Rest,0.5,2.5
S043,08,18,1,-1,Rest,0.75,2.75
S043,08,18,2,-1,Rest,1.0,3.0
S043,08,18,3,-1,Rest,1.25,3.25
S043,08,18,4,-1,Rest,1.5,3.5
S043,08,18,5,-1,Rest,1.75,3.75
S043,08,18,6,-1,Rest,2.0,4.0
S043,08,20,0,-1,Rest,0.5,2.5
S043,08,20,1,-1,Rest,0.75,2.75
S043,08,20,2,-1,Rest,1.0,3.0
S043,08,20,3,-1,Rest,1.25,3.25
S043,08,20,4,-1,Rest,1.5,3.5
S043,08,20,5,-1,Rest,1.75,3.75
S043,08,20,6,-1,Rest,2.0,4.0
S043,08,22,5,-1,Rest,1.75,3.75
S043,08,22,6,-1,Rest,2.0,4.0
S043,08,24,0,-1,Rest,0.5,2.5
S043,08,24,1,-1,Rest,0.75,2.75
S043,08,24,2,-1,Rest,1.0,3.0
S043,08,24,3,-1,Rest,1.25,3.25
S043,08,24,4,-1,Rest,1.5,3.5
S043,08,24,5,-1,Rest,1.75,3.75
S043,08,24,6,-1,Rest,2.0,4.0
S043,08,26,0,-1,Rest,0.5,2.5
S043,08,26,1,-1,Rest,0.75,2.75
S043,08,26,2,-1,Rest,1.0,3.0
S043,08,26,3,-1,Rest,1.25,3.25
S043,08,26,4,-1,Rest,1.5,3.5
S043,08,26,5,-1,Rest,1.75,3.75
S043,08,26,6,-1,Rest,2.0,4.0
S043,08,28,0,-1,Rest,0.5,2.5
S043,08,28,1,-1,Rest,0.75,2.75
S043,08,28,2,-1,Rest,1.0,3.0
S043,08,28,3,-1,Rest,1.25,3.25
S043,08,28,4,-1,Rest,1.5,3.5
S043,08,28,5,-1,Rest,1.75,3.75
S043,08,28,6,-1,Rest,2.0,4.0
S043,12,0,0,-1,Rest,0.5,2.5
S043,12,0,1,-1,Rest,0.75,2.75
S043,12,0,2,-1,Rest,1.0,3.0
S043,12,0,3,-1,Rest,1.25,3.25
S043,12,0,4,-1,Rest,1.5,3.5
S043,12,0,5,-1,Rest,1.75,3.75
S043,12,0,6,-1,Rest,2.0,4.0
S043,12,2,0,-1,Rest,0.5,2.5
S043,12,2,1,-1,Rest,0.75,2.75
S043,12,2,2,-1,Rest,1.0,3.0
S043,12,2,3,-1,Rest,1.25,3.25
S043,12,2,4,-1,Rest,1.5,3.5
S043,12,2,5,-1,Rest,1.75,3.75
S043,12,2,6,-1,Rest,2.0,4.0
S043,12,4,0,-1,Rest,0.5,2.5
S043,12,4,1,-1,Rest,0.75,2.75
S043,12,4,2,-1,Rest,1.0,3.0
S043,12,4,3,-1,Rest,1.25,3.25
S043,12,4,4,-1,Rest,1.5,3.5
S043,12,4,5,-1,Rest,1.75,3.75
S043,12,4,6,-1,Rest,2.0,4.0
S043,12,6,4,-1,Rest,1.5,3.5
S043,12,6,5,-1,Rest,1.75,3.75
S043,12,6,6,-1,Rest,2.0,4.0
S043,12,8,0,-1,Rest,0.5,2.5
S043,12,8,1,-1,Rest,0.75,2.75
S043,12,8,2,-1,Rest,1.0,3.0
S043,12,8,3,-1,Rest,1.25,3.25
S043,12,8,4,-1,Rest,1.5,3.5
S043,12,8,5,-1,Rest,1.75,3.75
S043,12,8,6,-1,Rest,2.0,4.0
S043,12,10,0,-1,Rest,0.5,2.5
S043,12,10,1,-1,Rest,0.75,2.75
S043,12,10,2,-1,Rest,1.0,3.0
S043,12,10,3,-1,Rest,1.25,3.25
S043,12,10,4,-1,Rest,1.5,3.5
S043,12,10,5,-1,Rest,1.75,3.75
S043,12,10,6,-1,Rest,2.0,4.0
S043,12,12,0,-1,Rest,0.5,2.5
S043,12,12,1,-1,Rest,0.75,2.75
S043,12,12,2,-1,Rest,1.0,3.0
S043,12,12,3,-1,Rest,1.25,3.25
S043,12,12,4,-1,Rest,1.5,3.5
S043,12,12,5,-1,Rest,1.75,3.75
S043,12,12,6,-1,Rest,2.0,4.0
S043,12,14,0,-1,Rest,0.5,2.5
S043,12,14,1,-1,Rest,0.75,2.75
S043,12,14,2,-1,Rest,1.0,3.0
S043,12,14,3,-1,Rest,1.25,3.25
S043,12,14,4,-1,Rest,1.5,3.5
S043,12,14,5,-1,Rest,1.75,3.75
S043,12,14,6,-1,Rest,2.0,4.0
S043,12,16,0,-1,Rest,0.5,2.5
S043,12,16,1,-1,Rest,0.75,2.75
S043,12,16,2,-1,Rest,1.0,3.0
S043,12,16,3,-1,Rest,1.25,3.25
S043,12,16,4,-1,Rest,1.5,3.5
S043,12,16,5,-1,Rest,1.75,3.75
S043,12,16,6,-1,Rest,2.0,4.0
S043,12,18,0,-1,Rest,0.5,2.5
S043,12,18,1,-1,Rest,0.75,2.75
S043,12,18,2,-1,Rest,1.0,3.0
S043,12,18,3,-1,Rest,1.25,3.25
S043,12,18,4,-1,Rest,1.5,3.5
S043,12,18,5,-1,Rest,1.75,3.75
S043,12,18,6,-1,Rest,2.0,4.0
S043,12,20,0,-1,Rest,0.5,2.5
S043,12,20,1,-1,Rest,0.75,2.75
S043,12,20,2,-1,Rest,1.0,3.0
S043,12,20,3,-1,Rest,1.25,3.25
S043,12,20,4,-1,Rest,1.5,3.5
S043,12,20,5,-1,Rest,1.75,3.75
S043,12,20,6,-1,Rest,2.0,4.0
S043,12,22,0,-1,Rest,0.5,2.5
S043,12,22,1,-1,Rest,0.75,2.75
S043,12,22,2,-1,Rest,1.0,3.0
S043,12,22,3,-1,Rest,1.25,3.25
S043,12,22,4,-1,Rest,1.5,3.5
S043,12,22,5,-1,Rest,1.75,3.75
S043,12,22,6,-1,Rest,2.0,4.0
S043,12,24,0,-1,Rest,0.5,2.5
S043,12,24,1,-1,Rest,0.75,2.75
S043,12,24,2,-1,Rest,1.0,3.0
S043,12,24,3,-1,Rest,1.25,3.25
S043,12,24,4,-1,Rest,1.5,3.5
S043,12,24,5,-1,Rest,1.75,3.75
S043,12,24,6,-1,Rest,2.0,4.0
S043,12,26,0,-1,Rest,0.5,2.5
S043,12,26,1,-1,Rest,0.75,2.75
S043,12,26,2,-1,Rest,1.0,3.0
S043,12,26,3,-1,Rest,1.25,3.25
S043,12,26,4,-1,Rest,1.5,3.5
S043,12,26,5,-1,Rest,1.75,3.75
S043,12,26,6,-1,Rest,2.0,4.0
S043,12,28,0,-1,Rest,0.5,2.5
S043,12,28,1,-1,Rest,0.75,2.75
S043,12,28,2,-1,Rest,1.0,3.0
S043,12,28,3,-1,Rest,1.25,3.25
S043,12,28,4,-1,Rest,1.5,3.5
S043,12,28,5,-1,Rest,1.75,3.75
S043,12,28,6,-1,Rest,2.0,4.0
S044,04,0,0,-1,Rest,0.5,2.5
S044,04,0,1,-1,Rest,0.75,2.75
S044,04,0,2,-1,Rest,1.0,3.0
S044,04,0,3,-1,Rest,1.25,3.25
S044,04,0,4,-1,Rest,1.5,3.5
S044,04,0,5,-1,Rest,1.75,3.75
S044,04,0,6,-1,Rest,2.0,4.0
S044,04,2,0,-1,Rest,0.5,2.5
S044,04,2,1,-1,Rest,0.75,2.75
S044,04,2,2,-1,Rest,1.0,3.0
S044,04,2,3,-1,Rest,1.25,3.25
S044,04,2,4,-1,Rest,1.5,3.5
S044,04,2,5,-1,Rest,1.75,3.75
S044,04,2,6,-1,Rest,2.0,4.0
S044,04,4,0,-1,Rest,0.5,2.5
S044,04,6,0,-1,Rest,0.5,2.5
S044,04,6,1,-1,Rest,0.75,2.75
S044,04,6,2,-1,Rest,1.0,3.0
S044,04,6,3,-1,Rest,1.25,3.25
S044,04,8,0,-1,Rest,0.5,2.5
S044,04,8,1,-1,Rest,0.75,2.75
S044,04,8,2,-1,Rest,1.0,3.0
S044,04,8,3,-1,Rest,1.25,3.25
S044,04,8,4,-1,Rest,1.5,3.5
S044,04,8,5,-1,Rest,1.75,3.75
S044,04,8,6,-1,Rest,2.0,4.0
S044,04,10,0,-1,Rest,0.5,2.5
S044,04,18,0,-1,Rest,0.5,2.5
S044,04,18,1,-1,Rest,0.75,2.75
S044,04,18,2,-1,Rest,1.0,3.0
S044,04,20,0,-1,Rest,0.5,2.5
S044,04,20,1,-1,Rest,0.75,2.75
S044,04,26,0,-1,Rest,0.5,2.5
S044,04,26,1,-1,Rest,0.75,2.75
S044,04,26,2,-1,Rest,1.0,3.0
S044,04,26,3,-1,Rest,1.25,3.25
S044,04,26,4,-1,Rest,1.5,3.5
S044,04,26,5,-1,Rest,1.75,3.75
S044,04,26,6,-1,Rest,2.0,4.0
S044,04,28,0,-1,Rest,0.5,2.5
S044,04,28,1,-1,Rest,0.75,2.75
S044,04,28,2,-1,Rest,1.0,3.0
S044,04,28,3,-1,Rest,1.25,3.25
S044,04,28,4,-1,Rest,1.5,3.5
S044,04,28,5,-1,Rest,1.75,3.75
S044,08,0,0,-1,Rest,0.5,2.5
S044,08,0,1,-1,Rest,0.75,2.75
S044,08,0,2,-1,Rest,1.0,3.0
S044,08,0,3,-1,Rest,1.25,3.25
S044,08,0,4,-1,Rest,1.5,3.5
S044,08,0,5,-1,Rest,1.75,3.75
S044,08,0,6,-1,Rest,2.0,4.0
S044,08,2,0,-1,Rest,0.5,2.5
S044,08,2,1,-1,Rest,0.75,2.75
S044,08,4,0,-1,Rest,0.5,2.5
S044,08,4,1,-1,Rest,0.75,2.75
S044,08,4,2,-1,Rest,1.0,3.0
S044,08,4,3,-1,Rest,1.25,3.25
S044,08,4,4,-1,Rest,1.5,3.5
S044,08,4,5,-1,Rest,1.75,3.75
S044,08,4,6,-1,Rest,2.0,4.0
S044,08,6,0,-1,Rest,0.5,2.5
S044,08,6,1,-1,Rest,0.75,2.75
S044,08,6,2,-1,Rest,1.0,3.0
S044,08,6,3,-1,Rest,1.25,3.25
S044,08,6,4,-1,Rest,1.5,3.5
S044,08,14,0,-1,Rest,0.5,2.5
S044,08,14,1,-1,Rest,0.75,2.75
S044,08,14,2,-1,Rest,1.0,3.0
S044,08,14,3,-1,Rest,1.25,3.25
S044,08,14,4,-1,Rest,1.5,3.5
S044,08,14,5,-1,Rest,1.75,3.75
S044,08,14,6,-1,Rest,2.0,4.0
S044,08,16,0,-1,Rest,0.5,2.5
S044,08,16,1,-1,Rest,0.75,2.75
S044,08,16,2,-1,Rest,1.0,3.0
S044,08,16,3,-1,Rest,1.25,3.25
S044,08,16,4,-1,Rest,1.5,3.5
S044,08,16,5,-1,Rest,1.75,3.75
S044,08,20,0,-1,Rest,0.5,2.5
S044,08,26,1,-1,Rest,0.75,2.75
S044,08,26,2,-1,Rest,1.0,3.0
S044,08,26,3,-1,Rest,1.25,3.25
S044,08,26,4,-1,Rest,1.5,3.5
S044,08,26,5,-1,Rest,1.75,3.75
S044,08,26,6,-1,Rest,2.0,4.0
S044,08,28,3,-1,Rest,1.25,3.25
S044,08,28,4,-1,Rest,1.5,3.5
S044,08,28,5,-1,Rest,1.75,3.75
S044,08,28,6,-1,Rest,2.0,4.0
S044,12,0,0,-1,Rest,0.5,2.5
S044,12,0,1,-1,Rest,0.75,2.75
S044,12,0,2,-1,Rest,1.0,3.0
S044,12,0,3,-1,Rest,1.25,3.25
S044,12,0,4,-1,Rest,1.5,3.5
S044,12,0,5,-1,Rest,1.75,3.75
S044,12,0,6,-1,Rest,2.0,4.0
S044,12,2,0,-1,Rest,0.5,2.5
S044,12,2,1,-1,Rest,0.75,2.75
S044,12,4,0,-1,Rest,0.5,2.5
S044,12,4,1,-1,Rest,0.75,2.75
S044,12,4,2,-1,Rest,1.0,3.0
S044,12,4,3,-1,Rest,1.25,3.25
S044,12,4,4,-1,Rest,1.5,3.5
S044,12,4,5,-1,Rest,1.75,3.75
S044,12,4,6,-1,Rest,2.0,4.0
S044,12,6,0,-1,Rest,0.5,2.5
S044,12,6,1,-1,Rest,0.75,2.75
S044,12,6,2,-1,Rest,1.0,3.0
S044,12,6,3,-1,Rest,1.25,3.25
S044,12,6,4,-1,Rest,1.5,3.5
S044,12,6,5,-1,Rest,1.75,3.75
S044,12,6,6,-1,Rest,2.0,4.0
S044,12,8,1,-1,Rest,0.75,2.75
S044,12,8,2,-1,Rest,1.0,3.0
S044,12,8,3,-1,Rest,1.25,3.25
S044,12,16,3,-1,Rest,1.25,3.25
S044,12,16,4,-1,Rest,1.5,3.5
S044,12,16,5,-1,Rest,1.75,3.75
S044,12,16,6,-1,Rest,2.0,4.0
S044,12,26,0,-1,Rest,0.5,2.5
S044,12,26,1,-1,Rest,0.75,2.75
S044,12,26,2,-1,Rest,1.0,3.0
S044,12,26,3,-1,Rest,1.25,3.25
S044,12,26,4,-1,Rest,1.5,3.5
S044,12,26,5,-1,Rest,1.75,3.75
S044,12,26,6,-1,Rest,2.0,4.0
S046,04,0,0,-1,Rest,0.5,2.5
S046,04,0,1,-1,Rest,0.75,2.75
S046,04,0,2,-1,Rest,1.0,3.0
S046,04,0,3,-1,Rest,1.25,3.25
S046,04,0,4,-1,Rest,1.5,3.5
S046,04,0,5,-1,Rest,1.75,3.75
S046,04,0,6,-1,Rest,2.0,4.0
S046,04,2,0,-1,Rest,0.5,2.5
S046,04,2,1,-1,Rest,0.75,2.75
S046,04,2,2,-1,Rest,1.0,3.0
S046,04,2,3,-1,Rest,1.25,3.25
S046,04,2,4,-1,Rest,1.5,3.5
S046,04,2,5,-1,Rest,1.75,3.75
S046,04,2,6,-1,Rest,2.0,4.0
S046,04,4,0,-1,Rest,0.5,2.5
S046,04,4,1,-1,Rest,0.75,2.75
S046,04,4,2,-1,Rest,1.0,3.0
S046,04,4,3,-1,Rest,1.25,3.25
S046,04,4,4,-1,Rest,1.5,3.5
S046,04,4,5,-1,Rest,1.75,3.75
S046,04,4,6,-1,Rest,2.0,4.0
S046,04,6,0,-1,Rest,0.5,2.5
S046,04,6,1,-1,Rest,0.75,2.75
S046,04,6,2,-1,Rest,1.0,3.0
S046,04,6,3,-1,Rest,1.25,3.25
S046,04,6,4,-1,Rest,1.5,3.5
S046,04,6,5,-1,Rest,1.75,3.75
S046,04,6,6,-1,Rest,2.0,4.0
S046,04,8,0,-1,Rest,0.5,2.5
S046,04,8,1,-1,Rest,0.75,2.75
S046,04,8,2,-1,Rest,1.0,3.0
S046,04,8,3,-1,Rest,1.25,3.25
S046,04,8,4,-1,Rest,1.5,3.5
S046,04,8,5,-1,Rest,1.75,3.75
S046,04,8,6,-1,Rest,2.0,4.0
S046,04,10,0,-1,Rest,0.5,2.5
S046,04,10,1,-1,Rest,0.75,2.75
S046,04,10,2,-1,Rest,1.0,3.0
S046,04,10,3,-1,Rest,1.25,3.25
S046,04,10,4,-1,Rest,1.5,3.5
S046,04,10,5,-1,Rest,1.75,3.75
S046,04,10,6,-1,Rest,2.0,4.0
S046,04,12,0,-1,Rest,0.5,2.5
S046,04,12,1,-1,Rest,0.75,2.75
S046,04,12,2,-1,Rest,1.0,3.0
S046,04,12,3,-1,Rest,1.25,3.25
S046,04,12,4,-1,Rest,1.5,3.5
S046,04,12,5,-1,Rest,1.75,3.75
S046,04,12,6,-1,Rest,2.0,4.0
S046,04,14,0,-1,Rest,0.5,2.5
S046,04,14,1,-1,Rest,0.75,2.75
S046,04,14,2,-1,Rest,1.0,3.0
S046,04,14,3,-1,Rest,1.25,3.25
S046,04,14,4,-1,Rest,1.5,3.5
S046,04,14,5,-1,Rest,1.75,3.75
S046,04,14,6,-1,Rest,2.0,4.0
S046,04,16,0,-1,Rest,0.5,2.5
S046,04,16,1,-1,Rest,0.75,2.75
S046,04,16,2,-1,Rest,1.0,3.0
S046,04,16,3,-1,Rest,1.25,3.25
S046,04,16,4,-1,Rest,1.5,3.5
S046,04,16,5,-1,Rest,1.75,3.75
S046,04,16,6,-1,Rest,2.0,4.0
S046,04,18,0,-1,Rest,0.5,2.5
S046,04,18,1,-1,Rest,0.75,2.75
S046,04,18,2,-1,Rest,1.0,3.0
S046,04,18,3,-1,Rest,1.25,3.25
S046,04,18,4,-1,Rest,1.5,3.5
S046,04,18,5,-1,Rest,1.75,3.75
S046,04,18,6,-1,Rest,2.0,4.0
S046,04,20,0,-1,Rest,0.5,2.5
S046,04,20,1,-1,Rest,0.75,2.75
S046,04,20,2,-1,Rest,1.0,3.0
S046,04,20,3,-1,Rest,1.25,3.25
S046,04,20,4,-1,Rest,1.5,3.5
S046,04,20,5,-1,Rest,1.75,3.75
S046,04,20,6,-1,Rest,2.0,4.0
S046,04,22,0,-1,Rest,0.5,2.5
S046,04,22,1,-1,Rest,0.75,2.75
S046,04,22,2,-1,Rest,1.0,3.0
S046,04,22,3,-1,Rest,1.25,3.25
S046,04,22,4,-1,Rest,1.5,3.5
S046,04,22,5,-1,Rest,1.75,3.75
S046,04,22,6,-1,Rest,2.0,4.0
S046,04,24,0,-1,Rest,0.5,2.5
S046,04,24,1,-1,Rest,0.75,2.75
S046,04,24,2,-1,Rest,1.0,3.0
S046,04,24,3,-1,Rest,1.25,3.25
S046,04,24,4,-1,Rest,1.5,3.5
S046,04,24,5,-1,Rest,1.75,3.75
S046,04,24,6,-1,Rest,2.0,4.0
S046,04,26,0,-1,Rest,0.5,2.5
S046,04,26,1,-1,Rest,0.75,2.75
S046,04,26,2,-1,Rest,1.0,3.0
S046,04,26,3,-1,Rest,1.25,3.25
S046,04,26,4,-1,Rest,1.5,3.5
S046,04,26,5,-1,Rest,1.75,3.75
S046,04,26,6,-1,Rest,2.0,4.0
S046,04,28,0,-1,Rest,0.5,2.5
S046,04,28,1,-1,Rest,0.75,2.75
S046,04,28,2,-1,Rest,1.0,3.0
S046,04,28,3,-1,Rest,1.25,3.25
S046,04,28,4,-1,Rest,1.5,3.5
S046,04,28,5,-1,Rest,1.75,3.75
S046,04,28,6,-1,Rest,2.0,4.0
S046,08,0,0,-1,Rest,0.5,2.5
S046,08,0,1,-1,Rest,0.75,2.75
S046,08,0,2,-1,Rest,1.0,3.0
S046,08,0,3,-1,Rest,1.25,3.25
S046,08,0,4,-1,Rest,1.5,3.5
S046,08,0,5,-1,Rest,1.75,3.75
S046,08,0,6,-1,Rest,2.0,4.0
S046,08,2,0,-1,Rest,0.5,2.5
S046,08,2,1,-1,Rest,0.75,2.75
S046,08,2,2,-1,Rest,1.0,3.0
S046,08,2,3,-1,Rest,1.25,3.25
S046,08,2,4,-1,Rest,1.5,3.5
S046,08,2,5,-1,Rest,1.75,3.75
S046,08,2,6,-1,Rest,2.0,4.0
S046,08,4,0,-1,Rest,0.5,2.5
S046,08,4,1,-1,Rest,0.75,2.75
S046,08,4,2,-1,Rest,1.0,3.0
S046,08,4,3,-1,Rest,1.25,3.25
S046,08,4,4,-1,Rest,1.5,3.5
S046,08,4,5,-1,Rest,1.75,3.75
S046,08,4,6,-1,Rest,2.0,4.0
S046,08,6,0,-1,Rest,0.5,2.5
S046,08,6,1,-1,Rest,0.75,2.75
S046,08,6,2,-1,Rest,1.0,3.0
S046,08,6,3,-1,Rest,1.25,3.25
S046,08,6,4,-1,Rest,1.5,3.5
S046,08,6,5,-1,Rest,1.75,3.75
S046,08,6,6,-1,Rest,2.0,4.0
S046,08,8,0,-1,Rest,0.5,2.5
S046,08,8,1,-1,Rest,0.75,2.75
S046,08,8,2,-1,Rest,1.0,3.0
S046,08,8,3,-1,Rest,1.25,3.25
S046,08,8,4,-1,Rest,1.5,3.5
S046,08,8,5,-1,Rest,1.75,3.75
S046,08,8,6,-1,Rest,2.0,4.0
S046,08,10,0,-1,Rest,0.5,2.5
S046,08,10,1,-1,Rest,0.75,2.75
S046,08,10,2,-1,Rest,1.0,3.0
S046,08,10,3,-1,Rest,1.25,3.25
S046,08,10,4,-1,Rest,1.5,3.5
S046,08,10,5,-1,Rest,1.75,3.75
S046,08,10,6,-1,Rest,2.0,4.0
S046,08,12,0,-1,Rest,0.5,2.5
S046,08,12,1,-1,Rest,0.75,2.75
S046,08,12,2,-1,Rest,1.0,3.0
S046,08,12,3,-1,Rest,1.25,3.25
S046,08,12,4,-1,Rest,1.5,3.5
S046,08,12,5,-1,Rest,1.75,3.75
S046,08,12,6,-1,Rest,2.0,4.0
S046,08,14,0,-1,Rest,0.5,2.5
S046,08,14,1,-1,Rest,0.75,2.75
S046,08,14,2,-1,Rest,1.0,3.0
S046,08,14,3,-1,Rest,1.25,3.25
S046,08,14,4,-1,Rest,1.5,3.5
S046,08,14,5,-1,Rest,1.75,3.75
S046,08,14,6,-1,Rest,2.0,4.0
S046,08,16,0,-1,Rest,0.5,2.5
S046,08,16,1,-1,Rest,0.75,2.75
S046,08,16,2,-1,Rest,1.0,3.0
S046,08,16,3,-1,Rest,1.25,3.25
S046,08,16,4,-1,Rest,1.5,3.5
S046,08,16,5,-1,Rest,1.75,3.75
S046,08,16,6,-1,Rest,2.0,4.0
S046,08,18,0,-1,Rest,0.5,2.5
S046,08,18,1,-1,Rest,0.75,2.75
S046,08,18,2,-1,Rest,1.0,3.0
S046,08,18,3,-1,Rest,1.25,3.25
S046,08,18,4,-1,Rest,1.5,3.5
S046,08,18,5,-1,Rest,1.75,3.75
S046,08,18,6,-1,Rest,2.0,4.0
S046,08,20,0,-1,Rest,0.5,2.5
S046,08,20,1,-1,Rest,0.75,2.75
S046,08,20,2,-1,Rest,1.0,3.0
S046,08,20,3,-1,Rest,1.25,3.25
S046,08,20,4,-1,Rest,1.5,3.5
S046,08,20,5,-1,Rest,1.75,3.75
S046,08,20,6,-1,Rest,2.0,4.0
S046,08,22,0,-1,Rest,0.5,2.5
S046,08,22,1,-1,Rest,0.75,2.75
S046,08,22,2,-1,Rest,1.0,3.0
S046,08,22,3,-1,Rest,1.25,3.25
S046,08,22,4,-1,Rest,1.5,3.5
S046,08,22,5,-1,Rest,1.75,3.75
S046,08,22,6,-1,Rest,2.0,4.0
S046,08,24,0,-1,Rest,0.5,2.5
S046,08,24,1,-1,Rest,0.75,2.75
S046,08,24,2,-1,Rest,1.0,3.0
S046,08,24,3,-1,Rest,1.25,3.25
S046,08,24,4,-1,Rest,1.5,3.5
S046,08,24,5,-1,Rest,1.75,3.75
S046,08,24,6,-1,Rest,2.0,4.0
S046,08,26,0,-1,Rest,0.5,2.5
S046,08,26,1,-1,Rest,0.75,2.75
S046,08,26,2,-1,Rest,1.0,3.0
S046,08,26,3,-1,Rest,1.25,3.25
S046,08,26,4,-1,Rest,1.5,3.5
S046,08,26,5,-1,Rest,1.75,3.75
S046,08,26,6,-1,Rest,2.0,4.0
S046,08,28,0,-1,Rest,0.5,2.5
S046,08,28,1,-1,Rest,0.75,2.75
S046,08,28,2,-1,Rest,1.0,3.0
S046,08,28,3,-1,Rest,1.25,3.25
S046,08,28,4,-1,Rest,1.5,3.5
S046,08,28,5,-1,Rest,1.75,3.75
S046,08,28,6,-1,Rest,2.0,4.0
S046,12,0,0,-1,Rest,0.5,2.5
S046,12,0,1,-1,Rest,0.75,2.75
S046,12,0,2,-1,Rest,1.0,3.0
S046,12,0,3,-1,Rest,1.25,3.25
S046,12,0,4,-1,Rest,1.5,3.5
S046,12,0,5,-1,Rest,1.75,3.75
S046,12,0,6,-1,Rest,2.0,4.0
S046,12,2,0,-1,Rest,0.5,2.5
S046,12,2,1,-1,Rest,0.75,2.75
S046,12,2,2,-1,Rest,1.0,3.0
S046,12,2,3,-1,Rest,1.25,3.25
S046,12,2,4,-1,Rest,1.5,3.5
S046,12,2,5,-1,Rest,1.75,3.75
S046,12,2,6,-1,Rest,2.0,4.0
S046,12,4,0,-1,Rest,0.5,2.5
S046,12,4,1,-1,Rest,0.75,2.75
S046,12,4,2,-1,Rest,1.0,3.0
S046,12,4,3,-1,Rest,1.25,3.25
S046,12,4,4,-1,Rest,1.5,3.5
S046,12,4,5,-1,Rest,1.75,3.75
S046,12,4,6,-1,Rest,2.0,4.0
S046,12,6,0,-1,Rest,0.5,2.5
S046,12,6,1,-1,Rest,0.75,2.75
S046,12,6,2,-1,Rest,1.0,3.0
S046,12,6,3,-1,Rest,1.25,3.25
S046,12,6,4,-1,Rest,1.5,3.5
S046,12,6,5,-1,Rest,1.75,3.75
S046,12,6,6,-1,Rest,2.0,4.0
S046,12,8,0,-1,Rest,0.5,2.5
S046,12,8,1,-1,Rest,0.75,2.75
S046,12,8,2,-1,Rest,1.0,3.0
S046,12,8,3,-1,Rest,1.25,3.25
S046,12,8,4,-1,Rest,1.5,3.5
S046,12,8,5,-1,Rest,1.75,3.75
S046,12,8,6,-1,Rest,2.0,4.0
S046,12,10,0,-1,Rest,0.5,2.5
S046,12,10,1,-1,Rest,0.75,2.75
S046,12,10,2,-1,Rest,1.0,3.0
S046,12,10,3,-1,Rest,1.25,3.25
S046,12,10,4,-1,Rest,1.5,3.5
S046,12,10,5,-1,Rest,1.75,3.75
S046,12,10,6,-1,Rest,2.0,4.0
S046,12,12,0,-1,Rest,0.5,2.5
S046,12,12,1,-1,Rest,0.75,2.75
S046,12,12,2,-1,Rest,1.0,3.0
S046,12,12,3,-1,Rest,1.25,3.25
S046,12,12,4,-1,Rest,1.5,3.5
S046,12,12,5,-1,Rest,1.75,3.75
S046,12,12,6,-1,Rest,2.0,4.0
S046,12,14,0,-1,Rest,0.5,2.5
S046,12,14,1,-1,Rest,0.75,2.75
S046,12,14,2,-1,Rest,1.0,3.0
S046,12,14,3,-1,Rest,1.25,3.25
S046,12,14,4,-1,Rest,1.5,3.5
S046,12,14,5,-1,Rest,1.75,3.75
S046,12,14,6,-1,Rest,2.0,4.0
S046,12,16,0,-1,Rest,0.5,2.5
S046,12,16,1,-1,Rest,0.75,2.75
S046,12,16,2,-1,Rest,1.0,3.0
S046,12,16,3,-1,Rest,1.25,3.25
S046,12,16,4,-1,Rest,1.5,3.5
S046,12,16,5,-1,Rest,1.75,3.75
S046,12,16,6,-1,Rest,2.0,4.0
S046,12,18,0,-1,Rest,0.5,2.5
S046,12,18,1,-1,Rest,0.75,2.75
S046,12,18,2,-1,Rest,1.0,3.0
S046,12,18,3,-1,Rest,1.25,3.25
S046,12,18,4,-1,Rest,1.5,3.5
S046,12,18,5,-1,Rest,1.75,3.75
S046,12,18,6,-1,Rest,2.0,4.0
S046,12,20,0,-1,Rest,0.5,2.5
S046,12,20,1,-1,Rest,0.75,2.75
S046,12,20,2,-1,Rest,1.0,3.0
S046,12,20,3,-1,Rest,1.25,3.25
S046,12,20,4,-1,Rest,1.5,3.5
S046,12,20,5,-1,Rest,1.75,3.75
S046,12,20,6,-1,Rest,2.0,4.0
S046,12,22,0,-1,Rest,0.5,2.5
S046,12,22,1,-1,Rest,0.75,2.75
S046,12,22,2,-1,Rest,1.0,3.0
S046,12,22,3,-1,Rest,1.25,3.25
S046,12,22,4,-1,Rest,1.5,3.5
S046,12,22,5,-1,Rest,1.75,3.75
S046,12,22,6,-1,Rest,2.0,4.0
S046,12,24,0,-1,Rest,0.5,2.5
S046,12,24,1,-1,Rest,0.75,2.75
S046,12,24,2,-1,Rest,1.0,3.0
S046,12,24,3,-1,Rest,1.25,3.25
S046,12,24,4,-1,Rest,1.5,3.5
S046,12,24,5,-1,Rest,1.75,3.75
S046,12,24,6,-1,Rest,2.0,4.0
S046,12,26,0,-1,Rest,0.5,2.5
S046,12,26,1,-1,Rest,0.75,2.75
S046,12,26,2,-1,Rest,1.0,3.0
S046,12,26,3,-1,Rest,1.25,3.25
S046,12,26,4,-1,Rest,1.5,3.5
S046,12,26,5,-1,Rest,1.75,3.75
S046,12,26,6,-1,Rest,2.0,4.0
S046,12,28,0,-1,Rest,0.5,2.5
S046,12,28,1,-1,Rest,0.75,2.75
S046,12,28,2,-1,Rest,1.0,3.0
S046,12,28,3,-1,Rest,1.25,3.25
S046,12,28,4,-1,Rest,1.5,3.5
S046,12,28,5,-1,Rest,1.75,3.75
S046,12,28,6,-1,Rest,2.0,4.0
S047,04,0,0,-1,Rest,0.5,2.5
S047,04,0,1,-1,Rest,0.75,2.75
S047,04,0,2,-1,Rest,1.0,3.0
S047,04,0,3,-1,Rest,1.25,3.25
S047,04,0,4,-1,Rest,1.5,3.5
S047,04,0,5,-1,Rest,1.75,3.75
S047,04,0,6,-1,Rest,2.0,4.0
S047,04,2,0,-1,Rest,0.5,2.5
S047,04,2,1,-1,Rest,0.75,2.75
S047,04,2,2,-1,Rest,1.0,3.0
S047,04,2,3,-1,Rest,1.25,3.25
S047,04,2,4,-1,Rest,1.5,3.5
S047,04,2,5,-1,Rest,1.75,3.75
S047,04,2,6,-1,Rest,2.0,4.0
S047,04,4,0,-1,Rest,0.5,2.5
S047,04,4,1,-1,Rest,0.75,2.75
S047,04,4,2,-1,Rest,1.0,3.0
S047,04,4,3,-1,Rest,1.25,3.25
S047,04,4,4,-1,Rest,1.5,3.5
S047,04,4,5,-1,Rest,1.75,3.75
S047,04,4,6,-1,Rest,2.0,4.0
S047,04,6,0,-1,Rest,0.5,2.5
S047,04,6,1,-1,Rest,0.75,2.75
S047,04,6,2,-1,Rest,1.0,3.0
S047,04,6,3,-1,Rest,1.25,3.25
S047,04,6,4,-1,Rest,1.5,3.5
S047,04,6,5,-1,Rest,1.75,3.75
S047,04,6,6,-1,Rest,2.0,4.0
S047,04,8,0,-1,Rest,0.5,2.5
S047,04,8,1,-1,Rest,0.75,2.75
S047,04,8,2,-1,Rest,1.0,3.0
S047,04,8,3,-1,Rest,1.25,3.25
S047,04,8,4,-1,Rest,1.5,3.5
S047,04,8,5,-1,Rest,1.75,3.75
S047,04,8,6,-1,Rest,2.0,4.0
S047,04,10,0,-1,Rest,0.5,2.5
S047,04,10,1,-1,Rest,0.75,2.75
S047,04,10,2,-1,Rest,1.0,3.0
S047,04,10,3,-1,Rest,1.25,3.25
S047,04,10,4,-1,Rest,1.5,3.5
S047,04,10,5,-1,Rest,1.75,3.75
S047,04,10,6,-1,Rest,2.0,4.0
S047,04,12,0,-1,Rest,0.5,2.5
S047,04,12,1,-1,Rest,0.75,2.75
S047,04,12,2,-1,Rest,1.0,3.0
S047,04,12,3,-1,Rest,1.25,3.25
S047,04,12,4,-1,Rest,1.5,3.5
S047,04,12,5,-1,Rest,1.75,3.75
S047,04,12,6,-1,Rest,2.0,4.0
S047,04,14,0,-1,Rest,0.5,2.5
S047,04,14,1,-1,Rest,0.75,2.75
S047,04,14,2,-1,Rest,1.0,3.0
S047,04,14,3,-1,Rest,1.25,3.25
S047,04,14,4,-1,Rest,1.5,3.5
S047,04,14,5,-1,Rest,1.75,3.75
S047,04,14,6,-1,Rest,2.0,4.0
S047,04,16,0,-1,Rest,0.5,2.5
S047,04,16,1,-1,Rest,0.75,2.75
S047,04,16,2,-1,Rest,1.0,3.0
S047,04,16,3,-1,Rest,1.25,3.25
S047,04,16,4,-1,Rest,1.5,3.5
S047,04,16,5,-1,Rest,1.75,3.75
S047,04,16,6,-1,Rest,2.0,4.0
S047,04,18,0,-1,Rest,0.5,2.5
S047,04,18,1,-1,Rest,0.75,2.75
S047,04,18,2,-1,Rest,1.0,3.0
S047,04,18,3,-1,Rest,1.25,3.25
S047,04,18,4,-1,Rest,1.5,3.5
S047,04,18,5,-1,Rest,1.75,3.75
S047,04,18,6,-1,Rest,2.0,4.0
S047,04,20,0,-1,Rest,0.5,2.5
S047,04,20,1,-1,Rest,0.75,2.75
S047,04,20,2,-1,Rest,1.0,3.0
S047,04,20,3,-1,Rest,1.25,3.25
S047,04,20,4,-1,Rest,1.5,3.5
S047,04,20,5,-1,Rest,1.75,3.75
S047,04,20,6,-1,Rest,2.0,4.0
S047,04,22,0,-1,Rest,0.5,2.5
S047,04,22,1,-1,Rest,0.75,2.75
S047,04,22,2,-1,Rest,1.0,3.0
S047,04,22,3,-1,Rest,1.25,3.25
S047,04,22,4,-1,Rest,1.5,3.5
S047,04,22,5,-1,Rest,1.75,3.75
S047,04,22,6,-1,Rest,2.0,4.0
S047,04,24,0,-1,Rest,0.5,2.5
S047,04,24,1,-1,Rest,0.75,2.75
S047,04,24,2,-1,Rest,1.0,3.0
S047,04,24,3,-1,Rest,1.25,3.25
S047,04,24,4,-1,Rest,1.5,3.5
S047,04,24,5,-1,Rest,1.75,3.75
S047,04,24,6,-1,Rest,2.0,4.0
S047,04,26,0,-1,Rest,0.5,2.5
S047,04,26,1,-1,Rest,0.75,2.75
S047,04,26,2,-1,Rest,1.0,3.0
S047,04,26,3,-1,Rest,1.25,3.25
S047,04,26,4,-1,Rest,1.5,3.5
S047,04,26,5,-1,Rest,1.75,3.75
S047,04,26,6,-1,Rest,2.0,4.0
S047,04,28,0,-1,Rest,0.5,2.5
S047,04,28,1,-1,Rest,0.75,2.75
S047,04,28,2,-1,Rest,1.0,3.0
S047,04,28,3,-1,Rest,1.25,3.25
S047,04,28,4,-1,Rest,1.5,3.5
S047,04,28,5,-1,Rest,1.75,3.75
S047,04,28,6,-1,Rest,2.0,4.0
S047,08,0,0,-1,Rest,0.5,2.5
S047,08,0,1,-1,Rest,0.75,2.75
S047,08,0,2,-1,Rest,1.0,3.0
S047,08,0,3,-1,Rest,1.25,3.25
S047,08,0,4,-1,Rest,1.5,3.5
S047,08,0,5,-1,Rest,1.75,3.75
S047,08,0,6,-1,Rest,2.0,4.0
S047,08,2,0,-1,Rest,0.5,2.5
S047,08,2,1,-1,Rest,0.75,2.75
S047,08,2,2,-1,Rest,1.0,3.0
S047,08,2,3,-1,Rest,1.25,3.25
S047,08,2,4,-1,Rest,1.5,3.5
S047,08,2,5,-1,Rest,1.75,3.75
S047,08,2,6,-1,Rest,2.0,4.0
S047,08,4,0,-1,Rest,0.5,2.5
S047,08,4,1,-1,Rest,0.75,2.75
S047,08,4,2,-1,Rest,1.0,3.0
S047,08,4,3,-1,Rest,1.25,3.25
S047,08,4,4,-1,Rest,1.5,3.5
S047,08,4,5,-1,Rest,1.75,3.75
S047,08,4,6,-1,Rest,2.0,4.0
S047,08,6,0,-1,Rest,0.5,2.5
S047,08,6,1,-1,Rest,0.75,2.75
S047,08,6,2,-1,Rest,1.0,3.0
S047,08,6,3,-1,Rest,1.25,3.25
S047,08,6,4,-1,Rest,1.5,3.5
S047,08,6,5,-1,Rest,1.75,3.75
S047,08,6,6,-1,Rest,2.0,4.0
S047,08,8,0,-1,Rest,0.5,2.5
S047,08,8,1,-1,Rest,0.75,2.75
S047,08,8,2,-1,Rest,1.0,3.0
S047,08,8,3,-1,Rest,1.25,3.25
S047,08,8,4,-1,Rest,1.5,3.5
S047,08,8,5,-1,Rest,1.75,3.75
S047,08,8,6,-1,Rest,2.0,4.0
S047,08,10,0,-1,Rest,0.5,2.5
S047,08,10,1,-1,Rest,0.75,2.75
S047,08,10,2,-1,Rest,1.0,3.0
S047,08,10,3,-1,Rest,1.25,3.25
S047,08,10,4,-1,Rest,1.5,3.5
S047,08,10,5,-1,Rest,1.75,3.75
S047,08,10,6,-1,Rest,2.0,4.0
S047,08,12,0,-1,Rest,0.5,2.5
S047,08,12,1,-1,Rest,0.75,2.75
S047,08,12,2,-1,Rest,1.0,3.0
S047,08,12,3,-1,Rest,1.25,3.25
S047,08,12,4,-1,Rest,1.5,3.5
S047,08,12,5,-1,Rest,1.75,3.75
S047,08,12,6,-1,Rest,2.0,4.0
S047,08,14,0,-1,Rest,0.5,2.5
S047,08,14,1,-1,Rest,0.75,2.75
S047,08,14,2,-1,Rest,1.0,3.0
S047,08,14,3,-1,Rest,1.25,3.25
S047,08,14,4,-1,Rest,1.5,3.5
S047,08,14,5,-1,Rest,1.75,3.75
S047,08,14,6,-1,Rest,2.0,4.0
S047,08,16,0,-1,Rest,0.5,2.5
S047,08,16,1,-1,Rest,0.75,2.75
S047,08,16,2,-1,Rest,1.0,3.0
S047,08,16,3,-1,Rest,1.25,3.25
S047,08,16,4,-1,Rest,1.5,3.5
S047,08,16,5,-1,Rest,1.75,3.75
S047,08,16,6,-1,Rest,2.0,4.0
S047,08,18,0,-1,Rest,0.5,2.5
S047,08,18,1,-1,Rest,0.75,2.75
S047,08,18,2,-1,Rest,1.0,3.0
S047,08,18,3,-1,Rest,1.25,3.25
S047,08,18,4,-1,Rest,1.5,3.5
S047,08,18,5,-1,Rest,1.75,3.75
S047,08,18,6,-1,Rest,2.0,4.0
S047,08,20,0,-1,Rest,0.5,2.5
S047,08,20,1,-1,Rest,0.75,2.75
S047,08,20,2,-1,Rest,1.0,3.0
S047,08,20,3,-1,Rest,1.25,3.25
S047,08,20,4,-1,Rest,1.5,3.5
S047,08,20,5,-1,Rest,1.75,3.75
S047,08,20,6,-1,Rest,2.0,4.0
S047,08,22,0,-1,Rest,0.5,2.5
S047,08,22,1,-1,Rest,0.75,2.75
S047,08,22,2,-1,Rest,1.0,3.0
S047,08,22,3,-1,Rest,1.25,3.25
S047,08,22,4,-1,Rest,1.5,3.5
S047,08,22,5,-1,Rest,1.75,3.75
S047,08,22,6,-1,Rest,2.0,4.0
S047,08,24,0,-1,Rest,0.5,2.5
S047,08,24,1,-1,Rest,0.75,2.75
S047,08,24,2,-1,Rest,1.0,3.0
S047,08,24,3,-1,Rest,1.25,3.25
S047,08,24,4,-1,Rest,1.5,3.5
S047,08,24,5,-1,Rest,1.75,3.75
S047,08,24,6,-1,Rest,2.0,4.0
S047,08,26,0,-1,Rest,0.5,2.5
S047,08,26,1,-1,Rest,0.75,2.75
S047,08,26,2,-1,Rest,1.0,3.0
S047,08,26,3,-1,Rest,1.25,3.25
S047,08,26,4,-1,Rest,1.5,3.5
S047,08,26,5,-1,Rest,1.75,3.75
S047,08,26,6,-1,Rest,2.0,4.0
S047,08,28,0,-1,Rest,0.5,2.5
S047,08,28,1,-1,Rest,0.75,2.75
S047,08,28,2,-1,Rest,1.0,3.0
S047,08,28,3,-1,Rest,1.25,3.25
S047,08,28,4,-1,Rest,1.5,3.5
S047,08,28,5,-1,Rest,1.75,3.75
S047,08,28,6,-1,Rest,2.0,4.0
S047,12,0,0,-1,Rest,0.5,2.5
S047,12,0,1,-1,Rest,0.75,2.75
S047,12,0,2,-1,Rest,1.0,3.0
S047,12,0,3,-1,Rest,1.25,3.25
S047,12,0,4,-1,Rest,1.5,3.5
S047,12,0,5,-1,Rest,1.75,3.75
S047,12,0,6,-1,Rest,2.0,4.0
S047,12,2,0,-1,Rest,0.5,2.5
S047,12,2,1,-1,Rest,0.75,2.75
S047,12,2,2,-1,Rest,1.0,3.0
S047,12,2,3,-1,Rest,1.25,3.25
S047,12,2,4,-1,Rest,1.5,3.5
S047,12,2,5,-1,Rest,1.75,3.75
S047,12,2,6,-1,Rest,2.0,4.0
S047,12,4,0,-1,Rest,0.5,2.5
S047,12,4,1,-1,Rest,0.75,2.75
S047,12,4,2,-1,Rest,1.0,3.0
S047,12,4,3,-1,Rest,1.25,3.25
S047,12,4,4,-1,Rest,1.5,3.5
S047,12,4,5,-1,Rest,1.75,3.75
S047,12,4,6,-1,Rest,2.0,4.0
S047,12,6,0,-1,Rest,0.5,2.5
S047,12,6,1,-1,Rest,0.75,2.75
S047,12,6,2,-1,Rest,1.0,3.0
S047,12,6,3,-1,Rest,1.25,3.25
S047,12,6,4,-1,Rest,1.5,3.5
S047,12,6,5,-1,Rest,1.75,3.75
S047,12,6,6,-1,Rest,2.0,4.0
S047,12,8,0,-1,Rest,0.5,2.5
S047,12,8,1,-1,Rest,0.75,2.75
S047,12,8,2,-1,Rest,1.0,3.0
S047,12,8,3,-1,Rest,1.25,3.25
S047,12,8,4,-1,Rest,1.5,3.5
S047,12,8,5,-1,Rest,1.75,3.75
S047,12,8,6,-1,Rest,2.0,4.0
S047,12,10,0,-1,Rest,0.5,2.5
S047,12,10,1,-1,Rest,0.75,2.75
S047,12,10,2,-1,Rest,1.0,3.0
S047,12,10,3,-1,Rest,1.25,3.25
S047,12,10,4,-1,Rest,1.5,3.5
S047,12,10,5,-1,Rest,1.75,3.75
S047,12,10,6,-1,Rest,2.0,4.0
S047,12,12,0,-1,Rest,0.5,2.5
S047,12,12,1,-1,Rest,0.75,2.75
S047,12,12,2,-1,Rest,1.0,3.0
S047,12,12,3,-1,Rest,1.25,3.25
S047,12,12,4,-1,Rest,1.5,3.5
S047,12,12,5,-1,Rest,1.75,3.75
S047,12,12,6,-1,Rest,2.0,4.0
S047,12,14,0,-1,Rest,0.5,2.5
S047,12,14,1,-1,Rest,0.75,2.75
S047,12,14,2,-1,Rest,1.0,3.0
S047,12,14,3,-1,Rest,1.25,3.25
S047,12,14,4,-1,Rest,1.5,3.5
S047,12,14,5,-1,Rest,1.75,3.75
S047,12,14,6,-1,Rest,2.0,4.0
S047,12,16,0,-1,Rest,0.5,2.5
S047,12,16,1,-1,Rest,0.75,2.75
S047,12,16,2,-1,Rest,1.0,3.0
S047,12,16,3,-1,Rest,1.25,3.25
S047,12,16,4,-1,Rest,1.5,3.5
S047,12,16,5,-1,Rest,1.75,3.75
S047,12,16,6,-1,Rest,2.0,4.0
S047,12,18,0,-1,Rest,0.5,2.5
S047,12,18,1,-1,Rest,0.75,2.75
S047,12,18,2,-1,Rest,1.0,3.0
S047,12,18,3,-1,Rest,1.25,3.25
S047,12,18,4,-1,Rest,1.5,3.5
S047,12,18,5,-1,Rest,1.75,3.75
S047,12,18,6,-1,Rest,2.0,4.0
S047,12,20,0,-1,Rest,0.5,2.5
S047,12,20,1,-1,Rest,0.75,2.75
S047,12,20,2,-1,Rest,1.0,3.0
S047,12,20,3,-1,Rest,1.25,3.25
S047,12,20,4,-1,Rest,1.5,3.5
S047,12,20,5,-1,Rest,1.75,3.75
S047,12,20,6,-1,Rest,2.0,4.0
S047,12,22,0,-1,Rest,0.5,2.5
S047,12,22,1,-1,Rest,0.75,2.75
S047,12,22,2,-1,Rest,1.0,3.0
S047,12,22,3,-1,Rest,1.25,3.25
S047,12,22,4,-1,Rest,1.5,3.5
S047,12,22,5,-1,Rest,1.75,3.75
S047,12,22,6,-1,Rest,2.0,4.0
S047,12,24,0,-1,Rest,0.5,2.5
S047,12,24,1,-1,Rest,0.75,2.75
S047,12,24,2,-1,Rest,1.0,3.0
S047,12,24,3,-1,Rest,1.25,3.25
S047,12,24,4,-1,Rest,1.5,3.5
S047,12,24,5,-1,Rest,1.75,3.75
S047,12,24,6,-1,Rest,2.0,4.0
S047,12,26,0,-1,Rest,0.5,2.5
S047,12,26,1,-1,Rest,0.75,2.75
S047,12,26,2,-1,Rest,1.0,3.0
S047,12,26,3,-1,Rest,1.25,3.25
S047,12,26,4,-1,Rest,1.5,3.5
S047,12,26,5,-1,Rest,1.75,3.75
S047,12,26,6,-1,Rest,2.0,4.0
S047,12,28,0,-1,Rest,0.5,2.5
S047,12,28,1,-1,Rest,0.75,2.75
S047,12,28,2,-1,Rest,1.0,3.0
S047,12,28,3,-1,Rest,1.25,3.25
S047,12,28,4,-1,Rest,1.5,3.5
S047,12,28,5,-1,Rest,1.75,3.75
S047,12,28,6,-1,Rest,2.0,4.0
S049,04,0,0,-1,Rest,0.5,2.5
S049,04,0,1,-1,Rest,0.75,2.75
S049,04,0,2,-1,Rest,1.0,3.0
S049,04,0,3,-1,Rest,1.25,3.25
S049,04,0,4,-1,Rest,1.5,3.5
S049,04,0,5,-1,Rest,1.75,3.75
S049,04,0,6,-1,Rest,2.0,4.0
S049,04,2,0,-1,Rest,0.5,2.5
S049,04,2,1,-1,Rest,0.75,2.75
S049,04,2,2,-1,Rest,1.0,3.0
S049,04,2,3,-1,Rest,1.25,3.25
S049,04,2,4,-1,Rest,1.5,3.5
S049,04,2,5,-1,Rest,1.75,3.75
S049,04,2,6,-1,Rest,2.0,4.0
S049,04,4,0,-1,Rest,0.5,2.5
S049,04,6,0,-1,Rest,0.5,2.5
S049,04,6,1,-1,Rest,0.75,2.75
S049,04,6,2,-1,Rest,1.0,3.0
S049,04,6,3,-1,Rest,1.25,3.25
S049,04,6,4,-1,Rest,1.5,3.5
S049,04,6,5,-1,Rest,1.75,3.75
S049,04,6,6,-1,Rest,2.0,4.0
S049,04,8,0,-1,Rest,0.5,2.5
S049,04,8,1,-1,Rest,0.75,2.75
S049,04,8,2,-1,Rest,1.0,3.0
S049,04,8,3,-1,Rest,1.25,3.25
S049,04,8,4,-1,Rest,1.5,3.5
S049,04,8,5,-1,Rest,1.75,3.75
S049,04,8,6,-1,Rest,2.0,4.0
S049,04,10,0,-1,Rest,0.5,2.5
S049,04,10,1,-1,Rest,0.75,2.75
S049,04,10,2,-1,Rest,1.0,3.0
S049,04,10,3,-1,Rest,1.25,3.25
S049,04,10,4,-1,Rest,1.5,3.5
S049,04,10,5,-1,Rest,1.75,3.75
S049,04,10,6,-1,Rest,2.0,4.0
S049,04,12,0,-1,Rest,0.5,2.5
S049,04,12,1,-1,Rest,0.75,2.75
S049,04,12,2,-1,Rest,1.0,3.0
S049,04,12,3,-1,Rest,1.25,3.25
S049,04,12,4,-1,Rest,1.5,3.5
S049,04,12,5,-1,Rest,1.75,3.75
S049,04,12,6,-1,Rest,2.0,4.0
S049,04,14,0,-1,Rest,0.5,2.5
S049,04,14,1,-1,Rest,0.75,2.75
S049,04,14,2,-1,Rest,1.0,3.0
S049,04,14,3,-1,Rest,1.25,3.25
S049,04,14,4,-1,Rest,1.5,3.5
S049,04,14,5,-1,Rest,1.75,3.75
S049,04,14,6,-1,Rest,2.0,4.0
S049,04,16,0,-1,Rest,0.5,2.5
S049,04,16,1,-1,Rest,0.75,2.75
S049,04,16,2,-1,Rest,1.0,3.0
S049,04,16,3,-1,Rest,1.25,3.25
S049,04,16,4,-1,Rest,1.5,3.5
S049,04,16,5,-1,Rest,1.75,3.75
S049,04,16,6,-1,Rest,2.0,4.0
S049,04,18,0,-1,Rest,0.5,2.5
S049,04,18,1,-1,Rest,0.75,2.75
S049,04,18,2,-1,Rest,1.0,3.0
S049,04,18,3,-1,Rest,1.25,3.25
S049,04,18,4,-1,Rest,1.5,3.5
S049,04,18,5,-1,Rest,1.75,3.75
S049,04,18,6,-1,Rest,2.0,4.0
S049,04,20,0,-1,Rest,0.5,2.5
S049,04,20,1,-1,Rest,0.75,2.75
S049,04,20,2,-1,Rest,1.0,3.0
S049,04,20,3,-1,Rest,1.25,3.25
S049,04,20,4,-1,Rest,1.5,3.5
S049,04,20,5,-1,Rest,1.75,3.75
S049,04,22,0,-1,Rest,0.5,2.5
S049,04,22,1,-1,Rest,0.75,2.75
S049,04,22,2,-1,Rest,1.0,3.0
S049,04,22,3,-1,Rest,1.25,3.25
S049,04,22,4,-1,Rest,1.5,3.5
S049,04,22,5,-1,Rest,1.75,3.75
S049,04,22,6,-1,Rest,2.0,4.0
S049,04,24,0,-1,Rest,0.5,2.5
S049,04,24,1,-1,Rest,0.75,2.75
S049,04,24,2,-1,Rest,1.0,3.0
S049,04,24,3,-1,Rest,1.25,3.25
S049,04,24,4,-1,Rest,1.5,3.5
S049,04,24,5,-1,Rest,1.75,3.75
S049,04,24,6,-1,Rest,2.0,4.0
S049,04,26,0,-1,Rest,0.5,2.5
S049,04,26,1,-1,Rest,0.75,2.75
S049,04,26,2,-1,Rest,1.0,3.0
S049,04,26,3,-1,Rest,1.25,3.25
S049,04,26,4,-1,Rest,1.5,3.5
S049,04,26,5,-1,Rest,1.75,3.75
S049,04,26,6,-1,Rest,2.0,4.0
S049,04,28,0,-1,Rest,0.5,2.5
S049,04,28,1,-1,Rest,0.75,2.75
S049,04,28,2,-1,Rest,1.0,3.0
S049,04,28,3,-1,Rest,1.25,3.25
S049,04,28,4,-1,Rest,1.5,3.5
S049,04,28,5,-1,Rest,1.75,3.75
S049,04,28,6,-1,Rest,2.0,4.0
S049,08,0,0,-1,Rest,0.5,2.5
S049,08,0,1,-1,Rest,0.75,2.75
S049,08,0,2,-1,Rest,1.0,3.0
S049,08,0,3,-1,Rest,1.25,3.25
S049,08,0,4,-1,Rest,1.5,3.5
S049,08,0,5,-1,Rest,1.75,3.75
S049,08,0,6,-1,Rest,2.0,4.0
S049,08,2,0,-1,Rest,0.5,2.5
S049,08,2,1,-1,Rest,0.75,2.75
S049,08,2,2,-1,Rest,1.0,3.0
S049,08,2,3,-1,Rest,1.25,3.25
S049,08,2,4,-1,Rest,1.5,3.5
S049,08,2,5,-1,Rest,1.75,3.75
S049,08,2,6,-1,Rest,2.0,4.0
S049,08,4,0,-1,Rest,0.5,2.5
S049,08,4,1,-1,Rest,0.75,2.75
S049,08,4,2,-1,Rest,1.0,3.0
S049,08,4,3,-1,Rest,1.25,3.25
S049,08,4,4,-1,Rest,1.5,3.5
S049,08,4,5,-1,Rest,1.75,3.75
S049,08,4,6,-1,Rest,2.0,4.0
S049,08,6,0,-1,Rest,0.5,2.5
S049,08,6,1,-1,Rest,0.75,2.75
S049,08,6,2,-1,Rest,1.0,3.0
S049,08,6,3,-1,Rest,1.25,3.25
S049,08,6,4,-1,Rest,1.5,3.5
S049,08,6,5,-1,Rest,1.75,3.75
S049,08,6,6,-1,Rest,2.0,4.0
S049,08,8,5,-1,Rest,1.75,3.75
S049,08,8,6,-1,Rest,2.0,4.0
S049,08,10,1,-1,Rest,0.75,2.75
S049,08,10,2,-1,Rest,1.0,3.0
S049,08,10,3,-1,Rest,1.25,3.25
S049,08,10,4,-1,Rest,1.5,3.5
S049,08,10,5,-1,Rest,1.75,3.75
S049,08,10,6,-1,Rest,2.0,4.0
S049,08,12,6,-1,Rest,2.0,4.0
S049,08,14,0,-1,Rest,0.5,2.5
S049,08,16,0,-1,Rest,0.5,2.5
S049,08,16,1,-1,Rest,0.75,2.75
S049,08,16,2,-1,Rest,1.0,3.0
S049,08,16,3,-1,Rest,1.25,3.25
S049,08,16,4,-1,Rest,1.5,3.5
S049,08,16,5,-1,Rest,1.75,3.75
S049,08,16,6,-1,Rest,2.0,4.0
S049,08,18,0,-1,Rest,0.5,2.5
S049,08,18,1,-1,Rest,0.75,2.75
S049,08,18,2,-1,Rest,1.0,3.0
S049,08,18,3,-1,Rest,1.25,3.25
S049,08,18,4,-1,Rest,1.5,3.5
S049,08,18,5,-1,Rest,1.75,3.75
S049,08,18,6,-1,Rest,2.0,4.0
S049,08,20,0,-1,Rest,0.5,2.5
S049,08,20,1,-1,Rest,0.75,2.75
S049,08,20,2,-1,Rest,1.0,3.0
S049,08,22,0,-1,Rest,0.5,2.5
S049,08,22,1,-1,Rest,0.75,2.75
S049,08,22,2,-1,Rest,1.0,3.0
S049,08,24,0,-1,Rest,0.5,2.5
S049,08,24,1,-1,Rest,0.75,2.75
S049,08,24,2,-1,Rest,1.0,3.0
S049,08,24,3,-1,Rest,1.25,3.25
S049,08,24,4,-1,Rest,1.5,3.5
S049,08,24,5,-1,Rest,1.75,3.75
S049,08,24,6,-1,Rest,2.0,4.0
S049,08,26,3,-1,Rest,1.25,3.25
S049,08,26,4,-1,Rest,1.5,3.5
S049,08,26,5,-1,Rest,1.75,3.75
S049,08,26,6,-1,Rest,2.0,4.0
S049,08,28,0,-1,Rest,0.5,2.5
S049,08,28,1,-1,Rest,0.75,2.75
S049,08,28,2,-1,Rest,1.0,3.0
S049,08,28,3,-1,Rest,1.25,3.25
S049,08,28,4,-1,Rest,1.5,3.5
S049,08,28,5,-1,Rest,1.75,3.75
S049,08,28,6,-1,Rest,2.0,4.0
S049,12,0,0,-1,Rest,0.5,2.5
S049,12,0,1,-1,Rest,0.75,2.75
S049,12,0,2,-1,Rest,1.0,3.0
S049,12,0,3,-1,Rest,1.25,3.25
S049,12,0,4,-1,Rest,1.5,3.5
S049,12,0,5,-1,Rest,1.75,3.75
S049,12,0,6,-1,Rest,2.0,4.0
S049,12,2,0,-1,Rest,0.5,2.5
S049,12,2,1,-1,Rest,0.75,2.75
S049,12,2,2,-1,Rest,1.0,3.0
S049,12,2,3,-1,Rest,1.25,3.25
S049,12,2,4,-1,Rest,1.5,3.5
S049,12,2,5,-1,Rest,1.75,3.75
S049,12,2,6,-1,Rest,2.0,4.0
S049,12,4,0,-1,Rest,0.5,2.5
S049,12,4,1,-1,Rest,0.75,2.75
S049,12,4,2,-1,Rest,1.0,3.0
S049,12,4,3,-1,Rest,1.25,3.25
S049,12,6,0,-1,Rest,0.5,2.5
S049,12,6,1,-1,Rest,0.75,2.75
S049,12,6,2,-1,Rest,1.0,3.0
S049,12,6,3,-1,Rest,1.25,3.25
S049,12,6,4,-1,Rest,1.5,3.5
S049,12,6,5,-1,Rest,1.75,3.75
S049,12,6,6,-1,Rest,2.0,4.0
S049,12,10,0,-1,Rest,0.5,2.5
S049,12,10,1,-1,Rest,0.75,2.75
S049,12,10,2,-1,Rest,1.0,3.0
S049,12,10,3,-1,Rest,1.25,3.25
S049,12,10,4,-1,Rest,1.5,3.5
S049,12,10,5,-1,Rest,1.75,3.75
S049,12,10,6,-1,Rest,2.0,4.0
S049,12,12,0,-1,Rest,0.5,2.5
S049,12,12,1,-1,Rest,0.75,2.75
S049,12,12,2,-1,Rest,1.0,3.0
S049,12,12,3,-1,Rest,1.25,3.25
S049,12,12,4,-1,Rest,1.5,3.5
S049,12,12,5,-1,Rest,1.75,3.75
S049,12,12,6,-1,Rest,2.0,4.0
S049,12,14,0,-1,Rest,0.5,2.5
S049,12,16,0,-1,Rest,0.5,2.5
S049,12,16,1,-1,Rest,0.75,2.75
S049,12,16,2,-1,Rest,1.0,3.0
S049,12,16,3,-1,Rest,1.25,3.25
S049,12,16,4,-1,Rest,1.5,3.5
S049,12,16,5,-1,Rest,1.75,3.75
S049,12,16,6,-1,Rest,2.0,4.0
S049,12,18,1,-1,Rest,0.75,2.75
S049,12,18,2,-1,Rest,1.0,3.0
S049,12,18,3,-1,Rest,1.25,3.25
S049,12,18,4,-1,Rest,1.5,3.5
S049,12,22,0,-1,Rest,0.5,2.5
S049,12,22,1,-1,Rest,0.75,2.75
S049,12,22,2,-1,Rest,1.0,3.0
S049,12,22,3,-1,Rest,1.25,3.25
S049,12,22,4,-1,Rest,1.5,3.5
S049,12,22,5,-1,Rest,1.75,3.75
S049,12,22,6,-1,Rest,2.0,4.0
S049,12,24,0,-1,Rest,0.5,2.5
S049,12,24,1,-1,Rest,0.75,2.75
S049,12,24,2,-1,Rest,1.0,3.0
S049,12,24,3,-1,Rest,1.25,3.25
S049,12,24,4,-1,Rest,1.5,3.5
S049,12,24,5,-1,Rest,1.75,3.75
S049,12,24,6,-1,Rest,2.0,4.0
S049,12,26,0,-1,Rest,0.5,2.5
S049,12,26,1,-1,Rest,0.75,2.75
S049,12,26,2,-1,Rest,1.0,3.0
S049,12,26,3,-1,Rest,1.25,3.25
S049,12,26,4,-1,Rest,1.5,3.5
S049,12,26,5,-1,Rest,1.75,3.75
S049,12,26,6,-1,Rest,2.0,4.0
S049,12,28,0,-1,Rest,0.5,2.5
S049,12,28,1,-1,Rest,0.75,2.75
S049,12,28,2,-1,Rest,1.0,3.0
S049,12,28,3,-1,Rest,1.25,3.25
S049,12,28,4,-1,Rest,1.5,3.5
S049,12,28,5,-1,Rest,1.75,3.75
S051,04,0,0,-1,Rest,0.5,2.5
S051,04,0,1,-1,Rest,0.75,2.75
S051,04,0,2,-1,Rest,1.0,3.0
S051,04,0,3,-1,Rest,1.25,3.25
S051,04,0,4,-1,Rest,1.5,3.5
S051,04,0,5,-1,Rest,1.75,3.75
S051,04,0,6,-1,Rest,2.0,4.0
S051,04,2,0,-1,Rest,0.5,2.5
S051,04,2,1,-1,Rest,0.75,2.75
S051,04,2,2,-1,Rest,1.0,3.0
S051,04,2,3,-1,Rest,1.25,3.25
S051,04,2,4,-1,Rest,1.5,3.5
S051,04,2,5,-1,Rest,1.75,3.75
S051,04,2,6,-1,Rest,2.0,4.0
S051,04,4,0,-1,Rest,0.5,2.5
S051,04,4,1,-1,Rest,0.75,2.75
S051,04,4,2,-1,Rest,1.0,3.0
S051,04,4,3,-1,Rest,1.25,3.25
S051,04,4,4,-1,Rest,1.5,3.5
S051,04,4,5,-1,Rest,1.75,3.75
S051,04,4,6,-1,Rest,2.0,4.0
S051,04,6,0,-1,Rest,0.5,2.5
S051,04,6,1,-1,Rest,0.75,2.75
S051,04,6,2,-1,Rest,1.0,3.0
S051,04,6,3,-1,Rest,1.25,3.25
S051,04,6,4,-1,Rest,1.5,3.5
S051,04,6,5,-1,Rest,1.75,3.75
S051,04,6,6,-1,Rest,2.0,4.0
S051,04,8,0,-1,Rest,0.5,2.5
S051,04,8,1,-1,Rest,0.75,2.75
S051,04,8,2,-1,Rest,1.0,3.0
S051,04,8,3,-1,Rest,1.25,3.25
S051,04,8,4,-1,Rest,1.5,3.5
S051,04,8,5,-1,Rest,1.75,3.75
S051,04,8,6,-1,Rest,2.0,4.0
S051,04,10,0,-1,Rest,0.5,2.5
S051,04,10,1,-1,Rest,0.75,2.75
S051,04,10,2,-1,Rest,1.0,3.0
S051,04,10,3,-1,Rest,1.25,3.25
S051,04,10,4,-1,Rest,1.5,3.5
S051,04,10,5,-1,Rest,1.75,3.75
S051,04,10,6,-1,Rest,2.0,4.0
S051,04,12,0,-1,Rest,0.5,2.5
S051,04,12,1,-1,Rest,0.75,2.75
S051,04,12,2,-1,Rest,1.0,3.0
S051,04,12,3,-1,Rest,1.25,3.25
S051,04,12,4,-1,Rest,1.5,3.5
S051,04,12,5,-1,Rest,1.75,3.75
S051,04,12,6,-1,Rest,2.0,4.0
S051,04,14,0,-1,Rest,0.5,2.5
S051,04,14,1,-1,Rest,0.75,2.75
S051,04,14,2,-1,Rest,1.0,3.0
S051,04,14,3,-1,Rest,1.25,3.25
S051,04,14,4,-1,Rest,1.5,3.5
S051,04,14,5,-1,Rest,1.75,3.75
S051,04,14,6,-1,Rest,2.0,4.0
S051,04,16,0,-1,Rest,0.5,2.5
S051,04,16,1,-1,Rest,0.75,2.75
S051,04,16,2,-1,Rest,1.0,3.0
S051,04,16,3,-1,Rest,1.25,3.25
S051,04,16,4,-1,Rest,1.5,3.5
S051,04,16,5,-1,Rest,1.75,3.75
S051,04,16,6,-1,Rest,2.0,4.0
S051,04,18,0,-1,Rest,0.5,2.5
S051,04,18,1,-1,Rest,0.75,2.75
S051,04,18,2,-1,Rest,1.0,3.0
S051,04,18,3,-1,Rest,1.25,3.25
S051,04,18,4,-1,Rest,1.5,3.5
S051,04,18,5,-1,Rest,1.75,3.75
S051,04,18,6,-1,Rest,2.0,4.0
S051,04,20,0,-1,Rest,0.5,2.5
S051,04,20,1,-1,Rest,0.75,2.75
S051,04,20,2,-1,Rest,1.0,3.0
S051,04,20,3,-1,Rest,1.25,3.25
S051,04,20,4,-1,Rest,1.5,3.5
S051,04,20,5,-1,Rest,1.75,3.75
S051,04,20,6,-1,Rest,2.0,4.0
S051,04,22,0,-1,Rest,0.5,2.5
S051,04,22,1,-1,Rest,0.75,2.75
S051,04,22,2,-1,Rest,1.0,3.0
S051,04,22,3,-1,Rest,1.25,3.25
S051,04,22,4,-1,Rest,1.5,3.5
S051,04,22,5,-1,Rest,1.75,3.75
S051,04,22,6,-1,Rest,2.0,4.0
S051,04,24,0,-1,Rest,0.5,2.5
S051,04,24,1,-1,Rest,0.75,2.75
S051,04,24,2,-1,Rest,1.0,3.0
S051,04,24,3,-1,Rest,1.25,3.25
S051,04,24,4,-1,Rest,1.5,3.5
S051,04,24,5,-1,Rest,1.75,3.75
S051,04,24,6,-1,Rest,2.0,4.0
S051,04,26,0,-1,Rest,0.5,2.5
S051,04,26,1,-1,Rest,0.75,2.75
S051,04,26,2,-1,Rest,1.0,3.0
S051,04,26,3,-1,Rest,1.25,3.25
S051,04,26,4,-1,Rest,1.5,3.5
S051,04,26,5,-1,Rest,1.75,3.75
S051,04,26,6,-1,Rest,2.0,4.0
S051,04,28,0,-1,Rest,0.5,2.5
S051,04,28,1,-1,Rest,0.75,2.75
S051,04,28,2,-1,Rest,1.0,3.0
S051,04,28,3,-1,Rest,1.25,3.25
S051,04,28,4,-1,Rest,1.5,3.5
S051,04,28,5,-1,Rest,1.75,3.75
S051,04,28,6,-1,Rest,2.0,4.0
S051,08,0,0,-1,Rest,0.5,2.5
S051,08,0,1,-1,Rest,0.75,2.75
S051,08,0,2,-1,Rest,1.0,3.0
S051,08,0,3,-1,Rest,1.25,3.25
S051,08,0,4,-1,Rest,1.5,3.5
S051,08,0,5,-1,Rest,1.75,3.75
S051,08,0,6,-1,Rest,2.0,4.0
S051,08,2,0,-1,Rest,0.5,2.5
S051,08,2,1,-1,Rest,0.75,2.75
S051,08,2,2,-1,Rest,1.0,3.0
S051,08,2,3,-1,Rest,1.25,3.25
S051,08,2,4,-1,Rest,1.5,3.5
S051,08,2,5,-1,Rest,1.75,3.75
S051,08,2,6,-1,Rest,2.0,4.0
S051,08,4,0,-1,Rest,0.5,2.5
S051,08,4,1,-1,Rest,0.75,2.75
S051,08,4,2,-1,Rest,1.0,3.0
S051,08,4,3,-1,Rest,1.25,3.25
S051,08,4,4,-1,Rest,1.5,3.5
S051,08,4,5,-1,Rest,1.75,3.75
S051,08,4,6,-1,Rest,2.0,4.0
S051,08,6,0,-1,Rest,0.5,2.5
S051,08,6,1,-1,Rest,0.75,2.75
S051,08,6,2,-1,Rest,1.0,3.0
S051,08,6,3,-1,Rest,1.25,3.25
S051,08,6,4,-1,Rest,1.5,3.5
S051,08,6,5,-1,Rest,1.75,3.75
S051,08,6,6,-1,Rest,2.0,4.0
S051,08,8,0,-1,Rest,0.5,2.5
S051,08,8,1,-1,Rest,0.75,2.75
S051,08,8,2,-1,Rest,1.0,3.0
S051,08,8,3,-1,Rest,1.25,3.25
S051,08,8,4,-1,Rest,1.5,3.5
S051,08,8,5,-1,Rest,1.75,3.75
S051,08,8,6,-1,Rest,2.0,4.0
S051,08,10,0,-1,Rest,0.5,2.5
S051,08,10,1,-1,Rest,0.75,2.75
S051,08,10,2,-1,Rest,1.0,3.0
S051,08,10,3,-1,Rest,1.25,3.25
S051,08,10,4,-1,Rest,1.5,3.5
S051,08,10,5,-1,Rest,1.75,3.75
S051,08,10,6,-1,Rest,2.0,4.0
S051,08,12,0,-1,Rest,0.5,2.5
S051,08,12,1,-1,Rest,0.75,2.75
S051,08,12,2,-1,Rest,1.0,3.0
S051,08,12,3,-1,Rest,1.25,3.25
S051,08,12,4,-1,Rest,1.5,3.5
S051,08,12,5,-1,Rest,1.75,3.75
S051,08,12,6,-1,Rest,2.0,4.0
S051,08,14,0,-1,Rest,0.5,2.5
S051,08,14,1,-1,Rest,0.75,2.75
S051,08,14,2,-1,Rest,1.0,3.0
S051,08,14,3,-1,Rest,1.25,3.25
S051,08,14,4,-1,Rest,1.5,3.5
S051,08,14,5,-1,Rest,1.75,3.75
S051,08,14,6,-1,Rest,2.0,4.0
S051,08,16,0,-1,Rest,0.5,2.5
S051,08,16,1,-1,Rest,0.75,2.75
S051,08,16,2,-1,Rest,1.0,3.0
S051,08,16,3,-1,Rest,1.25,3.25
S051,08,16,4,-1,Rest,1.5,3.5
S051,08,16,5,-1,Rest,1.75,3.75
S051,08,16,6,-1,Rest,2.0,4.0
S051,08,18,0,-1,Rest,0.5,2.5
S051,08,18,1,-1,Rest,0.75,2.75
S051,08,18,2,-1,Rest,1.0,3.0
S051,08,18,3,-1,Rest,1.25,3.25
S051,08,18,4,-1,Rest,1.5,3.5
S051,08,18,5,-1,Rest,1.75,3.75
S051,08,18,6,-1,Rest,2.0,4.0
S051,08,20,0,-1,Rest,0.5,2.5
S051,08,20,1,-1,Rest,0.75,2.75
S051,08,20,2,-1,Rest,1.0,3.0
S051,08,20,3,-1,Rest,1.25,3.25
S051,08,20,4,-1,Rest,1.5,3.5
S051,08,20,5,-1,Rest,1.75,3.75
S051,08,20,6,-1,Rest,2.0,4.0
S051,08,22,0,-1,Rest,0.5,2.5
S051,08,22,1,-1,Rest,0.75,2.75
S051,08,22,2,-1,Rest,1.0,3.0
S051,08,22,3,-1,Rest,1.25,3.25
S051,08,22,4,-1,Rest,1.5,3.5
S051,08,22,5,-1,Rest,1.75,3.75
S051,08,22,6,-1,Rest,2.0,4.0
S051,08,24,0,-1,Rest,0.5,2.5
S051,08,24,1,-1,Rest,0.75,2.75
S051,08,24,2,-1,Rest,1.0,3.0
S051,08,24,3,-1,Rest,1.25,3.25
S051,08,24,4,-1,Rest,1.5,3.5
S051,08,24,5,-1,Rest,1.75,3.75
S051,08,24,6,-1,Rest,2.0,4.0
S051,08,26,0,-1,Rest,0.5,2.5
S051,08,26,1,-1,Rest,0.75,2.75
S051,08,26,2,-1,Rest,1.0,3.0
S051,08,26,3,-1,Rest,1.25,3.25
S051,08,26,4,-1,Rest,1.5,3.5
S051,08,26,5,-1,Rest,1.75,3.75
S051,08,26,6,-1,Rest,2.0,4.0
S051,08,28,0,-1,Rest,0.5,2.5
S051,08,28,1,-1,Rest,0.75,2.75
S051,08,28,2,-1,Rest,1.0,3.0
S051,08,28,3,-1,Rest,1.25,3.25
S051,08,28,4,-1,Rest,1.5,3.5
S051,08,28,5,-1,Rest,1.75,3.75
S051,08,28,6,-1,Rest,2.0,4.0
S051,12,0,0,-1,Rest,0.5,2.5
S051,12,0,1,-1,Rest,0.75,2.75
S051,12,0,2,-1,Rest,1.0,3.0
S051,12,0,3,-1,Rest,1.25,3.25
S051,12,0,4,-1,Rest,1.5,3.5
S051,12,0,5,-1,Rest,1.75,3.75
S051,12,0,6,-1,Rest,2.0,4.0
S051,12,2,0,-1,Rest,0.5,2.5
S051,12,2,1,-1,Rest,0.75,2.75
S051,12,2,2,-1,Rest,1.0,3.0
S051,12,2,3,-1,Rest,1.25,3.25
S051,12,2,4,-1,Rest,1.5,3.5
S051,12,2,5,-1,Rest,1.75,3.75
S051,12,2,6,-1,Rest,2.0,4.0
S051,12,4,0,-1,Rest,0.5,2.5
S051,12,4,1,-1,Rest,0.75,2.75
S051,12,4,2,-1,Rest,1.0,3.0
S051,12,4,3,-1,Rest,1.25,3.25
S051,12,4,4,-1,Rest,1.5,3.5
S051,12,4,5,-1,Rest,1.75,3.75
S051,12,4,6,-1,Rest,2.0,4.0
S051,12,6,0,-1,Rest,0.5,2.5
S051,12,6,1,-1,Rest,0.75,2.75
S051,12,6,2,-1,Rest,1.0,3.0
S051,12,6,3,-1,Rest,1.25,3.25
S051,12,6,4,-1,Rest,1.5,3.5
S051,12,6,5,-1,Rest,1.75,3.75
S051,12,6,6,-1,Rest,2.0,4.0
S051,12,8,0,-1,Rest,0.5,2.5
S051,12,8,1,-1,Rest,0.75,2.75
S051,12,8,2,-1,Rest,1.0,3.0
S051,12,8,3,-1,Rest,1.25,3.25
S051,12,8,4,-1,Rest,1.5,3.5
S051,12,8,5,-1,Rest,1.75,3.75
S051,12,8,6,-1,Rest,2.0,4.0
S051,12,10,0,-1,Rest,0.5,2.5
S051,12,10,1,-1,Rest,0.75,2.75
S051,12,10,2,-1,Rest,1.0,3.0
S051,12,10,3,-1,Rest,1.25,3.25
S051,12,10,4,-1,Rest,1.5,3.5
S051,12,10,5,-1,Rest,1.75,3.75
S051,12,10,6,-1,Rest,2.0,4.0
S051,12,12,0,-1,Rest,0.5,2.5
S051,12,12,1,-1,Rest,0.75,2.75
S051,12,12,2,-1,Rest,1.0,3.0
S051,12,12,3,-1,Rest,1.25,3.25
S051,12,12,4,-1,Rest,1.5,3.5
S051,12,12,5,-1,Rest,1.75,3.75
S051,12,12,6,-1,Rest,2.0,4.0
S051,12,14,0,-1,Rest,0.5,2.5
S051,12,14,1,-1,Rest,0.75,2.75
S051,12,14,2,-1,Rest,1.0,3.0
S051,12,14,3,-1,Rest,1.25,3.25
S051,12,14,4,-1,Rest,1.5,3.5
S051,12,14,5,-1,Rest,1.75,3.75
S051,12,14,6,-1,Rest,2.0,4.0
S051,12,16,0,-1,Rest,0.5,2.5
S051,12,16,1,-1,Rest,0.75,2.75
S051,12,16,2,-1,Rest,1.0,3.0
S051,12,16,3,-1,Rest,1.25,3.25
S051,12,16,4,-1,Rest,1.5,3.5
S051,12,16,5,-1,Rest,1.75,3.75
S051,12,16,6,-1,Rest,2.0,4.0
S051,12,18,0,-1,Rest,0.5,2.5
S051,12,18,1,-1,Rest,0.75,2.75
S051,12,18,2,-1,Rest,1.0,3.0
S051,12,18,3,-1,Rest,1.25,3.25
S051,12,18,4,-1,Rest,1.5,3.5
S051,12,18,5,-1,Rest,1.75,3.75
S051,12,18,6,-1,Rest,2.0,4.0
S051,12,20,0,-1,Rest,0.5,2.5
S051,12,20,1,-1,Rest,0.75,2.75
S051,12,20,2,-1,Rest,1.0,3.0
S051,12,20,3,-1,Rest,1.25,3.25
S051,12,20,4,-1,Rest,1.5,3.5
S051,12,20,5,-1,Rest,1.75,3.75
S051,12,20,6,-1,Rest,2.0,4.0
S051,12,22,0,-1,Rest,0.5,2.5
S051,12,22,1,-1,Rest,0.75,2.75
S051,12,22,2,-1,Rest,1.0,3.0
S051,12,22,3,-1,Rest,1.25,3.25
S051,12,22,4,-1,Rest,1.5,3.5
S051,12,22,5,-1,Rest,1.75,3.75
S051,12,22,6,-1,Rest,2.0,4.0
S051,12,24,0,-1,Rest,0.5,2.5
S051,12,24,1,-1,Rest,0.75,2.75
S051,12,24,2,-1,Rest,1.0,3.0
S051,12,24,3,-1,Rest,1.25,3.25
S051,12,24,4,-1,Rest,1.5,3.5
S051,12,24,5,-1,Rest,1.75,3.75
S051,12,24,6,-1,Rest,2.0,4.0
S051,12,26,0,-1,Rest,0.5,2.5
S051,12,26,1,-1,Rest,0.75,2.75
S051,12,26,2,-1,Rest,1.0,3.0
S051,12,26,3,-1,Rest,1.25,3.25
S051,12,26,4,-1,Rest,1.5,3.5
S051,12,26,5,-1,Rest,1.75,3.75
S051,12,26,6,-1,Rest,2.0,4.0
S051,12,28,0,-1,Rest,0.5,2.5
S051,12,28,1,-1,Rest,0.75,2.75
S051,12,28,2,-1,Rest,1.0,3.0
S051,12,28,3,-1,Rest,1.25,3.25
S051,12,28,4,-1,Rest,1.5,3.5
S051,12,28,5,-1,Rest,1.75,3.75
S051,12,28,6,-1,Rest,2.0,4.0
S052,04,0,4,-1,Rest,1.5,3.5
S052,04,0,5,-1,Rest,1.75,3.75
S052,04,0,6,-1,Rest,2.0,4.0
S052,04,2,0,-1,Rest,0.5,2.5
S052,04,2,1,-1,Rest,0.75,2.75
S052,04,2,2,-1,Rest,1.0,3.0
S052,04,4,0,-1,Rest,0.5,2.5
S052,04,4,1,-1,Rest,0.75,2.75
S052,04,4,2,-1,Rest,1.0,3.0
S052,04,4,3,-1,Rest,1.25,3.25
S052,04,4,4,-1,Rest,1.5,3.5
S052,04,4,5,-1,Rest,1.75,3.75
S052,04,4,6,-1,Rest,2.0,4.0
S052,04,6,0,-1,Rest,0.5,2.5
S052,04,6,1,-1,Rest,0.75,2.75
S052,04,6,2,-1,Rest,1.0,3.0
S052,04,6,3,-1,Rest,1.25,3.25
S052,04,6,4,-1,Rest,1.5,3.5
S052,04,6,5,-1,Rest,1.75,3.75
S052,04,6,6,-1,Rest,2.0,4.0
S052,04,8,0,-1,Rest,0.5,2.5
S052,04,8,1,-1,Rest,0.75,2.75
S052,04,8,2,-1,Rest,1.0,3.0
S052,04,8,3,-1,Rest,1.25,3.25
S052,04,8,4,-1,Rest,1.5,3.5
S052,04,8,5,-1,Rest,1.75,3.75
S052,04,8,6,-1,Rest,2.0,4.0
S052,04,10,0,-1,Rest,0.5,2.5
S052,04,10,1,-1,Rest,0.75,2.75
S052,04,10,2,-1,Rest,1.0,3.0
S052,04,10,3,-1,Rest,1.25,3.25
S052,04,10,4,-1,Rest,1.5,3.5
S052,04,10,5,-1,Rest,1.75,3.75
S052,04,10,6,-1,Rest,2.0,4.0
S052,04,12,0,-1,Rest,0.5,2.5
S052,04,12,1,-1,Rest,0.75,2.75
S052,04,12,2,-1,Rest,1.0,3.0
S052,04,12,3,-1,Rest,1.25,3.25
S052,04,12,4,-1,Rest,1.5,3.5
S052,04,12,5,-1,Rest,1.75,3.75
S052,04,12,6,-1,Rest,2.0,4.0
S052,04,14,0,-1,Rest,0.5,2.5
S052,04,14,1,-1,Rest,0.75,2.75
S052,04,16,6,-1,Rest,2.0,4.0
S052,04,18,0,-1,Rest,0.5,2.5
S052,04,18,1,-1,Rest,0.75,2.75
S052,04,18,2,-1,Rest,1.0,3.0
S052,04,18,3,-1,Rest,1.25,3.25
S052,04,18,4,-1,Rest,1.5,3.5
S052,04,18,5,-1,Rest,1.75,3.75
S052,04,20,1,-1,Rest,0.75,2.75
S052,04,20,2,-1,Rest,1.0,3.0
S052,04,20,3,-1,Rest,1.25,3.25
S052,04,20,4,-1,Rest,1.5,3.5
S052,04,22,0,-1,Rest,0.5,2.5
S052,04,22,1,-1,Rest,0.75,2.75
S052,04,22,2,-1,Rest,1.0,3.0
S052,04,22,3,-1,Rest,1.25,3.25
S052,04,22,4,-1,Rest,1.5,3.5
S052,04,22,5,-1,Rest,1.75,3.75
S052,04,26,0,-1,Rest,0.5,2.5
S052,04,28,2,-1,Rest,1.0,3.0
S052,04,28,3,-1,Rest,1.25,3.25
S052,08,0,0,-1,Rest,0.5,2.5
S052,08,0,1,-1,Rest,0.75,2.75
S052,08,0,2,-1,Rest,1.0,3.0
S052,08,0,3,-1,Rest,1.25,3.25
S052,08,0,4,-1,Rest,1.5,3.5
S052,08,0,5,-1,Rest,1.75,3.75
S052,08,0,6,-1,Rest,2.0,4.0
S052,08,8,2,-1,Rest,1.0,3.0
S052,08,8,3,-1,Rest,1.25,3.25
S052,08,8,4,-1,Rest,1.5,3.5
S052,08,8,5,-1,Rest,1.75,3.75
S052,08,8,6,-1,Rest,2.0,4.0
S052,08,10,1,-1,Rest,0.75,2.75
S052,08,10,2,-1,Rest,1.0,3.0
S052,08,14,3,-1,Rest,1.25,3.25
S052,08,14,4,-1,Rest,1.5,3.5
S052,08,14,5,-1,Rest,1.75,3.75
S052,08,14,6,-1,Rest,2.0,4.0
S052,08,26,0,-1,Rest,0.5,2.5
S052,08,26,1,-1,Rest,0.75,2.75
S052,08,26,2,-1,Rest,1.0,3.0
S052,08,26,3,-1,Rest,1.25,3.25
S052,08,26,4,-1,Rest,1.5,3.5
S052,08,26,5,-1,Rest,1.75,3.75
S052,08,26,6,-1,Rest,2.0,4.0
S052,08,28,0,-1,Rest,0.5,2.5
S052,08,28,1,-1,Rest,0.75,2.75
S052,08,28,2,-1,Rest,1.0,3.0
S052,08,28,3,-1,Rest,1.25,3.25
S052,08,28,4,-1,Rest,1.5,3.5
S052,08,28,5,-1,Rest,1.75,3.75
S052,08,28,6,-1,Rest,2.0,4.0
S052,12,0,0,-1,Rest,0.5,2.5
S052,12,0,1,-1,Rest,0.75,2.75
S052,12,0,2,-1,Rest,1.0,3.0
S052,12,0,3,-1,Rest,1.25,3.25
S052,12,0,4,-1,Rest,1.5,3.5
S052,12,0,5,-1,Rest,1.75,3.75
S052,12,0,6,-1,Rest,2.0,4.0
S052,12,2,0,-1,Rest,0.5,2.5
S052,12,2,1,-1,Rest,0.75,2.75
S052,12,2,2,-1,Rest,1.0,3.0
S052,12,2,3,-1,Rest,1.25,3.25
S052,12,2,4,-1,Rest,1.5,3.5
S052,12,2,5,-1,Rest,1.75,3.75
S052,12,2,6,-1,Rest,2.0,4.0
S052,12,4,1,-1,Rest,0.75,2.75
S052,12,4,2,-1,Rest,1.0,3.0
S052,12,4,3,-1,Rest,1.25,3.25
S052,12,4,4,-1,Rest,1.5,3.5
S052,12,4,5,-1,Rest,1.75,3.75
S052,12,4,6,-1,Rest,2.0,4.0
S052,12,8,1,-1,Rest,0.75,2.75
S052,12,8,2,-1,Rest,1.0,3.0
S052,12,8,3,-1,Rest,1.25,3.25
S052,12,8,4,-1,Rest,1.5,3.5
S052,12,8,5,-1,Rest,1.75,3.75
S052,12,8,6,-1,Rest,2.0,4.0
S052,12,12,4,-1,Rest,1.5,3.5
S052,12,12,5,-1,Rest,1.75,3.75
S052,12,12,6,-1,Rest,2.0,4.0
S052,12,14,1,-1,Rest,0.75,2.75
S052,12,16,0,-1,Rest,0.5,2.5
S052,12,16,1,-1,Rest,0.75,2.75
S052,12,16,2,-1,Rest,1.0,3.0
S052,12,16,3,-1,Rest,1.25,3.25
S052,12,16,4,-1,Rest,1.5,3.5
S052,12,16,5,-1,Rest,1.75,3.75
S052,12,16,6,-1,Rest,2.0,4.0
S052,12,18,0,-1,Rest,0.5,2.5
S052,12,18,1,-1,Rest,0.75,2.75
S052,12,18,2,-1,Rest,1.0,3.0
S052,12,18,3,-1,Rest,1.25,3.25
S052,12,18,4,-1,Rest,1.5,3.5
S052,12,18,5,-1,Rest,1.75,3.75
S052,12,18,6,-1,Rest,2.0,4.0
S052,12,20,1,-1,Rest,0.75,2.75
S052,12,20,2,-1,Rest,1.0,3.0
S052,12,20,3,-1,Rest,1.25,3.25
S052,12,20,4,-1,Rest,1.5,3.5
S052,12,20,5,-1,Rest,1.75,3.75
S052,12,20,6,-1,Rest,2.0,4.0
S052,12,22,0,-1,Rest,0.5,2.5
S052,12,22,1,-1,Rest,0.75,2.75
S052,12,22,2,-1,Rest,1.0,3.0
S052,12,22,3,-1,Rest,1.25,3.25
S052,12,22,4,-1,Rest,1.5,3.5
S052,12,22,5,-1,Rest,1.75,3.75
S052,12,22,6,-1,Rest,2.0,4.0
S053,04,0,0,-1,Rest,0.5,2.5
S053,04,0,1,-1,Rest,0.75,2.75
S053,04,0,2,-1,Rest,1.0,3.0
S053,04,2,6,-1,Rest,2.0,4.0
S053,04,6,0,-1,Rest,0.5,2.5
S053,04,6,1,-1,Rest,0.75,2.75
S053,04,6,2,-1,Rest,1.0,3.0
S053,04,6,3,-1,Rest,1.25,3.25
S053,04,6,4,-1,Rest,1.5,3.5
S053,04,6,5,-1,Rest,1.75,3.75
S053,04,6,6,-1,Rest,2.0,4.0
S053,04,8,0,-1,Rest,0.5,2.5
S053,04,8,1,-1,Rest,0.75,2.75
S053,04,8,2,-1,Rest,1.0,3.0
S053,04,8,3,-1,Rest,1.25,3.25
S053,04,8,4,-1,Rest,1.5,3.5
S053,04,8,5,-1,Rest,1.75,3.75
S053,04,8,6,-1,Rest,2.0,4.0
S053,04,10,0,-1,Rest,0.5,2.5
S053,04,10,1,-1,Rest,0.75,2.75
S053,04,10,2,-1,Rest,1.0,3.0
S053,04,10,3,-1,Rest,1.25,3.25
S053,04,10,4,-1,Rest,1.5,3.5
S053,04,10,5,-1,Rest,1.75,3.75
S053,04,10,6,-1,Rest,2.0,4.0
S053,04,12,0,-1,Rest,0.5,2.5
S053,04,12,1,-1,Rest,0.75,2.75
S053,04,12,2,-1,Rest,1.0,3.0
S053,04,12,3,-1,Rest,1.25,3.25
S053,04,12,4,-1,Rest,1.5,3.5
S053,04,12,5,-1,Rest,1.75,3.75
S053,04,12,6,-1,Rest,2.0,4.0
S053,04,16,5,-1,Rest,1.75,3.75
S053,04,16,6,-1,Rest,2.0,4.0
S053,04,18,0,-1,Rest,0.5,2.5
S053,04,20,4,-1,Rest,1.5,3.5
S053,04,20,5,-1,Rest,1.75,3.75
S053,04,20,6,-1,Rest,2.0,4.0
S053,04,22,5,-1,Rest,1.75,3.75
S053,04,22,6,-1,Rest,2.0,4.0
S053,04,24,3,-1,Rest,1.25,3.25
S053,04,24,4,-1,Rest,1.5,3.5
S053,04,24,5,-1,Rest,1.75,3.75
S053,04,24,6,-1,Rest,2.0,4.0
S053,08,0,0,-1,Rest,0.5,2.5
S053,08,0,1,-1,Rest,0.75,2.75
S053,08,0,2,-1,Rest,1.0,3.0
S053,08,0,3,-1,Rest,1.25,3.25
S053,08,4,4,-1,Rest,1.5,3.5
S053,08,4,5,-1,Rest,1.75,3.75
S053,08,4,6,-1,Rest,2.0,4.0
S053,08,8,6,-1,Rest,2.0,4.0
S053,08,12,0,-1,Rest,0.5,2.5
S053,08,12,1,-1,Rest,0.75,2.75
S053,08,12,2,-1,Rest,1.0,3.0
S053,08,12,3,-1,Rest,1.25,3.25
S053,08,12,4,-1,Rest,1.5,3.5
S053,08,12,5,-1,Rest,1.75,3.75
S053,08,12,6,-1,Rest,2.0,4.0
S053,08,14,3,-1,Rest,1.25,3.25
S053,08,14,4,-1,Rest,1.5,3.5
S053,08,16,0,-1,Rest,0.5,2.5
S053,08,16,1,-1,Rest,0.75,2.75
S053,08,16,2,-1,Rest,1.0,3.0
S053,08,16,3,-1,Rest,1.25,3.25
S053,08,16,4,-1,Rest,1.5,3.5
S053,08,16,5,-1,Rest,1.75,3.75
S053,08,18,0,-1,Rest,0.5,2.5
S053,08,18,1,-1,Rest,0.75,2.75
S053,08,18,2,-1,Rest,1.0,3.0
S053,08,18,3,-1,Rest,1.25,3.25
S053,08,18,4,-1,Rest,1.5,3.5
S053,08,18,5,-1,Rest,1.75,3.75
S053,08,18,6,-1,Rest,2.0,4.0
S053,08,22,0,-1,Rest,0.5,2.5
S053,08,22,1,-1,Rest,0.75,2.75
S053,08,22,2,-1,Rest,1.0,3.0
S053,08,24,2,-1,Rest,1.0,3.0
S053,08,24,3,-1,Rest,1.25,3.25
S053,08,24,4,-1,Rest,1.5,3.5
S053,08,24,5,-1,Rest,1.75,3.75
S053,08,24,6,-1,Rest,2.0,4.0
S053,12,0,3,-1,Rest,1.25,3.25
S053,12,4,6,-1,Rest,2.0,4.0
S053,12,6,2,-1,Rest,1.0,3.0
S053,12,6,3,-1,Rest,1.25,3.25
S053,12,6,4,-1,Rest,1.5,3.5
S053,12,6,5,-1,Rest,1.75,3.75
S053,12,6,6,-1,Rest,2.0,4.0
S053,12,8,5,-1,Rest,1.75,3.75
S053,12,8,6,-1,Rest,2.0,4.0
S053,12,12,0,-1,Rest,0.5,2.5
S053,12,12,1,-1,Rest,0.75,2.75
S053,12,12,2,-1,Rest,1.0,3.0
S053,12,12,3,-1,Rest,1.25,3.25
S053,12,12,4,-1,Rest,1.5,3.5
S053,12,12,5,-1,Rest,1.75,3.75
S053,12,12,6,-1,Rest,2.0,4.0
S053,12,18,3,-1,Rest,1.25,3.25
S053,12,18,4,-1,Rest,1.5,3.5
S053,12,18,5,-1,Rest,1.75,3.75
S053,12,18,6,-1,Rest,2.0,4.0
S053,12,20,1,-1,Rest,0.75,2.75
S053,12,20,2,-1,Rest,1.0,3.0
S053,12,20,3,-1,Rest,1.25,3.25
S053,12,20,4,-1,Rest,1.5,3.5
S053,12,20,5,-1,Rest,1.75,3.75
S053,12,20,6,-1,Rest,2.0,4.0
S053,12,26,0,-1,Rest,0.5,2.5
S053,12,26,1,-1,Rest,0.75,2.75
S053,12,26,2,-1,Rest,1.0,3.0
S053,12,26,3,-1,Rest,1.25,3.25
S053,12,26,4,-1,Rest,1.5,3.5
S053,12,26,5,-1,Rest,1.75,3.75
S053,12,26,6,-1,Rest,2.0,4.0
S056,04,4,1,-1,Rest,0.75,2.75
S056,04,4,2,-1,Rest,1.0,3.0
S056,04,12,0,-1,Rest,0.5,2.5
S056,08,0,0,-1,Rest,0.5,2.5
S056,08,0,1,-1,Rest,0.75,2.75
S056,08,0,2,-1,Rest,1.0,3.0
S056,08,2,0,-1,Rest,0.5,2.5
S056,08,2,1,-1,Rest,0.75,2.75
S056,08,2,2,-1,Rest,1.0,3.0
S056,08,6,3,-1,Rest,1.25,3.25
S056,08,6,4,-1,Rest,1.5,3.5
S056,08,6,5,-1,Rest,1.75,3.75
S056,08,6,6,-1,Rest,2.0,4.0
S056,08,10,2,-1,Rest,1.0,3.0
S056,08,16,0,-1,Rest,0.5,2.5
S056,08,16,1,-1,Rest,0.75,2.75
S056,08,16,2,-1,Rest,1.0,3.0
S056,08,16,3,-1,Rest,1.25,3.25
S056,08,16,4,-1,Rest,1.5,3.5
S056,08,16,5,-1,Rest,1.75,3.75
S056,12,0,6,-1,Rest,2.0,4.0
S056,12,2,4,-1,Rest,1.5,3.5
S056,12,6,0,-1,Rest,0.5,2.5
S056,12,6,1,-1,Rest,0.75,2.75
S056,12,6,2,-1,Rest,1.0,3.0
S056,12,20,2,-1,Rest,1.0,3.0
S056,12,20,3,-1,Rest,1.25,3.25
S056,12,20,4,-1,Rest,1.5,3.5
S056,12,20,5,-1,Rest,1.75,3.75
S056,12,28,4,-1,Rest,1.5,3.5
S056,12,28,5,-1,Rest,1.75,3.75
S057,04,0,0,-1,Rest,0.5,2.5
S057,04,0,1,-1,Rest,0.75,2.75
S057,04,0,2,-1,Rest,1.0,3.0
S057,04,0,3,-1,Rest,1.25,3.25
S057,04,0,4,-1,Rest,1.5,3.5
S057,04,0,5,-1,Rest,1.75,3.75
S057,04,0,6,-1,Rest,2.0,4.0
S057,04,2,0,-1,Rest,0.5,2.5
S057,04,2,1,-1,Rest,0.75,2.75
S057,04,2,2,-1,Rest,1.0,3.0
S057,04,2,3,-1,Rest,1.25,3.25
S057,04,2,4,-1,Rest,1.5,3.5
S057,04,2,5,-1,Rest,1.75,3.75
S057,04,2,6,-1,Rest,2.0,4.0
S057,04,4,0,-1,Rest,0.5,2.5
S057,04,4,1,-1,Rest,0.75,2.75
S057,04,4,2,-1,Rest,1.0,3.0
S057,04,4,3,-1,Rest,1.25,3.25
S057,04,4,4,-1,Rest,1.5,3.5
S057,04,4,5,-1,Rest,1.75,3.75
S057,04,4,6,-1,Rest,2.0,4.0
S057,04,6,0,-1,Rest,0.5,2.5
S057,04,6,1,-1,Rest,0.75,2.75
S057,04,6,2,-1,Rest,1.0,3.0
S057,04,6,3,-1,Rest,1.25,3.25
S057,04,6,4,-1,Rest,1.5,3.5
S057,04,6,5,-1,Rest,1.75,3.75
S057,04,6,6,-1,Rest,2.0,4.0
S057,04,8,0,-1,Rest,0.5,2.5
S057,04,8,1,-1,Rest,0.75,2.75
S057,04,8,2,-1,Rest,1.0,3.0
S057,04,8,3,-1,Rest,1.25,3.25
S057,04,8,4,-1,Rest,1.5,3.5
S057,04,8,5,-1,Rest,1.75,3.75
S057,04,8,6,-1,Rest,2.0,4.0
S057,04,10,0,-1,Rest,0.5,2.5
S057,04,10,1,-1,Rest,0.75,2.75
S057,04,10,2,-1,Rest,1.0,3.0
S057,04,10,3,-1,Rest,1.25,3.25
S057,04,10,4,-1,Rest,1.5,3.5
S057,04,10,5,-1,Rest,1.75,3.75
S057,04,10,6,-1,Rest,2.0,4.0
S057,04,12,0,-1,Rest,0.5,2.5
S057,04,12,1,-1,Rest,0.75,2.75
S057,04,12,2,-1,Rest,1.0,3.0
S057,04,12,3,-1,Rest,1.25,3.25
S057,04,12,4,-1,Rest,1.5,3.5
S057,04,12,5,-1,Rest,1.75,3.75
S057,04,12,6,-1,Rest,2.0,4.0
S057,04,14,0,-1,Rest,0.5,2.5
S057,04,14,1,-1,Rest,0.75,2.75
S057,04,14,2,-1,Rest,1.0,3.0
S057,04,14,3,-1,Rest,1.25,3.25
S057,04,14,4,-1,Rest,1.5,3.5
S057,04,14,5,-1,Rest,1.75,3.75
S057,04,14,6,-1,Rest,2.0,4.0
S057,04,16,0,-1,Rest,0.5,2.5
S057,04,16,1,-1,Rest,0.75,2.75
S057,04,16,2,-1,Rest,1.0,3.0
S057,04,16,3,-1,Rest,1.25,3.25
S057,04,16,4,-1,Rest,1.5,3.5
S057,04,16,5,-1,Rest,1.75,3.75
S057,04,16,6,-1,Rest,2.0,4.0
S057,04,18,6,-1,Rest,2.0,4.0
S057,04,20,0,-1,Rest,0.5,2.5
S057,04,20,1,-1,Rest,0.75,2.75
S057,04,20,2,-1,Rest,1.0,3.0
S057,04,20,3,-1,Rest,1.25,3.25
S057,04,20,4,-1,Rest,1.5,3.5
S057,04,20,5,-1,Rest,1.75,3.75
S057,04,20,6,-1,Rest,2.0,4.0
S057,04,22,4,-1,Rest,1.5,3.5
S057,04,22,5,-1,Rest,1.75,3.75
S057,04,22,6,-1,Rest,2.0,4.0
S057,04,24,0,-1,Rest,0.5,2.5
S057,04,24,1,-1,Rest,0.75,2.75
S057,04,24,2,-1,Rest,1.0,3.0
S057,04,24,3,-1,Rest,1.25,3.25
S057,04,24,4,-1,Rest,1.5,3.5
S057,04,24,5,-1,Rest,1.75,3.75
S057,04,24,6,-1,Rest,2.0,4.0
S057,04,26,0,-1,Rest,0.5,2.5
S057,04,26,1,-1,Rest,0.75,2.75
S057,04,26,2,-1,Rest,1.0,3.0
S057,04,26,3,-1,Rest,1.25,3.25
S057,04,26,4,-1,Rest,1.5,3.5
S057,04,26,5,-1,Rest,1.75,3.75
S057,04,26,6,-1,Rest,2.0,4.0
S057,04,28,0,-1,Rest,0.5,2.5
S057,04,28,1,-1,Rest,0.75,2.75
S057,04,28,2,-1,Rest,1.0,3.0
S057,04,28,3,-1,Rest,1.25,3.25
S057,04,28,4,-1,Rest,1.5,3.5
S057,04,28,5,-1,Rest,1.75,3.75
S057,04,28,6,-1,Rest,2.0,4.0
S057,08,0,0,-1,Rest,0.5,2.5
S057,08,0,1,-1,Rest,0.75,2.75
S057,08,0,2,-1,Rest,1.0,3.0
S057,08,0,3,-1,Rest,1.25,3.25
S057,08,0,4,-1,Rest,1.5,3.5
S057,08,0,5,-1,Rest,1.75,3.75
S057,08,0,6,-1,Rest,2.0,4.0
S057,08,2,0,-1,Rest,0.5,2.5
S057,08,2,1,-1,Rest,0.75,2.75
S057,08,2,2,-1,Rest,1.0,3.0
S057,08,2,3,-1,Rest,1.25,3.25
S057,08,2,4,-1,Rest,1.5,3.5
S057,08,2,5,-1,Rest,1.75,3.75
S057,08,2,6,-1,Rest,2.0,4.0
S057,08,4,0,-1,Rest,0.5,2.5
S057,08,4,1,-1,Rest,0.75,2.75
S057,08,4,2,-1,Rest,1.0,3.0
S057,08,4,3,-1,Rest,1.25,3.25
S057,08,4,4,-1,Rest,1.5,3.5
S057,08,4,5,-1,Rest,1.75,3.75
S057,08,4,6,-1,Rest,2.0,4.0
S057,08,6,0,-1,Rest,0.5,2.5
S057,08,6,1,-1,Rest,0.75,2.75
S057,08,6,2,-1,Rest,1.0,3.0
S057,08,6,3,-1,Rest,1.25,3.25
S057,08,6,4,-1,Rest,1.5,3.5
S057,08,6,5,-1,Rest,1.75,3.75
S057,08,6,6,-1,Rest,2.0,4.0
S057,08,8,0,-1,Rest,0.5,2.5
S057,08,8,1,-1,Rest,0.75,2.75
S057,08,8,2,-1,Rest,1.0,3.0
S057,08,8,3,-1,Rest,1.25,3.25
S057,08,8,4,-1,Rest,1.5,3.5
S057,08,8,5,-1,Rest,1.75,3.75
S057,08,8,6,-1,Rest,2.0,4.0
S057,08,10,0,-1,Rest,0.5,2.5
S057,08,10,1,-1,Rest,0.75,2.75
S057,08,10,2,-1,Rest,1.0,3.0
S057,08,10,3,-1,Rest,1.25,3.25
S057,08,10,4,-1,Rest,1.5,3.5
S057,08,10,5,-1,Rest,1.75,3.75
S057,08,10,6,-1,Rest,2.0,4.0
S057,08,12,0,-1,Rest,0.5,2.5
S057,08,12,1,-1,Rest,0.75,2.75
S057,08,12,2,-1,Rest,1.0,3.0
S057,08,12,3,-1,Rest,1.25,3.25
S057,08,12,4,-1,Rest,1.5,3.5
S057,08,12,5,-1,Rest,1.75,3.75
S057,08,12,6,-1,Rest,2.0,4.0
S057,08,14,0,-1,Rest,0.5,2.5
S057,08,14,1,-1,Rest,0.75,2.75
S057,08,14,2,-1,Rest,1.0,3.0
S057,08,14,3,-1,Rest,1.25,3.25
S057,08,14,4,-1,Rest,1.5,3.5
S057,08,14,5,-1,Rest,1.75,3.75
S057,08,14,6,-1,Rest,2.0,4.0
S057,08,16,0,-1,Rest,0.5,2.5
S057,08,16,1,-1,Rest,0.75,2.75
S057,08,16,2,-1,Rest,1.0,3.0
S057,08,16,3,-1,Rest,1.25,3.25
S057,08,16,4,-1,Rest,1.5,3.5
S057,08,16,5,-1,Rest,1.75,3.75
S057,08,16,6,-1,Rest,2.0,4.0
S057,08,18,0,-1,Rest,0.5,2.5
S057,08,18,1,-1,Rest,0.75,2.75
S057,08,18,2,-1,Rest,1.0,3.0
S057,08,18,3,-1,Rest,1.25,3.25
S057,08,18,4,-1,Rest,1.5,3.5
S057,08,18,5,-1,Rest,1.75,3.75
S057,08,18,6,-1,Rest,2.0,4.0
S057,08,20,6,-1,Rest,2.0,4.0
S057,08,22,0,-1,Rest,0.5,2.5
S057,08,22,1,-1,Rest,0.75,2.75
S057,08,22,2,-1,Rest,1.0,3.0
S057,08,22,3,-1,Rest,1.25,3.25
S057,08,22,4,-1,Rest,1.5,3.5
S057,08,22,5,-1,Rest,1.75,3.75
S057,08,22,6,-1,Rest,2.0,4.0
S057,08,24,0,-1,Rest,0.5,2.5
S057,08,24,1,-1,Rest,0.75,2.75
S057,08,24,2,-1,Rest,1.0,3.0
S057,08,24,3,-1,Rest,1.25,3.25
S057,08,24,4,-1,Rest,1.5,3.5
S057,08,24,5,-1,Rest,1.75,3.75
S057,08,24,6,-1,Rest,2.0,4.0
S057,08,26,0,-1,Rest,0.5,2.5
S057,08,26,1,-1,Rest,0.75,2.75
S057,08,26,2,-1,Rest,1.0,3.0
S057,08,26,3,-1,Rest,1.25,3.25
S057,08,26,4,-1,Rest,1.5,3.5
S057,08,28,0,-1,Rest,0.5,2.5
S057,08,28,1,-1,Rest,0.75,2.75
S057,08,28,2,-1,Rest,1.0,3.0
S057,08,28,3,-1,Rest,1.25,3.25
S057,08,28,4,-1,Rest,1.5,3.5
S057,08,28,5,-1,Rest,1.75,3.75
S057,08,28,6,-1,Rest,2.0,4.0
S057,12,0,0,-1,Rest,0.5,2.5
S057,12,0,1,-1,Rest,0.75,2.75
S057,12,0,2,-1,Rest,1.0,3.0
S057,12,0,3,-1,Rest,1.25,3.25
S057,12,0,4,-1,Rest,1.5,3.5
S057,12,0,5,-1,Rest,1.75,3.75
S057,12,0,6,-1,Rest,2.0,4.0
S057,12,2,0,-1,Rest,0.5,2.5
S057,12,2,1,-1,Rest,0.75,2.75
S057,12,2,2,-1,Rest,1.0,3.0
S057,12,2,3,-1,Rest,1.25,3.25
S057,12,2,4,-1,Rest,1.5,3.5
S057,12,2,5,-1,Rest,1.75,3.75
S057,12,2,6,-1,Rest,2.0,4.0
S057,12,4,0,-1,Rest,0.5,2.5
S057,12,4,1,-1,Rest,0.75,2.75
S057,12,4,2,-1,Rest,1.0,3.0
S057,12,4,3,-1,Rest,1.25,3.25
S057,12,4,4,-1,Rest,1.5,3.5
S057,12,4,5,-1,Rest,1.75,3.75
S057,12,4,6,-1,Rest,2.0,4.0
S057,12,6,0,-1,Rest,0.5,2.5
S057,12,6,1,-1,Rest,0.75,2.75
S057,12,6,2,-1,Rest,1.0,3.0
S057,12,6,3,-1,Rest,1.25,3.25
S057,12,6,4,-1,Rest,1.5,3.5
S057,12,6,5,-1,Rest,1.75,3.75
S057,12,6,6,-1,Rest,2.0,4.0
S057,12,8,0,-1,Rest,0.5,2.5
S057,12,8,1,-1,Rest,0.75,2.75
S057,12,8,2,-1,Rest,1.0,3.0
S057,12,8,3,-1,Rest,1.25,3.25
S057,12,8,4,-1,Rest,1.5,3.5
S057,12,8,5,-1,Rest,1.75,3.75
S057,12,8,6,-1,Rest,2.0,4.0
S057,12,10,1,-1,Rest,0.75,2.75
S057,12,10,2,-1,Rest,1.0,3.0
S057,12,10,3,-1,Rest,1.25,3.25
S057,12,10,4,-1,Rest,1.5,3.5
S057,12,10,5,-1,Rest,1.75,3.75
S057,12,10,6,-1,Rest,2.0,4.0
S057,12,14,0,-1,Rest,0.5,2.5
S057,12,14,1,-1,Rest,0.75,2.75
S057,12,14,2,-1,Rest,1.0,3.0
S057,12,14,3,-1,Rest,1.25,3.25
S057,12,14,4,-1,Rest,1.5,3.5
S057,12,14,5,-1,Rest,1.75,3.75
S057,12,14,6,-1,Rest,2.0,4.0
S057,12,16,0,-1,Rest,0.5,2.5
S057,12,16,1,-1,Rest,0.75,2.75
S057,12,16,2,-1,Rest,1.0,3.0
S057,12,16,3,-1,Rest,1.25,3.25
S057,12,16,4,-1,Rest,1.5,3.5
S057,12,16,5,-1,Rest,1.75,3.75
S057,12,16,6,-1,Rest,2.0,4.0
S057,12,18,5,-1,Rest,1.75,3.75
S057,12,18,6,-1,Rest,2.0,4.0
S057,12,20,0,-1,Rest,0.5,2.5
S057,12,20,1,-1,Rest,0.75,2.75
S057,12,20,2,-1,Rest,1.0,3.0
S057,12,20,3,-1,Rest,1.25,3.25
S057,12,20,4,-1,Rest,1.5,3.5
S057,12,20,5,-1,Rest,1.75,3.75
S057,12,20,6,-1,Rest,2.0,4.0
S057,12,22,5,-1,Rest,1.75,3.75
S057,12,22,6,-1,Rest,2.0,4.0
S057,12,24,0,-1,Rest,0.5,2.5
S057,12,24,1,-1,Rest,0.75,2.75
S057,12,24,2,-1,Rest,1.0,3.0
S057,12,24,3,-1,Rest,1.25,3.25
S057,12,24,4,-1,Rest,1.5,3.5
S057,12,24,5,-1,Rest,1.75,3.75
S057,12,24,6,-1,Rest,2.0,4.0
S057,12,26,0,-1,Rest,0.5,2.5
S057,12,26,1,-1,Rest,0.75,2.75
S057,12,26,2,-1,Rest,1.0,3.0
S057,12,26,3,-1,Rest,1.25,3.25
S057,12,26,4,-1,Rest,1.5,3.5
S057,12,26,5,-1,Rest,1.75,3.75
S057,12,26,6,-1,Rest,2.0,4.0
S057,12,28,0,-1,Rest,0.5,2.5
S057,12,28,1,-1,Rest,0.75,2.75
S057,12,28,2,-1,Rest,1.0,3.0
S057,12,28,3,-1,Rest,1.25,3.25
S057,12,28,4,-1,Rest,1.5,3.5
S057,12,28,5,-1,Rest,1.75,3.75
S057,12,28,6,-1,Rest,2.0,4.0
S058,04,0,0,-1,Rest,0.5,2.5
S058,04,0,1,-1,Rest,0.75,2.75
S058,04,0,2,-1,Rest,1.0,3.0
S058,04,0,3,-1,Rest,1.25,3.25
S058,04,0,4,-1,Rest,1.5,3.5
S058,04,0,5,-1,Rest,1.75,3.75
S058,04,0,6,-1,Rest,2.0,4.0
S058,04,2,0,-1,Rest,0.5,2.5
S058,04,2,1,-1,Rest,0.75,2.75
S058,04,2,2,-1,Rest,1.0,3.0
S058,04,2,3,-1,Rest,1.25,3.25
S058,04,2,4,-1,Rest,1.5,3.5
S058,04,2,5,-1,Rest,1.75,3.75
S058,04,2,6,-1,Rest,2.0,4.0
S058,04,4,0,-1,Rest,0.5,2.5
S058,04,4,1,-1,Rest,0.75,2.75
S058,04,4,2,-1,Rest,1.0,3.0
S058,04,4,3,-1,Rest,1.25,3.25
S058,04,4,4,-1,Rest,1.5,3.5
S058,04,4,5,-1,Rest,1.75,3.75
S058,04,4,6,-1,Rest,2.0,4.0
S058,04,6,0,-1,Rest,0.5,2.5
S058,04,6,1,-1,Rest,0.75,2.75
S058,04,6,2,-1,Rest,1.0,3.0
S058,04,6,3,-1,Rest,1.25,3.25
S058,04,6,4,-1,Rest,1.5,3.5
S058,04,6,5,-1,Rest,1.75,3.75
S058,04,6,6,-1,Rest,2.0,4.0
S058,04,8,0,-1,Rest,0.5,2.5
S058,04,8,1,-1,Rest,0.75,2.75
S058,04,8,2,-1,Rest,1.0,3.0
S058,04,8,3,-1,Rest,1.25,3.25
S058,04,8,4,-1,Rest,1.5,3.5
S058,04,8,5,-1,Rest,1.75,3.75
S058,04,8,6,-1,Rest,2.0,4.0
S058,04,10,0,-1,Rest,0.5,2.5
S058,04,10,1,-1,Rest,0.75,2.75
S058,04,10,2,-1,Rest,1.0,3.0
S058,04,10,3,-1,Rest,1.25,3.25
S058,04,10,4,-1,Rest,1.5,3.5
S058,04,10,5,-1,Rest,1.75,3.75
S058,04,10,6,-1,Rest,2.0,4.0
S058,04,12,0,-1,Rest,0.5,2.5
S058,04,12,1,-1,Rest,0.75,2.75
S058,04,12,2,-1,Rest,1.0,3.0
S058,04,12,3,-1,Rest,1.25,3.25
S058,04,12,4,-1,Rest,1.5,3.5
S058,04,12,5,-1,Rest,1.75,3.75
S058,04,12,6,-1,Rest,2.0,4.0
S058,04,14,0,-1,Rest,0.5,2.5
S058,04,14,1,-1,Rest,0.75,2.75
S058,04,14,2,-1,Rest,1.0,3.0
S058,04,14,3,-1,Rest,1.25,3.25
S058,04,14,4,-1,Rest,1.5,3.5
S058,04,14,5,-1,Rest,1.75,3.75
S058,04,14,6,-1,Rest,2.0,4.0
S058,04,16,0,-1,Rest,0.5,2.5
S058,04,16,1,-1,Rest,0.75,2.75
S058,04,16,2,-1,Rest,1.0,3.0
S058,04,16,3,-1,Rest,1.25,3.25
S058,04,16,4,-1,Rest,1.5,3.5
S058,04,16,5,-1,Rest,1.75,3.75
S058,04,16,6,-1,Rest,2.0,4.0
S058,04,18,0,-1,Rest,0.5,2.5
S058,04,18,1,-1,Rest,0.75,2.75
S058,04,18,2,-1,Rest,1.0,3.0
S058,04,18,3,-1,Rest,1.25,3.25
S058,04,18,4,-1,Rest,1.5,3.5
S058,04,18,5,-1,Rest,1.75,3.75
S058,04,18,6,-1,Rest,2.0,4.0
S058,04,20,0,-1,Rest,0.5,2.5
S058,04,20,1,-1,Rest,0.75,2.75
S058,04,20,2,-1,Rest,1.0,3.0
S058,04,20,3,-1,Rest,1.25,3.25
S058,04,20,4,-1,Rest,1.5,3.5
S058,04,20,5,-1,Rest,1.75,3.75
S058,04,20,6,-1,Rest,2.0,4.0
S058,04,22,0,-1,Rest,0.5,2.5
S058,04,22,1,-1,Rest,0.75,2.75
S058,04,22,2,-1,Rest,1.0,3.0
S058,04,22,3,-1,Rest,1.25,3.25
S058,04,22,4,-1,Rest,1.5,3.5
S058,04,22,5,-1,Rest,1.75,3.75
S058,04,22,6,-1,Rest,2.0,4.0
S058,04,24,0,-1,Rest,0.5,2.5
S058,04,24,1,-1,Rest,0.75,2.75
S058,04,24,2,-1,Rest,1.0,3.0
S058,04,24,3,-1,Rest,1.25,3.25
S058,04,24,4,-1,Rest,1.5,3.5
S058,04,24,5,-1,Rest,1.75,3.75
S058,04,24,6,-1,Rest,2.0,4.0
S058,04,26,0,-1,Rest,0.5,2.5
S058,04,26,1,-1,Rest,0.75,2.75
S058,04,26,2,-1,Rest,1.0,3.0
S058,04,26,3,-1,Rest,1.25,3.25
S058,04,26,4,-1,Rest,1.5,3.5
S058,04,26,5,-1,Rest,1.75,3.75
S058,04,26,6,-1,Rest,2.0,4.0
S058,04,28,0,-1,Rest,0.5,2.5
S058,04,28,1,-1,Rest,0.75,2.75
S058,04,28,2,-1,Rest,1.0,3.0
S058,04,28,3,-1,Rest,1.25,3.25
S058,04,28,4,-1,Rest,1.5,3.5
S058,04,28,5,-1,Rest,1.75,3.75
S058,04,28,6,-1,Rest,2.0,4.0
S058,08,0,0,-1,Rest,0.5,2.5
S058,08,0,1,-1,Rest,0.75,2.75
S058,08,0,2,-1,Rest,1.0,3.0
S058,08,0,3,-1,Rest,1.25,3.25
S058,08,0,4,-1,Rest,1.5,3.5
S058,08,0,5,-1,Rest,1.75,3.75
S058,08,0,6,-1,Rest,2.0,4.0
S058,08,2,0,-1,Rest,0.5,2.5
S058,08,2,1,-1,Rest,0.75,2.75
S058,08,2,2,-1,Rest,1.0,3.0
S058,08,2,3,-1,Rest,1.25,3.25
S058,08,2,4,-1,Rest,1.5,3.5
S058,08,2,5,-1,Rest,1.75,3.75
S058,08,2,6,-1,Rest,2.0,4.0
S058,08,4,0,-1,Rest,0.5,2.5
S058,08,4,1,-1,Rest,0.75,2.75
S058,08,4,2,-1,Rest,1.0,3.0
S058,08,4,3,-1,Rest,1.25,3.25
S058,08,4,4,-1,Rest,1.5,3.5
S058,08,4,5,-1,Rest,1.75,3.75
S058,08,4,6,-1,Rest,2.0,4.0
S058,08,6,0,-1,Rest,0.5,2.5
S058,08,6,1,-1,Rest,0.75,2.75
S058,08,6,2,-1,Rest,1.0,3.0
S058,08,6,3,-1,Rest,1.25,3.25
S058,08,6,4,-1,Rest,1.5,3.5
S058,08,6,5,-1,Rest,1.75,3.75
S058,08,6,6,-1,Rest,2.0,4.0
S058,08,8,0,-1,Rest,0.5,2.5
S058,08,8,1,-1,Rest,0.75,2.75
S058,08,8,2,-1,Rest,1.0,3.0
S058,08,8,3,-1,Rest,1.25,3.25
S058,08,8,4,-1,Rest,1.5,3.5
S058,08,8,5,-1,Rest,1.75,3.75
S058,08,8,6,-1,Rest,2.0,4.0
S058,08,10,0,-1,Rest,0.5,2.5
S058,08,10,1,-1,Rest,0.75,2.75
S058,08,10,2,-1,Rest,1.0,3.0
S058,08,10,3,-1,Rest,1.25,3.25
S058,08,10,4,-1,Rest,1.5,3.5
S058,08,10,5,-1,Rest,1.75,3.75
S058,08,10,6,-1,Rest,2.0,4.0
S058,08,12,0,-1,Rest,0.5,2.5
S058,08,12,1,-1,Rest,0.75,2.75
S058,08,12,2,-1,Rest,1.0,3.0
S058,08,12,3,-1,Rest,1.25,3.25
S058,08,12,4,-1,Rest,1.5,3.5
S058,08,12,5,-1,Rest,1.75,3.75
S058,08,12,6,-1,Rest,2.0,4.0
S058,08,14,0,-1,Rest,0.5,2.5
S058,08,14,1,-1,Rest,0.75,2.75
S058,08,14,2,-1,Rest,1.0,3.0
S058,08,14,3,-1,Rest,1.25,3.25
S058,08,14,4,-1,Rest,1.5,3.5
S058,08,14,5,-1,Rest,1.75,3.75
S058,08,14,6,-1,Rest,2.0,4.0
S058,08,16,0,-1,Rest,0.5,2.5
S058,08,16,1,-1,Rest,0.75,2.75
S058,08,16,2,-1,Rest,1.0,3.0
S058,08,16,3,-1,Rest,1.25,3.25
S058,08,16,4,-1,Rest,1.5,3.5
S058,08,16,5,-1,Rest,1.75,3.75
S058,08,16,6,-1,Rest,2.0,4.0
S058,08,18,0,-1,Rest,0.5,2.5
S058,08,18,1,-1,Rest,0.75,2.75
S058,08,18,2,-1,Rest,1.0,3.0
S058,08,18,3,-1,Rest,1.25,3.25
S058,08,18,4,-1,Rest,1.5,3.5
S058,08,18,5,-1,Rest,1.75,3.75
S058,08,18,6,-1,Rest,2.0,4.0
S058,08,20,0,-1,Rest,0.5,2.5
S058,08,20,1,-1,Rest,0.75,2.75
S058,08,20,2,-1,Rest,1.0,3.0
S058,08,20,3,-1,Rest,1.25,3.25
S058,08,20,4,-1,Rest,1.5,3.5
S058,08,20,5,-1,Rest,1.75,3.75
S058,08,20,6,-1,Rest,2.0,4.0
S058,08,22,0,-1,Rest,0.5,2.5
S058,08,22,1,-1,Rest,0.75,2.75
S058,08,22,2,-1,Rest,1.0,3.0
S058,08,22,3,-1,Rest,1.25,3.25
S058,08,22,4,-1,Rest,1.5,3.5
S058,08,22,5,-1,Rest,1.75,3.75
S058,08,22,6,-1,Rest,2.0,4.0
S058,08,24,0,-1,Rest,0.5,2.5
S058,08,24,1,-1,Rest,0.75,2.75
S058,08,24,2,-1,Rest,1.0,3.0
S058,08,24,3,-1,Rest,1.25,3.25
S058,08,24,4,-1,Rest,1.5,3.5
S058,08,24,5,-1,Rest,1.75,3.75
S058,08,24,6,-1,Rest,2.0,4.0
S058,08,26,0,-1,Rest,0.5,2.5
S058,08,26,1,-1,Rest,0.75,2.75
S058,08,26,2,-1,Rest,1.0,3.0
S058,08,26,3,-1,Rest,1.25,3.25
S058,08,26,4,-1,Rest,1.5,3.5
S058,08,26,5,-1,Rest,1.75,3.75
S058,08,26,6,-1,Rest,2.0,4.0
S058,08,28,0,-1,Rest,0.5,2.5
S058,08,28,1,-1,Rest,0.75,2.75
S058,08,28,2,-1,Rest,1.0,3.0
S058,08,28,3,-1,Rest,1.25,3.25
S058,08,28,4,-1,Rest,1.5,3.5
S058,08,28,5,-1,Rest,1.75,3.75
S058,08,28,6,-1,Rest,2.0,4.0
S058,12,0,0,-1,Rest,0.5,2.5
S058,12,0,1,-1,Rest,0.75,2.75
S058,12,0,2,-1,Rest,1.0,3.0
S058,12,0,3,-1,Rest,1.25,3.25
S058,12,0,4,-1,Rest,1.5,3.5
S058,12,0,5,-1,Rest,1.75,3.75
S058,12,0,6,-1,Rest,2.0,4.0
S058,12,2,0,-1,Rest,0.5,2.5
S058,12,2,1,-1,Rest,0.75,2.75
S058,12,2,2,-1,Rest,1.0,3.0
S058,12,2,3,-1,Rest,1.25,3.25
S058,12,2,4,-1,Rest,1.5,3.5
S058,12,2,5,-1,Rest,1.75,3.75
S058,12,2,6,-1,Rest,2.0,4.0
S058,12,4,0,-1,Rest,0.5,2.5
S058,12,4,1,-1,Rest,0.75,2.75
S058,12,4,2,-1,Rest,1.0,3.0
S058,12,4,3,-1,Rest,1.25,3.25
S058,12,4,4,-1,Rest,1.5,3.5
S058,12,4,5,-1,Rest,1.75,3.75
S058,12,4,6,-1,Rest,2.0,4.0
S058,12,6,0,-1,Rest,0.5,2.5
S058,12,6,1,-1,Rest,0.75,2.75
S058,12,6,2,-1,Rest,1.0,3.0
S058,12,6,3,-1,Rest,1.25,3.25
S058,12,6,4,-1,Rest,1.5,3.5
S058,12,6,5,-1,Rest,1.75,3.75
S058,12,6,6,-1,Rest,2.0,4.0
S058,12,8,0,-1,Rest,0.5,2.5
S058,12,8,1,-1,Rest,0.75,2.75
S058,12,8,2,-1,Rest,1.0,3.0
S058,12,8,3,-1,Rest,1.25,3.25
S058,12,8,4,-1,Rest,1.5,3.5
S058,12,8,5,-1,Rest,1.75,3.75
S058,12,8,6,-1,Rest,2.0,4.0
S058,12,10,0,-1,Rest,0.5,2.5
S058,12,10,1,-1,Rest,0.75,2.75
S058,12,10,2,-1,Rest,1.0,3.0
S058,12,10,3,-1,Rest,1.25,3.25
S058,12,10,4,-1,Rest,1.5,3.5
S058,12,10,5,-1,Rest,1.75,3.75
S058,12,10,6,-1,Rest,2.0,4.0
S058,12,12,0,-1,Rest,0.5,2.5
S058,12,12,1,-1,Rest,0.75,2.75
S058,12,12,2,-1,Rest,1.0,3.0
S058,12,12,3,-1,Rest,1.25,3.25
S058,12,12,4,-1,Rest,1.5,3.5
S058,12,12,5,-1,Rest,1.75,3.75
S058,12,12,6,-1,Rest,2.0,4.0
S058,12,14,0,-1,Rest,0.5,2.5
S058,12,14,1,-1,Rest,0.75,2.75
S058,12,14,2,-1,Rest,1.0,3.0
S058,12,14,3,-1,Rest,1.25,3.25
S058,12,14,4,-1,Rest,1.5,3.5
S058,12,14,5,-1,Rest,1.75,3.75
S058,12,14,6,-1,Rest,2.0,4.0
S058,12,16,0,-1,Rest,0.5,2.5
S058,12,16,1,-1,Rest,0.75,2.75
S058,12,16,2,-1,Rest,1.0,3.0
S058,12,16,3,-1,Rest,1.25,3.25
S058,12,16,4,-1,Rest,1.5,3.5
S058,12,16,5,-1,Rest,1.75,3.75
S058,12,16,6,-1,Rest,2.0,4.0
S058,12,18,0,-1,Rest,0.5,2.5
S058,12,18,1,-1,Rest,0.75,2.75
S058,12,18,2,-1,Rest,1.0,3.0
S058,12,18,3,-1,Rest,1.25,3.25
S058,12,18,4,-1,Rest,1.5,3.5
S058,12,18,5,-1,Rest,1.75,3.75
S058,12,18,6,-1,Rest,2.0,4.0
S058,12,20,0,-1,Rest,0.5,2.5
S058,12,20,1,-1,Rest,0.75,2.75
S058,12,20,2,-1,Rest,1.0,3.0
S058,12,20,3,-1,Rest,1.25,3.25
S058,12,20,4,-1,Rest,1.5,3.5
S058,12,20,5,-1,Rest,1.75,3.75
S058,12,20,6,-1,Rest,2.0,4.0
S058,12,22,0,-1,Rest,0.5,2.5
S058,12,22,1,-1,Rest,0.75,2.75
S058,12,22,2,-1,Rest,1.0,3.0
S058,12,22,3,-1,Rest,1.25,3.25
S058,12,22,4,-1,Rest,1.5,3.5
S058,12,22,5,-1,Rest,1.75,3.75
S058,12,22,6,-1,Rest,2.0,4.0
S058,12,24,0,-1,Rest,0.5,2.5
S058,12,24,1,-1,Rest,0.75,2.75
S058,12,24,2,-1,Rest,1.0,3.0
S058,12,24,3,-1,Rest,1.25,3.25
S058,12,24,4,-1,Rest,1.5,3.5
S058,12,24,5,-1,Rest,1.75,3.75
S058,12,24,6,-1,Rest,2.0,4.0
S058,12,26,0,-1,Rest,0.5,2.5
S058,12,26,1,-1,Rest,0.75,2.75
S058,12,26,2,-1,Rest,1.0,3.0
S058,12,26,3,-1,Rest,1.25,3.25
S058,12,26,4,-1,Rest,1.5,3.5
S058,12,26,5,-1,Rest,1.75,3.75
S058,12,26,6,-1,Rest,2.0,4.0
S058,12,28,0,-1,Rest,0.5,2.5
S058,12,28,1,-1,Rest,0.75,2.75
S058,12,28,2,-1,Rest,1.0,3.0
S058,12,28,3,-1,Rest,1.25,3.25
S058,12,28,4,-1,Rest,1.5,3.5
S058,12,28,5,-1,Rest,1.75,3.75
S058,12,28,6,-1,Rest,2.0,4.0
S060,04,0,0,-1,Rest,0.5,2.5
S060,04,0,1,-1,Rest,0.75,2.75
S060,04,0,2,-1,Rest,1.0,3.0
S060,04,0,3,-1,Rest,1.25,3.25
S060,04,0,4,-1,Rest,1.5,3.5
S060,04,0,5,-1,Rest,1.75,3.75
S060,04,0,6,-1,Rest,2.0,4.0
S060,04,4,0,-1,Rest,0.5,2.5
S060,04,4,1,-1,Rest,0.75,2.75
S060,04,6,0,-1,Rest,0.5,2.5
S060,04,6,1,-1,Rest,0.75,2.75
S060,04,6,2,-1,Rest,1.0,3.0
S060,04,6,3,-1,Rest,1.25,3.25
S060,04,6,4,-1,Rest,1.5,3.5
S060,04,6,5,-1,Rest,1.75,3.75
S060,04,6,6,-1,Rest,2.0,4.0
S060,04,8,0,-1,Rest,0.5,2.5
S060,04,8,1,-1,Rest,0.75,2.75
S060,04,8,2,-1,Rest,1.0,3.0
S060,04,8,3,-1,Rest,1.25,3.25
S060,04,8,4,-1,Rest,1.5,3.5
S060,04,8,5,-1,Rest,1.75,3.75
S060,04,8,6,-1,Rest,2.0,4.0
S060,04,10,0,-1,Rest,0.5,2.5
S060,04,10,1,-1,Rest,0.75,2.75
S060,04,10,2,-1,Rest,1.0,3.0
S060,04,10,3,-1,Rest,1.25,3.25
S060,04,10,4,-1,Rest,1.5,3.5
S060,04,10,5,-1,Rest,1.75,3.75
S060,04,10,6,-1,Rest,2.0,4.0
S060,04,12,0,-1,Rest,0.5,2.5
S060,04,12,1,-1,Rest,0.75,2.75
S060,04,12,2,-1,Rest,1.0,3.0
S060,04,12,3,-1,Rest,1.25,3.25
S060,04,12,4,-1,Rest,1.5,3.5
S060,04,12,5,-1,Rest,1.75,3.75
S060,04,12,6,-1,Rest,2.0,4.0
S060,04,14,0,-1,Rest,0.5,2.5
S060,04,14,1,-1,Rest,0.75,2.75
S060,04,14,2,-1,Rest,1.0,3.0
S060,04,14,3,-1,Rest,1.25,3.25
S060,04,14,4,-1,Rest,1.5,3.5
S060,04,14,5,-1,Rest,1.75,3.75
S060,04,14,6,-1,Rest,2.0,4.0
S060,04,16,0,-1,Rest,0.5,2.5
S060,04,16,1,-1,Rest,0.75,2.75
S060,04,16,2,-1,Rest,1.0,3.0
S060,04,16,3,-1,Rest,1.25,3.25
S060,04,16,4,-1,Rest,1.5,3.5
S060,04,16,5,-1,Rest,1.75,3.75
S060,04,16,6,-1,Rest,2.0,4.0
S060,04,18,0,-1,Rest,0.5,2.5
S060,04,18,1,-1,Rest,0.75,2.75
S060,04,18,2,-1,Rest,1.0,3.0
S060,04,18,3,-1,Rest,1.25,3.25
S060,04,18,4,-1,Rest,1.5,3.5
S060,04,18,5,-1,Rest,1.75,3.75
S060,04,18,6,-1,Rest,2.0,4.0
S060,04,20,0,-1,Rest,0.5,2.5
S060,04,20,1,-1,Rest,0.75,2.75
S060,04,20,2,-1,Rest,1.0,3.0
S060,04,20,3,-1,Rest,1.25,3.25
S060,04,20,4,-1,Rest,1.5,3.5
S060,04,20,5,-1,Rest,1.75,3.75
S060,04,20,6,-1,Rest,2.0,4.0
S060,04,22,5,-1,Rest,1.75,3.75
S060,04,22,6,-1,Rest,2.0,4.0
S060,04,24,0,-1,Rest,0.5,2.5
S060,04,24,1,-1,Rest,0.75,2.75
S060,04,24,2,-1,Rest,1.0,3.0
S060,04,24,3,-1,Rest,1.25,3.25
S060,04,24,4,-1,Rest,1.5,3.5
S060,04,24,5,-1,Rest,1.75,3.75
S060,04,24,6,-1,Rest,2.0,4.0
S060,04,26,0,-1,Rest,0.5,2.5
S060,04,26,1,-1,Rest,0.75,2.75
S060,04,26,2,-1,Rest,1.0,3.0
S060,04,26,3,-1,Rest,1.25,3.25
S060,04,26,4,-1,Rest,1.5,3.5
S060,04,26,5,-1,Rest,1.75,3.75
S060,04,26,6,-1,Rest,2.0,4.0
S060,04,28,1,-1,Rest,0.75,2.75
S060,04,28,2,-1,Rest,1.0,3.0
S060,04,28,3,-1,Rest,1.25,3.25
S060,04,28,4,-1,Rest,1.5,3.5
S060,04,28,5,-1,Rest,1.75,3.75
S060,04,28,6,-1,Rest,2.0,4.0
S060,08,0,3,-1,Rest,1.25,3.25
S060,08,0,4,-1,Rest,1.5,3.5
S060,08,0,5,-1,Rest,1.75,3.75
S060,08,0,6,-1,Rest,2.0,4.0
S060,08,2,0,-1,Rest,0.5,2.5
S060,08,2,1,-1,Rest,0.75,2.75
S060,08,2,2,-1,Rest,1.0,3.0
S060,08,2,3,-1,Rest,1.25,3.25
S060,08,2,4,-1,Rest,1.5,3.5
S060,08,2,5,-1,Rest,1.75,3.75
S060,08,2,6,-1,Rest,2.0,4.0
S060,08,4,0,-1,Rest,0.5,2.5
S060,08,4,1,-1,Rest,0.75,2.75
S060,08,4,2,-1,Rest,1.0,3.0
S060,08,4,3,-1,Rest,1.25,3.25
S060,08,4,4,-1,Rest,1.5,3.5
S060,08,4,5,-1,Rest,1.75,3.75
S060,08,4,6,-1,Rest,2.0,4.0
S060,08,6,0,-1,Rest,0.5,2.5
S060,08,6,1,-1,Rest,0.75,2.75
S060,08,6,2,-1,Rest,1.0,3.0
S060,08,6,3,-1,Rest,1.25,3.25
S060,08,6,4,-1,Rest,1.5,3.5
S060,08,6,5,-1,Rest,1.75,3.75
S060,08,6,6,-1,Rest,2.0,4.0
S060,08,8,0,-1,Rest,0.5,2.5
S060,08,8,1,-1,Rest,0.75,2.75
S060,08,8,2,-1,Rest,1.0,3.0
S060,08,8,3,-1,Rest,1.25,3.25
S060,08,8,4,-1,Rest,1.5,3.5
S060,08,8,5,-1,Rest,1.75,3.75
S060,08,8,6,-1,Rest,2.0,4.0
S060,08,10,2,-1,Rest,1.0,3.0
S060,08,10,3,-1,Rest,1.25,3.25
S060,08,10,4,-1,Rest,1.5,3.5
S060,08,10,5,-1,Rest,1.75,3.75
S060,08,10,6,-1,Rest,2.0,4.0
S060,08,12,0,-1,Rest,0.5,2.5
S060,08,12,1,-1,Rest,0.75,2.75
S060,08,12,2,-1,Rest,1.0,3.0
S060,08,12,3,-1,Rest,1.25,3.25
S060,08,12,4,-1,Rest,1.5,3.5
S060,08,12,5,-1,Rest,1.75,3.75
S060,08,12,6,-1,Rest,2.0,4.0
S060,08,14,0,-1,Rest,0.5,2.5
S060,08,14,1,-1,Rest,0.75,2.75
S060,08,14,2,-1,Rest,1.0,3.0
S060,08,14,3,-1,Rest,1.25,3.25
S060,08,14,4,-1,Rest,1.5,3.5
S060,08,14,5,-1,Rest,1.75,3.75
S060,08,14,6,-1,Rest,2.0,4.0
S060,08,16,0,-1,Rest,0.5,2.5
S060,08,16,1,-1,Rest,0.75,2.75
S060,08,16,2,-1,Rest,1.0,3.0
S060,08,16,3,-1,Rest,1.25,3.25
S060,08,16,4,-1,Rest,1.5,3.5
S060,08,16,5,-1,Rest,1.75,3.75
S060,08,16,6,-1,Rest,2.0,4.0
S060,08,18,0,-1,Rest,0.5,2.5
S060,08,18,1,-1,Rest,0.75,2.75
S060,08,18,2,-1,Rest,1.0,3.0
S060,08,20,0,-1,Rest,0.5,2.5
S060,08,22,0,-1,Rest,0.5,2.5
S060,08,22,1,-1,Rest,0.75,2.75
S060,08,22,2,-1,Rest,1.0,3.0
S060,08,22,3,-1,Rest,1.25,3.25
S060,08,22,4,-1,Rest,1.5,3.5
S060,08,22,5,-1,Rest,1.75,3.75
S060,08,22,6,-1,Rest,2.0,4.0
S060,08,24,0,-1,Rest,0.5,2.5
S060,08,24,1,-1,Rest,0.75,2.75
S060,08,24,2,-1,Rest,1.0,3.0
S060,08,24,3,-1,Rest,1.25,3.25
S060,08,24,4,-1,Rest,1.5,3.5
S060,08,24,5,-1,Rest,1.75,3.75
S060,08,24,6,-1,Rest,2.0,4.0
S060,08,26,0,-1,Rest,0.5,2.5
S060,08,26,1,-1,Rest,0.75,2.75
S060,08,26,2,-1,Rest,1.0,3.0
S060,08,26,3,-1,Rest,1.25,3.25
S060,08,26,4,-1,Rest,1.5,3.5
S060,08,26,5,-1,Rest,1.75,3.75
S060,08,26,6,-1,Rest,2.0,4.0
S060,08,28,0,-1,Rest,0.5,2.5
S060,08,28,1,-1,Rest,0.75,2.75
S060,08,28,2,-1,Rest,1.0,3.0
S060,08,28,3,-1,Rest,1.25,3.25
S060,08,28,4,-1,Rest,1.5,3.5
S060,08,28,5,-1,Rest,1.75,3.75
S060,08,28,6,-1,Rest,2.0,4.0
S060,12,0,0,-1,Rest,0.5,2.5
S060,12,0,1,-1,Rest,0.75,2.75
S060,12,0,2,-1,Rest,1.0,3.0
S060,12,0,3,-1,Rest,1.25,3.25
S060,12,0,4,-1,Rest,1.5,3.5
S060,12,0,5,-1,Rest,1.75,3.75
S060,12,0,6,-1,Rest,2.0,4.0
S060,12,2,0,-1,Rest,0.5,2.5
S060,12,2,1,-1,Rest,0.75,2.75
S060,12,2,2,-1,Rest,1.0,3.0
S060,12,2,3,-1,Rest,1.25,3.25
S060,12,2,4,-1,Rest,1.5,3.5
S060,12,2,5,-1,Rest,1.75,3.75
S060,12,2,6,-1,Rest,2.0,4.0
S060,12,4,0,-1,Rest,0.5,2.5
S060,12,4,1,-1,Rest,0.75,2.75
S060,12,4,2,-1,Rest,1.0,3.0
S060,12,4,3,-1,Rest,1.25,3.25
S060,12,4,4,-1,Rest,1.5,3.5
S060,12,4,5,-1,Rest,1.75,3.75
S060,12,4,6,-1,Rest,2.0,4.0
S060,12,6,0,-1,Rest,0.5,2.5
S060,12,6,1,-1,Rest,0.75,2.75
S060,12,6,2,-1,Rest,1.0,3.0
S060,12,6,3,-1,Rest,1.25,3.25
S060,12,6,4,-1,Rest,1.5,3.5
S060,12,6,5,-1,Rest,1.75,3.75
S060,12,6,6,-1,Rest,2.0,4.0
S060,12,10,0,-1,Rest,0.5,2.5
S060,12,10,1,-1,Rest,0.75,2.75
S060,12,10,2,-1,Rest,1.0,3.0
S060,12,10,3,-1,Rest,1.25,3.25
S060,12,10,4,-1,Rest,1.5,3.5
S060,12,10,5,-1,Rest,1.75,3.75
S060,12,10,6,-1,Rest,2.0,4.0
S060,12,12,0,-1,Rest,0.5,2.5
S060,12,12,1,-1,Rest,0.75,2.75
S060,12,12,2,-1,Rest,1.0,3.0
S060,12,12,3,-1,Rest,1.25,3.25
S060,12,12,4,-1,Rest,1.5,3.5
S060,12,12,5,-1,Rest,1.75,3.75
S060,12,12,6,-1,Rest,2.0,4.0
S060,12,14,0,-1,Rest,0.5,2.5
S060,12,14,1,-1,Rest,0.75,2.75
S060,12,14,2,-1,Rest,1.0,3.0
S060,12,14,3,-1,Rest,1.25,3.25
S060,12,14,4,-1,Rest,1.5,3.5
S060,12,14,5,-1,Rest,1.75,3.75
S060,12,14,6,-1,Rest,2.0,4.0
S060,12,16,0,-1,Rest,0.5,2.5
S060,12,16,1,-1,Rest,0.75,2.75
S060,12,16,2,-1,Rest,1.0,3.0
S060,12,16,3,-1,Rest,1.25,3.25
S060,12,16,4,-1,Rest,1.5,3.5
S060,12,16,5,-1,Rest,1.75,3.75
S060,12,16,6,-1,Rest,2.0,4.0
S060,12,18,0,-1,Rest,0.5,2.5
S060,12,18,1,-1,Rest,0.75,2.75
S060,12,18,2,-1,Rest,1.0,3.0
S060,12,18,3,-1,Rest,1.25,3.25
S060,12,18,4,-1,Rest,1.5,3.5
S060,12,18,5,-1,Rest,1.75,3.75
S060,12,18,6,-1,Rest,2.0,4.0
S060,12,20,0,-1,Rest,0.5,2.5
S060,12,20,1,-1,Rest,0.75,2.75
S060,12,20,2,-1,Rest,1.0,3.0
S060,12,20,3,-1,Rest,1.25,3.25
S060,12,20,4,-1,Rest,1.5,3.5
S060,12,20,5,-1,Rest,1.75,3.75
S060,12,20,6,-1,Rest,2.0,4.0
S060,12,22,0,-1,Rest,0.5,2.5
S060,12,22,1,-1,Rest,0.75,2.75
S060,12,22,2,-1,Rest,1.0,3.0
S060,12,22,3,-1,Rest,1.25,3.25
S060,12,22,4,-1,Rest,1.5,3.5
S060,12,22,5,-1,Rest,1.75,3.75
S060,12,22,6,-1,Rest,2.0,4.0
S060,12,24,0,-1,Rest,0.5,2.5
S060,12,24,1,-1,Rest,0.75,2.75
S060,12,24,2,-1,Rest,1.0,3.0
S060,12,24,3,-1,Rest,1.25,3.25
S060,12,24,4,-1,Rest,1.5,3.5
S060,12,24,5,-1,Rest,1.75,3.75
S060,12,24,6,-1,Rest,2.0,4.0
S060,12,26,0,-1,Rest,0.5,2.5
S060,12,26,1,-1,Rest,0.75,2.75
S060,12,26,2,-1,Rest,1.0,3.0
S060,12,26,3,-1,Rest,1.25,3.25
S060,12,26,4,-1,Rest,1.5,3.5
S060,12,26,5,-1,Rest,1.75,3.75
S060,12,26,6,-1,Rest,2.0,4.0
S060,12,28,0,-1,Rest,0.5,2.5
S060,12,28,1,-1,Rest,0.75,2.75
S060,12,28,2,-1,Rest,1.0,3.0
S060,12,28,3,-1,Rest,1.25,3.25
S060,12,28,4,-1,Rest,1.5,3.5
S060,12,28,5,-1,Rest,1.75,3.75
S060,12,28,6,-1,Rest,2.0,4.0
S061,04,0,0,-1,Rest,0.5,2.5
S061,04,0,1,-1,Rest,0.75,2.75
S061,04,0,2,-1,Rest,1.0,3.0
S061,04,0,3,-1,Rest,1.25,3.25
S061,04,0,4,-1,Rest,1.5,3.5
S061,04,0,5,-1,Rest,1.75,3.75
S061,04,0,6,-1,Rest,2.0,4.0
S061,04,2,0,-1,Rest,0.5,2.5
S061,04,2,1,-1,Rest,0.75,2.75
S061,04,2,2,-1,Rest,1.0,3.0
S061,04,2,3,-1,Rest,1.25,3.25
S061,04,2,4,-1,Rest,1.5,3.5
S061,04,2,5,-1,Rest,1.75,3.75
S061,04,2,6,-1,Rest,2.0,4.0
S061,04,4,0,-1,Rest,0.5,2.5
S061,04,4,1,-1,Rest,0.75,2.75
S061,04,4,2,-1,Rest,1.0,3.0
S061,04,4,3,-1,Rest,1.25,3.25
S061,04,4,4,-1,Rest,1.5,3.5
S061,04,4,5,-1,Rest,1.75,3.75
S061,04,4,6,-1,Rest,2.0,4.0
S061,04,6,0,-1,Rest,0.5,2.5
S061,04,6,1,-1,Rest,0.75,2.75
S061,04,6,2,-1,Rest,1.0,3.0
S061,04,6,3,-1,Rest,1.25,3.25
S061,04,6,4,-1,Rest,1.5,3.5
S061,04,6,5,-1,Rest,1.75,3.75
S061,04,6,6,-1,Rest,2.0,4.0
S061,04,10,0,-1,Rest,0.5,2.5
S061,04,10,1,-1,Rest,0.75,2.75
S061,04,10,2,-1,Rest,1.0,3.0
S061,04,10,3,-1,Rest,1.25,3.25
S061,04,10,4,-1,Rest,1.5,3.5
S061,04,10,5,-1,Rest,1.75,3.75
S061,04,10,6,-1,Rest,2.0,4.0
S061,04,12,0,-1,Rest,0.5,2.5
S061,04,12,1,-1,Rest,0.75,2.75
S061,04,12,2,-1,Rest,1.0,3.0
S061,04,12,3,-1,Rest,1.25,3.25
S061,04,12,4,-1,Rest,1.5,3.5
S061,04,12,5,-1,Rest,1.75,3.75
S061,04,12,6,-1,Rest,2.0,4.0
S061,04,14,0,-1,Rest,0.5,2.5
S061,04,14,1,-1,Rest,0.75,2.75
S061,04,14,2,-1,Rest,1.0,3.0
S061,04,14,3,-1,Rest,1.25,3.25
S061,04,14,4,-1,Rest,1.5,3.5
S061,04,14,5,-1,Rest,1.75,3.75
S061,04,14,6,-1,Rest,2.0,4.0
S061,04,16,0,-1,Rest,0.5,2.5
S061,04,16,1,-1,Rest,0.75,2.75
S061,04,16,2,-1,Rest,1.0,3.0
S061,04,16,3,-1,Rest,1.25,3.25
S061,04,16,4,-1,Rest,1.5,3.5
S061,04,16,5,-1,Rest,1.75,3.75
S061,04,16,6,-1,Rest,2.0,4.0
S061,04,20,0,-1,Rest,0.5,2.5
S061,04,20,1,-1,Rest,0.75,2.75
S061,04,22,3,-1,Rest,1.25,3.25
S061,04,22,4,-1,Rest,1.5,3.5
S061,04,22,5,-1,Rest,1.75,3.75
S061,04,22,6,-1,Rest,2.0,4.0
S061,04,24,0,-1,Rest,0.5,2.5
S061,04,24,1,-1,Rest,0.75,2.75
S061,04,24,2,-1,Rest,1.0,3.0
S061,04,24,3,-1,Rest,1.25,3.25
S061,04,24,4,-1,Rest,1.5,3.5
S061,04,28,1,-1,Rest,0.75,2.75
S061,04,28,2,-1,Rest,1.0,3.0
S061,04,28,3,-1,Rest,1.25,3.25
S061,04,28,4,-1,Rest,1.5,3.5
S061,04,28,5,-1,Rest,1.75,3.75
S061,04,28,6,-1,Rest,2.0,4.0
S061,08,0,0,-1,Rest,0.5,2.5
S061,08,0,1,-1,Rest,0.75,2.75
S061,08,2,0,-1,Rest,0.5,2.5
S061,08,2,1,-1,Rest,0.75,2.75
S061,08,2,2,-1,Rest,1.0,3.0
S061,08,2,3,-1,Rest,1.25,3.25
S061,08,2,4,-1,Rest,1.5,3.5
S061,08,2,5,-1,Rest,1.75,3.75
S061,08,2,6,-1,Rest,2.0,4.0
S061,08,4,0,-1,Rest,0.5,2.5
S061,08,4,1,-1,Rest,0.75,2.75
S061,08,4,2,-1,Rest,1.0,3.0
S061,08,4,3,-1,Rest,1.25,3.25
S061,08,4,4,-1,Rest,1.5,3.5
S061,08,4,5,-1,Rest,1.75,3.75
S061,08,4,6,-1,Rest,2.0,4.0
S061,08,6,2,-1,Rest,1.0,3.0
S061,08,6,3,-1,Rest,1.25,3.25
S061,08,6,4,-1,Rest,1.5,3.5
S061,08,6,5,-1,Rest,1.75,3.75
S061,08,6,6,-1,Rest,2.0,4.0
S061,08,12,3,-1,Rest,1.25,3.25
S061,08,12,4,-1,Rest,1.5,3.5
S061,08,12,5,-1,Rest,1.75,3.75
S061,08,12,6,-1,Rest,2.0,4.0
S061,08,14,2,-1,Rest,1.0,3.0
S061,08,14,3,-1,Rest,1.25,3.25
S061,08,14,4,-1,Rest,1.5,3.5
S061,08,14,5,-1,Rest,1.75,3.75
S061,08,14,6,-1,Rest,2.0,4.0
S061,08,22,0,-1,Rest,0.5,2.5
S061,08,22,1,-1,Rest,0.75,2.75
S061,08,22,2,-1,Rest,1.0,3.0
S061,08,22,3,-1,Rest,1.25,3.25
S061,08,22,4,-1,Rest,1.5,3.5
S061,08,22,5,-1,Rest,1.75,3.75
S061,08,22,6,-1,Rest,2.0,4.0
S061,08,24,3,-1,Rest,1.25,3.25
S061,08,24,4,-1,Rest,1.5,3.5
S061,08,24,5,-1,Rest,1.75,3.75
S061,08,24,6,-1,Rest,2.0,4.0
S061,12,0,0,-1,Rest,0.5,2.5
S061,12,0,1,-1,Rest,0.75,2.75
S061,12,0,2,-1,Rest,1.0,3.0
S061,12,0,3,-1,Rest,1.25,3.25
S061,12,0,4,-1,Rest,1.5,3.5
S061,12,0,5,-1,Rest,1.75,3.75
S061,12,0,6,-1,Rest,2.0,4.0
S061,12,2,0,-1,Rest,0.5,2.5
S061,12,2,1,-1,Rest,0.75,2.75
S061,12,2,2,-1,Rest,1.0,3.0
S061,12,2,3,-1,Rest,1.25,3.25
S061,12,2,4,-1,Rest,1.5,3.5
S061,12,2,5,-1,Rest,1.75,3.75
S061,12,2,6,-1,Rest,2.0,4.0
S061,12,4,0,-1,Rest,0.5,2.5
S061,12,4,1,-1,Rest,0.75,2.75
S061,12,4,2,-1,Rest,1.0,3.0
S061,12,4,3,-1,Rest,1.25,3.25
S061,12,6,0,-1,Rest,0.5,2.5
S061,12,6,1,-1,Rest,0.75,2.75
S061,12,18,1,-1,Rest,0.75,2.75
S061,12,18,2,-1,Rest,1.0,3.0
S061,12,18,3,-1,Rest,1.25,3.25
S061,12,18,4,-1,Rest,1.5,3.5
S061,12,18,5,-1,Rest,1.75,3.75
S061,12,18,6,-1,Rest,2.0,4.0
S061,12,20,0,-1,Rest,0.5,2.5
S061,12,20,1,-1,Rest,0.75,2.75
S061,12,20,2,-1,Rest,1.0,3.0
S061,12,20,3,-1,Rest,1.25,3.25
S061,12,24,0,-1,Rest,0.5,2.5
S061,12,24,1,-1,Rest,0.75,2.75
S061,12,24,2,-1,Rest,1.0,3.0
S061,12,28,0,-1,Rest,0.5,2.5
S061,12,28,1,-1,Rest,0.75,2.75
S061,12,28,2,-1,Rest,1.0,3.0
S062,04,0,0,-1,Rest,0.5,2.5
S062,04,0,1,-1,Rest,0.75,2.75
S062,04,0,2,-1,Rest,1.0,3.0
S062,04,0,3,-1,Rest,1.25,3.25
S062,04,0,4,-1,Rest,1.5,3.5
S062,04,0,5,-1,Rest,1.75,3.75
S062,04,0,6,-1,Rest,2.0,4.0
S062,04,2,0,-1,Rest,0.5,2.5
S062,04,2,1,-1,Rest,0.75,2.75
S062,04,2,2,-1,Rest,1.0,3.0
S062,04,2,3,-1,Rest,1.25,3.25
S062,04,2,4,-1,Rest,1.5,3.5
S062,04,2,5,-1,Rest,1.75,3.75
S062,04,2,6,-1,Rest,2.0,4.0
S062,04,4,0,-1,Rest,0.5,2.5
S062,04,4,1,-1,Rest,0.75,2.75
S062,04,4,2,-1,Rest,1.0,3.0
S062,04,4,3,-1,Rest,1.25,3.25
S062,04,4,4,-1,Rest,1.5,3.5
S062,04,4,5,-1,Rest,1.75,3.75
S062,04,4,6,-1,Rest,2.0,4.0
S062,04,6,0,-1,Rest,0.5,2.5
S062,04,6,1,-1,Rest,0.75,2.75
S062,04,6,2,-1,Rest,1.0,3.0
S062,04,6,3,-1,Rest,1.25,3.25
S062,04,6,4,-1,Rest,1.5,3.5
S062,04,6,5,-1,Rest,1.75,3.75
S062,04,6,6,-1,Rest,2.0,4.0
S062,04,8,0,-1,Rest,0.5,2.5
S062,04,8,1,-1,Rest,0.75,2.75
S062,04,8,2,-1,Rest,1.0,3.0
S062,04,8,3,-1,Rest,1.25,3.25
S062,04,8,4,-1,Rest,1.5,3.5
S062,04,8,5,-1,Rest,1.75,3.75
S062,04,8,6,-1,Rest,2.0,4.0
S062,04,10,0,-1,Rest,0.5,2.5
S062,04,10,1,-1,Rest,0.75,2.75
S062,04,10,2,-1,Rest,1.0,3.0
S062,04,10,3,-1,Rest,1.25,3.25
S062,04,10,4,-1,Rest,1.5,3.5
S062,04,10,5,-1,Rest,1.75,3.75
S062,04,10,6,-1,Rest,2.0,4.0
S062,04,12,0,-1,Rest,0.5,2.5
S062,04,12,1,-1,Rest,0.75,2.75
S062,04,12,2,-1,Rest,1.0,3.0
S062,04,12,3,-1,Rest,1.25,3.25
S062,04,12,4,-1,Rest,1.5,3.5
S062,04,12,5,-1,Rest,1.75,3.75
S062,04,12,6,-1,Rest,2.0,4.0
S062,04,14,0,-1,Rest,0.5,2.5
S062,04,14,1,-1,Rest,0.75,2.75
S062,04,14,2,-1,Rest,1.0,3.0
S062,04,14,3,-1,Rest,1.25,3.25
S062,04,14,4,-1,Rest,1.5,3.5
S062,04,14,5,-1,Rest,1.75,3.75
S062,04,14,6,-1,Rest,2.0,4.0
S062,04,16,0,-1,Rest,0.5,2.5
S062,04,16,1,-1,Rest,0.75,2.75
S062,04,16,2,-1,Rest,1.0,3.0
S062,04,16,3,-1,Rest,1.25,3.25
S062,04,16,4,-1,Rest,1.5,3.5
S062,04,16,5,-1,Rest,1.75,3.75
S062,04,16,6,-1,Rest,2.0,4.0
S062,04,18,0,-1,Rest,0.5,2.5
S062,04,18,1,-1,Rest,0.75,2.75
S062,04,18,2,-1,Rest,1.0,3.0
S062,04,18,3,-1,Rest,1.25,3.25
S062,04,18,4,-1,Rest,1.5,3.5
S062,04,18,5,-1,Rest,1.75,3.75
S062,04,18,6,-1,Rest,2.0,4.0
S062,04,20,0,-1,Rest,0.5,2.5
S062,04,20,1,-1,Rest,0.75,2.75
S062,04,20,2,-1,Rest,1.0,3.0
S062,04,20,3,-1,Rest,1.25,3.25
S062,04,20,4,-1,Rest,1.5,3.5
S062,04,20,5,-1,Rest,1.75,3.75
S062,04,20,6,-1,Rest,2.0,4.0
S062,04,22,0,-1,Rest,0.5,2.5
S062,04,22,1,-1,Rest,0.75,2.75
S062,04,22,2,-1,Rest,1.0,3.0
S062,04,22,3,-1,Rest,1.25,3.25
S062,04,22,4,-1,Rest,1.5,3.5
S062,04,22,5,-1,Rest,1.75,3.75
S062,04,22,6,-1,Rest,2.0,4.0
S062,04,24,0,-1,Rest,0.5,2.5
S062,04,24,1,-1,Rest,0.75,2.75
S062,04,24,2,-1,Rest,1.0,3.0
S062,04,24,3,-1,Rest,1.25,3.25
S062,04,24,4,-1,Rest,1.5,3.5
S062,04,24,5,-1,Rest,1.75,3.75
S062,04,24,6,-1,Rest,2.0,4.0
S062,04,26,0,-1,Rest,0.5,2.5
S062,04,26,1,-1,Rest,0.75,2.75
S062,04,26,2,-1,Rest,1.0,3.0
S062,04,26,3,-1,Rest,1.25,3.25
S062,04,26,4,-1,Rest,1.5,3.5
S062,04,26,5,-1,Rest,1.75,3.75
S062,04,26,6,-1,Rest,2.0,4.0
S062,04,28,0,-1,Rest,0.5,2.5
S062,04,28,1,-1,Rest,0.75,2.75
S062,04,28,2,-1,Rest,1.0,3.0
S062,04,28,3,-1,Rest,1.25,3.25
S062,04,28,4,-1,Rest,1.5,3.5
S062,04,28,5,-1,Rest,1.75,3.75
S062,04,28,6,-1,Rest,2.0,4.0
S062,08,0,0,-1,Rest,0.5,2.5
S062,08,0,1,-1,Rest,0.75,2.75
S062,08,0,2,-1,Rest,1.0,3.0
S062,08,0,3,-1,Rest,1.25,3.25
S062,08,0,4,-1,Rest,1.5,3.5
S062,08,0,5,-1,Rest,1.75,3.75
S062,08,0,6,-1,Rest,2.0,4.0
S062,08,2,0,-1,Rest,0.5,2.5
S062,08,2,1,-1,Rest,0.75,2.75
S062,08,2,2,-1,Rest,1.0,3.0
S062,08,2,3,-1,Rest,1.25,3.25
S062,08,2,4,-1,Rest,1.5,3.5
S062,08,2,5,-1,Rest,1.75,3.75
S062,08,2,6,-1,Rest,2.0,4.0
S062,08,4,0,-1,Rest,0.5,2.5
S062,08,4,1,-1,Rest,0.75,2.75
S062,08,4,2,-1,Rest,1.0,3.0
S062,08,4,3,-1,Rest,1.25,3.25
S062,08,4,4,-1,Rest,1.5,3.5
S062,08,4,5,-1,Rest,1.75,3.75
S062,08,4,6,-1,Rest,2.0,4.0
S062,08,6,0,-1,Rest,0.5,2.5
S062,08,6,1,-1,Rest,0.75,2.75
S062,08,6,2,-1,Rest,1.0,3.0
S062,08,6,3,-1,Rest,1.25,3.25
S062,08,6,4,-1,Rest,1.5,3.5
S062,08,6,5,-1,Rest,1.75,3.75
S062,08,6,6,-1,Rest,2.0,4.0
S062,08,8,0,-1,Rest,0.5,2.5
S062,08,8,1,-1,Rest,0.75,2.75
S062,08,8,2,-1,Rest,1.0,3.0
S062,08,8,3,-1,Rest,1.25,3.25
S062,08,8,4,-1,Rest,1.5,3.5
S062,08,8,5,-1,Rest,1.75,3.75
S062,08,8,6,-1,Rest,2.0,4.0
S062,08,10,0,-1,Rest,0.5,2.5
S062,08,10,1,-1,Rest,0.75,2.75
S062,08,10,2,-1,Rest,1.0,3.0
S062,08,10,3,-1,Rest,1.25,3.25
S062,08,10,4,-1,Rest,1.5,3.5
S062,08,10,5,-1,Rest,1.75,3.75
S062,08,10,6,-1,Rest,2.0,4.0
S062,08,12,0,-1,Rest,0.5,2.5
S062,08,12,1,-1,Rest,0.75,2.75
S062,08,12,2,-1,Rest,1.0,3.0
S062,08,12,3,-1,Rest,1.25,3.25
S062,08,12,4,-1,Rest,1.5,3.5
S062,08,12,5,-1,Rest,1.75,3.75
S062,08,12,6,-1,Rest,2.0,4.0
S062,08,14,0,-1,Rest,0.5,2.5
S062,08,14,1,-1,Rest,0.75,2.75
S062,08,14,2,-1,Rest,1.0,3.0
S062,08,14,3,-1,Rest,1.25,3.25
S062,08,14,4,-1,Rest,1.5,3.5
S062,08,14,5,-1,Rest,1.75,3.75
S062,08,14,6,-1,Rest,2.0,4.0
S062,08,16,0,-1,Rest,0.5,2.5
S062,08,16,1,-1,Rest,0.75,2.75
S062,08,16,2,-1,Rest,1.0,3.0
S062,08,16,3,-1,Rest,1.25,3.25
S062,08,16,4,-1,Rest,1.5,3.5
S062,08,16,5,-1,Rest,1.75,3.75
S062,08,16,6,-1,Rest,2.0,4.0
S062,08,18,0,-1,Rest,0.5,2.5
S062,08,18,1,-1,Rest,0.75,2.75
S062,08,18,2,-1,Rest,1.0,3.0
S062,08,18,3,-1,Rest,1.25,3.25
S062,08,18,4,-1,Rest,1.5,3.5
S062,08,18,5,-1,Rest,1.75,3.75
S062,08,18,6,-1,Rest,2.0,4.0
S062,08,20,0,-1,Rest,0.5,2.5
S062,08,20,1,-1,Rest,0.75,2.75
S062,08,20,2,-1,Rest,1.0,3.0
S062,08,20,3,-1,Rest,1.25,3.25
S062,08,20,4,-1,Rest,1.5,3.5
S062,08,20,5,-1,Rest,1.75,3.75
S062,08,20,6,-1,Rest,2.0,4.0
S062,08,22,0,-1,Rest,0.5,2.5
S062,08,22,1,-1,Rest,0.75,2.75
S062,08,22,2,-1,Rest,1.0,3.0
S062,08,22,3,-1,Rest,1.25,3.25
S062,08,22,4,-1,Rest,1.5,3.5
S062,08,22,5,-1,Rest,1.75,3.75
S062,08,22,6,-1,Rest,2.0,4.0
S062,08,24,0,-1,Rest,0.5,2.5
S062,08,24,1,-1,Rest,0.75,2.75
S062,08,24,2,-1,Rest,1.0,3.0
S062,08,24,3,-1,Rest,1.25,3.25
S062,08,24,4,-1,Rest,1.5,3.5
S062,08,24,5,-1,Rest,1.75,3.75
S062,08,24,6,-1,Rest,2.0,4.0
S062,08,26,0,-1,Rest,0.5,2.5
S062,08,26,1,-1,Rest,0.75,2.75
S062,08,26,2,-1,Rest,1.0,3.0
S062,08,26,3,-1,Rest,1.25,3.25
S062,08,26,4,-1,Rest,1.5,3.5
S062,08,26,5,-1,Rest,1.75,3.75
S062,08,26,6,-1,Rest,2.0,4.0
S062,08,28,0,-1,Rest,0.5,2.5
S062,08,28,1,-1,Rest,0.75,2.75
S062,08,28,2,-1,Rest,1.0,3.0
S062,08,28,3,-1,Rest,1.25,3.25
S062,08,28,4,-1,Rest,1.5,3.5
S062,08,28,5,-1,Rest,1.75,3.75
S062,08,28,6,-1,Rest,2.0,4.0
S062,12,0,0,-1,Rest,0.5,2.5
S062,12,0,1,-1,Rest,0.75,2.75
S062,12,0,2,-1,Rest,1.0,3.0
S062,12,0,3,-1,Rest,1.25,3.25
S062,12,0,4,-1,Rest,1.5,3.5
S062,12,0,5,-1,Rest,1.75,3.75
S062,12,0,6,-1,Rest,2.0,4.0
S062,12,2,0,-1,Rest,0.5,2.5
S062,12,2,1,-1,Rest,0.75,2.75
S062,12,2,2,-1,Rest,1.0,3.0
S062,12,2,3,-1,Rest,1.25,3.25
S062,12,2,4,-1,Rest,1.5,3.5
S062,12,2,5,-1,Rest,1.75,3.75
S062,12,2,6,-1,Rest,2.0,4.0
S062,12,4,0,-1,Rest,0.5,2.5
S062,12,4,1,-1,Rest,0.75,2.75
S062,12,4,2,-1,Rest,1.0,3.0
S062,12,4,3,-1,Rest,1.25,3.25
S062,12,4,4,-1,Rest,1.5,3.5
S062,12,4,5,-1,Rest,1.75,3.75
S062,12,4,6,-1,Rest,2.0,4.0
S062,12,6,0,-1,Rest,0.5,2.5
S062,12,6,1,-1,Rest,0.75,2.75
S062,12,6,2,-1,Rest,1.0,3.0
S062,12,6,3,-1,Rest,1.25,3.25
S062,12,6,4,-1,Rest,1.5,3.5
S062,12,6,5,-1,Rest,1.75,3.75
S062,12,6,6,-1,Rest,2.0,4.0
S062,12,8,0,-1,Rest,0.5,2.5
S062,12,8,1,-1,Rest,0.75,2.75
S062,12,8,2,-1,Rest,1.0,3.0
S062,12,8,3,-1,Rest,1.25,3.25
S062,12,8,4,-1,Rest,1.5,3.5
S062,12,8,5,-1,Rest,1.75,3.75
S062,12,8,6,-1,Rest,2.0,4.0
S062,12,10,0,-1,Rest,0.5,2.5
S062,12,10,1,-1,Rest,0.75,2.75
S062,12,10,2,-1,Rest,1.0,3.0
S062,12,10,3,-1,Rest,1.25,3.25
S062,12,10,4,-1,Rest,1.5,3.5
S062,12,10,5,-1,Rest,1.75,3.75
S062,12,10,6,-1,Rest,2.0,4.0
S062,12,12,0,-1,Rest,0.5,2.5
S062,12,12,1,-1,Rest,0.75,2.75
S062,12,12,2,-1,Rest,1.0,3.0
S062,12,12,3,-1,Rest,1.25,3.25
S062,12,12,4,-1,Rest,1.5,3.5
S062,12,12,5,-1,Rest,1.75,3.75
S062,12,12,6,-1,Rest,2.0,4.0
S062,12,14,0,-1,Rest,0.5,2.5
S062,12,14,1,-1,Rest,0.75,2.75
S062,12,14,2,-1,Rest,1.0,3.0
S062,12,14,3,-1,Rest,1.25,3.25
S062,12,14,4,-1,Rest,1.5,3.5
S062,12,14,5,-1,Rest,1.75,3.75
S062,12,14,6,-1,Rest,2.0,4.0
S062,12,16,0,-1,Rest,0.5,2.5
S062,12,16,1,-1,Rest,0.75,2.75
S062,12,16,2,-1,Rest,1.0,3.0
S062,12,16,3,-1,Rest,1.25,3.25
S062,12,16,4,-1,Rest,1.5,3.5
S062,12,16,5,-1,Rest,1.75,3.75
S062,12,16,6,-1,Rest,2.0,4.0
S062,12,18,0,-1,Rest,0.5,2.5
S062,12,18,1,-1,Rest,0.75,2.75
S062,12,18,2,-1,Rest,1.0,3.0
S062,12,18,3,-1,Rest,1.25,3.25
S062,12,18,4,-1,Rest,1.5,3.5
S062,12,18,5,-1,Rest,1.75,3.75
S062,12,18,6,-1,Rest,2.0,4.0
S062,12,20,0,-1,Rest,0.5,2.5
S062,12,20,1,-1,Rest,0.75,2.75
S062,12,20,2,-1,Rest,1.0,3.0
S062,12,20,3,-1,Rest,1.25,3.25
S062,12,20,4,-1,Rest,1.5,3.5
S062,12,20,5,-1,Rest,1.75,3.75
S062,12,20,6,-1,Rest,2.0,4.0
S062,12,22,0,-1,Rest,0.5,2.5
S062,12,22,1,-1,Rest,0.75,2.75
S062,12,22,2,-1,Rest,1.0,3.0
S062,12,22,3,-1,Rest,1.25,3.25
S062,12,22,4,-1,Rest,1.5,3.5
S062,12,22,5,-1,Rest,1.75,3.75
S062,12,22,6,-1,Rest,2.0,4.0
S062,12,24,0,-1,Rest,0.5,2.5
S062,12,24,1,-1,Rest,0.75,2.75
S062,12,24,2,-1,Rest,1.0,3.0
S062,12,24,3,-1,Rest,1.25,3.25
S062,12,24,4,-1,Rest,1.5,3.5
S062,12,24,5,-1,Rest,1.75,3.75
S062,12,24,6,-1,Rest,2.0,4.0
S062,12,26,0,-1,Rest,0.5,2.5
S062,12,26,1,-1,Rest,0.75,2.75
S062,12,26,2,-1,Rest,1.0,3.0
S062,12,26,3,-1,Rest,1.25,3.25
S062,12,26,4,-1,Rest,1.5,3.5
S062,12,26,5,-1,Rest,1.75,3.75
S062,12,26,6,-1,Rest,2.0,4.0
S062,12,28,0,-1,Rest,0.5,2.5
S062,12,28,1,-1,Rest,0.75,2.75
S062,12,28,2,-1,Rest,1.0,3.0
S062,12,28,3,-1,Rest,1.25,3.25
S062,12,28,4,-1,Rest,1.5,3.5
S062,12,28,5,-1,Rest,1.75,3.75
S062,12,28,6,-1,Rest,2.0,4.0
S063,04,0,0,-1,Rest,0.5,2.5
S063,04,0,1,-1,Rest,0.75,2.75
S063,04,0,2,-1,Rest,1.0,3.0
S063,04,0,3,-1,Rest,1.25,3.25
S063,04,0,4,-1,Rest,1.5,3.5
S063,04,0,5,-1,Rest,1.75,3.75
S063,04,0,6,-1,Rest,2.0,4.0
S063,04,2,0,-1,Rest,0.5,2.5
S063,04,2,1,-1,Rest,0.75,2.75
S063,04,2,2,-1,Rest,1.0,3.0
S063,04,2,3,-1,Rest,1.25,3.25
S063,04,2,4,-1,Rest,1.5,3.5
S063,04,2,5,-1,Rest,1.75,3.75
S063,04,2,6,-1,Rest,2.0,4.0
S063,04,4,0,-1,Rest,0.5,2.5
S063,04,4,1,-1,Rest,0.75,2.75
S063,04,4,2,-1,Rest,1.0,3.0
S063,04,4,3,-1,Rest,1.25,3.25
S063,04,4,4,-1,Rest,1.5,3.5
S063,04,4,5,-1,Rest,1.75,3.75
S063,04,4,6,-1,Rest,2.0,4.0
S063,04,6,0,-1,Rest,0.5,2.5
S063,04,6,1,-1,Rest,0.75,2.75
S063,04,6,2,-1,Rest,1.0,3.0
S063,04,6,3,-1,Rest,1.25,3.25
S063,04,6,4,-1,Rest,1.5,3.5
S063,04,6,5,-1,Rest,1.75,3.75
S063,04,6,6,-1,Rest,2.0,4.0
S063,04,8,0,-1,Rest,0.5,2.5
S063,04,8,1,-1,Rest,0.75,2.75
S063,04,8,2,-1,Rest,1.0,3.0
S063,04,8,3,-1,Rest,1.25,3.25
S063,04,8,4,-1,Rest,1.5,3.5
S063,04,8,5,-1,Rest,1.75,3.75
S063,04,8,6,-1,Rest,2.0,4.0
S063,04,10,0,-1,Rest,0.5,2.5
S063,04,10,1,-1,Rest,0.75,2.75
S063,04,10,2,-1,Rest,1.0,3.0
S063,04,10,3,-1,Rest,1.25,3.25
S063,04,10,4,-1,Rest,1.5,3.5
S063,04,10,5,-1,Rest,1.75,3.75
S063,04,10,6,-1,Rest,2.0,4.0
S063,04,12,0,-1,Rest,0.5,2.5
S063,04,12,1,-1,Rest,0.75,2.75
S063,04,12,2,-1,Rest,1.0,3.0
S063,04,12,3,-1,Rest,1.25,3.25
S063,04,12,4,-1,Rest,1.5,3.5
S063,04,12,5,-1,Rest,1.75,3.75
S063,04,12,6,-1,Rest,2.0,4.0
S063,04,14,0,-1,Rest,0.5,2.5
S063,04,14,1,-1,Rest,0.75,2.75
S063,04,14,2,-1,Rest,1.0,3.0
S063,04,14,3,-1,Rest,1.25,3.25
S063,04,14,4,-1,Rest,1.5,3.5
S063,04,14,5,-1,Rest,1.75,3.75
S063,04,14,6,-1,Rest,2.0,4.0
S063,04,16,0,-1,Rest,0.5,2.5
S063,04,16,1,-1,Rest,0.75,2.75
S063,04,16,2,-1,Rest,1.0,3.0
S063,04,16,3,-1,Rest,1.25,3.25
S063,04,16,4,-1,Rest,1.5,3.5
S063,04,16,5,-1,Rest,1.75,3.75
S063,04,16,6,-1,Rest,2.0,4.0
S063,04,18,0,-1,Rest,0.5,2.5
S063,04,18,1,-1,Rest,0.75,2.75
S063,04,18,2,-1,Rest,1.0,3.0
S063,04,18,3,-1,Rest,1.25,3.25
S063,04,18,4,-1,Rest,1.5,3.5
S063,04,18,5,-1,Rest,1.75,3.75
S063,04,18,6,-1,Rest,2.0,4.0
S063,04,20,0,-1,Rest,0.5,2.5
S063,04,20,1,-1,Rest,0.75,2.75
S063,04,20,2,-1,Rest,1.0,3.0
S063,04,20,3,-1,Rest,1.25,3.25
S063,04,20,4,-1,Rest,1.5,3.5
S063,04,20,5,-1,Rest,1.75,3.75
S063,04,20,6,-1,Rest,2.0,4.0
S063,04,22,0,-1,Rest,0.5,2.5
S063,04,22,1,-1,Rest,0.75,2.75
S063,04,22,2,-1,Rest,1.0,3.0
S063,04,22,3,-1,Rest,1.25,3.25
S063,04,22,4,-1,Rest,1.5,3.5
S063,04,22,5,-1,Rest,1.75,3.75
S063,04,22,6,-1,Rest,2.0,4.0
S063,04,24,0,-1,Rest,0.5,2.5
S063,04,24,1,-1,Rest,0.75,2.75
S063,04,24,2,-1,Rest,1.0,3.0
S063,04,24,3,-1,Rest,1.25,3.25
S063,04,24,4,-1,Rest,1.5,3.5
S063,04,24,5,-1,Rest,1.75,3.75
S063,04,24,6,-1,Rest,2.0,4.0
S063,04,26,0,-1,Rest,0.5,2.5
S063,04,26,1,-1,Rest,0.75,2.75
S063,04,26,2,-1,Rest,1.0,3.0
S063,04,26,3,-1,Rest,1.25,3.25
S063,04,26,4,-1,Rest,1.5,3.5
S063,04,26,5,-1,Rest,1.75,3.75
S063,04,26,6,-1,Rest,2.0,4.0
S063,04,28,0,-1,Rest,0.5,2.5
S063,04,28,1,-1,Rest,0.75,2.75
S063,04,28,2,-1,Rest,1.0,3.0
S063,04,28,3,-1,Rest,1.25,3.25
S063,04,28,4,-1,Rest,1.5,3.5
S063,04,28,5,-1,Rest,1.75,3.75
S063,04,28,6,-1,Rest,2.0,4.0
S063,08,0,0,-1,Rest,0.5,2.5
S063,08,0,1,-1,Rest,0.75,2.75
S063,08,0,2,-1,Rest,1.0,3.0
S063,08,0,3,-1,Rest,1.25,3.25
S063,08,0,4,-1,Rest,1.5,3.5
S063,08,0,5,-1,Rest,1.75,3.75
S063,08,0,6,-1,Rest,2.0,4.0
S063,08,2,0,-1,Rest,0.5,2.5
S063,08,2,1,-1,Rest,0.75,2.75
S063,08,2,2,-1,Rest,1.0,3.0
S063,08,2,3,-1,Rest,1.25,3.25
S063,08,2,4,-1,Rest,1.5,3.5
S063,08,2,5,-1,Rest,1.75,3.75
S063,08,2,6,-1,Rest,2.0,4.0
S063,08,4,0,-1,Rest,0.5,2.5
S063,08,4,1,-1,Rest,0.75,2.75
S063,08,4,2,-1,Rest,1.0,3.0
S063,08,4,3,-1,Rest,1.25,3.25
S063,08,4,4,-1,Rest,1.5,3.5
S063,08,4,5,-1,Rest,1.75,3.75
S063,08,4,6,-1,Rest,2.0,4.0
S063,08,6,0,-1,Rest,0.5,2.5
S063,08,6,1,-1,Rest,0.75,2.75
S063,08,6,2,-1,Rest,1.0,3.0
S063,08,6,3,-1,Rest,1.25,3.25
S063,08,6,4,-1,Rest,1.5,3.5
S063,08,6,5,-1,Rest,1.75,3.75
S063,08,6,6,-1,Rest,2.0,4.0
S063,08,8,0,-1,Rest,0.5,2.5
S063,08,8,1,-1,Rest,0.75,2.75
S063,08,8,2,-1,Rest,1.0,3.0
S063,08,8,3,-1,Rest,1.25,3.25
S063,08,8,4,-1,Rest,1.5,3.5
S063,08,8,5,-1,Rest,1.75,3.75
S063,08,8,6,-1,Rest,2.0,4.0
S063,08,10,0,-1,Rest,0.5,2.5
S063,08,10,1,-1,Rest,0.75,2.75
S063,08,10,2,-1,Rest,1.0,3.0
S063,08,10,3,-1,Rest,1.25,3.25
S063,08,10,4,-1,Rest,1.5,3.5
S063,08,10,5,-1,Rest,1.75,3.75
S063,08,10,6,-1,Rest,2.0,4.0
S063,08,12,0,-1,Rest,0.5,2.5
S063,08,12,1,-1,Rest,0.75,2.75
S063,08,12,2,-1,Rest,1.0,3.0
S063,08,12,3,-1,Rest,1.25,3.25
S063,08,12,4,-1,Rest,1.5,3.5
S063,08,12,5,-1,Rest,1.75,3.75
S063,08,12,6,-1,Rest,2.0,4.0
S063,08,14,0,-1,Rest,0.5,2.5
S063,08,14,1,-1,Rest,0.75,2.75
S063,08,14,2,-1,Rest,1.0,3.0
S063,08,14,3,-1,Rest,1.25,3.25
S063,08,14,4,-1,Rest,1.5,3.5
S063,08,14,5,-1,Rest,1.75,3.75
S063,08,14,6,-1,Rest,2.0,4.0
S063,08,16,0,-1,Rest,0.5,2.5
S063,08,16,1,-1,Rest,0.75,2.75
S063,08,16,2,-1,Rest,1.0,3.0
S063,08,16,3,-1,Rest,1.25,3.25
S063,08,16,4,-1,Rest,1.5,3.5
S063,08,16,5,-1,Rest,1.75,3.75
S063,08,16,6,-1,Rest,2.0,4.0
S063,08,18,0,-1,Rest,0.5,2.5
S063,08,18,1,-1,Rest,0.75,2.75
S063,08,18,2,-1,Rest,1.0,3.0
S063,08,18,3,-1,Rest,1.25,3.25
S063,08,18,4,-1,Rest,1.5,3.5
S063,08,18,5,-1,Rest,1.75,3.75
S063,08,18,6,-1,Rest,2.0,4.0
S063,08,20,0,-1,Rest,0.5,2.5
S063,08,20,1,-1,Rest,0.75,2.75
S063,08,20,2,-1,Rest,1.0,3.0
S063,08,20,3,-1,Rest,1.25,3.25
S063,08,20,4,-1,Rest,1.5,3.5
S063,08,20,5,-1,Rest,1.75,3.75
S063,08,20,6,-1,Rest,2.0,4.0
S063,08,22,0,-1,Rest,0.5,2.5
S063,08,22,1,-1,Rest,0.75,2.75
S063,08,22,2,-1,Rest,1.0,3.0
S063,08,22,3,-1,Rest,1.25,3.25
S063,08,22,4,-1,Rest,1.5,3.5
S063,08,22,5,-1,Rest,1.75,3.75
S063,08,22,6,-1,Rest,2.0,4.0
S063,08,24,0,-1,Rest,0.5,2.5
S063,08,24,1,-1,Rest,0.75,2.75
S063,08,24,2,-1,Rest,1.0,3.0
S063,08,24,3,-1,Rest,1.25,3.25
S063,08,24,4,-1,Rest,1.5,3.5
S063,08,24,5,-1,Rest,1.75,3.75
S063,08,24,6,-1,Rest,2.0,4.0
S063,08,26,0,-1,Rest,0.5,2.5
S063,08,26,1,-1,Rest,0.75,2.75
S063,08,26,2,-1,Rest,1.0,3.0
S063,08,26,3,-1,Rest,1.25,3.25
S063,08,26,4,-1,Rest,1.5,3.5
S063,08,26,5,-1,Rest,1.75,3.75
S063,08,26,6,-1,Rest,2.0,4.0
S063,08,28,0,-1,Rest,0.5,2.5
S063,08,28,1,-1,Rest,0.75,2.75
S063,08,28,2,-1,Rest,1.0,3.0
S063,08,28,3,-1,Rest,1.25,3.25
S063,08,28,4,-1,Rest,1.5,3.5
S063,08,28,5,-1,Rest,1.75,3.75
S063,08,28,6,-1,Rest,2.0,4.0
S063,12,0,0,-1,Rest,0.5,2.5
S063,12,0,1,-1,Rest,0.75,2.75
S063,12,0,2,-1,Rest,1.0,3.0
S063,12,0,3,-1,Rest,1.25,3.25
S063,12,0,4,-1,Rest,1.5,3.5
S063,12,0,5,-1,Rest,1.75,3.75
S063,12,0,6,-1,Rest,2.0,4.0
S063,12,2,0,-1,Rest,0.5,2.5
S063,12,2,1,-1,Rest,0.75,2.75
S063,12,2,2,-1,Rest,1.0,3.0
S063,12,2,3,-1,Rest,1.25,3.25
S063,12,2,4,-1,Rest,1.5,3.5
S063,12,2,5,-1,Rest,1.75,3.75
S063,12,2,6,-1,Rest,2.0,4.0
S063,12,4,0,-1,Rest,0.5,2.5
S063,12,4,1,-1,Rest,0.75,2.75
S063,12,4,2,-1,Rest,1.0,3.0
S063,12,4,3,-1,Rest,1.25,3.25
S063,12,4,4,-1,Rest,1.5,3.5
S063,12,4,5,-1,Rest,1.75,3.75
S063,12,4,6,-1,Rest,2.0,4.0
S063,12,6,0,-1,Rest,0.5,2.5
S063,12,6,1,-1,Rest,0.75,2.75
S063,12,6,2,-1,Rest,1.0,3.0
S063,12,6,3,-1,Rest,1.25,3.25
S063,12,6,4,-1,Rest,1.5,3.5
S063,12,6,5,-1,Rest,1.75,3.75
S063,12,6,6,-1,Rest,2.0,4.0
S063,12,8,0,-1,Rest,0.5,2.5
S063,12,8,1,-1,Rest,0.75,2.75
S063,12,8,2,-1,Rest,1.0,3.0
S063,12,8,3,-1,Rest,1.25,3.25
S063,12,8,4,-1,Rest,1.5,3.5
S063,12,8,5,-1,Rest,1.75,3.75
S063,12,8,6,-1,Rest,2.0,4.0
S063,12,10,0,-1,Rest,0.5,2.5
S063,12,10,1,-1,Rest,0.75,2.75
S063,12,10,2,-1,Rest,1.0,3.0
S063,12,10,3,-1,Rest,1.25,3.25
S063,12,10,4,-1,Rest,1.5,3.5
S063,12,10,5,-1,Rest,1.75,3.75
S063,12,10,6,-1,Rest,2.0,4.0
S063,12,12,0,-1,Rest,0.5,2.5
S063,12,12,1,-1,Rest,0.75,2.75
S063,12,12,2,-1,Rest,1.0,3.0
S063,12,12,3,-1,Rest,1.25,3.25
S063,12,12,4,-1,Rest,1.5,3.5
S063,12,12,5,-1,Rest,1.75,3.75
S063,12,12,6,-1,Rest,2.0,4.0
S063,12,14,0,-1,Rest,0.5,2.5
S063,12,14,1,-1,Rest,0.75,2.75
S063,12,14,2,-1,Rest,1.0,3.0
S063,12,14,3,-1,Rest,1.25,3.25
S063,12,14,4,-1,Rest,1.5,3.5
S063,12,14,5,-1,Rest,1.75,3.75
S063,12,14,6,-1,Rest,2.0,4.0
S063,12,16,0,-1,Rest,0.5,2.5
S063,12,16,1,-1,Rest,0.75,2.75
S063,12,16,2,-1,Rest,1.0,3.0
S063,12,16,3,-1,Rest,1.25,3.25
S063,12,16,4,-1,Rest,1.5,3.5
S063,12,16,5,-1,Rest,1.75,3.75
S063,12,16,6,-1,Rest,2.0,4.0
S063,12,18,0,-1,Rest,0.5,2.5
S063,12,18,1,-1,Rest,0.75,2.75
S063,12,18,2,-1,Rest,1.0,3.0
S063,12,18,3,-1,Rest,1.25,3.25
S063,12,18,4,-1,Rest,1.5,3.5
S063,12,18,5,-1,Rest,1.75,3.75
S063,12,18,6,-1,Rest,2.0,4.0
S063,12,20,0,-1,Rest,0.5,2.5
S063,12,20,1,-1,Rest,0.75,2.75
S063,12,20,2,-1,Rest,1.0,3.0
S063,12,20,3,-1,Rest,1.25,3.25
S063,12,20,4,-1,Rest,1.5,3.5
S063,12,20,5,-1,Rest,1.75,3.75
S063,12,20,6,-1,Rest,2.0,4.0
S063,12,22,0,-1,Rest,0.5,2.5
S063,12,22,1,-1,Rest,0.75,2.75
S063,12,22,2,-1,Rest,1.0,3.0
S063,12,22,3,-1,Rest,1.25,3.25
S063,12,22,4,-1,Rest,1.5,3.5
S063,12,22,5,-1,Rest,1.75,3.75
S063,12,22,6,-1,Rest,2.0,4.0
S063,12,24,0,-1,Rest,0.5,2.5
S063,12,24,1,-1,Rest,0.75,2.75
S063,12,24,2,-1,Rest,1.0,3.0
S063,12,24,3,-1,Rest,1.25,3.25
S063,12,24,4,-1,Rest,1.5,3.5
S063,12,24,5,-1,Rest,1.75,3.75
S063,12,24,6,-1,Rest,2.0,4.0
S063,12,26,0,-1,Rest,0.5,2.5
S063,12,26,1,-1,Rest,0.75,2.75
S063,12,26,2,-1,Rest,1.0,3.0
S063,12,26,3,-1,Rest,1.25,3.25
S063,12,26,4,-1,Rest,1.5,3.5
S063,12,26,5,-1,Rest,1.75,3.75
S063,12,26,6,-1,Rest,2.0,4.0
S063,12,28,0,-1,Rest,0.5,2.5
S063,12,28,1,-1,Rest,0.75,2.75
S063,12,28,2,-1,Rest,1.0,3.0
S063,12,28,3,-1,Rest,1.25,3.25
S063,12,28,4,-1,Rest,1.5,3.5
S063,12,28,5,-1,Rest,1.75,3.75
S063,12,28,6,-1,Rest,2.0,4.0
S064,04,0,0,-1,Rest,0.5,2.5
S064,04,0,1,-1,Rest,0.75,2.75
S064,04,0,2,-1,Rest,1.0,3.0
S064,04,0,3,-1,Rest,1.25,3.25
S064,04,0,4,-1,Rest,1.5,3.5
S064,04,0,5,-1,Rest,1.75,3.75
S064,04,0,6,-1,Rest,2.0,4.0
S064,04,2,0,-1,Rest,0.5,2.5
S064,04,2,1,-1,Rest,0.75,2.75
S064,04,2,2,-1,Rest,1.0,3.0
S064,04,2,3,-1,Rest,1.25,3.25
S064,04,2,4,-1,Rest,1.5,3.5
S064,04,2,5,-1,Rest,1.75,3.75
S064,04,2,6,-1,Rest,2.0,4.0
S064,04,4,0,-1,Rest,0.5,2.5
S064,04,4,1,-1,Rest,0.75,2.75
S064,04,4,2,-1,Rest,1.0,3.0
S064,04,4,3,-1,Rest,1.25,3.25
S064,04,4,4,-1,Rest,1.5,3.5
S064,04,4,5,-1,Rest,1.75,3.75
S064,04,4,6,-1,Rest,2.0,4.0
S064,04,6,0,-1,Rest,0.5,2.5
S064,04,6,1,-1,Rest,0.75,2.75
S064,04,6,2,-1,Rest,1.0,3.0
S064,04,6,3,-1,Rest,1.25,3.25
S064,04,6,4,-1,Rest,1.5,3.5
S064,04,6,5,-1,Rest,1.75,3.75
S064,04,6,6,-1,Rest,2.0,4.0
S064,04,8,0,-1,Rest,0.5,2.5
S064,04,8,1,-1,Rest,0.75,2.75
S064,04,8,2,-1,Rest,1.0,3.0
S064,04,8,3,-1,Rest,1.25,3.25
S064,04,8,4,-1,Rest,1.5,3.5
S064,04,8,5,-1,Rest,1.75,3.75
S064,04,8,6,-1,Rest,2.0,4.0
S064,04,10,0,-1,Rest,0.5,2.5
S064,04,10,1,-1,Rest,0.75,2.75
S064,04,10,2,-1,Rest,1.0,3.0
S064,04,10,3,-1,Rest,1.25,3.25
S064,04,10,4,-1,Rest,1.5,3.5
S064,04,10,5,-1,Rest,1.75,3.75
S064,04,10,6,-1,Rest,2.0,4.0
S064,04,12,0,-1,Rest,0.5,2.5
S064,04,12,1,-1,Rest,0.75,2.75
S064,04,12,2,-1,Rest,1.0,3.0
S064,04,12,3,-1,Rest,1.25,3.25
S064,04,12,4,-1,Rest,1.5,3.5
S064,04,12,5,-1,Rest,1.75,3.75
S064,04,12,6,-1,Rest,2.0,4.0
S064,04,14,0,-1,Rest,0.5,2.5
S064,04,14,1,-1,Rest,0.75,2.75
S064,04,14,2,-1,Rest,1.0,3.0
S064,04,14,3,-1,Rest,1.25,3.25
S064,04,14,4,-1,Rest,1.5,3.5
S064,04,14,5,-1,Rest,1.75,3.75
S064,04,14,6,-1,Rest,2.0,4.0
S064,04,16,0,-1,Rest,0.5,2.5
S064,04,16,1,-1,Rest,0.75,2.75
S064,04,16,2,-1,Rest,1.0,3.0
S064,04,16,3,-1,Rest,1.25,3.25
S064,04,16,4,-1,Rest,1.5,3.5
S064,04,16,5,-1,Rest,1.75,3.75
S064,04,16,6,-1,Rest,2.0,4.0
S064,04,18,0,-1,Rest,0.5,2.5
S064,04,18,1,-1,Rest,0.75,2.75
S064,04,18,2,-1,Rest,1.0,3.0
S064,04,18,3,-1,Rest,1.25,3.25
S064,04,18,4,-1,Rest,1.5,3.5
S064,04,18,5,-1,Rest,1.75,3.75
S064,04,18,6,-1,Rest,2.0,4.0
S064,04,20,0,-1,Rest,0.5,2.5
S064,04,20,1,-1,Rest,0.75,2.75
S064,04,20,2,-1,Rest,1.0,3.0
S064,04,20,3,-1,Rest,1.25,3.25
S064,04,20,4,-1,Rest,1.5,3.5
S064,04,20,5,-1,Rest,1.75,3.75
S064,04,20,6,-1,Rest,2.0,4.0
S064,04,22,0,-1,Rest,0.5,2.5
S064,04,22,1,-1,Rest,0.75,2.75
S064,04,22,2,-1,Rest,1.0,3.0
S064,04,22,3,-1,Rest,1.25,3.25
S064,04,22,4,-1,Rest,1.5,3.5
S064,04,22,5,-1,Rest,1.75,3.75
S064,04,22,6,-1,Rest,2.0,4.0
S064,04,24,0,-1,Rest,0.5,2.5
S064,04,24,1,-1,Rest,0.75,2.75
S064,04,24,2,-1,Rest,1.0,3.0
S064,04,24,3,-1,Rest,1.25,3.25
S064,04,24,4,-1,Rest,1.5,3.5
S064,04,24,5,-1,Rest,1.75,3.75
S064,04,24,6,-1,Rest,2.0,4.0
S064,04,26,0,-1,Rest,0.5,2.5
S064,04,26,1,-1,Rest,0.75,2.75
S064,04,26,2,-1,Rest,1.0,3.0
S064,04,26,3,-1,Rest,1.25,3.25
S064,04,26,4,-1,Rest,1.5,3.5
S064,04,26,5,-1,Rest,1.75,3.75
S064,04,26,6,-1,Rest,2.0,4.0
S064,04,28,0,-1,Rest,0.5,2.5
S064,04,28,1,-1,Rest,0.75,2.75
S064,04,28,2,-1,Rest,1.0,3.0
S064,04,28,3,-1,Rest,1.25,3.25
S064,04,28,4,-1,Rest,1.5,3.5
S064,04,28,5,-1,Rest,1.75,3.75
S064,04,28,6,-1,Rest,2.0,4.0
S064,08,0,0,-1,Rest,0.5,2.5
S064,08,0,1,-1,Rest,0.75,2.75
S064,08,0,2,-1,Rest,1.0,3.0
S064,08,0,3,-1,Rest,1.25,3.25
S064,08,0,4,-1,Rest,1.5,3.5
S064,08,0,5,-1,Rest,1.75,3.75
S064,08,0,6,-1,Rest,2.0,4.0
S064,08,2,0,-1,Rest,0.5,2.5
S064,08,2,1,-1,Rest,0.75,2.75
S064,08,2,2,-1,Rest,1.0,3.0
S064,08,2,3,-1,Rest,1.25,3.25
S064,08,2,4,-1,Rest,1.5,3.5
S064,08,2,5,-1,Rest,1.75,3.75
S064,08,2,6,-1,Rest,2.0,4.0
S064,08,4,0,-1,Rest,0.5,2.5
S064,08,4,1,-1,Rest,0.75,2.75
S064,08,4,2,-1,Rest,1.0,3.0
S064,08,4,3,-1,Rest,1.25,3.25
S064,08,4,4,-1,Rest,1.5,3.5
S064,08,4,5,-1,Rest,1.75,3.75
S064,08,4,6,-1,Rest,2.0,4.0
S064,08,6,0,-1,Rest,0.5,2.5
S064,08,6,1,-1,Rest,0.75,2.75
S064,08,6,2,-1,Rest,1.0,3.0
S064,08,6,3,-1,Rest,1.25,3.25
S064,08,6,4,-1,Rest,1.5,3.5
S064,08,6,5,-1,Rest,1.75,3.75
S064,08,6,6,-1,Rest,2.0,4.0
S064,08,8,0,-1,Rest,0.5,2.5
S064,08,8,1,-1,Rest,0.75,2.75
S064,08,8,2,-1,Rest,1.0,3.0
S064,08,8,3,-1,Rest,1.25,3.25
S064,08,8,4,-1,Rest,1.5,3.5
S064,08,8,5,-1,Rest,1.75,3.75
S064,08,8,6,-1,Rest,2.0,4.0
S064,08,10,0,-1,Rest,0.5,2.5
S064,08,10,1,-1,Rest,0.75,2.75
S064,08,10,2,-1,Rest,1.0,3.0
S064,08,10,3,-1,Rest,1.25,3.25
S064,08,10,4,-1,Rest,1.5,3.5
S064,08,10,5,-1,Rest,1.75,3.75
S064,08,10,6,-1,Rest,2.0,4.0
S064,08,12,0,-1,Rest,0.5,2.5
S064,08,12,1,-1,Rest,0.75,2.75
S064,08,12,2,-1,Rest,1.0,3.0
S064,08,12,3,-1,Rest,1.25,3.25
S064,08,12,4,-1,Rest,1.5,3.5
S064,08,12,5,-1,Rest,1.75,3.75
S064,08,12,6,-1,Rest,2.0,4.0
S064,08,14,0,-1,Rest,0.5,2.5
S064,08,14,1,-1,Rest,0.75,2.75
S064,08,14,2,-1,Rest,1.0,3.0
S064,08,14,3,-1,Rest,1.25,3.25
S064,08,14,4,-1,Rest,1.5,3.5
S064,08,14,5,-1,Rest,1.75,3.75
S064,08,14,6,-1,Rest,2.0,4.0
S064,08,16,0,-1,Rest,0.5,2.5
S064,08,16,1,-1,Rest,0.75,2.75
S064,08,16,2,-1,Rest,1.0,3.0
S064,08,16,3,-1,Rest,1.25,3.25
S064,08,16,4,-1,Rest,1.5,3.5
S064,08,16,5,-1,Rest,1.75,3.75
S064,08,16,6,-1,Rest,2.0,4.0
S064,08,18,0,-1,Rest,0.5,2.5
S064,08,18,1,-1,Rest,0.75,2.75
S064,08,18,2,-1,Rest,1.0,3.0
S064,08,18,3,-1,Rest,1.25,3.25
S064,08,18,4,-1,Rest,1.5,3.5
S064,08,18,5,-1,Rest,1.75,3.75
S064,08,18,6,-1,Rest,2.0,4.0
S064,08,20,0,-1,Rest,0.5,2.5
S064,08,20,1,-1,Rest,0.75,2.75
S064,08,20,2,-1,Rest,1.0,3.0
S064,08,20,3,-1,Rest,1.25,3.25
S064,08,20,4,-1,Rest,1.5,3.5
S064,08,20,5,-1,Rest,1.75,3.75
S064,08,20,6,-1,Rest,2.0,4.0
S064,08,22,0,-1,Rest,0.5,2.5
S064,08,22,1,-1,Rest,0.75,2.75
S064,08,22,2,-1,Rest,1.0,3.0
S064,08,22,3,-1,Rest,1.25,3.25
S064,08,22,4,-1,Rest,1.5,3.5
S064,08,22,5,-1,Rest,1.75,3.75
S064,08,22,6,-1,Rest,2.0,4.0
S064,08,24,0,-1,Rest,0.5,2.5
S064,08,24,1,-1,Rest,0.75,2.75
S064,08,24,2,-1,Rest,1.0,3.0
S064,08,24,3,-1,Rest,1.25,3.25
S064,08,24,4,-1,Rest,1.5,3.5
S064,08,24,5,-1,Rest,1.75,3.75
S064,08,24,6,-1,Rest,2.0,4.0
S064,08,26,0,-1,Rest,0.5,2.5
S064,08,26,1,-1,Rest,0.75,2.75
S064,08,26,2,-1,Rest,1.0,3.0
S064,08,26,3,-1,Rest,1.25,3.25
S064,08,26,4,-1,Rest,1.5,3.5
S064,08,26,5,-1,Rest,1.75,3.75
S064,08,26,6,-1,Rest,2.0,4.0
S064,08,28,0,-1,Rest,0.5,2.5
S064,08,28,1,-1,Rest,0.75,2.75
S064,08,28,2,-1,Rest,1.0,3.0
S064,08,28,3,-1,Rest,1.25,3.25
S064,08,28,4,-1,Rest,1.5,3.5
S064,08,28,5,-1,Rest,1.75,3.75
S064,08,28,6,-1,Rest,2.0,4.0
S064,12,0,0,-1,Rest,0.5,2.5
S064,12,0,1,-1,Rest,0.75,2.75
S064,12,0,2,-1,Rest,1.0,3.0
S064,12,0,3,-1,Rest,1.25,3.25
S064,12,0,4,-1,Rest,1.5,3.5
S064,12,0,5,-1,Rest,1.75,3.75
S064,12,0,6,-1,Rest,2.0,4.0
S064,12,2,0,-1,Rest,0.5,2.5
S064,12,2,1,-1,Rest,0.75,2.75
S064,12,2,2,-1,Rest,1.0,3.0
S064,12,2,3,-1,Rest,1.25,3.25
S064,12,2,4,-1,Rest,1.5,3.5
S064,12,2,5,-1,Rest,1.75,3.75
S064,12,2,6,-1,Rest,2.0,4.0
S064,12,4,0,-1,Rest,0.5,2.5
S064,12,4,1,-1,Rest,0.75,2.75
S064,12,4,2,-1,Rest,1.0,3.0
S064,12,4,3,-1,Rest,1.25,3.25
S064,12,4,4,-1,Rest,1.5,3.5
S064,12,4,5,-1,Rest,1.75,3.75
S064,12,4,6,-1,Rest,2.0,4.0
S064,12,6,0,-1,Rest,0.5,2.5
S064,12,6,1,-1,Rest,0.75,2.75
S064,12,6,2,-1,Rest,1.0,3.0
S064,12,6,3,-1,Rest,1.25,3.25
S064,12,6,4,-1,Rest,1.5,3.5
S064,12,6,5,-1,Rest,1.75,3.75
S064,12,6,6,-1,Rest,2.0,4.0
S064,12,8,0,-1,Rest,0.5,2.5
S064,12,8,1,-1,Rest,0.75,2.75
S064,12,8,2,-1,Rest,1.0,3.0
S064,12,8,3,-1,Rest,1.25,3.25
S064,12,8,4,-1,Rest,1.5,3.5
S064,12,8,5,-1,Rest,1.75,3.75
S064,12,8,6,-1,Rest,2.0,4.0
S064,12,10,0,-1,Rest,0.5,2.5
S064,12,10,1,-1,Rest,0.75,2.75
S064,12,10,2,-1,Rest,1.0,3.0
S064,12,10,3,-1,Rest,1.25,3.25
S064,12,10,4,-1,Rest,1.5,3.5
S064,12,10,5,-1,Rest,1.75,3.75
S064,12,10,6,-1,Rest,2.0,4.0
S064,12,12,0,-1,Rest,0.5,2.5
S064,12,12,1,-1,Rest,0.75,2.75
S064,12,12,2,-1,Rest,1.0,3.0
S064,12,12,3,-1,Rest,1.25,3.25
S064,12,12,4,-1,Rest,1.5,3.5
S064,12,12,5,-1,Rest,1.75,3.75
S064,12,12,6,-1,Rest,2.0,4.0
S064,12,14,0,-1,Rest,0.5,2.5
S064,12,14,1,-1,Rest,0.75,2.75
S064,12,14,2,-1,Rest,1.0,3.0
S064,12,14,3,-1,Rest,1.25,3.25
S064,12,14,4,-1,Rest,1.5,3.5
S064,12,14,5,-1,Rest,1.75,3.75
S064,12,14,6,-1,Rest,2.0,4.0
S064,12,16,0,-1,Rest,0.5,2.5
S064,12,16,1,-1,Rest,0.75,2.75
S064,12,16,2,-1,Rest,1.0,3.0
S064,12,16,3,-1,Rest,1.25,3.25
S064,12,16,4,-1,Rest,1.5,3.5
S064,12,16,5,-1,Rest,1.75,3.75
S064,12,16,6,-1,Rest,2.0,4.0
S064,12,18,0,-1,Rest,0.5,2.5
S064,12,18,1,-1,Rest,0.75,2.75
S064,12,18,2,-1,Rest,1.0,3.0
S064,12,18,3,-1,Rest,1.25,3.25
S064,12,18,4,-1,Rest,1.5,3.5
S064,12,18,5,-1,Rest,1.75,3.75
S064,12,18,6,-1,Rest,2.0,4.0
S064,12,20,0,-1,Rest,0.5,2.5
S064,12,20,1,-1,Rest,0.75,2.75
S064,12,20,2,-1,Rest,1.0,3.0
S064,12,20,3,-1,Rest,1.25,3.25
S064,12,20,4,-1,Rest,1.5,3.5
S064,12,20,5,-1,Rest,1.75,3.75
S064,12,20,6,-1,Rest,2.0,4.0
S064,12,22,0,-1,Rest,0.5,2.5
S064,12,22,1,-1,Rest,0.75,2.75
S064,12,22,2,-1,Rest,1.0,3.0
S064,12,22,3,-1,Rest,1.25,3.25
S064,12,22,4,-1,Rest,1.5,3.5
S064,12,22,5,-1,Rest,1.75,3.75
S064,12,22,6,-1,Rest,2.0,4.0
S064,12,24,0,-1,Rest,0.5,2.5
S064,12,24,1,-1,Rest,0.75,2.75
S064,12,24,2,-1,Rest,1.0,3.0
S064,12,24,3,-1,Rest,1.25,3.25
S064,12,24,4,-1,Rest,1.5,3.5
S064,12,24,5,-1,Rest,1.75,3.75
S064,12,24,6,-1,Rest,2.0,4.0
S064,12,26,0,-1,Rest,0.5,2.5
S064,12,26,1,-1,Rest,0.75,2.75
S064,12,26,2,-1,Rest,1.0,3.0
S064,12,26,3,-1,Rest,1.25,3.25
S064,12,26,4,-1,Rest,1.5,3.5
S064,12,26,5,-1,Rest,1.75,3.75
S064,12,26,6,-1,Rest,2.0,4.0
S064,12,28,0,-1,Rest,0.5,2.5
S064,12,28,1,-1,Rest,0.75,2.75
S064,12,28,2,-1,Rest,1.0,3.0
S064,12,28,3,-1,Rest,1.25,3.25
S064,12,28,4,-1,Rest,1.5,3.5
S064,12,28,5,-1,Rest,1.75,3.75
S064,12,28,6,-1,Rest,2.0,4.0
S069,04,0,0,-1,Rest,0.5,2.5
S069,04,0,1,-1,Rest,0.75,2.75
S069,04,0,2,-1,Rest,1.0,3.0
S069,04,0,3,-1,Rest,1.25,3.25
S069,04,0,4,-1,Rest,1.5,3.5
S069,04,0,5,-1,Rest,1.75,3.75
S069,04,0,6,-1,Rest,2.0,4.0
S069,04,2,0,-1,Rest,0.5,2.5
S069,04,2,1,-1,Rest,0.75,2.75
S069,04,2,2,-1,Rest,1.0,3.0
S069,04,2,3,-1,Rest,1.25,3.25
S069,04,2,4,-1,Rest,1.5,3.5
S069,04,2,5,-1,Rest,1.75,3.75
S069,04,2,6,-1,Rest,2.0,4.0
S069,04,4,0,-1,Rest,0.5,2.5
S069,04,4,1,-1,Rest,0.75,2.75
S069,04,4,2,-1,Rest,1.0,3.0
S069,04,4,3,-1,Rest,1.25,3.25
S069,04,4,4,-1,Rest,1.5,3.5
S069,04,4,5,-1,Rest,1.75,3.75
S069,04,4,6,-1,Rest,2.0,4.0
S069,04,6,0,-1,Rest,0.5,2.5
S069,04,6,1,-1,Rest,0.75,2.75
S069,04,6,2,-1,Rest,1.0,3.0
S069,04,6,3,-1,Rest,1.25,3.25
S069,04,6,4,-1,Rest,1.5,3.5
S069,04,6,5,-1,Rest,1.75,3.75
S069,04,6,6,-1,Rest,2.0,4.0
S069,04,8,0,-1,Rest,0.5,2.5
S069,04,8,1,-1,Rest,0.75,2.75
S069,04,8,2,-1,Rest,1.0,3.0
S069,04,8,3,-1,Rest,1.25,3.25
S069,04,8,4,-1,Rest,1.5,3.5
S069,04,8,5,-1,Rest,1.75,3.75
S069,04,8,6,-1,Rest,2.0,4.0
S069,04,10,0,-1,Rest,0.5,2.5
S069,04,10,1,-1,Rest,0.75,2.75
S069,04,10,2,-1,Rest,1.0,3.0
S069,04,10,3,-1,Rest,1.25,3.25
S069,04,10,4,-1,Rest,1.5,3.5
S069,04,10,5,-1,Rest,1.75,3.75
S069,04,10,6,-1,Rest,2.0,4.0
S069,04,12,0,-1,Rest,0.5,2.5
S069,04,12,1,-1,Rest,0.75,2.75
S069,04,12,2,-1,Rest,1.0,3.0
S069,04,12,3,-1,Rest,1.25,3.25
S069,04,12,4,-1,Rest,1.5,3.5
S069,04,12,5,-1,Rest,1.75,3.75
S069,04,12,6,-1,Rest,2.0,4.0
S069,04,14,0,-1,Rest,0.5,2.5
S069,04,14,1,-1,Rest,0.75,2.75
S069,04,14,2,-1,Rest,1.0,3.0
S069,04,14,3,-1,Rest,1.25,3.25
S069,04,14,4,-1,Rest,1.5,3.5
S069,04,14,5,-1,Rest,1.75,3.75
S069,04,14,6,-1,Rest,2.0,4.0
S069,04,16,0,-1,Rest,0.5,2.5
S069,04,16,1,-1,Rest,0.75,2.75
S069,04,16,2,-1,Rest,1.0,3.0
S069,04,16,3,-1,Rest,1.25,3.25
S069,04,16,4,-1,Rest,1.5,3.5
S069,04,16,5,-1,Rest,1.75,3.75
S069,04,16,6,-1,Rest,2.0,4.0
S069,04,18,0,-1,Rest,0.5,2.5
S069,04,18,1,-1,Rest,0.75,2.75
S069,04,18,2,-1,Rest,1.0,3.0
S069,04,18,3,-1,Rest,1.25,3.25
S069,04,18,4,-1,Rest,1.5,3.5
S069,04,18,5,-1,Rest,1.75,3.75
S069,04,18,6,-1,Rest,2.0,4.0
S069,04,20,0,-1,Rest,0.5,2.5
S069,04,20,1,-1,Rest,0.75,2.75
S069,04,20,2,-1,Rest,1.0,3.0
S069,04,20,3,-1,Rest,1.25,3.25
S069,04,20,4,-1,Rest,1.5,3.5
S069,04,20,5,-1,Rest,1.75,3.75
S069,04,20,6,-1,Rest,2.0,4.0
S069,04,22,0,-1,Rest,0.5,2.5
S069,04,22,1,-1,Rest,0.75,2.75
S069,04,22,2,-1,Rest,1.0,3.0
S069,04,22,3,-1,Rest,1.25,3.25
S069,04,22,4,-1,Rest,1.5,3.5
S069,04,22,5,-1,Rest,1.75,3.75
S069,04,22,6,-1,Rest,2.0,4.0
S069,04,24,0,-1,Rest,0.5,2.5
S069,04,24,1,-1,Rest,0.75,2.75
S069,04,24,2,-1,Rest,1.0,3.0
S069,04,24,3,-1,Rest,1.25,3.25
S069,04,24,4,-1,Rest,1.5,3.5
S069,04,24,5,-1,Rest,1.75,3.75
S069,04,24,6,-1,Rest,2.0,4.0
S069,04,26,0,-1,Rest,0.5,2.5
S069,04,26,1,-1,Rest,0.75,2.75
S069,04,26,2,-1,Rest,1.0,3.0
S069,04,26,3,-1,Rest,1.25,3.25
S069,04,26,4,-1,Rest,1.5,3.5
S069,04,26,5,-1,Rest,1.75,3.75
S069,04,26,6,-1,Rest,2.0,4.0
S069,04,28,0,-1,Rest,0.5,2.5
S069,04,28,1,-1,Rest,0.75,2.75
S069,04,28,2,-1,Rest,1.0,3.0
S069,04,28,3,-1,Rest,1.25,3.25
S069,04,28,4,-1,Rest,1.5,3.5
S069,04,28,5,-1,Rest,1.75,3.75
S069,04,28,6,-1,Rest,2.0,4.0
S069,08,0,0,-1,Rest,0.5,2.5
S069,08,0,1,-1,Rest,0.75,2.75
S069,08,0,2,-1,Rest,1.0,3.0
S069,08,0,3,-1,Rest,1.25,3.25
S069,08,0,4,-1,Rest,1.5,3.5
S069,08,0,5,-1,Rest,1.75,3.75
S069,08,0,6,-1,Rest,2.0,4.0
S069,08,2,0,-1,Rest,0.5,2.5
S069,08,2,1,-1,Rest,0.75,2.75
S069,08,2,2,-1,Rest,1.0,3.0
S069,08,2,3,-1,Rest,1.25,3.25
S069,08,2,4,-1,Rest,1.5,3.5
S069,08,2,5,-1,Rest,1.75,3.75
S069,08,2,6,-1,Rest,2.0,4.0
S069,08,4,0,-1,Rest,0.5,2.5
S069,08,4,1,-1,Rest,0.75,2.75
S069,08,4,2,-1,Rest,1.0,3.0
S069,08,4,3,-1,Rest,1.25,3.25
S069,08,4,4,-1,Rest,1.5,3.5
S069,08,4,5,-1,Rest,1.75,3.75
S069,08,4,6,-1,Rest,2.0,4.0
S069,08,6,0,-1,Rest,0.5,2.5
S069,08,6,1,-1,Rest,0.75,2.75
S069,08,6,2,-1,Rest,1.0,3.0
S069,08,6,3,-1,Rest,1.25,3.25
S069,08,6,4,-1,Rest,1.5,3.5
S069,08,6,5,-1,Rest,1.75,3.75
S069,08,6,6,-1,Rest,2.0,4.0
S069,08,8,0,-1,Rest,0.5,2.5
S069,08,8,1,-1,Rest,0.75,2.75
S069,08,8,2,-1,Rest,1.0,3.0
S069,08,8,3,-1,Rest,1.25,3.25
S069,08,8,4,-1,Rest,1.5,3.5
S069,08,8,5,-1,Rest,1.75,3.75
S069,08,8,6,-1,Rest,2.0,4.0
S069,08,10,0,-1,Rest,0.5,2.5
S069,08,10,1,-1,Rest,0.75,2.75
S069,08,10,2,-1,Rest,1.0,3.0
S069,08,10,3,-1,Rest,1.25,3.25
S069,08,10,4,-1,Rest,1.5,3.5
S069,08,10,5,-1,Rest,1.75,3.75
S069,08,10,6,-1,Rest,2.0,4.0
S069,08,12,0,-1,Rest,0.5,2.5
S069,08,12,1,-1,Rest,0.75,2.75
S069,08,12,2,-1,Rest,1.0,3.0
S069,08,12,3,-1,Rest,1.25,3.25
S069,08,12,4,-1,Rest,1.5,3.5
S069,08,12,5,-1,Rest,1.75,3.75
S069,08,12,6,-1,Rest,2.0,4.0
S069,08,14,0,-1,Rest,0.5,2.5
S069,08,14,1,-1,Rest,0.75,2.75
S069,08,14,2,-1,Rest,1.0,3.0
S069,08,14,3,-1,Rest,1.25,3.25
S069,08,14,4,-1,Rest,1.5,3.5
S069,08,14,5,-1,Rest,1.75,3.75
S069,08,14,6,-1,Rest,2.0,4.0
S069,08,16,0,-1,Rest,0.5,2.5
S069,08,16,1,-1,Rest,0.75,2.75
S069,08,16,2,-1,Rest,1.0,3.0
S069,08,16,3,-1,Rest,1.25,3.25
S069,08,16,4,-1,Rest,1.5,3.5
S069,08,16,5,-1,Rest,1.75,3.75
S069,08,16,6,-1,Rest,2.0,4.0
S069,08,18,0,-1,Rest,0.5,2.5
S069,08,18,1,-1,Rest,0.75,2.75
S069,08,18,2,-1,Rest,1.0,3.0
S069,08,18,3,-1,Rest,1.25,3.25
S069,08,18,4,-1,Rest,1.5,3.5
S069,08,18,5,-1,Rest,1.75,3.75
S069,08,18,6,-1,Rest,2.0,4.0
S069,08,20,0,-1,Rest,0.5,2.5
S069,08,20,1,-1,Rest,0.75,2.75
S069,08,20,2,-1,Rest,1.0,3.0
S069,08,20,3,-1,Rest,1.25,3.25
S069,08,20,4,-1,Rest,1.5,3.5
S069,08,20,5,-1,Rest,1.75,3.75
S069,08,20,6,-1,Rest,2.0,4.0
S069,08,22,0,-1,Rest,0.5,2.5
S069,08,22,1,-1,Rest,0.75,2.75
S069,08,22,2,-1,Rest,1.0,3.0
S069,08,22,3,-1,Rest,1.25,3.25
S069,08,22,4,-1,Rest,1.5,3.5
S069,08,22,5,-1,Rest,1.75,3.75
S069,08,22,6,-1,Rest,2.0,4.0
S069,08,24,0,-1,Rest,0.5,2.5
S069,08,24,1,-1,Rest,0.75,2.75
S069,08,24,2,-1,Rest,1.0,3.0
S069,08,24,3,-1,Rest,1.25,3.25
S069,08,24,4,-1,Rest,1.5,3.5
S069,08,24,5,-1,Rest,1.75,3.75
S069,08,24,6,-1,Rest,2.0,4.0
S069,08,26,0,-1,Rest,0.5,2.5
S069,08,26,1,-1,Rest,0.75,2.75
S069,08,26,2,-1,Rest,1.0,3.0
S069,08,26,3,-1,Rest,1.25,3.25
S069,08,26,4,-1,Rest,1.5,3.5
S069,08,26,5,-1,Rest,1.75,3.75
S069,08,26,6,-1,Rest,2.0,4.0
S069,08,28,0,-1,Rest,0.5,2.5
S069,08,28,1,-1,Rest,0.75,2.75
S069,08,28,2,-1,Rest,1.0,3.0
S069,08,28,3,-1,Rest,1.25,3.25
S069,08,28,4,-1,Rest,1.5,3.5
S069,08,28,5,-1,Rest,1.75,3.75
S069,08,28,6,-1,Rest,2.0,4.0
S069,12,0,0,-1,Rest,0.5,2.5
S069,12,0,1,-1,Rest,0.75,2.75
S069,12,0,2,-1,Rest,1.0,3.0
S069,12,0,3,-1,Rest,1.25,3.25
S069,12,0,4,-1,Rest,1.5,3.5
S069,12,0,5,-1,Rest,1.75,3.75
S069,12,0,6,-1,Rest,2.0,4.0
S069,12,2,0,-1,Rest,0.5,2.5
S069,12,2,1,-1,Rest,0.75,2.75
S069,12,2,2,-1,Rest,1.0,3.0
S069,12,2,3,-1,Rest,1.25,3.25
S069,12,2,4,-1,Rest,1.5,3.5
S069,12,2,5,-1,Rest,1.75,3.75
S069,12,2,6,-1,Rest,2.0,4.0
S069,12,4,2,-1,Rest,1.0,3.0
S069,12,4,3,-1,Rest,1.25,3.25
S069,12,4,4,-1,Rest,1.5,3.5
S069,12,4,5,-1,Rest,1.75,3.75
S069,12,4,6,-1,Rest,2.0,4.0
S069,12,6,0,-1,Rest,0.5,2.5
S069,12,6,1,-1,Rest,0.75,2.75
S069,12,6,2,-1,Rest,1.0,3.0
S069,12,6,3,-1,Rest,1.25,3.25
S069,12,6,4,-1,Rest,1.5,3.5
S069,12,6,5,-1,Rest,1.75,3.75
S069,12,6,6,-1,Rest,2.0,4.0
S069,12,8,0,-1,Rest,0.5,2.5
S069,12,8,1,-1,Rest,0.75,2.75
S069,12,8,2,-1,Rest,1.0,3.0
S069,12,8,3,-1,Rest,1.25,3.25
S069,12,8,4,-1,Rest,1.5,3.5
S069,12,8,5,-1,Rest,1.75,3.75
S069,12,8,6,-1,Rest,2.0,4.0
S069,12,10,0,-1,Rest,0.5,2.5
S069,12,10,1,-1,Rest,0.75,2.75
S069,12,10,2,-1,Rest,1.0,3.0
S069,12,10,3,-1,Rest,1.25,3.25
S069,12,10,4,-1,Rest,1.5,3.5
S069,12,10,5,-1,Rest,1.75,3.75
S069,12,10,6,-1,Rest,2.0,4.0
S069,12,12,0,-1,Rest,0.5,2.5
S069,12,12,1,-1,Rest,0.75,2.75
S069,12,12,2,-1,Rest,1.0,3.0
S069,12,12,3,-1,Rest,1.25,3.25
S069,12,12,4,-1,Rest,1.5,3.5
S069,12,12,5,-1,Rest,1.75,3.75
S069,12,12,6,-1,Rest,2.0,4.0
S069,12,14,0,-1,Rest,0.5,2.5
S069,12,14,1,-1,Rest,0.75,2.75
S069,12,14,2,-1,Rest,1.0,3.0
S069,12,14,3,-1,Rest,1.25,3.25
S069,12,14,4,-1,Rest,1.5,3.5
S069,12,14,5,-1,Rest,1.75,3.75
S069,12,14,6,-1,Rest,2.0,4.0
S069,12,16,0,-1,Rest,0.5,2.5
S069,12,16,1,-1,Rest,0.75,2.75
S069,12,16,2,-1,Rest,1.0,3.0
S069,12,16,3,-1,Rest,1.25,3.25
S069,12,16,4,-1,Rest,1.5,3.5
S069,12,16,5,-1,Rest,1.75,3.75
S069,12,16,6,-1,Rest,2.0,4.0
S069,12,18,0,-1,Rest,0.5,2.5
S069,12,18,1,-1,Rest,0.75,2.75
S069,12,18,2,-1,Rest,1.0,3.0
S069,12,18,3,-1,Rest,1.25,3.25
S069,12,18,4,-1,Rest,1.5,3.5
S069,12,18,5,-1,Rest,1.75,3.75
S069,12,18,6,-1,Rest,2.0,4.0
S069,12,20,0,-1,Rest,0.5,2.5
S069,12,20,1,-1,Rest,0.75,2.75
S069,12,20,2,-1,Rest,1.0,3.0
S069,12,20,3,-1,Rest,1.25,3.25
S069,12,20,4,-1,Rest,1.5,3.5
S069,12,20,5,-1,Rest,1.75,3.75
S069,12,20,6,-1,Rest,2.0,4.0
S069,12,22,0,-1,Rest,0.5,2.5
S069,12,22,1,-1,Rest,0.75,2.75
S069,12,22,2,-1,Rest,1.0,3.0
S069,12,22,3,-1,Rest,1.25,3.25
S069,12,22,4,-1,Rest,1.5,3.5
S069,12,22,5,-1,Rest,1.75,3.75
S069,12,22,6,-1,Rest,2.0,4.0
S069,12,24,0,-1,Rest,0.5,2.5
S069,12,24,1,-1,Rest,0.75,2.75
S069,12,24,2,-1,Rest,1.0,3.0
S069,12,24,3,-1,Rest,1.25,3.25
S069,12,24,4,-1,Rest,1.5,3.5
S069,12,24,5,-1,Rest,1.75,3.75
S069,12,24,6,-1,Rest,2.0,4.0
S069,12,26,0,-1,Rest,0.5,2.5
S069,12,26,1,-1,Rest,0.75,2.75
S069,12,26,2,-1,Rest,1.0,3.0
S069,12,26,3,-1,Rest,1.25,3.25
S069,12,26,4,-1,Rest,1.5,3.5
S069,12,26,5,-1,Rest,1.75,3.75
S069,12,26,6,-1,Rest,2.0,4.0
S069,12,28,0,-1,Rest,0.5,2.5
S069,12,28,1,-1,Rest,0.75,2.75
S069,12,28,2,-1,Rest,1.0,3.0
S069,12,28,3,-1,Rest,1.25,3.25
S069,12,28,4,-1,Rest,1.5,3.5
S069,12,28,5,-1,Rest,1.75,3.75
S069,12,28,6,-1,Rest,2.0,4.0
S070,04,4,5,-1,Rest,1.75,3.75
S070,04,4,6,-1,Rest,2.0,4.0
S070,04,6,3,-1,Rest,1.25,3.25
S070,04,6,4,-1,Rest,1.5,3.5
S070,04,10,0,-1,Rest,0.5,2.5
S070,04,20,3,-1,Rest,1.25,3.25
S070,04,20,4,-1,Rest,1.5,3.5
S070,08,8,0,-1,Rest,0.5,2.5
S070,08,10,3,-1,Rest,1.25,3.25
S070,08,10,4,-1,Rest,1.5,3.5
S070,08,14,2,-1,Rest,1.0,3.0
S070,08,14,3,-1,Rest,1.25,3.25
S070,08,14,4,-1,Rest,1.5,3.5
S070,08,14,5,-1,Rest,1.75,3.75
S070,08,14,6,-1,Rest,2.0,4.0
S070,08,22,5,-1,Rest,1.75,3.75
S070,08,22,6,-1,Rest,2.0,4.0
S070,08,26,3,-1,Rest,1.25,3.25
S070,12,4,0,-1,Rest,0.5,2.5
S070,12,4,1,-1,Rest,0.75,2.75
S070,12,4,2,-1,Rest,1.0,3.0
S070,12,4,3,-1,Rest,1.25,3.25
S070,12,4,4,-1,Rest,1.5,3.5
S070,12,4,5,-1,Rest,1.75,3.75
S070,12,6,6,-1,Rest,2.0,4.0
S070,12,18,6,-1,Rest,2.0,4.0
S070,12,26,5,-1,Rest,1.75,3.75
S070,12,26,6,-1,Rest,2.0,4.0
S070,12,28,0,-1,Rest,0.5,2.5
S070,12,28,1,-1,Rest,0.75,2.75
S070,12,28,2,-1,Rest,1.0,3.0
S070,12,28,3,-1,Rest,1.25,3.25
S070,12,28,4,-1,Rest,1.5,3.5
S071,04,0,0,-1,Rest,0.5,2.5
S071,04,0,1,-1,Rest,0.75,2.75
S071,04,0,2,-1,Rest,1.0,3.0
S071,04,0,3,-1,Rest,1.25,3.25
S071,04,0,4,-1,Rest,1.5,3.5
S071,04,0,5,-1,Rest,1.75,3.75
S071,04,0,6,-1,Rest,2.0,4.0
S071,04,2,0,-1,Rest,0.5,2.5
S071,04,2,1,-1,Rest,0.75,2.75
S071,04,2,2,-1,Rest,1.0,3.0
S071,04,2,3,-1,Rest,1.25,3.25
S071,04,2,4,-1,Rest,1.5,3.5
S071,04,2,5,-1,Rest,1.75,3.75
S071,04,2,6,-1,Rest,2.0,4.0
S071,04,4,0,-1,Rest,0.5,2.5
S071,04,4,1,-1,Rest,0.75,2.75
S071,04,4,2,-1,Rest,1.0,3.0
S071,04,4,3,-1,Rest,1.25,3.25
S071,04,4,4,-1,Rest,1.5,3.5
S071,04,4,5,-1,Rest,1.75,3.75
S071,04,4,6,-1,Rest,2.0,4.0
S071,04,6,0,-1,Rest,0.5,2.5
S071,04,6,1,-1,Rest,0.75,2.75
S071,04,6,2,-1,Rest,1.0,3.0
S071,04,6,3,-1,Rest,1.25,3.25
S071,04,8,0,-1,Rest,0.5,2.5
S071,04,8,1,-1,Rest,0.75,2.75
S071,04,8,2,-1,Rest,1.0,3.0
S071,04,8,3,-1,Rest,1.25,3.25
S071,04,8,4,-1,Rest,1.5,3.5
S071,04,8,5,-1,Rest,1.75,3.75
S071,04,8,6,-1,Rest,2.0,4.0
S071,04,10,0,-1,Rest,0.5,2.5
S071,04,10,1,-1,Rest,0.75,2.75
S071,04,10,2,-1,Rest,1.0,3.0
S071,04,10,3,-1,Rest,1.25,3.25
S071,04,10,4,-1,Rest,1.5,3.5
S071,04,10,5,-1,Rest,1.75,3.75
S071,04,10,6,-1,Rest,2.0,4.0
S071,04,12,0,-1,Rest,0.5,2.5
S071,04,12,1,-1,Rest,0.75,2.75
S071,04,12,2,-1,Rest,1.0,3.0
S071,04,12,3,-1,Rest,1.25,3.25
S071,04,12,4,-1,Rest,1.5,3.5
S071,04,12,5,-1,Rest,1.75,3.75
S071,04,12,6,-1,Rest,2.0,4.0
S071,04,14,0,-1,Rest,0.5,2.5
S071,04,14,1,-1,Rest,0.75,2.75
S071,04,14,2,-1,Rest,1.0,3.0
S071,04,14,3,-1,Rest,1.25,3.25
S071,04,14,4,-1,Rest,1.5,3.5
S071,04,14,5,-1,Rest,1.75,3.75
S071,04,14,6,-1,Rest,2.0,4.0
S071,04,16,0,-1,Rest,0.5,2.5
S071,04,16,1,-1,Rest,0.75,2.75
S071,04,16,2,-1,Rest,1.0,3.0
S071,04,16,3,-1,Rest,1.25,3.25
S071,04,16,4,-1,Rest,1.5,3.5
S071,04,16,5,-1,Rest,1.75,3.75
S071,04,16,6,-1,Rest,2.0,4.0
S071,04,18,0,-1,Rest,0.5,2.5
S071,04,20,0,-1,Rest,0.5,2.5
S071,04,20,1,-1,Rest,0.75,2.75
S071,04,20,2,-1,Rest,1.0,3.0
S071,04,20,3,-1,Rest,1.25,3.25
S071,04,20,4,-1,Rest,1.5,3.5
S071,04,20,5,-1,Rest,1.75,3.75
S071,04,20,6,-1,Rest,2.0,4.0
S071,04,22,0,-1,Rest,0.5,2.5
S071,04,22,1,-1,Rest,0.75,2.75
S071,04,22,2,-1,Rest,1.0,3.0
S071,04,22,3,-1,Rest,1.25,3.25
S071,04,22,4,-1,Rest,1.5,3.5
S071,04,22,5,-1,Rest,1.75,3.75
S071,04,22,6,-1,Rest,2.0,4.0
S071,04,24,0,-1,Rest,0.5,2.5
S071,04,24,1,-1,Rest,0.75,2.75
S071,04,24,2,-1,Rest,1.0,3.0
S071,04,24,3,-1,Rest,1.25,3.25
S071,04,24,4,-1,Rest,1.5,3.5
S071,04,24,5,-1,Rest,1.75,3.75
S071,04,24,6,-1,Rest,2.0,4.0
S071,04,26,0,-1,Rest,0.5,2.5
S071,04,26,1,-1,Rest,0.75,2.75
S071,04,26,2,-1,Rest,1.0,3.0
S071,04,26,3,-1,Rest,1.25,3.25
S071,04,26,4,-1,Rest,1.5,3.5
S071,04,26,5,-1,Rest,1.75,3.75
S071,04,26,6,-1,Rest,2.0,4.0
S071,04,28,0,-1,Rest,0.5,2.5
S071,04,28,1,-1,Rest,0.75,2.75
S071,04,28,2,-1,Rest,1.0,3.0
S071,04,28,3,-1,Rest,1.25,3.25
S071,04,28,4,-1,Rest,1.5,3.5
S071,04,28,5,-1,Rest,1.75,3.75
S071,04,28,6,-1,Rest,2.0,4.0
S071,08,0,0,-1,Rest,0.5,2.5
S071,08,0,1,-1,Rest,0.75,2.75
S071,08,0,2,-1,Rest,1.0,3.0
S071,08,0,3,-1,Rest,1.25,3.25
S071,08,0,4,-1,Rest,1.5,3.5
S071,08,0,5,-1,Rest,1.75,3.75
S071,08,0,6,-1,Rest,2.0,4.0
S071,08,2,0,-1,Rest,0.5,2.5
S071,08,2,1,-1,Rest,0.75,2.75
S071,08,2,2,-1,Rest,1.0,3.0
S071,08,2,3,-1,Rest,1.25,3.25
S071,08,2,4,-1,Rest,1.5,3.5
S071,08,2,5,-1,Rest,1.75,3.75
S071,08,2,6,-1,Rest,2.0,4.0
S071,08,4,0,-1,Rest,0.5,2.5
S071,08,4,1,-1,Rest,0.75,2.75
S071,08,4,2,-1,Rest,1.0,3.0
S071,08,4,3,-1,Rest,1.25,3.25
S071,08,4,4,-1,Rest,1.5,3.5
S071,08,4,5,-1,Rest,1.75,3.75
S071,08,4,6,-1,Rest,2.0,4.0
S071,08,6,0,-1,Rest,0.5,2.5
S071,08,6,1,-1,Rest,0.75,2.75
S071,08,6,2,-1,Rest,1.0,3.0
S071,08,6,3,-1,Rest,1.25,3.25
S071,08,6,4,-1,Rest,1.5,3.5
S071,08,6,5,-1,Rest,1.75,3.75
S071,08,6,6,-1,Rest,2.0,4.0
S071,08,8,0,-1,Rest,0.5,2.5
S071,08,8,1,-1,Rest,0.75,2.75
S071,08,8,2,-1,Rest,1.0,3.0
S071,08,8,3,-1,Rest,1.25,3.25
S071,08,8,4,-1,Rest,1.5,3.5
S071,08,8,5,-1,Rest,1.75,3.75
S071,08,8,6,-1,Rest,2.0,4.0
S071,08,10,0,-1,Rest,0.5,2.5
S071,08,10,1,-1,Rest,0.75,2.75
S071,08,10,2,-1,Rest,1.0,3.0
S071,08,10,3,-1,Rest,1.25,3.25
S071,08,10,4,-1,Rest,1.5,3.5
S071,08,10,5,-1,Rest,1.75,3.75
S071,08,10,6,-1,Rest,2.0,4.0
S071,08,12,3,-1,Rest,1.25,3.25
S071,08,12,4,-1,Rest,1.5,3.5
S071,08,12,5,-1,Rest,1.75,3.75
S071,08,12,6,-1,Rest,2.0,4.0
S071,08,14,1,-1,Rest,0.75,2.75
S071,08,14,2,-1,Rest,1.0,3.0
S071,08,14,3,-1,Rest,1.25,3.25
S071,08,14,4,-1,Rest,1.5,3.5
S071,08,14,5,-1,Rest,1.75,3.75
S071,08,14,6,-1,Rest,2.0,4.0
S071,08,16,4,-1,Rest,1.5,3.5
S071,08,16,5,-1,Rest,1.75,3.75
S071,08,16,6,-1,Rest,2.0,4.0
S071,08,18,2,-1,Rest,1.0,3.0
S071,08,18,3,-1,Rest,1.25,3.25
S071,08,18,4,-1,Rest,1.5,3.5
S071,08,18,5,-1,Rest,1.75,3.75
S071,08,18,6,-1,Rest,2.0,4.0
S071,08,20,0,-1,Rest,0.5,2.5
S071,08,20,1,-1,Rest,0.75,2.75
S071,08,20,2,-1,Rest,1.0,3.0
S071,08,20,3,-1,Rest,1.25,3.25
S071,08,24,0,-1,Rest,0.5,2.5
S071,08,24,1,-1,Rest,0.75,2.75
S071,08,24,2,-1,Rest,1.0,3.0
S071,08,24,3,-1,Rest,1.25,3.25
S071,08,24,4,-1,Rest,1.5,3.5
S071,08,24,5,-1,Rest,1.75,3.75
S071,08,24,6,-1,Rest,2.0,4.0
S071,08,26,5,-1,Rest,1.75,3.75
S071,08,26,6,-1,Rest,2.0,4.0
S071,08,28,0,-1,Rest,0.5,2.5
S071,08,28,1,-1,Rest,0.75,2.75
S071,08,28,2,-1,Rest,1.0,3.0
S071,08,28,3,-1,Rest,1.25,3.25
S071,08,28,4,-1,Rest,1.5,3.5
S071,08,28,5,-1,Rest,1.75,3.75
S071,08,28,6,-1,Rest,2.0,4.0
S071,12,0,4,-1,Rest,1.5,3.5
S071,12,0,5,-1,Rest,1.75,3.75
S071,12,0,6,-1,Rest,2.0,4.0
S071,12,6,3,-1,Rest,1.25,3.25
S071,12,6,4,-1,Rest,1.5,3.5
S071,12,8,1,-1,Rest,0.75,2.75
S071,12,8,2,-1,Rest,1.0,3.0
S071,12,8,3,-1,Rest,1.25,3.25
S071,12,10,0,-1,Rest,0.5,2.5
S071,12,10,1,-1,Rest,0.75,2.75
S071,12,10,2,-1,Rest,1.0,3.0
S071,12,10,3,-1,Rest,1.25,3.25
S071,12,10,4,-1,Rest,1.5,3.5
S071,12,10,5,-1,Rest,1.75,3.75
S071,12,10,6,-1,Rest,2.0,4.0
S071,12,12,0,-1,Rest,0.5,2.5
S071,12,12,1,-1,Rest,0.75,2.75
S071,12,12,2,-1,Rest,1.0,3.0
S071,12,12,3,-1,Rest,1.25,3.25
S071,12,12,4,-1,Rest,1.5,3.5
S071,12,12,5,-1,Rest,1.75,3.75
S071,12,12,6,-1,Rest,2.0,4.0
S071,12,14,0,-1,Rest,0.5,2.5
S071,12,14,1,-1,Rest,0.75,2.75
S071,12,14,2,-1,Rest,1.0,3.0
S071,12,14,3,-1,Rest,1.25,3.25
S071,12,14,4,-1,Rest,1.5,3.5
S071,12,14,5,-1,Rest,1.75,3.75
S071,12,14,6,-1,Rest,2.0,4.0
S071,12,16,5,-1,Rest,1.75,3.75
S071,12,16,6,-1,Rest,2.0,4.0
S071,12,20,0,-1,Rest,0.5,2.5
S071,12,20,1,-1,Rest,0.75,2.75
S071,12,20,2,-1,Rest,1.0,3.0
S071,12,20,3,-1,Rest,1.25,3.25
S071,12,22,0,-1,Rest,0.5,2.5
S071,12,22,1,-1,Rest,0.75,2.75
S071,12,24,0,-1,Rest,0.5,2.5
S071,12,24,1,-1,Rest,0.75,2.75
S071,12,24,2,-1,Rest,1.0,3.0
S071,12,24,3,-1,Rest,1.25,3.25
S071,12,24,4,-1,Rest,1.5,3.5
S071,12,24,5,-1,Rest,1.75,3.75
S071,12,24,6,-1,Rest,2.0,4.0
S071,12,26,6,-1,Rest,2.0,4.0
S072,04,0,0,-1,Rest,0.5,2.5
S072,04,0,1,-1,Rest,0.75,2.75
S072,04,0,2,-1,Rest,1.0,3.0
S072,04,0,3,-1,Rest,1.25,3.25
S072,04,0,4,-1,Rest,1.5,3.5
S072,04,0,5,-1,Rest,1.75,3.75
S072,04,0,6,-1,Rest,2.0,4.0
S072,04,2,0,-1,Rest,0.5,2.5
S072,04,2,1,-1,Rest,0.75,2.75
S072,04,2,2,-1,Rest,1.0,3.0
S072,04,2,3,-1,Rest,1.25,3.25
S072,04,2,4,-1,Rest,1.5,3.5
S072,04,2,5,-1,Rest,1.75,3.75
S072,04,2,6,-1,Rest,2.0,4.0
S072,04,4,0,-1,Rest,0.5,2.5
S072,04,4,1,-1,Rest,0.75,2.75
S072,04,4,2,-1,Rest,1.0,3.0
S072,04,4,3,-1,Rest,1.25,3.25
S072,04,4,4,-1,Rest,1.5,3.5
S072,04,4,5,-1,Rest,1.75,3.75
S072,04,4,6,-1,Rest,2.0,4.0
S072,04,6,0,-1,Rest,0.5,2.5
S072,04,6,1,-1,Rest,0.75,2.75
S072,04,6,2,-1,Rest,1.0,3.0
S072,04,6,3,-1,Rest,1.25,3.25
S072,04,6,4,-1,Rest,1.5,3.5
S072,04,6,5,-1,Rest,1.75,3.75
S072,04,6,6,-1,Rest,2.0,4.0
S072,04,8,0,-1,Rest,0.5,2.5
S072,04,8,1,-1,Rest,0.75,2.75
S072,04,8,2,-1,Rest,1.0,3.0
S072,04,8,3,-1,Rest,1.25,3.25
S072,04,8,4,-1,Rest,1.5,3.5
S072,04,8,5,-1,Rest,1.75,3.75
S072,04,8,6,-1,Rest,2.0,4.0
S072,04,10,0,-1,Rest,0.5,2.5
S072,04,10,1,-1,Rest,0.75,2.75
S072,04,10,2,-1,Rest,1.0,3.0
S072,04,10,3,-1,Rest,1.25,3.25
S072,04,10,4,-1,Rest,1.5,3.5
S072,04,10,5,-1,Rest,1.75,3.75
S072,04,10,6,-1,Rest,2.0,4.0
S072,04,12,0,-1,Rest,0.5,2.5
S072,04,12,1,-1,Rest,0.75,2.75
S072,04,12,2,-1,Rest,1.0,3.0
S072,04,12,3,-1,Rest,1.25,3.25
S072,04,12,4,-1,Rest,1.5,3.5
S072,04,12,5,-1,Rest,1.75,3.75
S072,04,12,6,-1,Rest,2.0,4.0
S072,04,14,0,-1,Rest,0.5,2.5
S072,04,14,1,-1,Rest,0.75,2.75
S072,04,14,2,-1,Rest,1.0,3.0
S072,04,14,3,-1,Rest,1.25,3.25
S072,04,14,4,-1,Rest,1.5,3.5
S072,04,14,5,-1,Rest,1.75,3.75
S072,04,14,6,-1,Rest,2.0,4.0
S072,04,16,0,-1,Rest,0.5,2.5
S072,04,16,1,-1,Rest,0.75,2.75
S072,04,16,2,-1,Rest,1.0,3.0
S072,04,16,3,-1,Rest,1.25,3.25
S072,04,16,4,-1,Rest,1.5,3.5
S072,04,16,5,-1,Rest,1.75,3.75
S072,04,16,6,-1,Rest,2.0,4.0
S072,04,18,0,-1,Rest,0.5,2.5
S072,04,18,1,-1,Rest,0.75,2.75
S072,04,18,2,-1,Rest,1.0,3.0
S072,04,18,3,-1,Rest,1.25,3.25
S072,04,18,4,-1,Rest,1.5,3.5
S072,04,18,5,-1,Rest,1.75,3.75
S072,04,18,6,-1,Rest,2.0,4.0
S072,04,20,0,-1,Rest,0.5,2.5
S072,04,20,1,-1,Rest,0.75,2.75
S072,04,20,2,-1,Rest,1.0,3.0
S072,04,20,3,-1,Rest,1.25,3.25
S072,04,20,4,-1,Rest,1.5,3.5
S072,04,20,5,-1,Rest,1.75,3.75
S072,04,20,6,-1,Rest,2.0,4.0
S072,04,22,0,-1,Rest,0.5,2.5
S072,04,22,1,-1,Rest,0.75,2.75
S072,04,22,2,-1,Rest,1.0,3.0
S072,04,22,3,-1,Rest,1.25,3.25
S072,04,22,4,-1,Rest,1.5,3.5
S072,04,22,5,-1,Rest,1.75,3.75
S072,04,22,6,-1,Rest,2.0,4.0
S072,04,24,0,-1,Rest,0.5,2.5
S072,04,24,1,-1,Rest,0.75,2.75
S072,04,24,2,-1,Rest,1.0,3.0
S072,04,24,3,-1,Rest,1.25,3.25
S072,04,24,4,-1,Rest,1.5,3.5
S072,04,24,5,-1,Rest,1.75,3.75
S072,04,24,6,-1,Rest,2.0,4.0
S072,04,26,0,-1,Rest,0.5,2.5
S072,04,26,1,-1,Rest,0.75,2.75
S072,04,26,2,-1,Rest,1.0,3.0
S072,04,26,3,-1,Rest,1.25,3.25
S072,04,26,4,-1,Rest,1.5,3.5
S072,04,26,5,-1,Rest,1.75,3.75
S072,04,26,6,-1,Rest,2.0,4.0
S072,04,28,0,-1,Rest,0.5,2.5
S072,04,28,1,-1,Rest,0.75,2.75
S072,04,28,2,-1,Rest,1.0,3.0
S072,04,28,3,-1,Rest,1.25,3.25
S072,04,28,4,-1,Rest,1.5,3.5
S072,04,28,5,-1,Rest,1.75,3.75
S072,04,28,6,-1,Rest,2.0,4.0
S072,08,0,0,-1,Rest,0.5,2.5
S072,08,0,1,-1,Rest,0.75,2.75
S072,08,0,2,-1,Rest,1.0,3.0
S072,08,0,3,-1,Rest,1.25,3.25
S072,08,0,4,-1,Rest,1.5,3.5
S072,08,0,5,-1,Rest,1.75,3.75
S072,08,0,6,-1,Rest,2.0,4.0
S072,08,2,0,-1,Rest,0.5,2.5
S072,08,2,1,-1,Rest,0.75,2.75
S072,08,2,2,-1,Rest,1.0,3.0
S072,08,2,3,-1,Rest,1.25,3.25
S072,08,2,4,-1,Rest,1.5,3.5
S072,08,2,5,-1,Rest,1.75,3.75
S072,08,2,6,-1,Rest,2.0,4.0
S072,08,4,0,-1,Rest,0.5,2.5
S072,08,4,1,-1,Rest,0.75,2.75
S072,08,4,2,-1,Rest,1.0,3.0
S072,08,4,3,-1,Rest,1.25,3.25
S072,08,4,4,-1,Rest,1.5,3.5
S072,08,4,5,-1,Rest,1.75,3.75
S072,08,4,6,-1,Rest,2.0,4.0
S072,08,6,0,-1,Rest,0.5,2.5
S072,08,6,1,-1,Rest,0.75,2.75
S072,08,6,2,-1,Rest,1.0,3.0
S072,08,6,3,-1,Rest,1.25,3.25
S072,08,6,4,-1,Rest,1.5,3.5
S072,08,6,5,-1,Rest,1.75,3.75
S072,08,6,6,-1,Rest,2.0,4.0
S072,08,8,0,-1,Rest,0.5,2.5
S072,08,8,1,-1,Rest,0.75,2.75
S072,08,8,2,-1,Rest,1.0,3.0
S072,08,8,3,-1,Rest,1.25,3.25
S072,08,8,4,-1,Rest,1.5,3.5
S072,08,8,5,-1,Rest,1.75,3.75
S072,08,8,6,-1,Rest,2.0,4.0
S072,08,10,0,-1,Rest,0.5,2.5
S072,08,10,1,-1,Rest,0.75,2.75
S072,08,10,2,-1,Rest,1.0,3.0
S072,08,10,3,-1,Rest,1.25,3.25
S072,08,10,4,-1,Rest,1.5,3.5
S072,08,10,5,-1,Rest,1.75,3.75
S072,08,10,6,-1,Rest,2.0,4.0
S072,08,12,0,-1,Rest,0.5,2.5
S072,08,12,1,-1,Rest,0.75,2.75
S072,08,12,2,-1,Rest,1.0,3.0
S072,08,12,3,-1,Rest,1.25,3.25
S072,08,12,4,-1,Rest,1.5,3.5
S072,08,12,5,-1,Rest,1.75,3.75
S072,08,12,6,-1,Rest,2.0,4.0
S072,08,14,0,-1,Rest,0.5,2.5
S072,08,14,1,-1,Rest,0.75,2.75
S072,08,14,2,-1,Rest,1.0,3.0
S072,08,14,3,-1,Rest,1.25,3.25
S072,08,14,4,-1,Rest,1.5,3.5
S072,08,14,5,-1,Rest,1.75,3.75
S072,08,14,6,-1,Rest,2.0,4.0
S072,08,16,0,-1,Rest,0.5,2.5
S072,08,16,1,-1,Rest,0.75,2.75
S072,08,16,2,-1,Rest,1.0,3.0
S072,08,16,3,-1,Rest,1.25,3.25
S072,08,16,4,-1,Rest,1.5,3.5
S072,08,16,5,-1,Rest,1.75,3.75
S072,08,16,6,-1,Rest,2.0,4.0
S072,08,18,0,-1,Rest,0.5,2.5
S072,08,18,1,-1,Rest,0.75,2.75
S072,08,18,2,-1,Rest,1.0,3.0
S072,08,18,3,-1,Rest,1.25,3.25
S072,08,18,4,-1,Rest,1.5,3.5
S072,08,18,5,-1,Rest,1.75,3.75
S072,08,18,6,-1,Rest,2.0,4.0
S072,08,20,0,-1,Rest,0.5,2.5
S072,08,20,1,-1,Rest,0.75,2.75
S072,08,20,2,-1,Rest,1.0,3.0
S072,08,20,3,-1,Rest,1.25,3.25
S072,08,20,4,-1,Rest,1.5,3.5
S072,08,20,5,-1,Rest,1.75,3.75
S072,08,20,6,-1,Rest,2.0,4.0
S072,08,22,0,-1,Rest,0.5,2.5
S072,08,22,1,-1,Rest,0.75,2.75
S072,08,22,2,-1,Rest,1.0,3.0
S072,08,22,3,-1,Rest,1.25,3.25
S072,08,22,4,-1,Rest,1.5,3.5
S072,08,22,5,-1,Rest,1.75,3.75
S072,08,22,6,-1,Rest,2.0,4.0
S072,08,24,0,-1,Rest,0.5,2.5
S072,08,24,1,-1,Rest,0.75,2.75
S072,08,24,2,-1,Rest,1.0,3.0
S072,08,24,3,-1,Rest,1.25,3.25
S072,08,24,4,-1,Rest,1.5,3.5
S072,08,24,5,-1,Rest,1.75,3.75
S072,08,24,6,-1,Rest,2.0,4.0
S072,08,26,0,-1,Rest,0.5,2.5
S072,08,26,1,-1,Rest,0.75,2.75
S072,08,26,2,-1,Rest,1.0,3.0
S072,08,26,3,-1,Rest,1.25,3.25
S072,08,26,4,-1,Rest,1.5,3.5
S072,08,26,5,-1,Rest,1.75,3.75
S072,08,26,6,-1,Rest,2.0,4.0
S072,08,28,0,-1,Rest,0.5,2.5
S072,08,28,1,-1,Rest,0.75,2.75
S072,08,28,2,-1,Rest,1.0,3.0
S072,08,28,3,-1,Rest,1.25,3.25
S072,08,28,4,-1,Rest,1.5,3.5
S072,08,28,5,-1,Rest,1.75,3.75
S072,08,28,6,-1,Rest,2.0,4.0
S072,12,0,0,-1,Rest,0.5,2.5
S072,12,0,1,-1,Rest,0.75,2.75
S072,12,0,2,-1,Rest,1.0,3.0
S072,12,0,3,-1,Rest,1.25,3.25
S072,12,0,4,-1,Rest,1.5,3.5
S072,12,0,5,-1,Rest,1.75,3.75
S072,12,0,6,-1,Rest,2.0,4.0
S072,12,2,0,-1,Rest,0.5,2.5
S072,12,2,1,-1,Rest,0.75,2.75
S072,12,2,2,-1,Rest,1.0,3.0
S072,12,2,3,-1,Rest,1.25,3.25
S072,12,2,4,-1,Rest,1.5,3.5
S072,12,2,5,-1,Rest,1.75,3.75
S072,12,2,6,-1,Rest,2.0,4.0
S072,12,4,0,-1,Rest,0.5,2.5
S072,12,4,1,-1,Rest,0.75,2.75
S072,12,4,2,-1,Rest,1.0,3.0
S072,12,4,3,-1,Rest,1.25,3.25
S072,12,4,4,-1,Rest,1.5,3.5
S072,12,4,5,-1,Rest,1.75,3.75
S072,12,4,6,-1,Rest,2.0,4.0
S072,12,6,0,-1,Rest,0.5,2.5
S072,12,6,1,-1,Rest,0.75,2.75
S072,12,6,2,-1,Rest,1.0,3.0
S072,12,6,3,-1,Rest,1.25,3.25
S072,12,6,4,-1,Rest,1.5,3.5
S072,12,6,5,-1,Rest,1.75,3.75
S072,12,6,6,-1,Rest,2.0,4.0
S072,12,8,0,-1,Rest,0.5,2.5
S072,12,8,1,-1,Rest,0.75,2.75
S072,12,8,2,-1,Rest,1.0,3.0
S072,12,8,3,-1,Rest,1.25,3.25
S072,12,8,4,-1,Rest,1.5,3.5
S072,12,8,5,-1,Rest,1.75,3.75
S072,12,8,6,-1,Rest,2.0,4.0
S072,12,10,0,-1,Rest,0.5,2.5
S072,12,10,1,-1,Rest,0.75,2.75
S072,12,10,2,-1,Rest,1.0,3.0
S072,12,10,3,-1,Rest,1.25,3.25
S072,12,10,4,-1,Rest,1.5,3.5
S072,12,10,5,-1,Rest,1.75,3.75
S072,12,10,6,-1,Rest,2.0,4.0
S072,12,12,0,-1,Rest,0.5,2.5
S072,12,12,1,-1,Rest,0.75,2.75
S072,12,12,2,-1,Rest,1.0,3.0
S072,12,12,3,-1,Rest,1.25,3.25
S072,12,12,4,-1,Rest,1.5,3.5
S072,12,12,5,-1,Rest,1.75,3.75
S072,12,12,6,-1,Rest,2.0,4.0
S072,12,14,0,-1,Rest,0.5,2.5
S072,12,14,1,-1,Rest,0.75,2.75
S072,12,14,2,-1,Rest,1.0,3.0
S072,12,14,3,-1,Rest,1.25,3.25
S072,12,14,4,-1,Rest,1.5,3.5
S072,12,14,5,-1,Rest,1.75,3.75
S072,12,14,6,-1,Rest,2.0,4.0
S072,12,16,0,-1,Rest,0.5,2.5
S072,12,16,1,-1,Rest,0.75,2.75
S072,12,16,2,-1,Rest,1.0,3.0
S072,12,16,3,-1,Rest,1.25,3.25
S072,12,16,4,-1,Rest,1.5,3.5
S072,12,16,5,-1,Rest,1.75,3.75
S072,12,16,6,-1,Rest,2.0,4.0
S072,12,18,0,-1,Rest,0.5,2.5
S072,12,18,1,-1,Rest,0.75,2.75
S072,12,18,2,-1,Rest,1.0,3.0
S072,12,18,3,-1,Rest,1.25,3.25
S072,12,18,4,-1,Rest,1.5,3.5
S072,12,18,5,-1,Rest,1.75,3.75
S072,12,18,6,-1,Rest,2.0,4.0
S072,12,20,0,-1,Rest,0.5,2.5
S072,12,20,1,-1,Rest,0.75,2.75
S072,12,20,2,-1,Rest,1.0,3.0
S072,12,20,3,-1,Rest,1.25,3.25
S072,12,20,4,-1,Rest,1.5,3.5
S072,12,20,5,-1,Rest,1.75,3.75
S072,12,20,6,-1,Rest,2.0,4.0
S072,12,22,0,-1,Rest,0.5,2.5
S072,12,22,1,-1,Rest,0.75,2.75
S072,12,22,2,-1,Rest,1.0,3.0
S072,12,22,3,-1,Rest,1.25,3.25
S072,12,22,4,-1,Rest,1.5,3.5
S072,12,22,5,-1,Rest,1.75,3.75
S072,12,22,6,-1,Rest,2.0,4.0
S072,12,24,0,-1,Rest,0.5,2.5
S072,12,24,1,-1,Rest,0.75,2.75
S072,12,24,2,-1,Rest,1.0,3.0
S072,12,24,3,-1,Rest,1.25,3.25
S072,12,24,4,-1,Rest,1.5,3.5
S072,12,24,5,-1,Rest,1.75,3.75
S072,12,24,6,-1,Rest,2.0,4.0
S072,12,26,0,-1,Rest,0.5,2.5
S072,12,26,1,-1,Rest,0.75,2.75
S072,12,26,2,-1,Rest,1.0,3.0
S072,12,26,3,-1,Rest,1.25,3.25
S072,12,26,4,-1,Rest,1.5,3.5
S072,12,26,5,-1,Rest,1.75,3.75
S072,12,26,6,-1,Rest,2.0,4.0
S072,12,28,0,-1,Rest,0.5,2.5
S072,12,28,1,-1,Rest,0.75,2.75
S072,12,28,2,-1,Rest,1.0,3.0
S072,12,28,3,-1,Rest,1.25,3.25
S072,12,28,4,-1,Rest,1.5,3.5
S072,12,28,5,-1,Rest,1.75,3.75
S072,12,28,6,-1,Rest,2.0,4.0
S073,04,0,0,-1,Rest,0.5,2.5
S073,04,0,1,-1,Rest,0.75,2.75
S073,04,0,2,-1,Rest,1.0,3.0
S073,04,0,3,-1,Rest,1.25,3.25
S073,04,0,4,-1,Rest,1.5,3.5
S073,04,0,5,-1,Rest,1.75,3.75
S073,04,0,6,-1,Rest,2.0,4.0
S073,04,2,0,-1,Rest,0.5,2.5
S073,04,2,1,-1,Rest,0.75,2.75
S073,04,2,2,-1,Rest,1.0,3.0
S073,04,2,3,-1,Rest,1.25,3.25
S073,04,2,4,-1,Rest,1.5,3.5
S073,04,2,5,-1,Rest,1.75,3.75
S073,04,2,6,-1,Rest,2.0,4.0
S073,04,4,0,-1,Rest,0.5,2.5
S073,04,4,1,-1,Rest,0.75,2.75
S073,04,4,2,-1,Rest,1.0,3.0
S073,04,4,3,-1,Rest,1.25,3.25
S073,04,4,4,-1,Rest,1.5,3.5
S073,04,4,5,-1,Rest,1.75,3.75
S073,04,4,6,-1,Rest,2.0,4.0
S073,04,6,0,-1,Rest,0.5,2.5
S073,04,6,1,-1,Rest,0.75,2.75
S073,04,6,2,-1,Rest,1.0,3.0
S073,04,6,3,-1,Rest,1.25,3.25
S073,04,6,4,-1,Rest,1.5,3.5
S073,04,6,5,-1,Rest,1.75,3.75
S073,04,6,6,-1,Rest,2.0,4.0
S073,04,8,0,-1,Rest,0.5,2.5
S073,04,8,1,-1,Rest,0.75,2.75
S073,04,8,2,-1,Rest,1.0,3.0
S073,04,8,3,-1,Rest,1.25,3.25
S073,04,8,4,-1,Rest,1.5,3.5
S073,04,8,5,-1,Rest,1.75,3.75
S073,04,8,6,-1,Rest,2.0,4.0
S073,04,10,0,-1,Rest,0.5,2.5
S073,04,10,1,-1,Rest,0.75,2.75
S073,04,10,2,-1,Rest,1.0,3.0
S073,04,10,3,-1,Rest,1.25,3.25
S073,04,10,4,-1,Rest,1.5,3.5
S073,04,10,5,-1,Rest,1.75,3.75
S073,04,10,6,-1,Rest,2.0,4.0
S073,04,12,0,-1,Rest,0.5,2.5
S073,04,12,1,-1,Rest,0.75,2.75
S073,04,12,2,-1,Rest,1.0,3.0
S073,04,12,3,-1,Rest,1.25,3.25
S073,04,12,4,-1,Rest,1.5,3.5
S073,04,12,5,-1,Rest,1.75,3.75
S073,04,12,6,-1,Rest,2.0,4.0
S073,04,14,0,-1,Rest,0.5,2.5
S073,04,14,1,-1,Rest,0.75,2.75
S073,04,14,2,-1,Rest,1.0,3.0
S073,04,14,3,-1,Rest,1.25,3.25
S073,04,14,4,-1,Rest,1.5,3.5
S073,04,14,5,-1,Rest,1.75,3.75
S073,04,14,6,-1,Rest,2.0,4.0
S073,04,16,0,-1,Rest,0.5,2.5
S073,04,16,1,-1,Rest,0.75,2.75
S073,04,16,2,-1,Rest,1.0,3.0
S073,04,16,3,-1,Rest,1.25,3.25
S073,04,16,4,-1,Rest,1.5,3.5
S073,04,16,5,-1,Rest,1.75,3.75
S073,04,16,6,-1,Rest,2.0,4.0
S073,04,18,0,-1,Rest,0.5,2.5
S073,04,18,1,-1,Rest,0.75,2.75
S073,04,18,2,-1,Rest,1.0,3.0
S073,04,18,3,-1,Rest,1.25,3.25
S073,04,18,4,-1,Rest,1.5,3.5
S073,04,18,5,-1,Rest,1.75,3.75
S073,04,18,6,-1,Rest,2.0,4.0
S073,04,20,0,-1,Rest,0.5,2.5
S073,04,20,1,-1,Rest,0.75,2.75
S073,04,20,2,-1,Rest,1.0,3.0
S073,04,20,3,-1,Rest,1.25,3.25
S073,04,20,4,-1,Rest,1.5,3.5
S073,04,20,5,-1,Rest,1.75,3.75
S073,04,20,6,-1,Rest,2.0,4.0
S073,04,22,0,-1,Rest,0.5,2.5
S073,04,22,1,-1,Rest,0.75,2.75
S073,04,22,2,-1,Rest,1.0,3.0
S073,04,22,3,-1,Rest,1.25,3.25
S073,04,22,4,-1,Rest,1.5,3.5
S073,04,22,5,-1,Rest,1.75,3.75
S073,04,22,6,-1,Rest,2.0,4.0
S073,04,24,0,-1,Rest,0.5,2.5
S073,04,24,1,-1,Rest,0.75,2.75
S073,04,24,2,-1,Rest,1.0,3.0
S073,04,24,3,-1,Rest,1.25,3.25
S073,04,24,4,-1,Rest,1.5,3.5
S073,04,24,5,-1,Rest,1.75,3.75
S073,04,24,6,-1,Rest,2.0,4.0
S073,04,26,0,-1,Rest,0.5,2.5
S073,04,26,1,-1,Rest,0.75,2.75
S073,04,26,2,-1,Rest,1.0,3.0
S073,04,26,3,-1,Rest,1.25,3.25
S073,04,26,4,-1,Rest,1.5,3.5
S073,04,26,5,-1,Rest,1.75,3.75
S073,04,26,6,-1,Rest,2.0,4.0
S073,04,28,0,-1,Rest,0.5,2.5
S073,04,28,1,-1,Rest,0.75,2.75
S073,04,28,2,-1,Rest,1.0,3.0
S073,04,28,3,-1,Rest,1.25,3.25
S073,04,28,4,-1,Rest,1.5,3.5
S073,04,28,5,-1,Rest,1.75,3.75
S073,04,28,6,-1,Rest,2.0,4.0
S073,08,0,0,-1,Rest,0.5,2.5
S073,08,0,1,-1,Rest,0.75,2.75
S073,08,0,2,-1,Rest,1.0,3.0
S073,08,0,3,-1,Rest,1.25,3.25
S073,08,0,4,-1,Rest,1.5,3.5
S073,08,0,5,-1,Rest,1.75,3.75
S073,08,0,6,-1,Rest,2.0,4.0
S073,08,2,0,-1,Rest,0.5,2.5
S073,08,2,1,-1,Rest,0.75,2.75
S073,08,2,2,-1,Rest,1.0,3.0
S073,08,2,3,-1,Rest,1.25,3.25
S073,08,2,4,-1,Rest,1.5,3.5
S073,08,2,5,-1,Rest,1.75,3.75
S073,08,2,6,-1,Rest,2.0,4.0
S073,08,4,0,-1,Rest,0.5,2.5
S073,08,4,1,-1,Rest,0.75,2.75
S073,08,4,2,-1,Rest,1.0,3.0
S073,08,4,3,-1,Rest,1.25,3.25
S073,08,4,4,-1,Rest,1.5,3.5
S073,08,4,5,-1,Rest,1.75,3.75
S073,08,4,6,-1,Rest,2.0,4.0
S073,08,6,0,-1,Rest,0.5,2.5
S073,08,6,1,-1,Rest,0.75,2.75
S073,08,6,2,-1,Rest,1.0,3.0
S073,08,6,3,-1,Rest,1.25,3.25
S073,08,6,4,-1,Rest,1.5,3.5
S073,08,6,5,-1,Rest,1.75,3.75
S073,08,6,6,-1,Rest,2.0,4.0
S073,08,8,0,-1,Rest,0.5,2.5
S073,08,8,1,-1,Rest,0.75,2.75
S073,08,8,2,-1,Rest,1.0,3.0
S073,08,8,3,-1,Rest,1.25,3.25
S073,08,8,4,-1,Rest,1.5,3.5
S073,08,8,5,-1,Rest,1.75,3.75
S073,08,8,6,-1,Rest,2.0,4.0
S073,08,10,0,-1,Rest,0.5,2.5
S073,08,10,1,-1,Rest,0.75,2.75
S073,08,10,2,-1,Rest,1.0,3.0
S073,08,10,3,-1,Rest,1.25,3.25
S073,08,10,4,-1,Rest,1.5,3.5
S073,08,10,5,-1,Rest,1.75,3.75
S073,08,10,6,-1,Rest,2.0,4.0
S073,08,12,0,-1,Rest,0.5,2.5
S073,08,12,1,-1,Rest,0.75,2.75
S073,08,12,2,-1,Rest,1.0,3.0
S073,08,12,3,-1,Rest,1.25,3.25
S073,08,12,4,-1,Rest,1.5,3.5
S073,08,12,5,-1,Rest,1.75,3.75
S073,08,12,6,-1,Rest,2.0,4.0
S073,08,14,0,-1,Rest,0.5,2.5
S073,08,14,1,-1,Rest,0.75,2.75
S073,08,14,2,-1,Rest,1.0,3.0
S073,08,14,3,-1,Rest,1.25,3.25
S073,08,14,4,-1,Rest,1.5,3.5
S073,08,14,5,-1,Rest,1.75,3.75
S073,08,14,6,-1,Rest,2.0,4.0
S073,08,16,0,-1,Rest,0.5,2.5
S073,08,16,1,-1,Rest,0.75,2.75
S073,08,16,2,-1,Rest,1.0,3.0
S073,08,16,3,-1,Rest,1.25,3.25
S073,08,16,4,-1,Rest,1.5,3.5
S073,08,16,5,-1,Rest,1.75,3.75
S073,08,16,6,-1,Rest,2.0,4.0
S073,08,18,0,-1,Rest,0.5,2.5
S073,08,18,1,-1,Rest,0.75,2.75
S073,08,18,2,-1,Rest,1.0,3.0
S073,08,18,3,-1,Rest,1.25,3.25
S073,08,18,4,-1,Rest,1.5,3.5
S073,08,18,5,-1,Rest,1.75,3.75
S073,08,18,6,-1,Rest,2.0,4.0
S073,08,20,0,-1,Rest,0.5,2.5
S073,08,20,1,-1,Rest,0.75,2.75
S073,08,20,2,-1,Rest,1.0,3.0
S073,08,20,3,-1,Rest,1.25,3.25
S073,08,20,4,-1,Rest,1.5,3.5
S073,08,20,5,-1,Rest,1.75,3.75
S073,08,20,6,-1,Rest,2.0,4.0
S073,08,22,0,-1,Rest,0.5,2.5
S073,08,22,1,-1,Rest,0.75,2.75
S073,08,22,2,-1,Rest,1.0,3.0
S073,08,22,3,-1,Rest,1.25,3.25
S073,08,22,4,-1,Rest,1.5,3.5
S073,08,22,5,-1,Rest,1.75,3.75
S073,08,22,6,-1,Rest,2.0,4.0
S073,08,24,0,-1,Rest,0.5,2.5
S073,08,24,1,-1,Rest,0.75,2.75
S073,08,24,2,-1,Rest,1.0,3.0
S073,08,24,3,-1,Rest,1.25,3.25
S073,08,24,4,-1,Rest,1.5,3.5
S073,08,24,5,-1,Rest,1.75,3.75
S073,08,24,6,-1,Rest,2.0,4.0
S073,08,26,0,-1,Rest,0.5,2.5
S073,08,26,1,-1,Rest,0.75,2.75
S073,08,26,2,-1,Rest,1.0,3.0
S073,08,26,3,-1,Rest,1.25,3.25
S073,08,26,4,-1,Rest,1.5,3.5
S073,08,26,5,-1,Rest,1.75,3.75
S073,08,26,6,-1,Rest,2.0,4.0
S073,08,28,0,-1,Rest,0.5,2.5
S073,08,28,1,-1,Rest,0.75,2.75
S073,08,28,2,-1,Rest,1.0,3.0
S073,08,28,3,-1,Rest,1.25,3.25
S073,08,28,4,-1,Rest,1.5,3.5
S073,08,28,5,-1,Rest,1.75,3.75
S073,08,28,6,-1,Rest,2.0,4.0
S073,12,0,0,-1,Rest,0.5,2.5
S073,12,0,1,-1,Rest,0.75,2.75
S073,12,0,2,-1,Rest,1.0,3.0
S073,12,0,3,-1,Rest,1.25,3.25
S073,12,0,4,-1,Rest,1.5,3.5
S073,12,0,5,-1,Rest,1.75,3.75
S073,12,0,6,-1,Rest,2.0,4.0
S073,12,2,0,-1,Rest,0.5,2.5
S073,12,2,1,-1,Rest,0.75,2.75
S073,12,2,2,-1,Rest,1.0,3.0
S073,12,2,3,-1,Rest,1.25,3.25
S073,12,2,4,-1,Rest,1.5,3.5
S073,12,2,5,-1,Rest,1.75,3.75
S073,12,2,6,-1,Rest,2.0,4.0
S073,12,4,0,-1,Rest,0.5,2.5
S073,12,4,1,-1,Rest,0.75,2.75
S073,12,4,2,-1,Rest,1.0,3.0
S073,12,4,3,-1,Rest,1.25,3.25
S073,12,4,4,-1,Rest,1.5,3.5
S073,12,4,5,-1,Rest,1.75,3.75
S073,12,4,6,-1,Rest,2.0,4.0
S073,12,6,0,-1,Rest,0.5,2.5
S073,12,6,1,-1,Rest,0.75,2.75
S073,12,6,2,-1,Rest,1.0,3.0
S073,12,6,3,-1,Rest,1.25,3.25
S073,12,6,4,-1,Rest,1.5,3.5
S073,12,6,5,-1,Rest,1.75,3.75
S073,12,6,6,-1,Rest,2.0,4.0
S073,12,8,0,-1,Rest,0.5,2.5
S073,12,8,1,-1,Rest,0.75,2.75
S073,12,8,2,-1,Rest,1.0,3.0
S073,12,8,3,-1,Rest,1.25,3.25
S073,12,8,4,-1,Rest,1.5,3.5
S073,12,8,5,-1,Rest,1.75,3.75
S073,12,8,6,-1,Rest,2.0,4.0
S073,12,10,0,-1,Rest,0.5,2.5
S073,12,10,1,-1,Rest,0.75,2.75
S073,12,10,2,-1,Rest,1.0,3.0
S073,12,10,3,-1,Rest,1.25,3.25
S073,12,10,4,-1,Rest,1.5,3.5
S073,12,10,5,-1,Rest,1.75,3.75
S073,12,10,6,-1,Rest,2.0,4.0
S073,12,12,0,-1,Rest,0.5,2.5
S073,12,12,1,-1,Rest,0.75,2.75
S073,12,12,2,-1,Rest,1.0,3.0
S073,12,12,3,-1,Rest,1.25,3.25
S073,12,12,4,-1,Rest,1.5,3.5
S073,12,12,5,-1,Rest,1.75,3.75
S073,12,12,6,-1,Rest,2.0,4.0
S073,12,14,0,-1,Rest,0.5,2.5
S073,12,14,1,-1,Rest,0.75,2.75
S073,12,14,2,-1,Rest,1.0,3.0
S073,12,14,3,-1,Rest,1.25,3.25
S073,12,14,4,-1,Rest,1.5,3.5
S073,12,14,5,-1,Rest,1.75,3.75
S073,12,14,6,-1,Rest,2.0,4.0
S073,12,16,0,-1,Rest,0.5,2.5
S073,12,16,1,-1,Rest,0.75,2.75
S073,12,16,2,-1,Rest,1.0,3.0
S073,12,16,3,-1,Rest,1.25,3.25
S073,12,16,4,-1,Rest,1.5,3.5
S073,12,16,5,-1,Rest,1.75,3.75
S073,12,16,6,-1,Rest,2.0,4.0
S073,12,18,0,-1,Rest,0.5,2.5
S073,12,18,1,-1,Rest,0.75,2.75
S073,12,18,2,-1,Rest,1.0,3.0
S073,12,18,3,-1,Rest,1.25,3.25
S073,12,18,4,-1,Rest,1.5,3.5
S073,12,18,5,-1,Rest,1.75,3.75
S073,12,18,6,-1,Rest,2.0,4.0
S073,12,20,0,-1,Rest,0.5,2.5
S073,12,20,1,-1,Rest,0.75,2.75
S073,12,20,2,-1,Rest,1.0,3.0
S073,12,20,3,-1,Rest,1.25,3.25
S073,12,20,4,-1,Rest,1.5,3.5
S073,12,20,5,-1,Rest,1.75,3.75
S073,12,20,6,-1,Rest,2.0,4.0
S073,12,22,0,-1,Rest,0.5,2.5
S073,12,22,1,-1,Rest,0.75,2.75
S073,12,22,2,-1,Rest,1.0,3.0
S073,12,22,3,-1,Rest,1.25,3.25
S073,12,22,4,-1,Rest,1.5,3.5
S073,12,22,5,-1,Rest,1.75,3.75
S073,12,22,6,-1,Rest,2.0,4.0
S073,12,24,0,-1,Rest,0.5,2.5
S073,12,24,1,-1,Rest,0.75,2.75
S073,12,24,2,-1,Rest,1.0,3.0
S073,12,24,3,-1,Rest,1.25,3.25
S073,12,24,4,-1,Rest,1.5,3.5
S073,12,24,5,-1,Rest,1.75,3.75
S073,12,24,6,-1,Rest,2.0,4.0
S073,12,26,0,-1,Rest,0.5,2.5
S073,12,26,1,-1,Rest,0.75,2.75
S073,12,26,2,-1,Rest,1.0,3.0
S073,12,26,3,-1,Rest,1.25,3.25
S073,12,26,4,-1,Rest,1.5,3.5
S073,12,26,5,-1,Rest,1.75,3.75
S073,12,26,6,-1,Rest,2.0,4.0
S073,12,28,0,-1,Rest,0.5,2.5
S073,12,28,1,-1,Rest,0.75,2.75
S073,12,28,2,-1,Rest,1.0,3.0
S073,12,28,3,-1,Rest,1.25,3.25
S073,12,28,4,-1,Rest,1.5,3.5
S073,12,28,5,-1,Rest,1.75,3.75
S073,12,28,6,-1,Rest,2.0,4.0
S074,04,0,0,-1,Rest,0.5,2.5
S074,04,0,1,-1,Rest,0.75,2.75
S074,04,0,2,-1,Rest,1.0,3.0
S074,04,0,3,-1,Rest,1.25,3.25
S074,04,0,4,-1,Rest,1.5,3.5
S074,04,0,5,-1,Rest,1.75,3.75
S074,04,0,6,-1,Rest,2.0,4.0
S074,04,2,0,-1,Rest,0.5,2.5
S074,04,2,1,-1,Rest,0.75,2.75
S074,04,2,2,-1,Rest,1.0,3.0
S074,04,2,3,-1,Rest,1.25,3.25
S074,04,2,4,-1,Rest,1.5,3.5
S074,04,2,5,-1,Rest,1.75,3.75
S074,04,2,6,-1,Rest,2.0,4.0
S074,04,4,0,-1,Rest,0.5,2.5
S074,04,4,1,-1,Rest,0.75,2.75
S074,04,4,2,-1,Rest,1.0,3.0
S074,04,4,3,-1,Rest,1.25,3.25
S074,04,4,4,-1,Rest,1.5,3.5
S074,04,4,5,-1,Rest,1.75,3.75
S074,04,4,6,-1,Rest,2.0,4.0
S074,04,6,0,-1,Rest,0.5,2.5
S074,04,6,1,-1,Rest,0.75,2.75
S074,04,6,2,-1,Rest,1.0,3.0
S074,04,6,3,-1,Rest,1.25,3.25
S074,04,6,4,-1,Rest,1.5,3.5
S074,04,6,5,-1,Rest,1.75,3.75
S074,04,6,6,-1,Rest,2.0,4.0
S074,04,8,0,-1,Rest,0.5,2.5
S074,04,8,1,-1,Rest,0.75,2.75
S074,04,8,2,-1,Rest,1.0,3.0
S074,04,8,3,-1,Rest,1.25,3.25
S074,04,8,4,-1,Rest,1.5,3.5
S074,04,8,5,-1,Rest,1.75,3.75
S074,04,8,6,-1,Rest,2.0,4.0
S074,04,10,0,-1,Rest,0.5,2.5
S074,04,10,1,-1,Rest,0.75,2.75
S074,04,10,2,-1,Rest,1.0,3.0
S074,04,10,3,-1,Rest,1.25,3.25
S074,04,10,4,-1,Rest,1.5,3.5
S074,04,10,5,-1,Rest,1.75,3.75
S074,04,10,6,-1,Rest,2.0,4.0
S074,04,12,0,-1,Rest,0.5,2.5
S074,04,12,1,-1,Rest,0.75,2.75
S074,04,12,2,-1,Rest,1.0,3.0
S074,04,12,3,-1,Rest,1.25,3.25
S074,04,12,4,-1,Rest,1.5,3.5
S074,04,12,5,-1,Rest,1.75,3.75
S074,04,12,6,-1,Rest,2.0,4.0
S074,04,14,0,-1,Rest,0.5,2.5
S074,04,14,1,-1,Rest,0.75,2.75
S074,04,14,2,-1,Rest,1.0,3.0
S074,04,14,3,-1,Rest,1.25,3.25
S074,04,14,4,-1,Rest,1.5,3.5
S074,04,14,5,-1,Rest,1.75,3.75
S074,04,14,6,-1,Rest,2.0,4.0
S074,04,16,0,-1,Rest,0.5,2.5
S074,04,16,1,-1,Rest,0.75,2.75
S074,04,16,2,-1,Rest,1.0,3.0
S074,04,16,3,-1,Rest,1.25,3.25
S074,04,16,4,-1,Rest,1.5,3.5
S074,04,16,5,-1,Rest,1.75,3.75
S074,04,16,6,-1,Rest,2.0,4.0
S074,04,18,0,-1,Rest,0.5,2.5
S074,04,18,1,-1,Rest,0.75,2.75
S074,04,18,2,-1,Rest,1.0,3.0
S074,04,18,3,-1,Rest,1.25,3.25
S074,04,18,4,-1,Rest,1.5,3.5
S074,04,18,5,-1,Rest,1.75,3.75
S074,04,18,6,-1,Rest,2.0,4.0
S074,04,20,0,-1,Rest,0.5,2.5
S074,04,20,1,-1,Rest,0.75,2.75
S074,04,20,2,-1,Rest,1.0,3.0
S074,04,20,3,-1,Rest,1.25,3.25
S074,04,20,4,-1,Rest,1.5,3.5
S074,04,20,5,-1,Rest,1.75,3.75
S074,04,20,6,-1,Rest,2.0,4.0
S074,04,22,0,-1,Rest,0.5,2.5
S074,04,22,1,-1,Rest,0.75,2.75
S074,04,22,2,-1,Rest,1.0,3.0
S074,04,22,3,-1,Rest,1.25,3.25
S074,04,22,4,-1,Rest,1.5,3.5
S074,04,22,5,-1,Rest,1.75,3.75
S074,04,22,6,-1,Rest,2.0,4.0
S074,04,24,0,-1,Rest,0.5,2.5
S074,04,24,1,-1,Rest,0.75,2.75
S074,04,24,2,-1,Rest,1.0,3.0
S074,04,24,3,-1,Rest,1.25,3.25
S074,04,24,4,-1,Rest,1.5,3.5
S074,04,24,5,-1,Rest,1.75,3.75
S074,04,24,6,-1,Rest,2.0,4.0
S074,04,26,0,-1,Rest,0.5,2.5
S074,04,26,1,-1,Rest,0.75,2.75
S074,04,26,2,-1,Rest,1.0,3.0
S074,04,26,3,-1,Rest,1.25,3.25
S074,04,26,4,-1,Rest,1.5,3.5
S074,04,26,5,-1,Rest,1.75,3.75
S074,04,26,6,-1,Rest,2.0,4.0
S074,04,28,0,-1,Rest,0.5,2.5
S074,04,28,1,-1,Rest,0.75,2.75
S074,04,28,2,-1,Rest,1.0,3.0
S074,04,28,3,-1,Rest,1.25,3.25
S074,04,28,4,-1,Rest,1.5,3.5
S074,04,28,5,-1,Rest,1.75,3.75
S074,04,28,6,-1,Rest,2.0,4.0
S074,08,0,0,-1,Rest,0.5,2.5
S074,08,0,1,-1,Rest,0.75,2.75
S074,08,0,2,-1,Rest,1.0,3.0
S074,08,0,3,-1,Rest,1.25,3.25
S074,08,0,4,-1,Rest,1.5,3.5
S074,08,0,5,-1,Rest,1.75,3.75
S074,08,0,6,-1,Rest,2.0,4.0
S074,08,2,0,-1,Rest,0.5,2.5
S074,08,2,1,-1,Rest,0.75,2.75
S074,08,2,2,-1,Rest,1.0,3.0
S074,08,2,3,-1,Rest,1.25,3.25
S074,08,2,4,-1,Rest,1.5,3.5
S074,08,2,5,-1,Rest,1.75,3.75
S074,08,2,6,-1,Rest,2.0,4.0
S074,08,4,0,-1,Rest,0.5,2.5
S074,08,4,1,-1,Rest,0.75,2.75
S074,08,4,2,-1,Rest,1.0,3.0
S074,08,4,3,-1,Rest,1.25,3.25
S074,08,4,4,-1,Rest,1.5,3.5
S074,08,4,5,-1,Rest,1.75,3.75
S074,08,4,6,-1,Rest,2.0,4.0
S074,08,6,0,-1,Rest,0.5,2.5
S074,08,6,1,-1,Rest,0.75,2.75
S074,08,6,2,-1,Rest,1.0,3.0
S074,08,6,3,-1,Rest,1.25,3.25
S074,08,6,4,-1,Rest,1.5,3.5
S074,08,6,5,-1,Rest,1.75,3.75
S074,08,6,6,-1,Rest,2.0,4.0
S074,08,8,0,-1,Rest,0.5,2.5
S074,08,8,1,-1,Rest,0.75,2.75
S074,08,8,2,-1,Rest,1.0,3.0
S074,08,8,3,-1,Rest,1.25,3.25
S074,08,8,4,-1,Rest,1.5,3.5
S074,08,8,5,-1,Rest,1.75,3.75
S074,08,8,6,-1,Rest,2.0,4.0
S074,08,10,0,-1,Rest,0.5,2.5
S074,08,10,1,-1,Rest,0.75,2.75
S074,08,10,2,-1,Rest,1.0,3.0
S074,08,10,3,-1,Rest,1.25,3.25
S074,08,10,4,-1,Rest,1.5,3.5
S074,08,10,5,-1,Rest,1.75,3.75
S074,08,10,6,-1,Rest,2.0,4.0
S074,08,12,0,-1,Rest,0.5,2.5
S074,08,12,1,-1,Rest,0.75,2.75
S074,08,12,2,-1,Rest,1.0,3.0
S074,08,12,3,-1,Rest,1.25,3.25
S074,08,12,4,-1,Rest,1.5,3.5
S074,08,12,5,-1,Rest,1.75,3.75
S074,08,12,6,-1,Rest,2.0,4.0
S074,08,14,0,-1,Rest,0.5,2.5
S074,08,14,1,-1,Rest,0.75,2.75
S074,08,14,2,-1,Rest,1.0,3.0
S074,08,14,3,-1,Rest,1.25,3.25
S074,08,14,4,-1,Rest,1.5,3.5
S074,08,14,5,-1,Rest,1.75,3.75
S074,08,14,6,-1,Rest,2.0,4.0
S074,08,16,0,-1,Rest,0.5,2.5
S074,08,16,1,-1,Rest,0.75,2.75
S074,08,16,2,-1,Rest,1.0,3.0
S074,08,16,3,-1,Rest,1.25,3.25
S074,08,16,4,-1,Rest,1.5,3.5
S074,08,16,5,-1,Rest,1.75,3.75
S074,08,16,6,-1,Rest,2.0,4.0
S074,08,18,0,-1,Rest,0.5,2.5
S074,08,18,1,-1,Rest,0.75,2.75
S074,08,18,2,-1,Rest,1.0,3.0
S074,08,18,3,-1,Rest,1.25,3.25
S074,08,18,4,-1,Rest,1.5,3.5
S074,08,18,5,-1,Rest,1.75,3.75
S074,08,18,6,-1,Rest,2.0,4.0
S074,08,20,0,-1,Rest,0.5,2.5
S074,08,20,1,-1,Rest,0.75,2.75
S074,08,20,2,-1,Rest,1.0,3.0
S074,08,20,3,-1,Rest,1.25,3.25
S074,08,20,4,-1,Rest,1.5,3.5
S074,08,20,5,-1,Rest,1.75,3.75
S074,08,20,6,-1,Rest,2.0,4.0
S074,08,22,0,-1,Rest,0.5,2.5
S074,08,22,1,-1,Rest,0.75,2.75
S074,08,22,2,-1,Rest,1.0,3.0
S074,08,22,3,-1,Rest,1.25,3.25
S074,08,22,4,-1,Rest,1.5,3.5
S074,08,22,5,-1,Rest,1.75,3.75
S074,08,22,6,-1,Rest,2.0,4.0
S074,08,24,0,-1,Rest,0.5,2.5
S074,08,24,1,-1,Rest,0.75,2.75
S074,08,24,2,-1,Rest,1.0,3.0
S074,08,24,3,-1,Rest,1.25,3.25
S074,08,24,4,-1,Rest,1.5,3.5
S074,08,24,5,-1,Rest,1.75,3.75
S074,08,24,6,-1,Rest,2.0,4.0
S074,08,26,0,-1,Rest,0.5,2.5
S074,08,26,1,-1,Rest,0.75,2.75
S074,08,26,2,-1,Rest,1.0,3.0
S074,08,26,3,-1,Rest,1.25,3.25
S074,08,26,4,-1,Rest,1.5,3.5
S074,08,26,5,-1,Rest,1.75,3.75
S074,08,26,6,-1,Rest,2.0,4.0
S074,08,28,0,-1,Rest,0.5,2.5
S074,08,28,1,-1,Rest,0.75,2.75
S074,08,28,2,-1,Rest,1.0,3.0
S074,08,28,3,-1,Rest,1.25,3.25
S074,08,28,4,-1,Rest,1.5,3.5
S074,08,28,5,-1,Rest,1.75,3.75
S074,08,28,6,-1,Rest,2.0,4.0
S074,12,0,0,-1,Rest,0.5,2.5
S074,12,0,1,-1,Rest,0.75,2.75
S074,12,0,2,-1,Rest,1.0,3.0
S074,12,0,3,-1,Rest,1.25,3.25
S074,12,0,4,-1,Rest,1.5,3.5
S074,12,0,5,-1,Rest,1.75,3.75
S074,12,0,6,-1,Rest,2.0,4.0
S074,12,2,0,-1,Rest,0.5,2.5
S074,12,2,1,-1,Rest,0.75,2.75
S074,12,2,2,-1,Rest,1.0,3.0
S074,12,2,3,-1,Rest,1.25,3.25
S074,12,2,4,-1,Rest,1.5,3.5
S074,12,2,5,-1,Rest,1.75,3.75
S074,12,2,6,-1,Rest,2.0,4.0
S074,12,4,0,-1,Rest,0.5,2.5
S074,12,4,1,-1,Rest,0.75,2.75
S074,12,4,2,-1,Rest,1.0,3.0
S074,12,4,3,-1,Rest,1.25,3.25
S074,12,4,4,-1,Rest,1.5,3.5
S074,12,4,5,-1,Rest,1.75,3.75
S074,12,4,6,-1,Rest,2.0,4.0
S074,12,6,0,-1,Rest,0.5,2.5
S074,12,6,1,-1,Rest,0.75,2.75
S074,12,6,2,-1,Rest,1.0,3.0
S074,12,6,3,-1,Rest,1.25,3.25
S074,12,6,4,-1,Rest,1.5,3.5
S074,12,6,5,-1,Rest,1.75,3.75
S074,12,6,6,-1,Rest,2.0,4.0
S074,12,8,0,-1,Rest,0.5,2.5
S074,12,8,1,-1,Rest,0.75,2.75
S074,12,8,2,-1,Rest,1.0,3.0
S074,12,8,3,-1,Rest,1.25,3.25
S074,12,8,4,-1,Rest,1.5,3.5
S074,12,8,5,-1,Rest,1.75,3.75
S074,12,8,6,-1,Rest,2.0,4.0
S074,12,10,0,-1,Rest,0.5,2.5
S074,12,10,1,-1,Rest,0.75,2.75
S074,12,10,2,-1,Rest,1.0,3.0
S074,12,10,3,-1,Rest,1.25,3.25
S074,12,10,4,-1,Rest,1.5,3.5
S074,12,10,5,-1,Rest,1.75,3.75
S074,12,10,6,-1,Rest,2.0,4.0
S074,12,12,0,-1,Rest,0.5,2.5
S074,12,12,1,-1,Rest,0.75,2.75
S074,12,12,2,-1,Rest,1.0,3.0
S074,12,12,3,-1,Rest,1.25,3.25
S074,12,12,4,-1,Rest,1.5,3.5
S074,12,12,5,-1,Rest,1.75,3.75
S074,12,12,6,-1,Rest,2.0,4.0
S074,12,14,0,-1,Rest,0.5,2.5
S074,12,14,1,-1,Rest,0.75,2.75
S074,12,14,2,-1,Rest,1.0,3.0
S074,12,14,3,-1,Rest,1.25,3.25
S074,12,14,4,-1,Rest,1.5,3.5
S074,12,14,5,-1,Rest,1.75,3.75
S074,12,14,6,-1,Rest,2.0,4.0
S074,12,16,0,-1,Rest,0.5,2.5
S074,12,16,1,-1,Rest,0.75,2.75
S074,12,16,2,-1,Rest,1.0,3.0
S074,12,16,3,-1,Rest,1.25,3.25
S074,12,16,4,-1,Rest,1.5,3.5
S074,12,16,5,-1,Rest,1.75,3.75
S074,12,16,6,-1,Rest,2.0,4.0
S074,12,18,0,-1,Rest,0.5,2.5
S074,12,18,1,-1,Rest,0.75,2.75
S074,12,18,2,-1,Rest,1.0,3.0
S074,12,18,3,-1,Rest,1.25,3.25
S074,12,18,4,-1,Rest,1.5,3.5
S074,12,18,5,-1,Rest,1.75,3.75
S074,12,18,6,-1,Rest,2.0,4.0
S074,12,20,0,-1,Rest,0.5,2.5
S074,12,20,1,-1,Rest,0.75,2.75
S074,12,20,2,-1,Rest,1.0,3.0
S074,12,20,3,-1,Rest,1.25,3.25
S074,12,20,4,-1,Rest,1.5,3.5
S074,12,20,5,-1,Rest,1.75,3.75
S074,12,20,6,-1,Rest,2.0,4.0
S074,12,22,0,-1,Rest,0.5,2.5
S074,12,22,1,-1,Rest,0.75,2.75
S074,12,22,2,-1,Rest,1.0,3.0
S074,12,22,3,-1,Rest,1.25,3.25
S074,12,22,4,-1,Rest,1.5,3.5
S074,12,22,5,-1,Rest,1.75,3.75
S074,12,22,6,-1,Rest,2.0,4.0
S074,12,24,0,-1,Rest,0.5,2.5
S074,12,24,1,-1,Rest,0.75,2.75
S074,12,24,2,-1,Rest,1.0,3.0
S074,12,24,3,-1,Rest,1.25,3.25
S074,12,24,4,-1,Rest,1.5,3.5
S074,12,24,5,-1,Rest,1.75,3.75
S074,12,24,6,-1,Rest,2.0,4.0
S074,12,26,0,-1,Rest,0.5,2.5
S074,12,26,1,-1,Rest,0.75,2.75
S074,12,26,2,-1,Rest,1.0,3.0
S074,12,26,3,-1,Rest,1.25,3.25
S074,12,26,4,-1,Rest,1.5,3.5
S074,12,26,5,-1,Rest,1.75,3.75
S074,12,26,6,-1,Rest,2.0,4.0
S074,12,28,0,-1,Rest,0.5,2.5
S074,12,28,1,-1,Rest,0.75,2.75
S074,12,28,2,-1,Rest,1.0,3.0
S074,12,28,3,-1,Rest,1.25,3.25
S074,12,28,4,-1,Rest,1.5,3.5
S074,12,28,5,-1,Rest,1.75,3.75
S074,12,28,6,-1,Rest,2.0,4.0
S076,04,0,0,-1,Rest,0.5,2.5
S076,04,0,1,-1,Rest,0.75,2.75
S076,04,0,2,-1,Rest,1.0,3.0
S076,04,0,3,-1,Rest,1.25,3.25
S076,04,0,4,-1,Rest,1.5,3.5
S076,04,0,5,-1,Rest,1.75,3.75
S076,04,0,6,-1,Rest,2.0,4.0
S076,04,2,0,-1,Rest,0.5,2.5
S076,04,2,1,-1,Rest,0.75,2.75
S076,04,2,2,-1,Rest,1.0,3.0
S076,04,2,3,-1,Rest,1.25,3.25
S076,04,2,4,-1,Rest,1.5,3.5
S076,04,2,5,-1,Rest,1.75,3.75
S076,04,2,6,-1,Rest,2.0,4.0
S076,04,4,0,-1,Rest,0.5,2.5
S076,04,4,1,-1,Rest,0.75,2.75
S076,04,4,2,-1,Rest,1.0,3.0
S076,04,4,3,-1,Rest,1.25,3.25
S076,04,4,4,-1,Rest,1.5,3.5
S076,04,4,5,-1,Rest,1.75,3.75
S076,04,4,6,-1,Rest,2.0,4.0
S076,04,6,0,-1,Rest,0.5,2.5
S076,04,6,1,-1,Rest,0.75,2.75
S076,04,6,2,-1,Rest,1.0,3.0
S076,04,6,3,-1,Rest,1.25,3.25
S076,04,6,4,-1,Rest,1.5,3.5
S076,04,6,5,-1,Rest,1.75,3.75
S076,04,6,6,-1,Rest,2.0,4.0
S076,04,8,0,-1,Rest,0.5,2.5
S076,04,8,1,-1,Rest,0.75,2.75
S076,04,8,2,-1,Rest,1.0,3.0
S076,04,8,3,-1,Rest,1.25,3.25
S076,04,8,4,-1,Rest,1.5,3.5
S076,04,8,5,-1,Rest,1.75,3.75
S076,04,8,6,-1,Rest,2.0,4.0
S076,04,10,0,-1,Rest,0.5,2.5
S076,04,10,1,-1,Rest,0.75,2.75
S076,04,10,2,-1,Rest,1.0,3.0
S076,04,10,3,-1,Rest,1.25,3.25
S076,04,10,4,-1,Rest,1.5,3.5
S076,04,10,5,-1,Rest,1.75,3.75
S076,04,10,6,-1,Rest,2.0,4.0
S076,04,12,0,-1,Rest,0.5,2.5
S076,04,12,1,-1,Rest,0.75,2.75
S076,04,12,2,-1,Rest,1.0,3.0
S076,04,12,3,-1,Rest,1.25,3.25
S076,04,12,4,-1,Rest,1.5,3.5
S076,04,12,5,-1,Rest,1.75,3.75
S076,04,12,6,-1,Rest,2.0,4.0
S076,04,14,0,-1,Rest,0.5,2.5
S076,04,14,1,-1,Rest,0.75,2.75
S076,04,14,2,-1,Rest,1.0,3.0
S076,04,14,3,-1,Rest,1.25,3.25
S076,04,14,4,-1,Rest,1.5,3.5
S076,04,14,5,-1,Rest,1.75,3.75
S076,04,14,6,-1,Rest,2.0,4.0
S076,04,16,0,-1,Rest,0.5,2.5
S076,04,16,1,-1,Rest,0.75,2.75
S076,04,16,2,-1,Rest,1.0,3.0
S076,04,16,3,-1,Rest,1.25,3.25
S076,04,16,4,-1,Rest,1.5,3.5
S076,04,16,5,-1,Rest,1.75,3.75
S076,04,16,6,-1,Rest,2.0,4.0
S076,04,18,0,-1,Rest,0.5,2.5
S076,04,18,1,-1,Rest,0.75,2.75
S076,04,18,2,-1,Rest,1.0,3.0
S076,04,18,3,-1,Rest,1.25,3.25
S076,04,18,4,-1,Rest,1.5,3.5
S076,04,18,5,-1,Rest,1.75,3.75
S076,04,18,6,-1,Rest,2.0,4.0
S076,04,20,0,-1,Rest,0.5,2.5
S076,04,20,1,-1,Rest,0.75,2.75
S076,04,20,2,-1,Rest,1.0,3.0
S076,04,20,3,-1,Rest,1.25,3.25
S076,04,20,4,-1,Rest,1.5,3.5
S076,04,20,5,-1,Rest,1.75,3.75
S076,04,20,6,-1,Rest,2.0,4.0
S076,04,22,0,-1,Rest,0.5,2.5
S076,04,22,1,-1,Rest,0.75,2.75
S076,04,22,2,-1,Rest,1.0,3.0
S076,04,22,3,-1,Rest,1.25,3.25
S076,04,22,4,-1,Rest,1.5,3.5
S076,04,22,5,-1,Rest,1.75,3.75
S076,04,22,6,-1,Rest,2.0,4.0
S076,04,24,0,-1,Rest,0.5,2.5
S076,04,24,1,-1,Rest,0.75,2.75
S076,04,24,2,-1,Rest,1.0,3.0
S076,04,24,3,-1,Rest,1.25,3.25
S076,04,24,4,-1,Rest,1.5,3.5
S076,04,24,5,-1,Rest,1.75,3.75
S076,04,24,6,-1,Rest,2.0,4.0
S076,04,26,0,-1,Rest,0.5,2.5
S076,04,26,1,-1,Rest,0.75,2.75
S076,04,26,2,-1,Rest,1.0,3.0
S076,04,26,3,-1,Rest,1.25,3.25
S076,04,26,4,-1,Rest,1.5,3.5
S076,04,26,5,-1,Rest,1.75,3.75
S076,04,26,6,-1,Rest,2.0,4.0
S076,04,28,0,-1,Rest,0.5,2.5
S076,04,28,1,-1,Rest,0.75,2.75
S076,04,28,2,-1,Rest,1.0,3.0
S076,04,28,3,-1,Rest,1.25,3.25
S076,04,28,4,-1,Rest,1.5,3.5
S076,04,28,5,-1,Rest,1.75,3.75
S076,04,28,6,-1,Rest,2.0,4.0
S076,08,0,0,-1,Rest,0.5,2.5
S076,08,0,1,-1,Rest,0.75,2.75
S076,08,0,2,-1,Rest,1.0,3.0
S076,08,0,3,-1,Rest,1.25,3.25
S076,08,0,4,-1,Rest,1.5,3.5
S076,08,0,5,-1,Rest,1.75,3.75
S076,08,0,6,-1,Rest,2.0,4.0
S076,08,2,0,-1,Rest,0.5,2.5
S076,08,2,1,-1,Rest,0.75,2.75
S076,08,2,2,-1,Rest,1.0,3.0
S076,08,2,3,-1,Rest,1.25,3.25
S076,08,2,4,-1,Rest,1.5,3.5
S076,08,2,5,-1,Rest,1.75,3.75
S076,08,2,6,-1,Rest,2.0,4.0
S076,08,4,0,-1,Rest,0.5,2.5
S076,08,4,1,-1,Rest,0.75,2.75
S076,08,4,2,-1,Rest,1.0,3.0
S076,08,4,3,-1,Rest,1.25,3.25
S076,08,4,4,-1,Rest,1.5,3.5
S076,08,4,5,-1,Rest,1.75,3.75
S076,08,4,6,-1,Rest,2.0,4.0
S076,08,6,0,-1,Rest,0.5,2.5
S076,08,6,1,-1,Rest,0.75,2.75
S076,08,6,2,-1,Rest,1.0,3.0
S076,08,6,3,-1,Rest,1.25,3.25
S076,08,6,4,-1,Rest,1.5,3.5
S076,08,6,5,-1,Rest,1.75,3.75
S076,08,6,6,-1,Rest,2.0,4.0
S076,08,8,0,-1,Rest,0.5,2.5
S076,08,8,1,-1,Rest,0.75,2.75
S076,08,8,2,-1,Rest,1.0,3.0
S076,08,8,3,-1,Rest,1.25,3.25
S076,08,8,4,-1,Rest,1.5,3.5
S076,08,8,5,-1,Rest,1.75,3.75
S076,08,8,6,-1,Rest,2.0,4.0
S076,08,10,0,-1,Rest,0.5,2.5
S076,08,10,1,-1,Rest,0.75,2.75
S076,08,10,2,-1,Rest,1.0,3.0
S076,08,10,3,-1,Rest,1.25,3.25
S076,08,10,4,-1,Rest,1.5,3.5
S076,08,10,5,-1,Rest,1.75,3.75
S076,08,10,6,-1,Rest,2.0,4.0
S076,08,12,0,-1,Rest,0.5,2.5
S076,08,12,1,-1,Rest,0.75,2.75
S076,08,12,2,-1,Rest,1.0,3.0
S076,08,12,3,-1,Rest,1.25,3.25
S076,08,12,4,-1,Rest,1.5,3.5
S076,08,12,5,-1,Rest,1.75,3.75
S076,08,12,6,-1,Rest,2.0,4.0
S076,08,14,0,-1,Rest,0.5,2.5
S076,08,14,1,-1,Rest,0.75,2.75
S076,08,14,2,-1,Rest,1.0,3.0
S076,08,14,3,-1,Rest,1.25,3.25
S076,08,14,4,-1,Rest,1.5,3.5
S076,08,14,5,-1,Rest,1.75,3.75
S076,08,14,6,-1,Rest,2.0,4.0
S076,08,16,0,-1,Rest,0.5,2.5
S076,08,16,1,-1,Rest,0.75,2.75
S076,08,16,2,-1,Rest,1.0,3.0
S076,08,16,3,-1,Rest,1.25,3.25
S076,08,16,4,-1,Rest,1.5,3.5
S076,08,16,5,-1,Rest,1.75,3.75
S076,08,16,6,-1,Rest,2.0,4.0
S076,08,18,0,-1,Rest,0.5,2.5
S076,08,18,1,-1,Rest,0.75,2.75
S076,08,18,2,-1,Rest,1.0,3.0
S076,08,18,3,-1,Rest,1.25,3.25
S076,08,18,4,-1,Rest,1.5,3.5
S076,08,18,5,-1,Rest,1.75,3.75
S076,08,18,6,-1,Rest,2.0,4.0
S076,08,20,0,-1,Rest,0.5,2.5
S076,08,20,1,-1,Rest,0.75,2.75
S076,08,20,2,-1,Rest,1.0,3.0
S076,08,20,3,-1,Rest,1.25,3.25
S076,08,20,4,-1,Rest,1.5,3.5
S076,08,20,5,-1,Rest,1.75,3.75
S076,08,20,6,-1,Rest,2.0,4.0
S076,08,22,0,-1,Rest,0.5,2.5
S076,08,22,1,-1,Rest,0.75,2.75
S076,08,22,2,-1,Rest,1.0,3.0
S076,08,22,3,-1,Rest,1.25,3.25
S076,08,22,4,-1,Rest,1.5,3.5
S076,08,22,5,-1,Rest,1.75,3.75
S076,08,22,6,-1,Rest,2.0,4.0
S076,08,24,0,-1,Rest,0.5,2.5
S076,08,24,1,-1,Rest,0.75,2.75
S076,08,24,2,-1,Rest,1.0,3.0
S076,08,24,3,-1,Rest,1.25,3.25
S076,08,24,4,-1,Rest,1.5,3.5
S076,08,24,5,-1,Rest,1.75,3.75
S076,08,24,6,-1,Rest,2.0,4.0
S076,08,26,0,-1,Rest,0.5,2.5
S076,08,26,1,-1,Rest,0.75,2.75
S076,08,26,2,-1,Rest,1.0,3.0
S076,08,26,3,-1,Rest,1.25,3.25
S076,08,26,4,-1,Rest,1.5,3.5
S076,08,26,5,-1,Rest,1.75,3.75
S076,08,26,6,-1,Rest,2.0,4.0
S076,08,28,0,-1,Rest,0.5,2.5
S076,08,28,1,-1,Rest,0.75,2.75
S076,08,28,2,-1,Rest,1.0,3.0
S076,08,28,3,-1,Rest,1.25,3.25
S076,08,28,4,-1,Rest,1.5,3.5
S076,08,28,5,-1,Rest,1.75,3.75
S076,08,28,6,-1,Rest,2.0,4.0
S076,12,0,0,-1,Rest,0.5,2.5
S076,12,0,1,-1,Rest,0.75,2.75
S076,12,0,2,-1,Rest,1.0,3.0
S076,12,0,3,-1,Rest,1.25,3.25
S076,12,0,4,-1,Rest,1.5,3.5
S076,12,0,5,-1,Rest,1.75,3.75
S076,12,0,6,-1,Rest,2.0,4.0
S076,12,2,0,-1,Rest,0.5,2.5
S076,12,2,1,-1,Rest,0.75,2.75
S076,12,2,2,-1,Rest,1.0,3.0
S076,12,2,3,-1,Rest,1.25,3.25
S076,12,2,4,-1,Rest,1.5,3.5
S076,12,2,5,-1,Rest,1.75,3.75
S076,12,2,6,-1,Rest,2.0,4.0
S076,12,4,0,-1,Rest,0.5,2.5
S076,12,4,1,-1,Rest,0.75,2.75
S076,12,4,2,-1,Rest,1.0,3.0
S076,12,4,3,-1,Rest,1.25,3.25
S076,12,4,4,-1,Rest,1.5,3.5
S076,12,4,5,-1,Rest,1.75,3.75
S076,12,4,6,-1,Rest,2.0,4.0
S076,12,6,0,-1,Rest,0.5,2.5
S076,12,6,1,-1,Rest,0.75,2.75
S076,12,6,2,-1,Rest,1.0,3.0
S076,12,6,3,-1,Rest,1.25,3.25
S076,12,6,4,-1,Rest,1.5,3.5
S076,12,6,5,-1,Rest,1.75,3.75
S076,12,6,6,-1,Rest,2.0,4.0
S076,12,8,0,-1,Rest,0.5,2.5
S076,12,8,1,-1,Rest,0.75,2.75
S076,12,8,2,-1,Rest,1.0,3.0
S076,12,8,3,-1,Rest,1.25,3.25
S076,12,8,4,-1,Rest,1.5,3.5
S076,12,8,5,-1,Rest,1.75,3.75
S076,12,8,6,-1,Rest,2.0,4.0
S076,12,10,0,-1,Rest,0.5,2.5
S076,12,10,1,-1,Rest,0.75,2.75
S076,12,10,2,-1,Rest,1.0,3.0
S076,12,10,3,-1,Rest,1.25,3.25
S076,12,10,4,-1,Rest,1.5,3.5
S076,12,10,5,-1,Rest,1.75,3.75
S076,12,10,6,-1,Rest,2.0,4.0
S076,12,12,0,-1,Rest,0.5,2.5
S076,12,12,1,-1,Rest,0.75,2.75
S076,12,12,2,-1,Rest,1.0,3.0
S076,12,12,3,-1,Rest,1.25,3.25
S076,12,12,4,-1,Rest,1.5,3.5
S076,12,12,5,-1,Rest,1.75,3.75
S076,12,12,6,-1,Rest,2.0,4.0
S076,12,14,0,-1,Rest,0.5,2.5
S076,12,14,1,-1,Rest,0.75,2.75
S076,12,14,2,-1,Rest,1.0,3.0
S076,12,14,3,-1,Rest,1.25,3.25
S076,12,14,4,-1,Rest,1.5,3.5
S076,12,14,5,-1,Rest,1.75,3.75
S076,12,14,6,-1,Rest,2.0,4.0
S076,12,16,0,-1,Rest,0.5,2.5
S076,12,16,1,-1,Rest,0.75,2.75
S076,12,16,2,-1,Rest,1.0,3.0
S076,12,16,3,-1,Rest,1.25,3.25
S076,12,16,4,-1,Rest,1.5,3.5
S076,12,16,5,-1,Rest,1.75,3.75
S076,12,16,6,-1,Rest,2.0,4.0
S076,12,18,0,-1,Rest,0.5,2.5
S076,12,18,1,-1,Rest,0.75,2.75
S076,12,18,2,-1,Rest,1.0,3.0
S076,12,18,3,-1,Rest,1.25,3.25
S076,12,18,4,-1,Rest,1.5,3.5
S076,12,18,5,-1,Rest,1.75,3.75
S076,12,18,6,-1,Rest,2.0,4.0
S076,12,20,0,-1,Rest,0.5,2.5
S076,12,20,1,-1,Rest,0.75,2.75
S076,12,20,2,-1,Rest,1.0,3.0
S076,12,20,3,-1,Rest,1.25,3.25
S076,12,20,4,-1,Rest,1.5,3.5
S076,12,20,5,-1,Rest,1.75,3.75
S076,12,20,6,-1,Rest,2.0,4.0
S076,12,22,0,-1,Rest,0.5,2.5
S076,12,22,1,-1,Rest,0.75,2.75
S076,12,22,2,-1,Rest,1.0,3.0
S076,12,22,3,-1,Rest,1.25,3.25
S076,12,22,4,-1,Rest,1.5,3.5
S076,12,22,5,-1,Rest,1.75,3.75
S076,12,22,6,-1,Rest,2.0,4.0
S076,12,24,0,-1,Rest,0.5,2.5
S076,12,24,1,-1,Rest,0.75,2.75
S076,12,24,2,-1,Rest,1.0,3.0
S076,12,24,3,-1,Rest,1.25,3.25
S076,12,24,4,-1,Rest,1.5,3.5
S076,12,24,5,-1,Rest,1.75,3.75
S076,12,24,6,-1,Rest,2.0,4.0
S076,12,26,0,-1,Rest,0.5,2.5
S076,12,26,1,-1,Rest,0.75,2.75
S076,12,26,2,-1,Rest,1.0,3.0
S076,12,26,3,-1,Rest,1.25,3.25
S076,12,26,4,-1,Rest,1.5,3.5
S076,12,26,5,-1,Rest,1.75,3.75
S076,12,26,6,-1,Rest,2.0,4.0
S076,12,28,0,-1,Rest,0.5,2.5
S076,12,28,1,-1,Rest,0.75,2.75
S076,12,28,2,-1,Rest,1.0,3.0
S076,12,28,3,-1,Rest,1.25,3.25
S076,12,28,4,-1,Rest,1.5,3.5
S076,12,28,5,-1,Rest,1.75,3.75
S076,12,28,6,-1,Rest,2.0,4.0
S077,04,0,0,-1,Rest,0.5,2.5
S077,04,0,1,-1,Rest,0.75,2.75
S077,04,0,2,-1,Rest,1.0,3.0
S077,04,0,3,-1,Rest,1.25,3.25
S077,04,0,4,-1,Rest,1.5,3.5
S077,04,0,5,-1,Rest,1.75,3.75
S077,04,0,6,-1,Rest,2.0,4.0
S077,04,2,0,-1,Rest,0.5,2.5
S077,04,2,1,-1,Rest,0.75,2.75
S077,04,2,2,-1,Rest,1.0,3.0
S077,04,2,3,-1,Rest,1.25,3.25
S077,04,2,4,-1,Rest,1.5,3.5
S077,04,2,5,-1,Rest,1.75,3.75
S077,04,2,6,-1,Rest,2.0,4.0
S077,04,4,0,-1,Rest,0.5,2.5
S077,04,4,1,-1,Rest,0.75,2.75
S077,04,4,2,-1,Rest,1.0,3.0
S077,04,4,3,-1,Rest,1.25,3.25
S077,04,4,4,-1,Rest,1.5,3.5
S077,04,4,5,-1,Rest,1.75,3.75
S077,04,4,6,-1,Rest,2.0,4.0
S077,04,6,0,-1,Rest,0.5,2.5
S077,04,6,1,-1,Rest,0.75,2.75
S077,04,6,2,-1,Rest,1.0,3.0
S077,04,6,3,-1,Rest,1.25,3.25
S077,04,8,0,-1,Rest,0.5,2.5
S077,04,8,1,-1,Rest,0.75,2.75
S077,04,8,2,-1,Rest,1.0,3.0
S077,04,8,3,-1,Rest,1.25,3.25
S077,04,8,4,-1,Rest,1.5,3.5
S077,04,10,3,-1,Rest,1.25,3.25
S077,04,10,4,-1,Rest,1.5,3.5
S077,04,10,5,-1,Rest,1.75,3.75
S077,04,14,5,-1,Rest,1.75,3.75
S077,04,14,6,-1,Rest,2.0,4.0
S077,04,16,6,-1,Rest,2.0,4.0
S077,04,18,2,-1,Rest,1.0,3.0
S077,04,18,3,-1,Rest,1.25,3.25
S077,04,18,4,-1,Rest,1.5,3.5
S077,04,18,5,-1,Rest,1.75,3.75
S077,04,22,0,-1,Rest,0.5,2.5
S077,04,22,1,-1,Rest,0.75,2.75
S077,04,22,2,-1,Rest,1.0,3.0
S077,04,22,3,-1,Rest,1.25,3.25
S077,04,22,4,-1,Rest,1.5,3.5
S077,04,22,5,-1,Rest,1.75,3.75
S077,04,22,6,-1,Rest,2.0,4.0
S077,04,24,0,-1,Rest,0.5,2.5
S077,04,24,1,-1,Rest,0.75,2.75
S077,04,26,0,-1,Rest,0.5,2.5
S077,04,26,1,-1,Rest,0.75,2.75
S077,04,26,2,-1,Rest,1.0,3.0
S077,04,26,3,-1,Rest,1.25,3.25
S077,04,26,4,-1,Rest,1.5,3.5
S077,04,26,5,-1,Rest,1.75,3.75
S077,04,26,6,-1,Rest,2.0,4.0
S077,04,28,3,-1,Rest,1.25,3.25
S077,04,28,4,-1,Rest,1.5,3.5
S077,04,28,5,-1,Rest,1.75,3.75
S077,04,28,6,-1,Rest,2.0,4.0
S077,08,0,0,-1,Rest,0.5,2.5
S077,08,0,1,-1,Rest,0.75,2.75
S077,08,2,4,-1,Rest,1.5,3.5
S077,08,2,5,-1,Rest,1.75,3.75
S077,08,2,6,-1,Rest,2.0,4.0
S077,08,4,2,-1,Rest,1.0,3.0
S077,08,4,3,-1,Rest,1.25,3.25
S077,08,4,4,-1,Rest,1.5,3.5
S077,08,6,0,-1,Rest,0.5,2.5
S077,08,6,1,-1,Rest,0.75,2.75
S077,08,6,2,-1,Rest,1.0,3.0
S077,08,6,3,-1,Rest,1.25,3.25
S077,08,6,4,-1,Rest,1.5,3.5
S077,08,6,5,-1,Rest,1.75,3.75
S077,08,6,6,-1,Rest,2.0,4.0
S077,08,8,3,-1,Rest,1.25,3.25
S077,08,8,4,-1,Rest,1.5,3.5
S077,08,8,5,-1,Rest,1.75,3.75
S077,08,8,6,-1,Rest,2.0,4.0
S077,08,12,0,-1,Rest,0.5,2.5
S077,08,12,1,-1,Rest,0.75,2.75
S077,08,12,2,-1,Rest,1.0,3.0
S077,08,12,3,-1,Rest,1.25,3.25
S077,08,12,4,-1,Rest,1.5,3.5
S077,08,12,5,-1,Rest,1.75,3.75
S077,08,12,6,-1,Rest,2.0,4.0
S077,08,14,0,-1,Rest,0.5,2.5
S077,08,14,1,-1,Rest,0.75,2.75
S077,08,14,2,-1,Rest,1.0,3.0
S077,08,14,3,-1,Rest,1.25,3.25
S077,08,14,4,-1,Rest,1.5,3.5
S077,08,14,5,-1,Rest,1.75,3.75
S077,08,14,6,-1,Rest,2.0,4.0
S077,08,16,0,-1,Rest,0.5,2.5
S077,08,16,1,-1,Rest,0.75,2.75
S077,08,16,2,-1,Rest,1.0,3.0
S077,08,16,3,-1,Rest,1.25,3.25
S077,08,16,4,-1,Rest,1.5,3.5
S077,08,16,5,-1,Rest,1.75,3.75
S077,08,16,6,-1,Rest,2.0,4.0
S077,08,18,5,-1,Rest,1.75,3.75
S077,08,22,3,-1,Rest,1.25,3.25
S077,08,22,4,-1,Rest,1.5,3.5
S077,08,22,5,-1,Rest,1.75,3.75
S077,08,22,6,-1,Rest,2.0,4.0
S077,08,24,0,-1,Rest,0.5,2.5
S077,08,24,1,-1,Rest,0.75,2.75
S077,08,24,2,-1,Rest,1.0,3.0
S077,08,24,3,-1,Rest,1.25,3.25
S077,08,24,4,-1,Rest,1.5,3.5
S077,08,24,5,-1,Rest,1.75,3.75
S077,08,26,0,-1,Rest,0.5,2.5
S077,08,26,1,-1,Rest,0.75,2.75
S077,08,26,2,-1,Rest,1.0,3.0
S077,08,26,3,-1,Rest,1.25,3.25
S077,08,26,4,-1,Rest,1.5,3.5
S077,08,26,5,-1,Rest,1.75,3.75
S077,08,26,6,-1,Rest,2.0,4.0
S077,08,28,5,-1,Rest,1.75,3.75
S077,08,28,6,-1,Rest,2.0,4.0
S077,12,0,0,-1,Rest,0.5,2.5
S077,12,0,1,-1,Rest,0.75,2.75
S077,12,0,2,-1,Rest,1.0,3.0
S077,12,0,3,-1,Rest,1.25,3.25
S077,12,0,4,-1,Rest,1.5,3.5
S077,12,0,5,-1,Rest,1.75,3.75
S077,12,0,6,-1,Rest,2.0,4.0
S077,12,2,0,-1,Rest,0.5,2.5
S077,12,2,1,-1,Rest,0.75,2.75
S077,12,2,2,-1,Rest,1.0,3.0
S077,12,2,3,-1,Rest,1.25,3.25
S077,12,2,4,-1,Rest,1.5,3.5
S077,12,2,5,-1,Rest,1.75,3.75
S077,12,2,6,-1,Rest,2.0,4.0
S077,12,4,0,-1,Rest,0.5,2.5
S077,12,4,1,-1,Rest,0.75,2.75
S077,12,4,2,-1,Rest,1.0,3.0
S077,12,4,3,-1,Rest,1.25,3.25
S077,12,4,4,-1,Rest,1.5,3.5
S077,12,4,5,-1,Rest,1.75,3.75
S077,12,4,6,-1,Rest,2.0,4.0
S077,12,6,0,-1,Rest,0.5,2.5
S077,12,6,1,-1,Rest,0.75,2.75
S077,12,6,2,-1,Rest,1.0,3.0
S077,12,6,3,-1,Rest,1.25,3.25
S077,12,6,4,-1,Rest,1.5,3.5
S077,12,6,5,-1,Rest,1.75,3.75
S077,12,6,6,-1,Rest,2.0,4.0
S077,12,8,0,-1,Rest,0.5,2.5
S077,12,8,1,-1,Rest,0.75,2.75
S077,12,8,2,-1,Rest,1.0,3.0
S077,12,8,3,-1,Rest,1.25,3.25
S077,12,8,4,-1,Rest,1.5,3.5
S077,12,8,5,-1,Rest,1.75,3.75
S077,12,8,6,-1,Rest,2.0,4.0
S077,12,10,0,-1,Rest,0.5,2.5
S077,12,10,1,-1,Rest,0.75,2.75
S077,12,10,2,-1,Rest,1.0,3.0
S077,12,10,3,-1,Rest,1.25,3.25
S077,12,10,4,-1,Rest,1.5,3.5
S077,12,10,5,-1,Rest,1.75,3.75
S077,12,10,6,-1,Rest,2.0,4.0
S077,12,14,0,-1,Rest,0.5,2.5
S077,12,14,1,-1,Rest,0.75,2.75
S077,12,14,2,-1,Rest,1.0,3.0
S077,12,14,3,-1,Rest,1.25,3.25
S077,12,14,4,-1,Rest,1.5,3.5
S077,12,14,5,-1,Rest,1.75,3.75
S077,12,14,6,-1,Rest,2.0,4.0
S077,12,16,0,-1,Rest,0.5,2.5
S077,12,16,1,-1,Rest,0.75,2.75
S077,12,16,2,-1,Rest,1.0,3.0
S077,12,16,3,-1,Rest,1.25,3.25
S077,12,16,4,-1,Rest,1.5,3.5
S077,12,16,5,-1,Rest,1.75,3.75
S077,12,16,6,-1,Rest,2.0,4.0
S077,12,22,4,-1,Rest,1.5,3.5
S077,12,22,5,-1,Rest,1.75,3.75
S077,12,22,6,-1,Rest,2.0,4.0
S077,12,26,0,-1,Rest,0.5,2.5
S077,12,26,1,-1,Rest,0.75,2.75
S077,12,26,2,-1,Rest,1.0,3.0
S077,12,26,3,-1,Rest,1.25,3.25
S077,12,26,4,-1,Rest,1.5,3.5
S077,12,26,5,-1,Rest,1.75,3.75
S077,12,26,6,-1,Rest,2.0,4.0
S079,04,0,0,-1,Rest,0.5,2.5
S079,04,0,1,-1,Rest,0.75,2.75
S079,04,0,2,-1,Rest,1.0,3.0
S079,04,0,3,-1,Rest,1.25,3.25
S079,04,0,4,-1,Rest,1.5,3.5
S079,04,0,5,-1,Rest,1.75,3.75
S079,04,0,6,-1,Rest,2.0,4.0
S079,04,2,0,-1,Rest,0.5,2.5
S079,04,2,1,-1,Rest,0.75,2.75
S079,04,2,2,-1,Rest,1.0,3.0
S079,04,2,3,-1,Rest,1.25,3.25
S079,04,2,4,-1,Rest,1.5,3.5
S079,04,2,5,-1,Rest,1.75,3.75
S079,04,2,6,-1,Rest,2.0,4.0
S079,04,4,0,-1,Rest,0.5,2.5
S079,04,4,1,-1,Rest,0.75,2.75
S079,04,4,2,-1,Rest,1.0,3.0
S079,04,4,3,-1,Rest,1.25,3.25
S079,04,4,4,-1,Rest,1.5,3.5
S079,04,4,5,-1,Rest,1.75,3.75
S079,04,4,6,-1,Rest,2.0,4.0
S079,04,6,5,-1,Rest,1.75,3.75
S079,04,6,6,-1,Rest,2.0,4.0
S079,04,8,0,-1,Rest,0.5,2.5
S079,04,8,1,-1,Rest,0.75,2.75
S079,04,8,2,-1,Rest,1.0,3.0
S079,04,8,3,-1,Rest,1.25,3.25
S079,04,8,4,-1,Rest,1.5,3.5
S079,04,8,5,-1,Rest,1.75,3.75
S079,04,8,6,-1,Rest,2.0,4.0
S079,04,10,0,-1,Rest,0.5,2.5
S079,04,10,1,-1,Rest,0.75,2.75
S079,04,10,2,-1,Rest,1.0,3.0
S079,04,10,3,-1,Rest,1.25,3.25
S079,04,10,4,-1,Rest,1.5,3.5
S079,04,10,5,-1,Rest,1.75,3.75
S079,04,10,6,-1,Rest,2.0,4.0
S079,04,12,0,-1,Rest,0.5,2.5
S079,04,14,0,-1,Rest,0.5,2.5
S079,04,14,1,-1,Rest,0.75,2.75
S079,04,14,2,-1,Rest,1.0,3.0
S079,04,14,3,-1,Rest,1.25,3.25
S079,04,14,4,-1,Rest,1.5,3.5
S079,04,14,5,-1,Rest,1.75,3.75
S079,04,14,6,-1,Rest,2.0,4.0
S079,04,16,0,-1,Rest,0.5,2.5
S079,04,16,1,-1,Rest,0.75,2.75
S079,04,16,2,-1,Rest,1.0,3.0
S079,04,16,3,-1,Rest,1.25,3.25
S079,04,16,4,-1,Rest,1.5,3.5
S079,04,20,0,-1,Rest,0.5,2.5
S079,04,20,1,-1,Rest,0.75,2.75
S079,04,20,2,-1,Rest,1.0,3.0
S079,04,20,3,-1,Rest,1.25,3.25
S079,04,20,4,-1,Rest,1.5,3.5
S079,04,20,5,-1,Rest,1.75,3.75
S079,04,20,6,-1,Rest,2.0,4.0
S079,04,22,3,-1,Rest,1.25,3.25
S079,04,22,4,-1,Rest,1.5,3.5
S079,04,22,5,-1,Rest,1.75,3.75
S079,04,22,6,-1,Rest,2.0,4.0
S079,04,24,0,-1,Rest,0.5,2.5
S079,04,24,1,-1,Rest,0.75,2.75
S079,04,24,2,-1,Rest,1.0,3.0
S079,04,24,3,-1,Rest,1.25,3.25
S079,04,24,4,-1,Rest,1.5,3.5
S079,04,24,5,-1,Rest,1.75,3.75
S079,04,24,6,-1,Rest,2.0,4.0
S079,04,26,0,-1,Rest,0.5,2.5
S079,04,26,1,-1,Rest,0.75,2.75
S079,04,26,2,-1,Rest,1.0,3.0
S079,04,26,3,-1,Rest,1.25,3.25
S079,04,26,4,-1,Rest,1.5,3.5
S079,04,26,5,-1,Rest,1.75,3.75
S079,04,26,6,-1,Rest,2.0,4.0
S079,04,28,2,-1,Rest,1.0,3.0
S079,04,28,3,-1,Rest,1.25,3.25
S079,04,28,4,-1,Rest,1.5,3.5
S079,04,28,5,-1,Rest,1.75,3.75
S079,04,28,6,-1,Rest,2.0,4.0
S079,08,0,0,-1,Rest,0.5,2.5
S079,08,0,1,-1,Rest,0.75,2.75
S079,08,0,2,-1,Rest,1.0,3.0
S079,08,0,3,-1,Rest,1.25,3.25
S079,08,0,4,-1,Rest,1.5,3.5
S079,08,0,5,-1,Rest,1.75,3.75
S079,08,0,6,-1,Rest,2.0,4.0
S079,08,4,0,-1,Rest,0.5,2.5
S079,08,4,1,-1,Rest,0.75,2.75
S079,08,4,2,-1,Rest,1.0,3.0
S079,08,4,3,-1,Rest,1.25,3.25
S079,08,4,4,-1,Rest,1.5,3.5
S079,08,4,5,-1,Rest,1.75,3.75
S079,08,4,6,-1,Rest,2.0,4.0
S079,08,6,0,-1,Rest,0.5,2.5
S079,08,6,1,-1,Rest,0.75,2.75
S079,08,6,2,-1,Rest,1.0,3.0
S079,08,6,3,-1,Rest,1.25,3.25
S079,08,14,0,-1,Rest,0.5,2.5
S079,08,14,1,-1,Rest,0.75,2.75
S079,08,14,2,-1,Rest,1.0,3.0
S079,08,14,3,-1,Rest,1.25,3.25
S079,08,14,4,-1,Rest,1.5,3.5
S079,08,14,5,-1,Rest,1.75,3.75
S079,08,14,6,-1,Rest,2.0,4.0
S079,08,16,5,-1,Rest,1.75,3.75
S079,08,16,6,-1,Rest,2.0,4.0
S079,08,18,0,-1,Rest,0.5,2.5
S079,08,18,1,-1,Rest,0.75,2.75
S079,08,18,2,-1,Rest,1.0,3.0
S079,08,18,3,-1,Rest,1.25,3.25
S079,08,18,4,-1,Rest,1.5,3.5
S079,08,18,5,-1,Rest,1.75,3.75
S079,08,18,6,-1,Rest,2.0,4.0
S079,08,20,1,-1,Rest,0.75,2.75
S079,08,20,2,-1,Rest,1.0,3.0
S079,08,20,3,-1,Rest,1.25,3.25
S079,08,20,4,-1,Rest,1.5,3.5
S079,08,22,0,-1,Rest,0.5,2.5
S079,08,22,1,-1,Rest,0.75,2.75
S079,08,22,2,-1,Rest,1.0,3.0
S079,08,22,3,-1,Rest,1.25,3.25
S079,08,24,3,-1,Rest,1.25,3.25
S079,08,24,4,-1,Rest,1.5,3.5
S079,08,24,5,-1,Rest,1.75,3.75
S079,08,24,6,-1,Rest,2.0,4.0
S079,08,26,0,-1,Rest,0.5,2.5
S079,08,28,0,-1,Rest,0.5,2.5
S079,08,28,1,-1,Rest,0.75,2.75
S079,08,28,2,-1,Rest,1.0,3.0
S079,08,28,3,-1,Rest,1.25,3.25
S079,08,28,4,-1,Rest,1.5,3.5
S079,08,28,5,-1,Rest,1.75,3.75
S079,08,28,6,-1,Rest,2.0,4.0
S079,12,0,0,-1,Rest,0.5,2.5
S079,12,0,1,-1,Rest,0.75,2.75
S079,12,2,0,-1,Rest,0.5,2.5
S079,12,2,1,-1,Rest,0.75,2.75
S079,12,2,2,-1,Rest,1.0,3.0
S079,12,2,3,-1,Rest,1.25,3.25
S079,12,2,4,-1,Rest,1.5,3.5
S079,12,2,5,-1,Rest,1.75,3.75
S079,12,2,6,-1,Rest,2.0,4.0
S079,12,4,2,-1,Rest,1.0,3.0
S079,12,4,3,-1,Rest,1.25,3.25
S079,12,4,4,-1,Rest,1.5,3.5
S079,12,4,5,-1,Rest,1.75,3.75
S079,12,4,6,-1,Rest,2.0,4.0
S079,12,6,2,-1,Rest,1.0,3.0
S079,12,6,3,-1,Rest,1.25,3.25
S079,12,6,4,-1,Rest,1.5,3.5
S079,12,6,5,-1,Rest,1.75,3.75
S079,12,6,6,-1,Rest,2.0,4.0
S079,12,8,5,-1,Rest,1.75,3.75
S079,12,8,6,-1,Rest,2.0,4.0
S079,12,12,0,-1,Rest,0.5,2.5
S079,12,12,1,-1,Rest,0.75,2.75
S080,04,0,0,-1,Rest,0.5,2.5
S080,04,0,1,-1,Rest,0.75,2.75
S080,04,0,2,-1,Rest,1.0,3.0
S080,04,0,3,-1,Rest,1.25,3.25
S080,04,0,4,-1,Rest,1.5,3.5
S080,04,0,5,-1,Rest,1.75,3.75
S080,04,0,6,-1,Rest,2.0,4.0
S080,04,2,0,-1,Rest,0.5,2.5
S080,04,2,1,-1,Rest,0.75,2.75
S080,04,2,2,-1,Rest,1.0,3.0
S080,04,2,3,-1,Rest,1.25,3.25
S080,04,2,4,-1,Rest,1.5,3.5
S080,04,2,5,-1,Rest,1.75,3.75
S080,04,2,6,-1,Rest,2.0,4.0
S080,04,4,0,-1,Rest,0.5,2.5
S080,04,4,1,-1,Rest,0.75,2.75
S080,04,4,2,-1,Rest,1.0,3.0
S080,04,4,3,-1,Rest,1.25,3.25
S080,04,4,4,-1,Rest,1.5,3.5
S080,04,4,5,-1,Rest,1.75,3.75
S080,04,4,6,-1,Rest,2.0,4.0
S080,04,6,0,-1,Rest,0.5,2.5
S080,04,6,1,-1,Rest,0.75,2.75
S080,04,6,2,-1,Rest,1.0,3.0
S080,04,6,3,-1,Rest,1.25,3.25
S080,04,6,4,-1,Rest,1.5,3.5
S080,04,6,5,-1,Rest,1.75,3.75
S080,04,6,6,-1,Rest,2.0,4.0
S080,04,8,0,-1,Rest,0.5,2.5
S080,04,8,1,-1,Rest,0.75,2.75
S080,04,8,2,-1,Rest,1.0,3.0
S080,04,8,3,-1,Rest,1.25,3.25
S080,04,8,4,-1,Rest,1.5,3.5
S080,04,8,5,-1,Rest,1.75,3.75
S080,04,8,6,-1,Rest,2.0,4.0
S080,04,10,0,-1,Rest,0.5,2.5
S080,04,10,1,-1,Rest,0.75,2.75
S080,04,10,2,-1,Rest,1.0,3.0
S080,04,10,3,-1,Rest,1.25,3.25
S080,04,10,4,-1,Rest,1.5,3.5
S080,04,10,5,-1,Rest,1.75,3.75
S080,04,10,6,-1,Rest,2.0,4.0
S080,04,12,0,-1,Rest,0.5,2.5
S080,04,12,1,-1,Rest,0.75,2.75
S080,04,12,2,-1,Rest,1.0,3.0
S080,04,12,3,-1,Rest,1.25,3.25
S080,04,12,4,-1,Rest,1.5,3.5
S080,04,12,5,-1,Rest,1.75,3.75
S080,04,12,6,-1,Rest,2.0,4.0
S080,04,14,0,-1,Rest,0.5,2.5
S080,04,14,1,-1,Rest,0.75,2.75
S080,04,14,2,-1,Rest,1.0,3.0
S080,04,14,3,-1,Rest,1.25,3.25
S080,04,14,4,-1,Rest,1.5,3.5
S080,04,14,5,-1,Rest,1.75,3.75
S080,04,14,6,-1,Rest,2.0,4.0
S080,04,16,0,-1,Rest,0.5,2.5
S080,04,16,1,-1,Rest,0.75,2.75
S080,04,16,2,-1,Rest,1.0,3.0
S080,04,16,3,-1,Rest,1.25,3.25
S080,04,16,4,-1,Rest,1.5,3.5
S080,04,16,5,-1,Rest,1.75,3.75
S080,04,16,6,-1,Rest,2.0,4.0
S080,04,18,0,-1,Rest,0.5,2.5
S080,04,18,1,-1,Rest,0.75,2.75
S080,04,18,2,-1,Rest,1.0,3.0
S080,04,18,3,-1,Rest,1.25,3.25
S080,04,18,4,-1,Rest,1.5,3.5
S080,04,18,5,-1,Rest,1.75,3.75
S080,04,18,6,-1,Rest,2.0,4.0
S080,04,20,0,-1,Rest,0.5,2.5
S080,04,20,1,-1,Rest,0.75,2.75
S080,04,20,2,-1,Rest,1.0,3.0
S080,04,20,3,-1,Rest,1.25,3.25
S080,04,20,4,-1,Rest,1.5,3.5
S080,04,20,5,-1,Rest,1.75,3.75
S080,04,20,6,-1,Rest,2.0,4.0
S080,04,22,0,-1,Rest,0.5,2.5
S080,04,22,1,-1,Rest,0.75,2.75
S080,04,22,2,-1,Rest,1.0,3.0
S080,04,22,3,-1,Rest,1.25,3.25
S080,04,22,4,-1,Rest,1.5,3.5
S080,04,22,5,-1,Rest,1.75,3.75
S080,04,22,6,-1,Rest,2.0,4.0
S080,04,24,0,-1,Rest,0.5,2.5
S080,04,24,1,-1,Rest,0.75,2.75
S080,04,24,2,-1,Rest,1.0,3.0
S080,04,24,3,-1,Rest,1.25,3.25
S080,04,24,4,-1,Rest,1.5,3.5
S080,04,24,5,-1,Rest,1.75,3.75
S080,04,24,6,-1,Rest,2.0,4.0
S080,04,26,0,-1,Rest,0.5,2.5
S080,04,26,1,-1,Rest,0.75,2.75
S080,04,26,2,-1,Rest,1.0,3.0
S080,04,26,3,-1,Rest,1.25,3.25
S080,04,26,4,-1,Rest,1.5,3.5
S080,04,26,5,-1,Rest,1.75,3.75
S080,04,26,6,-1,Rest,2.0,4.0
S080,04,28,0,-1,Rest,0.5,2.5
S080,04,28,1,-1,Rest,0.75,2.75
S080,04,28,2,-1,Rest,1.0,3.0
S080,04,28,3,-1,Rest,1.25,3.25
S080,04,28,4,-1,Rest,1.5,3.5
S080,04,28,5,-1,Rest,1.75,3.75
S080,04,28,6,-1,Rest,2.0,4.0
S080,08,0,0,-1,Rest,0.5,2.5
S080,08,0,1,-1,Rest,0.75,2.75
S080,08,0,2,-1,Rest,1.0,3.0
S080,08,0,3,-1,Rest,1.25,3.25
S080,08,0,4,-1,Rest,1.5,3.5
S080,08,0,5,-1,Rest,1.75,3.75
S080,08,0,6,-1,Rest,2.0,4.0
S080,08,2,4,-1,Rest,1.5,3.5
S080,08,2,5,-1,Rest,1.75,3.75
S080,08,2,6,-1,Rest,2.0,4.0
S080,08,4,0,-1,Rest,0.5,2.5
S080,08,4,1,-1,Rest,0.75,2.75
S080,08,4,2,-1,Rest,1.0,3.0
S080,08,4,3,-1,Rest,1.25,3.25
S080,08,4,4,-1,Rest,1.5,3.5
S080,08,4,5,-1,Rest,1.75,3.75
S080,08,4,6,-1,Rest,2.0,4.0
S080,08,6,0,-1,Rest,0.5,2.5
S080,08,6,1,-1,Rest,0.75,2.75
S080,08,6,2,-1,Rest,1.0,3.0
S080,08,6,3,-1,Rest,1.25,3.25
S080,08,6,4,-1,Rest,1.5,3.5
S080,08,6,5,-1,Rest,1.75,3.75
S080,08,6,6,-1,Rest,2.0,4.0
S080,08,8,0,-1,Rest,0.5,2.5
S080,08,8,1,-1,Rest,0.75,2.75
S080,08,8,2,-1,Rest,1.0,3.0
S080,08,8,3,-1,Rest,1.25,3.25
S080,08,8,4,-1,Rest,1.5,3.5
S080,08,8,5,-1,Rest,1.75,3.75
S080,08,8,6,-1,Rest,2.0,4.0
S080,08,10,0,-1,Rest,0.5,2.5
S080,08,10,1,-1,Rest,0.75,2.75
S080,08,10,2,-1,Rest,1.0,3.0
S080,08,10,3,-1,Rest,1.25,3.25
S080,08,10,4,-1,Rest,1.5,3.5
S080,08,10,5,-1,Rest,1.75,3.75
S080,08,10,6,-1,Rest,2.0,4.0
S080,08,12,0,-1,Rest,0.5,2.5
S080,08,12,1,-1,Rest,0.75,2.75
S080,08,12,2,-1,Rest,1.0,3.0
S080,08,12,3,-1,Rest,1.25,3.25
S080,08,12,4,-1,Rest,1.5,3.5
S080,08,12,5,-1,Rest,1.75,3.75
S080,08,12,6,-1,Rest,2.0,4.0
S080,08,14,0,-1,Rest,0.5,2.5
S080,08,14,1,-1,Rest,0.75,2.75
S080,08,14,2,-1,Rest,1.0,3.0
S080,08,14,3,-1,Rest,1.25,3.25
S080,08,14,4,-1,Rest,1.5,3.5
S080,08,14,5,-1,Rest,1.75,3.75
S080,08,14,6,-1,Rest,2.0,4.0
S080,08,16,0,-1,Rest,0.5,2.5
S080,08,16,1,-1,Rest,0.75,2.75
S080,08,16,2,-1,Rest,1.0,3.0
S080,08,16,3,-1,Rest,1.25,3.25
S080,08,16,4,-1,Rest,1.5,3.5
S080,08,16,5,-1,Rest,1.75,3.75
S080,08,16,6,-1,Rest,2.0,4.0
S080,08,18,0,-1,Rest,0.5,2.5
S080,08,18,1,-1,Rest,0.75,2.75
S080,08,18,2,-1,Rest,1.0,3.0
S080,08,18,3,-1,Rest,1.25,3.25
S080,08,18,4,-1,Rest,1.5,3.5
S080,08,18,5,-1,Rest,1.75,3.75
S080,08,18,6,-1,Rest,2.0,4.0
S080,08,20,0,-1,Rest,0.5,2.5
S080,08,20,1,-1,Rest,0.75,2.75
S080,08,20,2,-1,Rest,1.0,3.0
S080,08,20,3,-1,Rest,1.25,3.25
S080,08,20,4,-1,Rest,1.5,3.5
S080,08,20,5,-1,Rest,1.75,3.75
S080,08,20,6,-1,Rest,2.0,4.0
S080,08,22,0,-1,Rest,0.5,2.5
S080,08,22,1,-1,Rest,0.75,2.75
S080,08,22,2,-1,Rest,1.0,3.0
S080,08,22,3,-1,Rest,1.25,3.25
S080,08,22,4,-1,Rest,1.5,3.5
S080,08,22,5,-1,Rest,1.75,3.75
S080,08,22,6,-1,Rest,2.0,4.0
S080,08,24,0,-1,Rest,0.5,2.5
S080,08,24,1,-1,Rest,0.75,2.75
S080,08,24,2,-1,Rest,1.0,3.0
S080,08,24,3,-1,Rest,1.25,3.25
S080,08,24,4,-1,Rest,1.5,3.5
S080,08,24,5,-1,Rest,1.75,3.75
S080,08,24,6,-1,Rest,2.0,4.0
S080,08,26,0,-1,Rest,0.5,2.5
S080,08,26,1,-1,Rest,0.75,2.75
S080,08,26,2,-1,Rest,1.0,3.0
S080,08,26,3,-1,Rest,1.25,3.25
S080,08,26,4,-1,Rest,1.5,3.5
S080,08,26,5,-1,Rest,1.75,3.75
S080,08,26,6,-1,Rest,2.0,4.0
S080,08,28,0,-1,Rest,0.5,2.5
S080,08,28,1,-1,Rest,0.75,2.75
S080,08,28,2,-1,Rest,1.0,3.0
S080,08,28,3,-1,Rest,1.25,3.25
S080,08,28,4,-1,Rest,1.5,3.5
S080,08,28,5,-1,Rest,1.75,3.75
S080,08,28,6,-1,Rest,2.0,4.0
S080,12,0,0,-1,Rest,0.5,2.5
S080,12,0,1,-1,Rest,0.75,2.75
S080,12,0,2,-1,Rest,1.0,3.0
S080,12,0,3,-1,Rest,1.25,3.25
S080,12,0,4,-1,Rest,1.5,3.5
S080,12,0,5,-1,Rest,1.75,3.75
S080,12,0,6,-1,Rest,2.0,4.0
S080,12,2,0,-1,Rest,0.5,2.5
S080,12,2,1,-1,Rest,0.75,2.75
S080,12,2,2,-1,Rest,1.0,3.0
S080,12,2,3,-1,Rest,1.25,3.25
S080,12,2,4,-1,Rest,1.5,3.5
S080,12,2,5,-1,Rest,1.75,3.75
S080,12,2,6,-1,Rest,2.0,4.0
S080,12,4,0,-1,Rest,0.5,2.5
S080,12,4,1,-1,Rest,0.75,2.75
S080,12,4,2,-1,Rest,1.0,3.0
S080,12,4,3,-1,Rest,1.25,3.25
S080,12,4,4,-1,Rest,1.5,3.5
S080,12,4,5,-1,Rest,1.75,3.75
S080,12,4,6,-1,Rest,2.0,4.0
S080,12,6,0,-1,Rest,0.5,2.5
S080,12,6,1,-1,Rest,0.75,2.75
S080,12,6,2,-1,Rest,1.0,3.0
S080,12,6,3,-1,Rest,1.25,3.25
S080,12,6,4,-1,Rest,1.5,3.5
S080,12,6,5,-1,Rest,1.75,3.75
S080,12,6,6,-1,Rest,2.0,4.0
S080,12,8,0,-1,Rest,0.5,2.5
S080,12,8,1,-1,Rest,0.75,2.75
S080,12,8,2,-1,Rest,1.0,3.0
S080,12,8,3,-1,Rest,1.25,3.25
S080,12,8,4,-1,Rest,1.5,3.5
S080,12,8,5,-1,Rest,1.75,3.75
S080,12,8,6,-1,Rest,2.0,4.0
S080,12,10,0,-1,Rest,0.5,2.5
S080,12,10,1,-1,Rest,0.75,2.75
S080,12,10,2,-1,Rest,1.0,3.0
S080,12,10,3,-1,Rest,1.25,3.25
S080,12,10,4,-1,Rest,1.5,3.5
S080,12,10,5,-1,Rest,1.75,3.75
S080,12,10,6,-1,Rest,2.0,4.0
S080,12,12,0,-1,Rest,0.5,2.5
S080,12,12,1,-1,Rest,0.75,2.75
S080,12,12,2,-1,Rest,1.0,3.0
S080,12,12,3,-1,Rest,1.25,3.25
S080,12,12,4,-1,Rest,1.5,3.5
S080,12,12,5,-1,Rest,1.75,3.75
S080,12,12,6,-1,Rest,2.0,4.0
S080,12,14,0,-1,Rest,0.5,2.5
S080,12,14,1,-1,Rest,0.75,2.75
S080,12,14,2,-1,Rest,1.0,3.0
S080,12,14,3,-1,Rest,1.25,3.25
S080,12,14,4,-1,Rest,1.5,3.5
S080,12,14,5,-1,Rest,1.75,3.75
S080,12,14,6,-1,Rest,2.0,4.0
S080,12,16,0,-1,Rest,0.5,2.5
S080,12,16,1,-1,Rest,0.75,2.75
S080,12,16,2,-1,Rest,1.0,3.0
S080,12,16,3,-1,Rest,1.25,3.25
S080,12,16,4,-1,Rest,1.5,3.5
S080,12,16,5,-1,Rest,1.75,3.75
S080,12,16,6,-1,Rest,2.0,4.0
S080,12,18,0,-1,Rest,0.5,2.5
S080,12,18,1,-1,Rest,0.75,2.75
S080,12,18,2,-1,Rest,1.0,3.0
S080,12,18,3,-1,Rest,1.25,3.25
S080,12,18,4,-1,Rest,1.5,3.5
S080,12,18,5,-1,Rest,1.75,3.75
S080,12,18,6,-1,Rest,2.0,4.0
S080,12,20,0,-1,Rest,0.5,2.5
S080,12,20,1,-1,Rest,0.75,2.75
S080,12,20,2,-1,Rest,1.0,3.0
S080,12,20,3,-1,Rest,1.25,3.25
S080,12,20,4,-1,Rest,1.5,3.5
S080,12,20,5,-1,Rest,1.75,3.75
S080,12,20,6,-1,Rest,2.0,4.0
S080,12,22,0,-1,Rest,0.5,2.5
S080,12,22,1,-1,Rest,0.75,2.75
S080,12,22,2,-1,Rest,1.0,3.0
S080,12,22,3,-1,Rest,1.25,3.25
S080,12,22,4,-1,Rest,1.5,3.5
S080,12,22,5,-1,Rest,1.75,3.75
S080,12,22,6,-1,Rest,2.0,4.0
S080,12,24,0,-1,Rest,0.5,2.5
S080,12,24,1,-1,Rest,0.75,2.75
S080,12,24,2,-1,Rest,1.0,3.0
S080,12,24,3,-1,Rest,1.25,3.25
S080,12,24,4,-1,Rest,1.5,3.5
S080,12,24,5,-1,Rest,1.75,3.75
S080,12,24,6,-1,Rest,2.0,4.0
S080,12,26,0,-1,Rest,0.5,2.5
S080,12,26,1,-1,Rest,0.75,2.75
S080,12,26,2,-1,Rest,1.0,3.0
S080,12,26,3,-1,Rest,1.25,3.25
S080,12,26,4,-1,Rest,1.5,3.5
S080,12,26,5,-1,Rest,1.75,3.75
S080,12,26,6,-1,Rest,2.0,4.0
S080,12,28,0,-1,Rest,0.5,2.5
S080,12,28,1,-1,Rest,0.75,2.75
S080,12,28,2,-1,Rest,1.0,3.0
S080,12,28,3,-1,Rest,1.25,3.25
S080,12,28,4,-1,Rest,1.5,3.5
S080,12,28,5,-1,Rest,1.75,3.75
S080,12,28,6,-1,Rest,2.0,4.0
S081,04,0,0,-1,Rest,0.5,2.5
S081,04,0,1,-1,Rest,0.75,2.75
S081,04,0,2,-1,Rest,1.0,3.0
S081,04,0,3,-1,Rest,1.25,3.25
S081,04,0,4,-1,Rest,1.5,3.5
S081,04,0,5,-1,Rest,1.75,3.75
S081,04,0,6,-1,Rest,2.0,4.0
S081,04,2,0,-1,Rest,0.5,2.5
S081,04,2,1,-1,Rest,0.75,2.75
S081,04,2,2,-1,Rest,1.0,3.0
S081,04,2,3,-1,Rest,1.25,3.25
S081,04,2,4,-1,Rest,1.5,3.5
S081,04,2,5,-1,Rest,1.75,3.75
S081,04,2,6,-1,Rest,2.0,4.0
S081,04,4,0,-1,Rest,0.5,2.5
S081,04,4,1,-1,Rest,0.75,2.75
S081,04,4,2,-1,Rest,1.0,3.0
S081,04,4,3,-1,Rest,1.25,3.25
S081,04,4,4,-1,Rest,1.5,3.5
S081,04,4,5,-1,Rest,1.75,3.75
S081,04,4,6,-1,Rest,2.0,4.0
S081,04,6,0,-1,Rest,0.5,2.5
S081,04,6,1,-1,Rest,0.75,2.75
S081,04,6,2,-1,Rest,1.0,3.0
S081,04,6,3,-1,Rest,1.25,3.25
S081,04,6,4,-1,Rest,1.5,3.5
S081,04,6,5,-1,Rest,1.75,3.75
S081,04,6,6,-1,Rest,2.0,4.0
S081,04,8,0,-1,Rest,0.5,2.5
S081,04,8,1,-1,Rest,0.75,2.75
S081,04,8,2,-1,Rest,1.0,3.0
S081,04,8,3,-1,Rest,1.25,3.25
S081,04,8,4,-1,Rest,1.5,3.5
S081,04,8,5,-1,Rest,1.75,3.75
S081,04,8,6,-1,Rest,2.0,4.0
S081,04,10,0,-1,Rest,0.5,2.5
S081,04,10,1,-1,Rest,0.75,2.75
S081,04,10,2,-1,Rest,1.0,3.0
S081,04,10,3,-1,Rest,1.25,3.25
S081,04,10,4,-1,Rest,1.5,3.5
S081,04,10,5,-1,Rest,1.75,3.75
S081,04,10,6,-1,Rest,2.0,4.0
S081,04,12,0,-1,Rest,0.5,2.5
S081,04,12,1,-1,Rest,0.75,2.75
S081,04,12,2,-1,Rest,1.0,3.0
S081,04,12,3,-1,Rest,1.25,3.25
S081,04,12,4,-1,Rest,1.5,3.5
S081,04,12,5,-1,Rest,1.75,3.75
S081,04,12,6,-1,Rest,2.0,4.0
S081,04,14,0,-1,Rest,0.5,2.5
S081,04,14,1,-1,Rest,0.75,2.75
S081,04,14,2,-1,Rest,1.0,3.0
S081,04,14,3,-1,Rest,1.25,3.25
S081,04,14,4,-1,Rest,1.5,3.5
S081,04,14,5,-1,Rest,1.75,3.75
S081,04,14,6,-1,Rest,2.0,4.0
S081,04,16,0,-1,Rest,0.5,2.5
S081,04,16,1,-1,Rest,0.75,2.75
S081,04,16,2,-1,Rest,1.0,3.0
S081,04,16,3,-1,Rest,1.25,3.25
S081,04,16,4,-1,Rest,1.5,3.5
S081,04,16,5,-1,Rest,1.75,3.75
S081,04,16,6,-1,Rest,2.0,4.0
S081,04,18,0,-1,Rest,0.5,2.5
S081,04,18,1,-1,Rest,0.75,2.75
S081,04,18,2,-1,Rest,1.0,3.0
S081,04,18,3,-1,Rest,1.25,3.25
S081,04,18,4,-1,Rest,1.5,3.5
S081,04,18,5,-1,Rest,1.75,3.75
S081,04,18,6,-1,Rest,2.0,4.0
S081,04,20,0,-1,Rest,0.5,2.5
S081,04,20,1,-1,Rest,0.75,2.75
S081,04,20,2,-1,Rest,1.0,3.0
S081,04,20,3,-1,Rest,1.25,3.25
S081,04,20,4,-1,Rest,1.5,3.5
S081,04,20,5,-1,Rest,1.75,3.75
S081,04,20,6,-1,Rest,2.0,4.0
S081,04,22,0,-1,Rest,0.5,2.5
S081,04,22,1,-1,Rest,0.75,2.75
S081,04,22,2,-1,Rest,1.0,3.0
S081,04,22,3,-1,Rest,1.25,3.25
S081,04,22,4,-1,Rest,1.5,3.5
S081,04,22,5,-1,Rest,1.75,3.75
S081,04,22,6,-1,Rest,2.0,4.0
S081,04,24,0,-1,Rest,0.5,2.5
S081,04,24,1,-1,Rest,0.75,2.75
S081,04,24,2,-1,Rest,1.0,3.0
S081,04,24,3,-1,Rest,1.25,3.25
S081,04,24,4,-1,Rest,1.5,3.5
S081,04,24,5,-1,Rest,1.75,3.75
S081,04,24,6,-1,Rest,2.0,4.0
S081,04,26,0,-1,Rest,0.5,2.5
S081,04,26,1,-1,Rest,0.75,2.75
S081,04,26,2,-1,Rest,1.0,3.0
S081,04,26,3,-1,Rest,1.25,3.25
S081,04,26,4,-1,Rest,1.5,3.5
S081,04,26,5,-1,Rest,1.75,3.75
S081,04,26,6,-1,Rest,2.0,4.0
S081,04,28,0,-1,Rest,0.5,2.5
S081,04,28,1,-1,Rest,0.75,2.75
S081,04,28,2,-1,Rest,1.0,3.0
S081,04,28,3,-1,Rest,1.25,3.25
S081,04,28,4,-1,Rest,1.5,3.5
S081,04,28,5,-1,Rest,1.75,3.75
S081,04,28,6,-1,Rest,2.0,4.0
S081,08,0,0,-1,Rest,0.5,2.5
S081,08,0,1,-1,Rest,0.75,2.75
S081,08,0,2,-1,Rest,1.0,3.0
S081,08,0,3,-1,Rest,1.25,3.25
S081,08,0,4,-1,Rest,1.5,3.5
S081,08,0,5,-1,Rest,1.75,3.75
S081,08,0,6,-1,Rest,2.0,4.0
S081,08,2,0,-1,Rest,0.5,2.5
S081,08,2,1,-1,Rest,0.75,2.75
S081,08,2,2,-1,Rest,1.0,3.0
S081,08,2,3,-1,Rest,1.25,3.25
S081,08,2,4,-1,Rest,1.5,3.5
S081,08,2,5,-1,Rest,1.75,3.75
S081,08,2,6,-1,Rest,2.0,4.0
S081,08,4,0,-1,Rest,0.5,2.5
S081,08,4,1,-1,Rest,0.75,2.75
S081,08,4,2,-1,Rest,1.0,3.0
S081,08,4,3,-1,Rest,1.25,3.25
S081,08,4,4,-1,Rest,1.5,3.5
S081,08,4,5,-1,Rest,1.75,3.75
S081,08,4,6,-1,Rest,2.0,4.0
S081,08,6,0,-1,Rest,0.5,2.5
S081,08,6,1,-1,Rest,0.75,2.75
S081,08,6,2,-1,Rest,1.0,3.0
S081,08,6,3,-1,Rest,1.25,3.25
S081,08,6,4,-1,Rest,1.5,3.5
S081,08,6,5,-1,Rest,1.75,3.75
S081,08,6,6,-1,Rest,2.0,4.0
S081,08,8,0,-1,Rest,0.5,2.5
S081,08,8,1,-1,Rest,0.75,2.75
S081,08,8,2,-1,Rest,1.0,3.0
S081,08,8,3,-1,Rest,1.25,3.25
S081,08,8,4,-1,Rest,1.5,3.5
S081,08,8,5,-1,Rest,1.75,3.75
S081,08,8,6,-1,Rest,2.0,4.0
S081,08,10,0,-1,Rest,0.5,2.5
S081,08,10,1,-1,Rest,0.75,2.75
S081,08,10,2,-1,Rest,1.0,3.0
S081,08,10,3,-1,Rest,1.25,3.25
S081,08,10,4,-1,Rest,1.5,3.5
S081,08,10,5,-1,Rest,1.75,3.75
S081,08,10,6,-1,Rest,2.0,4.0
S081,08,12,0,-1,Rest,0.5,2.5
S081,08,12,1,-1,Rest,0.75,2.75
S081,08,12,2,-1,Rest,1.0,3.0
S081,08,12,3,-1,Rest,1.25,3.25
S081,08,12,4,-1,Rest,1.5,3.5
S081,08,12,5,-1,Rest,1.75,3.75
S081,08,12,6,-1,Rest,2.0,4.0
S081,08,14,0,-1,Rest,0.5,2.5
S081,08,14,1,-1,Rest,0.75,2.75
S081,08,14,2,-1,Rest,1.0,3.0
S081,08,14,3,-1,Rest,1.25,3.25
S081,08,14,4,-1,Rest,1.5,3.5
S081,08,14,5,-1,Rest,1.75,3.75
S081,08,14,6,-1,Rest,2.0,4.0
S081,08,16,0,-1,Rest,0.5,2.5
S081,08,16,1,-1,Rest,0.75,2.75
S081,08,16,2,-1,Rest,1.0,3.0
S081,08,16,3,-1,Rest,1.25,3.25
S081,08,16,4,-1,Rest,1.5,3.5
S081,08,16,5,-1,Rest,1.75,3.75
S081,08,16,6,-1,Rest,2.0,4.0
S081,08,18,0,-1,Rest,0.5,2.5
S081,08,18,1,-1,Rest,0.75,2.75
S081,08,18,2,-1,Rest,1.0,3.0
S081,08,18,3,-1,Rest,1.25,3.25
S081,08,18,4,-1,Rest,1.5,3.5
S081,08,18,5,-1,Rest,1.75,3.75
S081,08,18,6,-1,Rest,2.0,4.0
S081,08,20,0,-1,Rest,0.5,2.5
S081,08,20,1,-1,Rest,0.75,2.75
S081,08,20,2,-1,Rest,1.0,3.0
S081,08,20,3,-1,Rest,1.25,3.25
S081,08,20,4,-1,Rest,1.5,3.5
S081,08,20,5,-1,Rest,1.75,3.75
S081,08,20,6,-1,Rest,2.0,4.0
S081,08,22,0,-1,Rest,0.5,2.5
S081,08,22,1,-1,Rest,0.75,2.75
S081,08,22,2,-1,Rest,1.0,3.0
S081,08,22,3,-1,Rest,1.25,3.25
S081,08,22,4,-1,Rest,1.5,3.5
S081,08,22,5,-1,Rest,1.75,3.75
S081,08,22,6,-1,Rest,2.0,4.0
S081,08,24,0,-1,Rest,0.5,2.5
S081,08,24,1,-1,Rest,0.75,2.75
S081,08,24,2,-1,Rest,1.0,3.0
S081,08,24,3,-1,Rest,1.25,3.25
S081,08,24,4,-1,Rest,1.5,3.5
S081,08,24,5,-1,Rest,1.75,3.75
S081,08,24,6,-1,Rest,2.0,4.0
S081,08,26,0,-1,Rest,0.5,2.5
S081,08,26,1,-1,Rest,0.75,2.75
S081,08,26,2,-1,Rest,1.0,3.0
S081,08,26,3,-1,Rest,1.25,3.25
S081,08,26,4,-1,Rest,1.5,3.5
S081,08,26,5,-1,Rest,1.75,3.75
S081,08,26,6,-1,Rest,2.0,4.0
S081,08,28,0,-1,Rest,0.5,2.5
S081,08,28,1,-1,Rest,0.75,2.75
S081,08,28,2,-1,Rest,1.0,3.0
S081,08,28,3,-1,Rest,1.25,3.25
S081,08,28,4,-1,Rest,1.5,3.5
S081,08,28,5,-1,Rest,1.75,3.75
S081,08,28,6,-1,Rest,2.0,4.0
S081,12,0,0,-1,Rest,0.5,2.5
S081,12,0,1,-1,Rest,0.75,2.75
S081,12,0,2,-1,Rest,1.0,3.0
S081,12,0,3,-1,Rest,1.25,3.25
S081,12,0,4,-1,Rest,1.5,3.5
S081,12,0,5,-1,Rest,1.75,3.75
S081,12,0,6,-1,Rest,2.0,4.0
S081,12,2,0,-1,Rest,0.5,2.5
S081,12,2,1,-1,Rest,0.75,2.75
S081,12,2,2,-1,Rest,1.0,3.0
S081,12,2,3,-1,Rest,1.25,3.25
S081,12,2,4,-1,Rest,1.5,3.5
S081,12,2,5,-1,Rest,1.75,3.75
S081,12,2,6,-1,Rest,2.0,4.0
S081,12,4,0,-1,Rest,0.5,2.5
S081,12,4,1,-1,Rest,0.75,2.75
S081,12,4,2,-1,Rest,1.0,3.0
S081,12,4,3,-1,Rest,1.25,3.25
S081,12,4,4,-1,Rest,1.5,3.5
S081,12,4,5,-1,Rest,1.75,3.75
S081,12,4,6,-1,Rest,2.0,4.0
S081,12,6,0,-1,Rest,0.5,2.5
S081,12,6,1,-1,Rest,0.75,2.75
S081,12,6,2,-1,Rest,1.0,3.0
S081,12,6,3,-1,Rest,1.25,3.25
S081,12,6,4,-1,Rest,1.5,3.5
S081,12,6,5,-1,Rest,1.75,3.75
S081,12,6,6,-1,Rest,2.0,4.0
S081,12,8,0,-1,Rest,0.5,2.5
S081,12,8,1,-1,Rest,0.75,2.75
S081,12,8,2,-1,Rest,1.0,3.0
S081,12,8,3,-1,Rest,1.25,3.25
S081,12,8,4,-1,Rest,1.5,3.5
S081,12,8,5,-1,Rest,1.75,3.75
S081,12,8,6,-1,Rest,2.0,4.0
S081,12,10,0,-1,Rest,0.5,2.5
S081,12,10,1,-1,Rest,0.75,2.75
S081,12,10,2,-1,Rest,1.0,3.0
S081,12,10,3,-1,Rest,1.25,3.25
S081,12,10,4,-1,Rest,1.5,3.5
S081,12,10,5,-1,Rest,1.75,3.75
S081,12,10,6,-1,Rest,2.0,4.0
S081,12,12,0,-1,Rest,0.5,2.5
S081,12,12,1,-1,Rest,0.75,2.75
S081,12,12,2,-1,Rest,1.0,3.0
S081,12,12,3,-1,Rest,1.25,3.25
S081,12,12,4,-1,Rest,1.5,3.5
S081,12,12,5,-1,Rest,1.75,3.75
S081,12,12,6,-1,Rest,2.0,4.0
S081,12,14,0,-1,Rest,0.5,2.5
S081,12,14,1,-1,Rest,0.75,2.75
S081,12,14,2,-1,Rest,1.0,3.0
S081,12,14,3,-1,Rest,1.25,3.25
S081,12,14,4,-1,Rest,1.5,3.5
S081,12,14,5,-1,Rest,1.75,3.75
S081,12,14,6,-1,Rest,2.0,4.0
S081,12,16,0,-1,Rest,0.5,2.5
S081,12,16,1,-1,Rest,0.75,2.75
S081,12,16,2,-1,Rest,1.0,3.0
S081,12,16,3,-1,Rest,1.25,3.25
S081,12,16,4,-1,Rest,1.5,3.5
S081,12,16,5,-1,Rest,1.75,3.75
S081,12,16,6,-1,Rest,2.0,4.0
S081,12,18,0,-1,Rest,0.5,2.5
S081,12,18,1,-1,Rest,0.75,2.75
S081,12,18,2,-1,Rest,1.0,3.0
S081,12,18,3,-1,Rest,1.25,3.25
S081,12,18,4,-1,Rest,1.5,3.5
S081,12,18,5,-1,Rest,1.75,3.75
S081,12,18,6,-1,Rest,2.0,4.0
S081,12,20,0,-1,Rest,0.5,2.5
S081,12,20,1,-1,Rest,0.75,2.75
S081,12,20,2,-1,Rest,1.0,3.0
S081,12,20,3,-1,Rest,1.25,3.25
S081,12,20,4,-1,Rest,1.5,3.5
S081,12,20,5,-1,Rest,1.75,3.75
S081,12,20,6,-1,Rest,2.0,4.0
S081,12,22,0,-1,Rest,0.5,2.5
S081,12,22,1,-1,Rest,0.75,2.75
S081,12,22,2,-1,Rest,1.0,3.0
S081,12,22,3,-1,Rest,1.25,3.25
S081,12,22,4,-1,Rest,1.5,3.5
S081,12,22,5,-1,Rest,1.75,3.75
S081,12,22,6,-1,Rest,2.0,4.0
S081,12,24,0,-1,Rest,0.5,2.5
S081,12,24,1,-1,Rest,0.75,2.75
S081,12,24,2,-1,Rest,1.0,3.0
S081,12,24,3,-1,Rest,1.25,3.25
S081,12,24,4,-1,Rest,1.5,3.5
S081,12,24,5,-1,Rest,1.75,3.75
S081,12,24,6,-1,Rest,2.0,4.0
S081,12,26,0,-1,Rest,0.5,2.5
S081,12,26,1,-1,Rest,0.75,2.75
S081,12,26,2,-1,Rest,1.0,3.0
S081,12,26,3,-1,Rest,1.25,3.25
S081,12,26,4,-1,Rest,1.5,3.5
S081,12,26,5,-1,Rest,1.75,3.75
S081,12,26,6,-1,Rest,2.0,4.0
S081,12,28,0,-1,Rest,0.5,2.5
S081,12,28,1,-1,Rest,0.75,2.75
S081,12,28,2,-1,Rest,1.0,3.0
S081,12,28,3,-1,Rest,1.25,3.25
S081,12,28,4,-1,Rest,1.5,3.5
S081,12,28,5,-1,Rest,1.75,3.75
S081,12,28,6,-1,Rest,2.0,4.0
S082,04,0,0,-1,Rest,0.5,2.5
S082,04,0,1,-1,Rest,0.75,2.75
S082,04,0,2,-1,Rest,1.0,3.0
S082,04,0,3,-1,Rest,1.25,3.25
S082,04,0,4,-1,Rest,1.5,3.5
S082,04,0,5,-1,Rest,1.75,3.75
S082,04,0,6,-1,Rest,2.0,4.0
S082,04,2,0,-1,Rest,0.5,2.5
S082,04,2,1,-1,Rest,0.75,2.75
S082,04,2,2,-1,Rest,1.0,3.0
S082,04,2,3,-1,Rest,1.25,3.25
S082,04,2,4,-1,Rest,1.5,3.5
S082,04,2,5,-1,Rest,1.75,3.75
S082,04,2,6,-1,Rest,2.0,4.0
S082,04,4,0,-1,Rest,0.5,2.5
S082,04,4,1,-1,Rest,0.75,2.75
S082,04,4,2,-1,Rest,1.0,3.0
S082,04,4,3,-1,Rest,1.25,3.25
S082,04,4,4,-1,Rest,1.5,3.5
S082,04,4,5,-1,Rest,1.75,3.75
S082,04,4,6,-1,Rest,2.0,4.0
S082,04,6,0,-1,Rest,0.5,2.5
S082,04,6,1,-1,Rest,0.75,2.75
S082,04,6,2,-1,Rest,1.0,3.0
S082,04,6,3,-1,Rest,1.25,3.25
S082,04,6,4,-1,Rest,1.5,3.5
S082,04,6,5,-1,Rest,1.75,3.75
S082,04,6,6,-1,Rest,2.0,4.0
S082,04,8,0,-1,Rest,0.5,2.5
S082,04,8,1,-1,Rest,0.75,2.75
S082,04,8,2,-1,Rest,1.0,3.0
S082,04,8,3,-1,Rest,1.25,3.25
S082,04,8,4,-1,Rest,1.5,3.5
S082,04,8,5,-1,Rest,1.75,3.75
S082,04,8,6,-1,Rest,2.0,4.0
S082,04,10,0,-1,Rest,0.5,2.5
S082,04,10,1,-1,Rest,0.75,2.75
S082,04,10,2,-1,Rest,1.0,3.0
S082,04,10,3,-1,Rest,1.25,3.25
S082,04,10,4,-1,Rest,1.5,3.5
S082,04,10,5,-1,Rest,1.75,3.75
S082,04,10,6,-1,Rest,2.0,4.0
S082,04,12,0,-1,Rest,0.5,2.5
S082,04,12,1,-1,Rest,0.75,2.75
S082,04,12,2,-1,Rest,1.0,3.0
S082,04,12,3,-1,Rest,1.25,3.25
S082,04,12,4,-1,Rest,1.5,3.5
S082,04,12,5,-1,Rest,1.75,3.75
S082,04,12,6,-1,Rest,2.0,4.0
S082,04,14,0,-1,Rest,0.5,2.5
S082,04,14,1,-1,Rest,0.75,2.75
S082,04,14,2,-1,Rest,1.0,3.0
S082,04,14,3,-1,Rest,1.25,3.25
S082,04,14,4,-1,Rest,1.5,3.5
S082,04,14,5,-1,Rest,1.75,3.75
S082,04,14,6,-1,Rest,2.0,4.0
S082,04,16,0,-1,Rest,0.5,2.5
S082,04,16,1,-1,Rest,0.75,2.75
S082,04,16,2,-1,Rest,1.0,3.0
S082,04,16,3,-1,Rest,1.25,3.25
S082,04,16,4,-1,Rest,1.5,3.5
S082,04,16,5,-1,Rest,1.75,3.75
S082,04,16,6,-1,Rest,2.0,4.0
S082,04,18,0,-1,Rest,0.5,2.5
S082,04,18,1,-1,Rest,0.75,2.75
S082,04,18,2,-1,Rest,1.0,3.0
S082,04,18,3,-1,Rest,1.25,3.25
S082,04,18,4,-1,Rest,1.5,3.5
S082,04,18,5,-1,Rest,1.75,3.75
S082,04,18,6,-1,Rest,2.0,4.0
S082,04,20,0,-1,Rest,0.5,2.5
S082,04,20,1,-1,Rest,0.75,2.75
S082,04,20,2,-1,Rest,1.0,3.0
S082,04,20,3,-1,Rest,1.25,3.25
S082,04,20,4,-1,Rest,1.5,3.5
S082,04,20,5,-1,Rest,1.75,3.75
S082,04,20,6,-1,Rest,2.0,4.0
S082,04,22,0,-1,Rest,0.5,2.5
S082,04,22,1,-1,Rest,0.75,2.75
S082,04,22,2,-1,Rest,1.0,3.0
S082,04,22,3,-1,Rest,1.25,3.25
S082,04,22,4,-1,Rest,1.5,3.5
S082,04,22,5,-1,Rest,1.75,3.75
S082,04,22,6,-1,Rest,2.0,4.0
S082,04,24,0,-1,Rest,0.5,2.5
S082,04,24,1,-1,Rest,0.75,2.75
S082,04,24,2,-1,Rest,1.0,3.0
S082,04,24,3,-1,Rest,1.25,3.25
S082,04,24,4,-1,Rest,1.5,3.5
S082,04,24,5,-1,Rest,1.75,3.75
S082,04,24,6,-1,Rest,2.0,4.0
S082,04,26,0,-1,Rest,0.5,2.5
S082,04,26,1,-1,Rest,0.75,2.75
S082,04,26,2,-1,Rest,1.0,3.0
S082,04,26,3,-1,Rest,1.25,3.25
S082,04,26,4,-1,Rest,1.5,3.5
S082,04,26,5,-1,Rest,1.75,3.75
S082,04,26,6,-1,Rest,2.0,4.0
S082,04,28,0,-1,Rest,0.5,2.5
S082,04,28,1,-1,Rest,0.75,2.75
S082,04,28,2,-1,Rest,1.0,3.0
S082,04,28,3,-1,Rest,1.25,3.25
S082,04,28,4,-1,Rest,1.5,3.5
S082,04,28,5,-1,Rest,1.75,3.75
S082,04,28,6,-1,Rest,2.0,4.0
S082,08,0,0,-1,Rest,0.5,2.5
S082,08,0,1,-1,Rest,0.75,2.75
S082,08,0,2,-1,Rest,1.0,3.0
S082,08,0,3,-1,Rest,1.25,3.25
S082,08,0,4,-1,Rest,1.5,3.5
S082,08,0,5,-1,Rest,1.75,3.75
S082,08,0,6,-1,Rest,2.0,4.0
S082,08,2,0,-1,Rest,0.5,2.5
S082,08,2,1,-1,Rest,0.75,2.75
S082,08,2,2,-1,Rest,1.0,3.0
S082,08,2,3,-1,Rest,1.25,3.25
S082,08,2,4,-1,Rest,1.5,3.5
S082,08,2,5,-1,Rest,1.75,3.75
S082,08,2,6,-1,Rest,2.0,4.0
S082,08,4,0,-1,Rest,0.5,2.5
S082,08,4,1,-1,Rest,0.75,2.75
S082,08,4,2,-1,Rest,1.0,3.0
S082,08,4,3,-1,Rest,1.25,3.25
S082,08,4,4,-1,Rest,1.5,3.5
S082,08,4,5,-1,Rest,1.75,3.75
S082,08,4,6,-1,Rest,2.0,4.0
S082,08,6,0,-1,Rest,0.5,2.5
S082,08,6,1,-1,Rest,0.75,2.75
S082,08,6,2,-1,Rest,1.0,3.0
S082,08,6,3,-1,Rest,1.25,3.25
S082,08,6,4,-1,Rest,1.5,3.5
S082,08,6,5,-1,Rest,1.75,3.75
S082,08,6,6,-1,Rest,2.0,4.0
S082,08,8,0,-1,Rest,0.5,2.5
S082,08,8,1,-1,Rest,0.75,2.75
S082,08,8,2,-1,Rest,1.0,3.0
S082,08,8,3,-1,Rest,1.25,3.25
S082,08,8,4,-1,Rest,1.5,3.5
S082,08,8,5,-1,Rest,1.75,3.75
S082,08,8,6,-1,Rest,2.0,4.0
S082,08,10,0,-1,Rest,0.5,2.5
S082,08,10,1,-1,Rest,0.75,2.75
S082,08,10,2,-1,Rest,1.0,3.0
S082,08,10,3,-1,Rest,1.25,3.25
S082,08,10,4,-1,Rest,1.5,3.5
S082,08,10,5,-1,Rest,1.75,3.75
S082,08,10,6,-1,Rest,2.0,4.0
S082,08,12,0,-1,Rest,0.5,2.5
S082,08,12,1,-1,Rest,0.75,2.75
S082,08,12,2,-1,Rest,1.0,3.0
S082,08,12,3,-1,Rest,1.25,3.25
S082,08,12,4,-1,Rest,1.5,3.5
S082,08,12,5,-1,Rest,1.75,3.75
S082,08,12,6,-1,Rest,2.0,4.0
S082,08,14,0,-1,Rest,0.5,2.5
S082,08,14,1,-1,Rest,0.75,2.75
S082,08,14,2,-1,Rest,1.0,3.0
S082,08,14,3,-1,Rest,1.25,3.25
S082,08,14,4,-1,Rest,1.5,3.5
S082,08,14,5,-1,Rest,1.75,3.75
S082,08,14,6,-1,Rest,2.0,4.0
S082,08,16,0,-1,Rest,0.5,2.5
S082,08,16,1,-1,Rest,0.75,2.75
S082,08,16,2,-1,Rest,1.0,3.0
S082,08,16,3,-1,Rest,1.25,3.25
S082,08,16,4,-1,Rest,1.5,3.5
S082,08,16,5,-1,Rest,1.75,3.75
S082,08,16,6,-1,Rest,2.0,4.0
S082,08,18,0,-1,Rest,0.5,2.5
S082,08,18,1,-1,Rest,0.75,2.75
S082,08,18,2,-1,Rest,1.0,3.0
S082,08,18,3,-1,Rest,1.25,3.25
S082,08,18,4,-1,Rest,1.5,3.5
S082,08,18,5,-1,Rest,1.75,3.75
S082,08,18,6,-1,Rest,2.0,4.0
S082,08,20,0,-1,Rest,0.5,2.5
S082,08,20,1,-1,Rest,0.75,2.75
S082,08,20,2,-1,Rest,1.0,3.0
S082,08,20,3,-1,Rest,1.25,3.25
S082,08,20,4,-1,Rest,1.5,3.5
S082,08,20,5,-1,Rest,1.75,3.75
S082,08,20,6,-1,Rest,2.0,4.0
S082,08,22,0,-1,Rest,0.5,2.5
S082,08,22,1,-1,Rest,0.75,2.75
S082,08,22,2,-1,Rest,1.0,3.0
S082,08,22,3,-1,Rest,1.25,3.25
S082,08,22,4,-1,Rest,1.5,3.5
S082,08,22,5,-1,Rest,1.75,3.75
S082,08,22,6,-1,Rest,2.0,4.0
S082,08,24,0,-1,Rest,0.5,2.5
S082,08,24,1,-1,Rest,0.75,2.75
S082,08,24,2,-1,Rest,1.0,3.0
S082,08,24,3,-1,Rest,1.25,3.25
S082,08,24,4,-1,Rest,1.5,3.5
S082,08,24,5,-1,Rest,1.75,3.75
S082,08,24,6,-1,Rest,2.0,4.0
S082,08,26,0,-1,Rest,0.5,2.5
S082,08,26,1,-1,Rest,0.75,2.75
S082,08,26,2,-1,Rest,1.0,3.0
S082,08,26,3,-1,Rest,1.25,3.25
S082,08,26,4,-1,Rest,1.5,3.5
S082,08,26,5,-1,Rest,1.75,3.75
S082,08,26,6,-1,Rest,2.0,4.0
S082,08,28,0,-1,Rest,0.5,2.5
S082,08,28,1,-1,Rest,0.75,2.75
S082,08,28,2,-1,Rest,1.0,3.0
S082,08,28,3,-1,Rest,1.25,3.25
S082,08,28,4,-1,Rest,1.5,3.5
S082,08,28,5,-1,Rest,1.75,3.75
S082,08,28,6,-1,Rest,2.0,4.0
S082,12,0,0,-1,Rest,0.5,2.5
S082,12,0,1,-1,Rest,0.75,2.75
S082,12,0,2,-1,Rest,1.0,3.0
S082,12,0,3,-1,Rest,1.25,3.25
S082,12,0,4,-1,Rest,1.5,3.5
S082,12,0,5,-1,Rest,1.75,3.75
S082,12,0,6,-1,Rest,2.0,4.0
S082,12,2,0,-1,Rest,0.5,2.5
S082,12,2,1,-1,Rest,0.75,2.75
S082,12,2,2,-1,Rest,1.0,3.0
S082,12,2,3,-1,Rest,1.25,3.25
S082,12,2,4,-1,Rest,1.5,3.5
S082,12,2,5,-1,Rest,1.75,3.75
S082,12,2,6,-1,Rest,2.0,4.0
S082,12,4,0,-1,Rest,0.5,2.5
S082,12,4,1,-1,Rest,0.75,2.75
S082,12,4,2,-1,Rest,1.0,3.0
S082,12,4,3,-1,Rest,1.25,3.25
S082,12,4,4,-1,Rest,1.5,3.5
S082,12,4,5,-1,Rest,1.75,3.75
S082,12,4,6,-1,Rest,2.0,4.0
S082,12,6,0,-1,Rest,0.5,2.5
S082,12,6,1,-1,Rest,0.75,2.75
S082,12,6,2,-1,Rest,1.0,3.0
S082,12,6,3,-1,Rest,1.25,3.25
S082,12,6,4,-1,Rest,1.5,3.5
S082,12,6,5,-1,Rest,1.75,3.75
S082,12,6,6,-1,Rest,2.0,4.0
S082,12,8,0,-1,Rest,0.5,2.5
S082,12,8,1,-1,Rest,0.75,2.75
S082,12,8,2,-1,Rest,1.0,3.0
S082,12,8,3,-1,Rest,1.25,3.25
S082,12,8,4,-1,Rest,1.5,3.5
S082,12,8,5,-1,Rest,1.75,3.75
S082,12,8,6,-1,Rest,2.0,4.0
S082,12,10,0,-1,Rest,0.5,2.5
S082,12,10,1,-1,Rest,0.75,2.75
S082,12,10,2,-1,Rest,1.0,3.0
S082,12,10,3,-1,Rest,1.25,3.25
S082,12,10,4,-1,Rest,1.5,3.5
S082,12,10,5,-1,Rest,1.75,3.75
S082,12,10,6,-1,Rest,2.0,4.0
S082,12,12,0,-1,Rest,0.5,2.5
S082,12,12,1,-1,Rest,0.75,2.75
S082,12,12,2,-1,Rest,1.0,3.0
S082,12,12,3,-1,Rest,1.25,3.25
S082,12,12,4,-1,Rest,1.5,3.5
S082,12,12,5,-1,Rest,1.75,3.75
S082,12,12,6,-1,Rest,2.0,4.0
S082,12,14,0,-1,Rest,0.5,2.5
S082,12,14,1,-1,Rest,0.75,2.75
S082,12,14,2,-1,Rest,1.0,3.0
S082,12,14,3,-1,Rest,1.25,3.25
S082,12,14,4,-1,Rest,1.5,3.5
S082,12,14,5,-1,Rest,1.75,3.75
S082,12,14,6,-1,Rest,2.0,4.0
S082,12,16,0,-1,Rest,0.5,2.5
S082,12,16,1,-1,Rest,0.75,2.75
S082,12,16,2,-1,Rest,1.0,3.0
S082,12,16,3,-1,Rest,1.25,3.25
S082,12,16,4,-1,Rest,1.5,3.5
S082,12,16,5,-1,Rest,1.75,3.75
S082,12,16,6,-1,Rest,2.0,4.0
S082,12,18,0,-1,Rest,0.5,2.5
S082,12,18,1,-1,Rest,0.75,2.75
S082,12,18,2,-1,Rest,1.0,3.0
S082,12,18,3,-1,Rest,1.25,3.25
S082,12,18,4,-1,Rest,1.5,3.5
S082,12,18,5,-1,Rest,1.75,3.75
S082,12,18,6,-1,Rest,2.0,4.0
S082,12,20,0,-1,Rest,0.5,2.5
S082,12,20,1,-1,Rest,0.75,2.75
S082,12,20,2,-1,Rest,1.0,3.0
S082,12,20,3,-1,Rest,1.25,3.25
S082,12,20,4,-1,Rest,1.5,3.5
S082,12,20,5,-1,Rest,1.75,3.75
S082,12,20,6,-1,Rest,2.0,4.0
S082,12,22,0,-1,Rest,0.5,2.5
S082,12,22,1,-1,Rest,0.75,2.75
S082,12,22,2,-1,Rest,1.0,3.0
S082,12,22,3,-1,Rest,1.25,3.25
S082,12,22,4,-1,Rest,1.5,3.5
S082,12,22,5,-1,Rest,1.75,3.75
S082,12,22,6,-1,Rest,2.0,4.0
S082,12,24,0,-1,Rest,0.5,2.5
S082,12,24,1,-1,Rest,0.75,2.75
S082,12,24,2,-1,Rest,1.0,3.0
S082,12,24,3,-1,Rest,1.25,3.25
S082,12,24,4,-1,Rest,1.5,3.5
S082,12,24,5,-1,Rest,1.75,3.75
S082,12,24,6,-1,Rest,2.0,4.0
S082,12,26,0,-1,Rest,0.5,2.5
S082,12,26,1,-1,Rest,0.75,2.75
S082,12,26,2,-1,Rest,1.0,3.0
S082,12,26,3,-1,Rest,1.25,3.25
S082,12,26,4,-1,Rest,1.5,3.5
S082,12,26,5,-1,Rest,1.75,3.75
S082,12,26,6,-1,Rest,2.0,4.0
S082,12,28,0,-1,Rest,0.5,2.5
S082,12,28,1,-1,Rest,0.75,2.75
S082,12,28,2,-1,Rest,1.0,3.0
S082,12,28,3,-1,Rest,1.25,3.25
S082,12,28,4,-1,Rest,1.5,3.5
S082,12,28,5,-1,Rest,1.75,3.75
S082,12,28,6,-1,Rest,2.0,4.0
S083,04,0,0,-1,Rest,0.5,2.5
S083,04,0,1,-1,Rest,0.75,2.75
S083,04,0,2,-1,Rest,1.0,3.0
S083,04,0,3,-1,Rest,1.25,3.25
S083,04,0,4,-1,Rest,1.5,3.5
S083,04,0,5,-1,Rest,1.75,3.75
S083,04,4,0,-1,Rest,0.5,2.5
S083,04,4,1,-1,Rest,0.75,2.75
S083,04,4,2,-1,Rest,1.0,3.0
S083,04,4,3,-1,Rest,1.25,3.25
S083,04,4,4,-1,Rest,1.5,3.5
S083,04,4,5,-1,Rest,1.75,3.75
S083,04,4,6,-1,Rest,2.0,4.0
S083,04,6,0,-1,Rest,0.5,2.5
S083,04,6,1,-1,Rest,0.75,2.75
S083,04,6,2,-1,Rest,1.0,3.0
S083,04,6,3,-1,Rest,1.25,3.25
S083,04,6,4,-1,Rest,1.5,3.5
S083,04,6,5,-1,Rest,1.75,3.75
S083,04,6,6,-1,Rest,2.0,4.0
S083,04,12,4,-1,Rest,1.5,3.5
S083,04,12,5,-1,Rest,1.75,3.75
S083,04,12,6,-1,Rest,2.0,4.0
S083,04,14,2,-1,Rest,1.0,3.0
S083,04,14,3,-1,Rest,1.25,3.25
S083,04,14,4,-1,Rest,1.5,3.5
S083,04,18,0,-1,Rest,0.5,2.5
S083,04,18,1,-1,Rest,0.75,2.75
S083,04,18,2,-1,Rest,1.0,3.0
S083,04,18,3,-1,Rest,1.25,3.25
S083,04,18,4,-1,Rest,1.5,3.5
S083,04,18,5,-1,Rest,1.75,3.75
S083,04,18,6,-1,Rest,2.0,4.0
S083,04,22,0,-1,Rest,0.5,2.5
S083,04,22,1,-1,Rest,0.75,2.75
S083,04,22,2,-1,Rest,1.0,3.0
S083,04,24,0,-1,Rest,0.5,2.5
S083,04,24,1,-1,Rest,0.75,2.75
S083,04,24,2,-1,Rest,1.0,3.0
S083,04,24,3,-1,Rest,1.25,3.25
S083,04,24,4,-1,Rest,1.5,3.5
S083,04,24,5,-1,Rest,1.75,3.75
S083,04,24,6,-1,Rest,2.0,4.0
S083,04,26,5,-1,Rest,1.75,3.75
S083,04,26,6,-1,Rest,2.0,4.0
S083,08,2,0,-1,Rest,0.5,2.5
S083,08,2,1,-1,Rest,0.75,2.75
S083,08,4,0,-1,Rest,0.5,2.5
S083,08,4,1,-1,Rest,0.75,2.75
S083,08,4,2,-1,Rest,1.0,3.0
S083,08,4,3,-1,Rest,1.25,3.25
S083,08,4,4,-1,Rest,1.5,3.5
S083,08,4,5,-1,Rest,1.75,3.75
S083,08,4,6,-1,Rest,2.0,4.0
S083,08,8,0,-1,Rest,0.5,2.5
S083,08,8,1,-1,Rest,0.75,2.75
S083,08,8,2,-1,Rest,1.0,3.0
S083,08,8,3,-1,Rest,1.25,3.25
S083,08,8,4,-1,Rest,1.5,3.5
S083,08,8,5,-1,Rest,1.75,3.75
S083,08,8,6,-1,Rest,2.0,4.0
S083,08,10,0,-1,Rest,0.5,2.5
S083,08,10,1,-1,Rest,0.75,2.75
S083,08,12,0,-1,Rest,0.5,2.5
S083,08,14,0,-1,Rest,0.5,2.5
S083,08,14,1,-1,Rest,0.75,2.75
S083,08,14,2,-1,Rest,1.0,3.0
S083,08,14,3,-1,Rest,1.25,3.25
S083,08,14,4,-1,Rest,1.5,3.5
S083,08,14,5,-1,Rest,1.75,3.75
S083,08,14,6,-1,Rest,2.0,4.0
S083,08,16,0,-1,Rest,0.5,2.5
S083,08,16,1,-1,Rest,0.75,2.75
S083,08,16,2,-1,Rest,1.0,3.0
S083,08,16,3,-1,Rest,1.25,3.25
S083,08,16,4,-1,Rest,1.5,3.5
S083,08,16,5,-1,Rest,1.75,3.75
S083,08,16,6,-1,Rest,2.0,4.0
S083,08,18,0,-1,Rest,0.5,2.5
S083,08,18,1,-1,Rest,0.75,2.75
S083,08,18,2,-1,Rest,1.0,3.0
S083,08,18,3,-1,Rest,1.25,3.25
S083,08,18,4,-1,Rest,1.5,3.5
S083,08,18,5,-1,Rest,1.75,3.75
S083,08,18,6,-1,Rest,2.0,4.0
S083,08,22,0,-1,Rest,0.5,2.5
S083,08,22,1,-1,Rest,0.75,2.75
S083,08,22,2,-1,Rest,1.0,3.0
S083,08,22,3,-1,Rest,1.25,3.25
S083,08,24,0,-1,Rest,0.5,2.5
S083,08,24,1,-1,Rest,0.75,2.75
S083,08,24,2,-1,Rest,1.0,3.0
S083,08,24,3,-1,Rest,1.25,3.25
S083,08,24,4,-1,Rest,1.5,3.5
S083,08,24,5,-1,Rest,1.75,3.75
S083,08,24,6,-1,Rest,2.0,4.0
S083,12,0,0,-1,Rest,0.5,2.5
S083,12,0,1,-1,Rest,0.75,2.75
S083,12,0,2,-1,Rest,1.0,3.0
S083,12,0,3,-1,Rest,1.25,3.25
S083,12,0,4,-1,Rest,1.5,3.5
S083,12,0,5,-1,Rest,1.75,3.75
S083,12,0,6,-1,Rest,2.0,4.0
S083,12,2,0,-1,Rest,0.5,2.5
S083,12,2,1,-1,Rest,0.75,2.75
S083,12,2,2,-1,Rest,1.0,3.0
S083,12,2,3,-1,Rest,1.25,3.25
S083,12,2,4,-1,Rest,1.5,3.5
S083,12,4,0,-1,Rest,0.5,2.5
S083,12,4,1,-1,Rest,0.75,2.75
S083,12,4,2,-1,Rest,1.0,3.0
S083,12,4,3,-1,Rest,1.25,3.25
S083,12,4,4,-1,Rest,1.5,3.5
S083,12,4,5,-1,Rest,1.75,3.75
S083,12,4,6,-1,Rest,2.0,4.0
S083,12,6,0,-1,Rest,0.5,2.5
S083,12,6,1,-1,Rest,0.75,2.75
S083,12,6,2,-1,Rest,1.0,3.0
S083,12,6,3,-1,Rest,1.25,3.25
S083,12,6,4,-1,Rest,1.5,3.5
S083,12,6,5,-1,Rest,1.75,3.75
S083,12,6,6,-1,Rest,2.0,4.0
S083,12,8,0,-1,Rest,0.5,2.5
S083,12,8,1,-1,Rest,0.75,2.75
S083,12,8,2,-1,Rest,1.0,3.0
S083,12,8,3,-1,Rest,1.25,3.25
S083,12,8,4,-1,Rest,1.5,3.5
S083,12,8,5,-1,Rest,1.75,3.75
S083,12,8,6,-1,Rest,2.0,4.0
S083,12,14,0,-1,Rest,0.5,2.5
S083,12,14,1,-1,Rest,0.75,2.75
S083,12,14,2,-1,Rest,1.0,3.0
S083,12,14,3,-1,Rest,1.25,3.25
S083,12,14,4,-1,Rest,1.5,3.5
S083,12,14,5,-1,Rest,1.75,3.75
S083,12,14,6,-1,Rest,2.0,4.0
S083,12,16,0,-1,Rest,0.5,2.5
S083,12,16,1,-1,Rest,0.75,2.75
S083,12,16,2,-1,Rest,1.0,3.0
S083,12,22,0,-1,Rest,0.5,2.5
S083,12,22,1,-1,Rest,0.75,2.75
S083,12,22,2,-1,Rest,1.0,3.0
S083,12,22,3,-1,Rest,1.25,3.25
S083,12,22,4,-1,Rest,1.5,3.5
S083,12,22,5,-1,Rest,1.75,3.75
S083,12,22,6,-1,Rest,2.0,4.0
S083,12,24,0,-1,Rest,0.5,2.5
S083,12,24,1,-1,Rest,0.75,2.75
S084,04,0,0,-1,Rest,0.5,2.5
S084,04,0,1,-1,Rest,0.75,2.75
S084,04,0,2,-1,Rest,1.0,3.0
S084,04,0,3,-1,Rest,1.25,3.25
S084,04,0,4,-1,Rest,1.5,3.5
S084,04,0,5,-1,Rest,1.75,3.75
S084,04,0,6,-1,Rest,2.0,4.0
S084,04,2,0,-1,Rest,0.5,2.5
S084,04,2,1,-1,Rest,0.75,2.75
S084,04,2,2,-1,Rest,1.0,3.0
S084,04,2,3,-1,Rest,1.25,3.25
S084,04,2,4,-1,Rest,1.5,3.5
S084,04,2,5,-1,Rest,1.75,3.75
S084,04,2,6,-1,Rest,2.0,4.0
S084,04,4,0,-1,Rest,0.5,2.5
S084,04,4,1,-1,Rest,0.75,2.75
S084,04,4,2,-1,Rest,1.0,3.0
S084,04,4,3,-1,Rest,1.25,3.25
S084,04,4,4,-1,Rest,1.5,3.5
S084,04,4,5,-1,Rest,1.75,3.75
S084,04,4,6,-1,Rest,2.0,4.0
S084,04,6,0,-1,Rest,0.5,2.5
S084,04,6,1,-1,Rest,0.75,2.75
S084,04,6,2,-1,Rest,1.0,3.0
S084,04,6,3,-1,Rest,1.25,3.25
S084,04,6,4,-1,Rest,1.5,3.5
S084,04,6,5,-1,Rest,1.75,3.75
S084,04,6,6,-1,Rest,2.0,4.0
S084,04,8,0,-1,Rest,0.5,2.5
S084,04,8,1,-1,Rest,0.75,2.75
S084,04,8,2,-1,Rest,1.0,3.0
S084,04,8,3,-1,Rest,1.25,3.25
S084,04,8,4,-1,Rest,1.5,3.5
S084,04,8,5,-1,Rest,1.75,3.75
S084,04,8,6,-1,Rest,2.0,4.0
S084,04,10,0,-1,Rest,0.5,2.5
S084,04,10,1,-1,Rest,0.75,2.75
S084,04,10,2,-1,Rest,1.0,3.0
S084,04,10,3,-1,Rest,1.25,3.25
S084,04,10,4,-1,Rest,1.5,3.5
S084,04,10,5,-1,Rest,1.75,3.75
S084,04,12,0,-1,Rest,0.5,2.5
S084,04,12,1,-1,Rest,0.75,2.75
S084,04,12,2,-1,Rest,1.0,3.0
S084,04,12,3,-1,Rest,1.25,3.25
S084,04,12,4,-1,Rest,1.5,3.5
S084,04,12,5,-1,Rest,1.75,3.75
S084,04,12,6,-1,Rest,2.0,4.0
S084,04,14,0,-1,Rest,0.5,2.5
S084,04,14,1,-1,Rest,0.75,2.75
S084,04,14,2,-1,Rest,1.0,3.0
S084,04,14,3,-1,Rest,1.25,3.25
S084,04,14,4,-1,Rest,1.5,3.5
S084,04,14,5,-1,Rest,1.75,3.75
S084,04,14,6,-1,Rest,2.0,4.0
S084,04,16,0,-1,Rest,0.5,2.5
S084,04,16,1,-1,Rest,0.75,2.75
S084,04,16,2,-1,Rest,1.0,3.0
S084,04,18,0,-1,Rest,0.5,2.5
S084,04,18,1,-1,Rest,0.75,2.75
S084,04,18,2,-1,Rest,1.0,3.0
S084,04,18,3,-1,Rest,1.25,3.25
S084,04,18,4,-1,Rest,1.5,3.5
S084,04,18,5,-1,Rest,1.75,3.75
S084,04,18,6,-1,Rest,2.0,4.0
S084,04,20,0,-1,Rest,0.5,2.5
S084,04,20,1,-1,Rest,0.75,2.75
S084,04,20,2,-1,Rest,1.0,3.0
S084,04,20,3,-1,Rest,1.25,3.25
S084,04,20,4,-1,Rest,1.5,3.5
S084,04,20,5,-1,Rest,1.75,3.75
S084,04,20,6,-1,Rest,2.0,4.0
S084,04,24,0,-1,Rest,0.5,2.5
S084,04,24,1,-1,Rest,0.75,2.75
S084,04,24,2,-1,Rest,1.0,3.0
S084,04,24,3,-1,Rest,1.25,3.25
S084,04,24,4,-1,Rest,1.5,3.5
S084,04,24,5,-1,Rest,1.75,3.75
S084,04,24,6,-1,Rest,2.0,4.0
S084,04,26,0,-1,Rest,0.5,2.5
S084,04,26,1,-1,Rest,0.75,2.75
S084,04,26,2,-1,Rest,1.0,3.0
S084,04,26,3,-1,Rest,1.25,3.25
S084,04,26,4,-1,Rest,1.5,3.5
S084,04,26,5,-1,Rest,1.75,3.75
S084,04,26,6,-1,Rest,2.0,4.0
S084,04,28,0,-1,Rest,0.5,2.5
S084,04,28,1,-1,Rest,0.75,2.75
S084,04,28,2,-1,Rest,1.0,3.0
S084,04,28,3,-1,Rest,1.25,3.25
S084,04,28,4,-1,Rest,1.5,3.5
S084,04,28,5,-1,Rest,1.75,3.75
S084,04,28,6,-1,Rest,2.0,4.0
S084,08,0,0,-1,Rest,0.5,2.5
S084,08,0,1,-1,Rest,0.75,2.75
S084,08,0,2,-1,Rest,1.0,3.0
S084,08,0,3,-1,Rest,1.25,3.25
S084,08,0,4,-1,Rest,1.5,3.5
S084,08,0,5,-1,Rest,1.75,3.75
S084,08,0,6,-1,Rest,2.0,4.0
S084,08,2,0,-1,Rest,0.5,2.5
S084,08,2,1,-1,Rest,0.75,2.75
S084,08,2,2,-1,Rest,1.0,3.0
S084,08,2,3,-1,Rest,1.25,3.25
S084,08,2,4,-1,Rest,1.5,3.5
S084,08,2,5,-1,Rest,1.75,3.75
S084,08,2,6,-1,Rest,2.0,4.0
S084,08,4,0,-1,Rest,0.5,2.5
S084,08,4,1,-1,Rest,0.75,2.75
S084,08,4,2,-1,Rest,1.0,3.0
S084,08,4,3,-1,Rest,1.25,3.25
S084,08,4,4,-1,Rest,1.5,3.5
S084,08,4,5,-1,Rest,1.75,3.75
S084,08,4,6,-1,Rest,2.0,4.0
S084,08,6,0,-1,Rest,0.5,2.5
S084,08,6,1,-1,Rest,0.75,2.75
S084,08,6,2,-1,Rest,1.0,3.0
S084,08,6,3,-1,Rest,1.25,3.25
S084,08,6,4,-1,Rest,1.5,3.5
S084,08,6,5,-1,Rest,1.75,3.75
S084,08,6,6,-1,Rest,2.0,4.0
S084,08,8,0,-1,Rest,0.5,2.5
S084,08,8,1,-1,Rest,0.75,2.75
S084,08,8,2,-1,Rest,1.0,3.0
S084,08,8,3,-1,Rest,1.25,3.25
S084,08,8,4,-1,Rest,1.5,3.5
S084,08,8,5,-1,Rest,1.75,3.75
S084,08,8,6,-1,Rest,2.0,4.0
S084,08,10,0,-1,Rest,0.5,2.5
S084,08,10,1,-1,Rest,0.75,2.75
S084,08,10,2,-1,Rest,1.0,3.0
S084,08,10,3,-1,Rest,1.25,3.25
S084,08,10,4,-1,Rest,1.5,3.5
S084,08,10,5,-1,Rest,1.75,3.75
S084,08,10,6,-1,Rest,2.0,4.0
S084,08,12,0,-1,Rest,0.5,2.5
S084,08,12,1,-1,Rest,0.75,2.75
S084,08,12,2,-1,Rest,1.0,3.0
S084,08,12,3,-1,Rest,1.25,3.25
S084,08,12,4,-1,Rest,1.5,3.5
S084,08,12,5,-1,Rest,1.75,3.75
S084,08,12,6,-1,Rest,2.0,4.0
S084,08,14,0,-1,Rest,0.5,2.5
S084,08,14,1,-1,Rest,0.75,2.75
S084,08,14,2,-1,Rest,1.0,3.0
S084,08,14,3,-1,Rest,1.25,3.25
S084,08,14,4,-1,Rest,1.5,3.5
S084,08,14,5,-1,Rest,1.75,3.75
S084,08,14,6,-1,Rest,2.0,4.0
S084,08,16,0,-1,Rest,0.5,2.5
S084,08,16,1,-1,Rest,0.75,2.75
S084,08,16,2,-1,Rest,1.0,3.0
S084,08,16,3,-1,Rest,1.25,3.25
S084,08,16,4,-1,Rest,1.5,3.5
S084,08,16,5,-1,Rest,1.75,3.75
S084,08,18,0,-1,Rest,0.5,2.5
S084,08,18,1,-1,Rest,0.75,2.75
S084,08,18,2,-1,Rest,1.0,3.0
S084,08,18,3,-1,Rest,1.25,3.25
S084,08,18,4,-1,Rest,1.5,3.5
S084,08,18,5,-1,Rest,1.75,3.75
S084,08,18,6,-1,Rest,2.0,4.0
S084,08,20,0,-1,Rest,0.5,2.5
S084,08,20,1,-1,Rest,0.75,2.75
S084,08,20,2,-1,Rest,1.0,3.0
S084,08,20,3,-1,Rest,1.25,3.25
S084,08,20,4,-1,Rest,1.5,3.5
S084,08,20,5,-1,Rest,1.75,3.75
S084,08,20,6,-1,Rest,2.0,4.0
S084,08,22,0,-1,Rest,0.5,2.5
S084,08,22,1,-1,Rest,0.75,2.75
S084,08,22,2,-1,Rest,1.0,3.0
S084,08,22,3,-1,Rest,1.25,3.25
S084,08,22,4,-1,Rest,1.5,3.5
S084,08,22,5,-1,Rest,1.75,3.75
S084,08,22,6,-1,Rest,2.0,4.0
S084,08,24,0,-1,Rest,0.5,2.5
S084,08,24,1,-1,Rest,0.75,2.75
S084,08,24,2,-1,Rest,1.0,3.0
S084,08,24,3,-1,Rest,1.25,3.25
S084,08,24,4,-1,Rest,1.5,3.5
S084,08,24,5,-1,Rest,1.75,3.75
S084,08,24,6,-1,Rest,2.0,4.0
S084,08,28,0,-1,Rest,0.5,2.5
S084,08,28,1,-1,Rest,0.75,2.75
S084,08,28,2,-1,Rest,1.0,3.0
S084,08,28,3,-1,Rest,1.25,3.25
S084,08,28,4,-1,Rest,1.5,3.5
S084,08,28,5,-1,Rest,1.75,3.75
S084,08,28,6,-1,Rest,2.0,4.0
S084,12,0,0,-1,Rest,0.5,2.5
S084,12,0,1,-1,Rest,0.75,2.75
S084,12,0,2,-1,Rest,1.0,3.0
S084,12,0,3,-1,Rest,1.25,3.25
S084,12,0,4,-1,Rest,1.5,3.5
S084,12,0,5,-1,Rest,1.75,3.75
S084,12,0,6,-1,Rest,2.0,4.0
S084,12,2,0,-1,Rest,0.5,2.5
S084,12,2,1,-1,Rest,0.75,2.75
S084,12,2,2,-1,Rest,1.0,3.0
S084,12,2,3,-1,Rest,1.25,3.25
S084,12,2,4,-1,Rest,1.5,3.5
S084,12,2,5,-1,Rest,1.75,3.75
S084,12,2,6,-1,Rest,2.0,4.0
S084,12,4,3,-1,Rest,1.25,3.25
S084,12,4,4,-1,Rest,1.5,3.5
S084,12,4,5,-1,Rest,1.75,3.75
S084,12,4,6,-1,Rest,2.0,4.0
S084,12,6,0,-1,Rest,0.5,2.5
S084,12,6,1,-1,Rest,0.75,2.75
S084,12,6,2,-1,Rest,1.0,3.0
S084,12,6,3,-1,Rest,1.25,3.25
S084,12,6,4,-1,Rest,1.5,3.5
S084,12,6,5,-1,Rest,1.75,3.75
S084,12,6,6,-1,Rest,2.0,4.0
S084,12,8,0,-1,Rest,0.5,2.5
S084,12,8,1,-1,Rest,0.75,2.75
S084,12,8,2,-1,Rest,1.0,3.0
S084,12,8,3,-1,Rest,1.25,3.25
S084,12,8,4,-1,Rest,1.5,3.5
S084,12,10,0,-1,Rest,0.5,2.5
S084,12,10,1,-1,Rest,0.75,2.75
S084,12,10,2,-1,Rest,1.0,3.0
S084,12,10,3,-1,Rest,1.25,3.25
S084,12,10,4,-1,Rest,1.5,3.5
S084,12,10,5,-1,Rest,1.75,3.75
S084,12,10,6,-1,Rest,2.0,4.0
S084,12,12,0,-1,Rest,0.5,2.5
S084,12,12,1,-1,Rest,0.75,2.75
S084,12,12,2,-1,Rest,1.0,3.0
S084,12,12,3,-1,Rest,1.25,3.25
S084,12,12,4,-1,Rest,1.5,3.5
S084,12,12,5,-1,Rest,1.75,3.75
S084,12,12,6,-1,Rest,2.0,4.0
S084,12,14,0,-1,Rest,0.5,2.5
S084,12,14,1,-1,Rest,0.75,2.75
S084,12,14,2,-1,Rest,1.0,3.0
S084,12,16,0,-1,Rest,0.5,2.5
S084,12,16,1,-1,Rest,0.75,2.75
S084,12,16,2,-1,Rest,1.0,3.0
S084,12,16,3,-1,Rest,1.25,3.25
S084,12,16,4,-1,Rest,1.5,3.5
S084,12,16,5,-1,Rest,1.75,3.75
S084,12,16,6,-1,Rest,2.0,4.0
S084,12,18,0,-1,Rest,0.5,2.5
S084,12,18,1,-1,Rest,0.75,2.75
S084,12,18,2,-1,Rest,1.0,3.0
S084,12,18,3,-1,Rest,1.25,3.25
S084,12,18,4,-1,Rest,1.5,3.5
S084,12,18,5,-1,Rest,1.75,3.75
S084,12,18,6,-1,Rest,2.0,4.0
S084,12,20,4,-1,Rest,1.5,3.5
S084,12,20,5,-1,Rest,1.75,3.75
S084,12,20,6,-1,Rest,2.0,4.0
S084,12,22,5,-1,Rest,1.75,3.75
S084,12,22,6,-1,Rest,2.0,4.0
S084,12,24,0,-1,Rest,0.5,2.5
S084,12,24,1,-1,Rest,0.75,2.75
S084,12,24,2,-1,Rest,1.0,3.0
S084,12,24,3,-1,Rest,1.25,3.25
S084,12,24,4,-1,Rest,1.5,3.5
S084,12,24,5,-1,Rest,1.75,3.75
S084,12,24,6,-1,Rest,2.0,4.0
S084,12,26,0,-1,Rest,0.5,2.5
S084,12,26,1,-1,Rest,0.75,2.75
S084,12,26,2,-1,Rest,1.0,3.0
S084,12,26,3,-1,Rest,1.25,3.25
S084,12,26,4,-1,Rest,1.5,3.5
S084,12,26,5,-1,Rest,1.75,3.75
S084,12,26,6,-1,Rest,2.0,4.0
S086,04,0,0,-1,Rest,0.5,2.5
S086,04,0,1,-1,Rest,0.75,2.75
S086,04,0,2,-1,Rest,1.0,3.0
S086,04,0,3,-1,Rest,1.25,3.25
S086,04,0,4,-1,Rest,1.5,3.5
S086,04,0,5,-1,Rest,1.75,3.75
S086,04,0,6,-1,Rest,2.0,4.0
S086,04,2,0,-1,Rest,0.5,2.5
S086,04,2,1,-1,Rest,0.75,2.75
S086,04,2,2,-1,Rest,1.0,3.0
S086,04,2,3,-1,Rest,1.25,3.25
S086,04,2,4,-1,Rest,1.5,3.5
S086,04,2,5,-1,Rest,1.75,3.75
S086,04,2,6,-1,Rest,2.0,4.0
S086,04,4,0,-1,Rest,0.5,2.5
S086,04,4,1,-1,Rest,0.75,2.75
S086,04,4,2,-1,Rest,1.0,3.0
S086,04,4,3,-1,Rest,1.25,3.25
S086,04,4,4,-1,Rest,1.5,3.5
S086,04,4,5,-1,Rest,1.75,3.75
S086,04,4,6,-1,Rest,2.0,4.0
S086,04,6,0,-1,Rest,0.5,2.5
S086,04,6,1,-1,Rest,0.75,2.75
S086,04,6,2,-1,Rest,1.0,3.0
S086,04,6,3,-1,Rest,1.25,3.25
S086,04,6,4,-1,Rest,1.5,3.5
S086,04,6,5,-1,Rest,1.75,3.75
S086,04,6,6,-1,Rest,2.0,4.0
S086,04,8,0,-1,Rest,0.5,2.5
S086,04,8,1,-1,Rest,0.75,2.75
S086,04,8,2,-1,Rest,1.0,3.0
S086,04,8,3,-1,Rest,1.25,3.25
S086,04,8,4,-1,Rest,1.5,3.5
S086,04,8,5,-1,Rest,1.75,3.75
S086,04,8,6,-1,Rest,2.0,4.0
S086,04,10,0,-1,Rest,0.5,2.5
S086,04,10,1,-1,Rest,0.75,2.75
S086,04,10,2,-1,Rest,1.0,3.0
S086,04,10,3,-1,Rest,1.25,3.25
S086,04,10,4,-1,Rest,1.5,3.5
S086,04,10,5,-1,Rest,1.75,3.75
S086,04,10,6,-1,Rest,2.0,4.0
S086,04,12,0,-1,Rest,0.5,2.5
S086,04,12,1,-1,Rest,0.75,2.75
S086,04,12,2,-1,Rest,1.0,3.0
S086,04,12,3,-1,Rest,1.25,3.25
S086,04,12,4,-1,Rest,1.5,3.5
S086,04,12,5,-1,Rest,1.75,3.75
S086,04,12,6,-1,Rest,2.0,4.0
S086,04,14,0,-1,Rest,0.5,2.5
S086,04,14,1,-1,Rest,0.75,2.75
S086,04,14,2,-1,Rest,1.0,3.0
S086,04,14,3,-1,Rest,1.25,3.25
S086,04,14,4,-1,Rest,1.5,3.5
S086,04,14,5,-1,Rest,1.75,3.75
S086,04,14,6,-1,Rest,2.0,4.0
S086,04,16,0,-1,Rest,0.5,2.5
S086,04,16,1,-1,Rest,0.75,2.75
S086,04,16,2,-1,Rest,1.0,3.0
S086,04,16,3,-1,Rest,1.25,3.25
S086,04,16,4,-1,Rest,1.5,3.5
S086,04,16,5,-1,Rest,1.75,3.75
S086,04,16,6,-1,Rest,2.0,4.0
S086,04,18,1,-1,Rest,0.75,2.75
S086,04,18,2,-1,Rest,1.0,3.0
S086,04,18,3,-1,Rest,1.25,3.25
S086,04,18,4,-1,Rest,1.5,3.5
S086,04,18,5,-1,Rest,1.75,3.75
S086,04,18,6,-1,Rest,2.0,4.0
S086,04,20,0,-1,Rest,0.5,2.5
S086,04,20,1,-1,Rest,0.75,2.75
S086,04,20,2,-1,Rest,1.0,3.0
S086,04,20,3,-1,Rest,1.25,3.25
S086,04,20,4,-1,Rest,1.5,3.5
S086,04,20,5,-1,Rest,1.75,3.75
S086,04,20,6,-1,Rest,2.0,4.0
S086,04,22,1,-1,Rest,0.75,2.75
S086,04,22,2,-1,Rest,1.0,3.0
S086,04,22,3,-1,Rest,1.25,3.25
S086,04,22,4,-1,Rest,1.5,3.5
S086,04,22,5,-1,Rest,1.75,3.75
S086,04,22,6,-1,Rest,2.0,4.0
S086,04,24,0,-1,Rest,0.5,2.5
S086,04,24,1,-1,Rest,0.75,2.75
S086,04,24,2,-1,Rest,1.0,3.0
S086,04,24,3,-1,Rest,1.25,3.25
S086,04,24,4,-1,Rest,1.5,3.5
S086,04,24,5,-1,Rest,1.75,3.75
S086,04,24,6,-1,Rest,2.0,4.0
S086,04,26,0,-1,Rest,0.5,2.5
S086,04,26,1,-1,Rest,0.75,2.75
S086,04,26,2,-1,Rest,1.0,3.0
S086,04,26,3,-1,Rest,1.25,3.25
S086,04,26,4,-1,Rest,1.5,3.5
S086,04,26,5,-1,Rest,1.75,3.75
S086,04,26,6,-1,Rest,2.0,4.0
S086,04,28,0,-1,Rest,0.5,2.5
S086,04,28,1,-1,Rest,0.75,2.75
S086,04,28,2,-1,Rest,1.0,3.0
S086,04,28,3,-1,Rest,1.25,3.25
S086,04,28,4,-1,Rest,1.5,3.5
S086,04,28,5,-1,Rest,1.75,3.75
S086,04,28,6,-1,Rest,2.0,4.0
S086,08,0,0,-1,Rest,0.5,2.5
S086,08,0,1,-1,Rest,0.75,2.75
S086,08,0,2,-1,Rest,1.0,3.0
S086,08,0,3,-1,Rest,1.25,3.25
S086,08,0,4,-1,Rest,1.5,3.5
S086,08,0,5,-1,Rest,1.75,3.75
S086,08,0,6,-1,Rest,2.0,4.0
S086,08,2,1,-1,Rest,0.75,2.75
S086,08,2,2,-1,Rest,1.0,3.0
S086,08,2,3,-1,Rest,1.25,3.25
S086,08,2,4,-1,Rest,1.5,3.5
S086,08,2,5,-1,Rest,1.75,3.75
S086,08,2,6,-1,Rest,2.0,4.0
S086,08,4,0,-1,Rest,0.5,2.5
S086,08,4,1,-1,Rest,0.75,2.75
S086,08,6,2,-1,Rest,1.0,3.0
S086,08,6,3,-1,Rest,1.25,3.25
S086,08,6,4,-1,Rest,1.5,3.5
S086,08,6,5,-1,Rest,1.75,3.75
S086,08,6,6,-1,Rest,2.0,4.0
S086,08,8,0,-1,Rest,0.5,2.5
S086,08,8,1,-1,Rest,0.75,2.75
S086,08,8,2,-1,Rest,1.0,3.0
S086,08,8,3,-1,Rest,1.25,3.25
S086,08,8,4,-1,Rest,1.5,3.5
S086,08,8,5,-1,Rest,1.75,3.75
S086,08,8,6,-1,Rest,2.0,4.0
S086,08,10,0,-1,Rest,0.5,2.5
S086,08,10,1,-1,Rest,0.75,2.75
S086,08,10,2,-1,Rest,1.0,3.0
S086,08,10,3,-1,Rest,1.25,3.25
S086,08,10,4,-1,Rest,1.5,3.5
S086,08,10,5,-1,Rest,1.75,3.75
S086,08,10,6,-1,Rest,2.0,4.0
S086,08,12,0,-1,Rest,0.5,2.5
S086,08,12,1,-1,Rest,0.75,2.75
S086,08,14,0,-1,Rest,0.5,2.5
S086,08,14,1,-1,Rest,0.75,2.75
S086,08,14,2,-1,Rest,1.0,3.0
S086,08,14,3,-1,Rest,1.25,3.25
S086,08,14,4,-1,Rest,1.5,3.5
S086,08,14,5,-1,Rest,1.75,3.75
S086,08,14,6,-1,Rest,2.0,4.0
S086,08,16,0,-1,Rest,0.5,2.5
S086,08,16,1,-1,Rest,0.75,2.75
S086,08,16,2,-1,Rest,1.0,3.0
S086,08,16,3,-1,Rest,1.25,3.25
S086,08,16,4,-1,Rest,1.5,3.5
S086,08,16,5,-1,Rest,1.75,3.75
S086,08,16,6,-1,Rest,2.0,4.0
S086,08,18,0,-1,Rest,0.5,2.5
S086,08,18,1,-1,Rest,0.75,2.75
S086,08,18,2,-1,Rest,1.0,3.0
S086,08,18,3,-1,Rest,1.25,3.25
S086,08,18,4,-1,Rest,1.5,3.5
S086,08,18,5,-1,Rest,1.75,3.75
S086,08,18,6,-1,Rest,2.0,4.0
S086,08,20,0,-1,Rest,0.5,2.5
S086,08,20,1,-1,Rest,0.75,2.75
S086,08,20,2,-1,Rest,1.0,3.0
S086,08,20,3,-1,Rest,1.25,3.25
S086,08,20,4,-1,Rest,1.5,3.5
S086,08,20,5,-1,Rest,1.75,3.75
S086,08,20,6,-1,Rest,2.0,4.0
S086,08,22,0,-1,Rest,0.5,2.5
S086,08,22,1,-1,Rest,0.75,2.75
S086,08,22,2,-1,Rest,1.0,3.0
S086,08,22,3,-1,Rest,1.25,3.25
S086,08,22,4,-1,Rest,1.5,3.5
S086,08,22,5,-1,Rest,1.75,3.75
S086,08,22,6,-1,Rest,2.0,4.0
S086,08,24,0,-1,Rest,0.5,2.5
S086,08,24,1,-1,Rest,0.75,2.75
S086,08,24,2,-1,Rest,1.0,3.0
S086,08,24,3,-1,Rest,1.25,3.25
S086,08,24,4,-1,Rest,1.5,3.5
S086,08,24,5,-1,Rest,1.75,3.75
S086,08,24,6,-1,Rest,2.0,4.0
S086,08,26,0,-1,Rest,0.5,2.5
S086,08,26,1,-1,Rest,0.75,2.75
S086,08,26,2,-1,Rest,1.0,3.0
S086,08,26,3,-1,Rest,1.25,3.25
S086,08,26,4,-1,Rest,1.5,3.5
S086,08,26,5,-1,Rest,1.75,3.75
S086,08,26,6,-1,Rest,2.0,4.0
S086,08,28,0,-1,Rest,0.5,2.5
S086,08,28,1,-1,Rest,0.75,2.75
S086,08,28,2,-1,Rest,1.0,3.0
S086,08,28,3,-1,Rest,1.25,3.25
S086,08,28,4,-1,Rest,1.5,3.5
S086,08,28,5,-1,Rest,1.75,3.75
S086,08,28,6,-1,Rest,2.0,4.0
S086,12,0,0,-1,Rest,0.5,2.5
S086,12,0,1,-1,Rest,0.75,2.75
S086,12,0,2,-1,Rest,1.0,3.0
S086,12,0,3,-1,Rest,1.25,3.25
S086,12,0,4,-1,Rest,1.5,3.5
S086,12,0,5,-1,Rest,1.75,3.75
S086,12,0,6,-1,Rest,2.0,4.0
S086,12,2,0,-1,Rest,0.5,2.5
S086,12,2,1,-1,Rest,0.75,2.75
S086,12,2,2,-1,Rest,1.0,3.0
S086,12,2,3,-1,Rest,1.25,3.25
S086,12,2,4,-1,Rest,1.5,3.5
S086,12,2,5,-1,Rest,1.75,3.75
S086,12,2,6,-1,Rest,2.0,4.0
S086,12,4,0,-1,Rest,0.5,2.5
S086,12,4,1,-1,Rest,0.75,2.75
S086,12,4,2,-1,Rest,1.0,3.0
S086,12,4,3,-1,Rest,1.25,3.25
S086,12,4,4,-1,Rest,1.5,3.5
S086,12,4,5,-1,Rest,1.75,3.75
S086,12,4,6,-1,Rest,2.0,4.0
S086,12,6,0,-1,Rest,0.5,2.5
S086,12,6,1,-1,Rest,0.75,2.75
S086,12,6,2,-1,Rest,1.0,3.0
S086,12,6,3,-1,Rest,1.25,3.25
S086,12,6,4,-1,Rest,1.5,3.5
S086,12,6,5,-1,Rest,1.75,3.75
S086,12,6,6,-1,Rest,2.0,4.0
S086,12,8,0,-1,Rest,0.5,2.5
S086,12,8,1,-1,Rest,0.75,2.75
S086,12,8,2,-1,Rest,1.0,3.0
S086,12,8,3,-1,Rest,1.25,3.25
S086,12,8,4,-1,Rest,1.5,3.5
S086,12,8,5,-1,Rest,1.75,3.75
S086,12,8,6,-1,Rest,2.0,4.0
S086,12,10,0,-1,Rest,0.5,2.5
S086,12,10,1,-1,Rest,0.75,2.75
S086,12,10,2,-1,Rest,1.0,3.0
S086,12,10,3,-1,Rest,1.25,3.25
S086,12,10,4,-1,Rest,1.5,3.5
S086,12,10,5,-1,Rest,1.75,3.75
S086,12,10,6,-1,Rest,2.0,4.0
S086,12,12,0,-1,Rest,0.5,2.5
S086,12,12,1,-1,Rest,0.75,2.75
S086,12,12,2,-1,Rest,1.0,3.0
S086,12,12,3,-1,Rest,1.25,3.25
S086,12,12,4,-1,Rest,1.5,3.5
S086,12,12,5,-1,Rest,1.75,3.75
S086,12,12,6,-1,Rest,2.0,4.0
S086,12,14,0,-1,Rest,0.5,2.5
S086,12,14,1,-1,Rest,0.75,2.75
S086,12,14,2,-1,Rest,1.0,3.0
S086,12,14,3,-1,Rest,1.25,3.25
S086,12,14,4,-1,Rest,1.5,3.5
S086,12,14,5,-1,Rest,1.75,3.75
S086,12,14,6,-1,Rest,2.0,4.0
S086,12,16,0,-1,Rest,0.5,2.5
S086,12,16,1,-1,Rest,0.75,2.75
S086,12,16,2,-1,Rest,1.0,3.0
S086,12,16,3,-1,Rest,1.25,3.25
S086,12,16,4,-1,Rest,1.5,3.5
S086,12,16,5,-1,Rest,1.75,3.75
S086,12,16,6,-1,Rest,2.0,4.0
S086,12,18,0,-1,Rest,0.5,2.5
S086,12,18,1,-1,Rest,0.75,2.75
S086,12,18,2,-1,Rest,1.0,3.0
S086,12,18,3,-1,Rest,1.25,3.25
S086,12,18,4,-1,Rest,1.5,3.5
S086,12,18,5,-1,Rest,1.75,3.75
S086,12,18,6,-1,Rest,2.0,4.0
S086,12,20,0,-1,Rest,0.5,2.5
S086,12,20,1,-1,Rest,0.75,2.75
S086,12,20,2,-1,Rest,1.0,3.0
S086,12,20,3,-1,Rest,1.25,3.25
S086,12,20,4,-1,Rest,1.5,3.5
S086,12,20,5,-1,Rest,1.75,3.75
S086,12,20,6,-1,Rest,2.0,4.0
S086,12,22,0,-1,Rest,0.5,2.5
S086,12,22,1,-1,Rest,0.75,2.75
S086,12,22,2,-1,Rest,1.0,3.0
S086,12,22,3,-1,Rest,1.25,3.25
S086,12,22,4,-1,Rest,1.5,3.5
S086,12,22,5,-1,Rest,1.75,3.75
S086,12,22,6,-1,Rest,2.0,4.0
S086,12,24,0,-1,Rest,0.5,2.5
S086,12,24,1,-1,Rest,0.75,2.75
S086,12,24,2,-1,Rest,1.0,3.0
S086,12,24,3,-1,Rest,1.25,3.25
S086,12,24,4,-1,Rest,1.5,3.5
S086,12,24,5,-1,Rest,1.75,3.75
S086,12,24,6,-1,Rest,2.0,4.0
S086,12,26,0,-1,Rest,0.5,2.5
S086,12,26,1,-1,Rest,0.75,2.75
S086,12,26,2,-1,Rest,1.0,3.0
S086,12,26,3,-1,Rest,1.25,3.25
S086,12,26,4,-1,Rest,1.5,3.5
S086,12,26,5,-1,Rest,1.75,3.75
S086,12,26,6,-1,Rest,2.0,4.0
S086,12,28,0,-1,Rest,0.5,2.5
S086,12,28,1,-1,Rest,0.75,2.75
S086,12,28,2,-1,Rest,1.0,3.0
S086,12,28,3,-1,Rest,1.25,3.25
S086,12,28,4,-1,Rest,1.5,3.5
S086,12,28,5,-1,Rest,1.75,3.75
S086,12,28,6,-1,Rest,2.0,4.0
S087,04,0,0,-1,Rest,0.5,2.5
S087,04,0,1,-1,Rest,0.75,2.75
S087,04,0,2,-1,Rest,1.0,3.0
S087,04,0,3,-1,Rest,1.25,3.25
S087,04,0,4,-1,Rest,1.5,3.5
S087,04,0,5,-1,Rest,1.75,3.75
S087,04,0,6,-1,Rest,2.0,4.0
S087,04,2,0,-1,Rest,0.5,2.5
S087,04,2,1,-1,Rest,0.75,2.75
S087,04,2,2,-1,Rest,1.0,3.0
S087,04,2,3,-1,Rest,1.25,3.25
S087,04,2,4,-1,Rest,1.5,3.5
S087,04,2,5,-1,Rest,1.75,3.75
S087,04,2,6,-1,Rest,2.0,4.0
S087,04,4,0,-1,Rest,0.5,2.5
S087,04,4,1,-1,Rest,0.75,2.75
S087,04,4,2,-1,Rest,1.0,3.0
S087,04,4,3,-1,Rest,1.25,3.25
S087,04,4,4,-1,Rest,1.5,3.5
S087,04,4,5,-1,Rest,1.75,3.75
S087,04,4,6,-1,Rest,2.0,4.0
S087,04,6,0,-1,Rest,0.5,2.5
S087,04,6,1,-1,Rest,0.75,2.75
S087,04,6,2,-1,Rest,1.0,3.0
S087,04,6,3,-1,Rest,1.25,3.25
S087,04,6,4,-1,Rest,1.5,3.5
S087,04,6,5,-1,Rest,1.75,3.75
S087,04,6,6,-1,Rest,2.0,4.0
S087,04,10,0,-1,Rest,0.5,2.5
S087,04,10,1,-1,Rest,0.75,2.75
S087,04,10,2,-1,Rest,1.0,3.0
S087,04,10,3,-1,Rest,1.25,3.25
S087,04,12,0,-1,Rest,0.5,2.5
S087,04,12,1,-1,Rest,0.75,2.75
S087,04,12,2,-1,Rest,1.0,3.0
S087,04,12,3,-1,Rest,1.25,3.25
S087,04,12,4,-1,Rest,1.5,3.5
S087,04,12,5,-1,Rest,1.75,3.75
S087,04,12,6,-1,Rest,2.0,4.0
S087,04,14,4,-1,Rest,1.5,3.5
S087,04,14,5,-1,Rest,1.75,3.75
S087,04,14,6,-1,Rest,2.0,4.0
S087,04,16,3,-1,Rest,1.25,3.25
S087,04,16,4,-1,Rest,1.5,3.5
S087,04,16,5,-1,Rest,1.75,3.75
S087,04,16,6,-1,Rest,2.0,4.0
S087,04,18,0,-1,Rest,0.5,2.5
S087,04,18,1,-1,Rest,0.75,2.75
S087,04,18,2,-1,Rest,1.0,3.0
S087,04,18,3,-1,Rest,1.25,3.25
S087,04,18,4,-1,Rest,1.5,3.5
S087,04,18,5,-1,Rest,1.75,3.75
S087,04,18,6,-1,Rest,2.0,4.0
S087,04,20,0,-1,Rest,0.5,2.5
S087,04,20,1,-1,Rest,0.75,2.75
S087,04,20,2,-1,Rest,1.0,3.0
S087,04,20,3,-1,Rest,1.25,3.25
S087,04,20,4,-1,Rest,1.5,3.5
S087,04,20,5,-1,Rest,1.75,3.75
S087,04,20,6,-1,Rest,2.0,4.0
S087,04,22,4,-1,Rest,1.5,3.5
S087,04,22,5,-1,Rest,1.75,3.75
S087,04,22,6,-1,Rest,2.0,4.0
S087,04,24,0,-1,Rest,0.5,2.5
S087,04,24,1,-1,Rest,0.75,2.75
S087,04,24,2,-1,Rest,1.0,3.0
S087,04,24,3,-1,Rest,1.25,3.25
S087,04,24,4,-1,Rest,1.5,3.5
S087,04,24,5,-1,Rest,1.75,3.75
S087,04,24,6,-1,Rest,2.0,4.0
S087,04,26,6,-1,Rest,2.0,4.0
S087,04,28,0,-1,Rest,0.5,2.5
S087,04,28,1,-1,Rest,0.75,2.75
S087,04,28,2,-1,Rest,1.0,3.0
S087,04,28,3,-1,Rest,1.25,3.25
S087,04,28,4,-1,Rest,1.5,3.5
S087,04,28,5,-1,Rest,1.75,3.75
S087,04,28,6,-1,Rest,2.0,4.0
S087,08,0,0,-1,Rest,0.5,2.5
S087,08,0,1,-1,Rest,0.75,2.75
S087,08,0,2,-1,Rest,1.0,3.0
S087,08,0,3,-1,Rest,1.25,3.25
S087,08,0,4,-1,Rest,1.5,3.5
S087,08,0,5,-1,Rest,1.75,3.75
S087,08,0,6,-1,Rest,2.0,4.0
S087,08,4,0,-1,Rest,0.5,2.5
S087,08,4,1,-1,Rest,0.75,2.75
S087,08,4,2,-1,Rest,1.0,3.0
S087,08,4,3,-1,Rest,1.25,3.25
S087,08,4,4,-1,Rest,1.5,3.5
S087,08,4,5,-1,Rest,1.75,3.75
S087,08,4,6,-1,Rest,2.0,4.0
S087,08,6,0,-1,Rest,0.5,2.5
S087,08,6,1,-1,Rest,0.75,2.75
S087,08,6,2,-1,Rest,1.0,3.0
S087,08,6,3,-1,Rest,1.25,3.25
S087,08,6,4,-1,Rest,1.5,3.5
S087,08,6,5,-1,Rest,1.75,3.75
S087,08,6,6,-1,Rest,2.0,4.0
S087,08,8,0,-1,Rest,0.5,2.5
S087,08,8,1,-1,Rest,0.75,2.75
S087,08,8,2,-1,Rest,1.0,3.0
S087,08,8,3,-1,Rest,1.25,3.25
S087,08,8,4,-1,Rest,1.5,3.5
S087,08,8,5,-1,Rest,1.75,3.75
S087,08,8,6,-1,Rest,2.0,4.0
S087,08,10,0,-1,Rest,0.5,2.5
S087,08,10,1,-1,Rest,0.75,2.75
S087,08,10,2,-1,Rest,1.0,3.0
S087,08,10,3,-1,Rest,1.25,3.25
S087,08,10,4,-1,Rest,1.5,3.5
S087,08,10,5,-1,Rest,1.75,3.75
S087,08,14,0,-1,Rest,0.5,2.5
S087,08,14,1,-1,Rest,0.75,2.75
S087,08,14,2,-1,Rest,1.0,3.0
S087,08,14,3,-1,Rest,1.25,3.25
S087,08,14,4,-1,Rest,1.5,3.5
S087,08,14,5,-1,Rest,1.75,3.75
S087,08,14,6,-1,Rest,2.0,4.0
S087,08,16,0,-1,Rest,0.5,2.5
S087,08,16,1,-1,Rest,0.75,2.75
S087,08,16,2,-1,Rest,1.0,3.0
S087,08,16,3,-1,Rest,1.25,3.25
S087,08,16,4,-1,Rest,1.5,3.5
S087,08,16,5,-1,Rest,1.75,3.75
S087,08,16,6,-1,Rest,2.0,4.0
S087,08,18,0,-1,Rest,0.5,2.5
S087,08,18,1,-1,Rest,0.75,2.75
S087,08,18,2,-1,Rest,1.0,3.0
S087,08,18,3,-1,Rest,1.25,3.25
S087,08,18,4,-1,Rest,1.5,3.5
S087,08,18,5,-1,Rest,1.75,3.75
S087,08,18,6,-1,Rest,2.0,4.0
S087,08,20,3,-1,Rest,1.25,3.25
S087,08,20,4,-1,Rest,1.5,3.5
S087,08,20,5,-1,Rest,1.75,3.75
S087,08,20,6,-1,Rest,2.0,4.0
S087,08,22,0,-1,Rest,0.5,2.5
S087,08,22,1,-1,Rest,0.75,2.75
S087,08,22,2,-1,Rest,1.0,3.0
S087,08,22,3,-1,Rest,1.25,3.25
S087,08,22,4,-1,Rest,1.5,3.5
S087,08,22,5,-1,Rest,1.75,3.75
S087,08,22,6,-1,Rest,2.0,4.0
S087,08,24,0,-1,Rest,0.5,2.5
S087,08,24,1,-1,Rest,0.75,2.75
S087,08,24,2,-1,Rest,1.0,3.0
S087,08,24,3,-1,Rest,1.25,3.25
S087,08,24,4,-1,Rest,1.5,3.5
S087,08,24,5,-1,Rest,1.75,3.75
S087,08,26,0,-1,Rest,0.5,2.5
S087,08,26,1,-1,Rest,0.75,2.75
S087,08,26,2,-1,Rest,1.0,3.0
S087,08,26,3,-1,Rest,1.25,3.25
S087,08,26,4,-1,Rest,1.5,3.5
S087,08,26,5,-1,Rest,1.75,3.75
S087,08,26,6,-1,Rest,2.0,4.0
S087,08,28,0,-1,Rest,0.5,2.5
S087,08,28,1,-1,Rest,0.75,2.75
S087,08,28,2,-1,Rest,1.0,3.0
S087,08,28,3,-1,Rest,1.25,3.25
S087,08,28,4,-1,Rest,1.5,3.5
S087,08,28,5,-1,Rest,1.75,3.75
S087,08,28,6,-1,Rest,2.0,4.0
S087,12,0,0,-1,Rest,0.5,2.5
S087,12,0,1,-1,Rest,0.75,2.75
S087,12,0,2,-1,Rest,1.0,3.0
S087,12,0,3,-1,Rest,1.25,3.25
S087,12,0,4,-1,Rest,1.5,3.5
S087,12,0,5,-1,Rest,1.75,3.75
S087,12,0,6,-1,Rest,2.0,4.0
S087,12,2,4,-1,Rest,1.5,3.5
S087,12,2,5,-1,Rest,1.75,3.75
S087,12,2,6,-1,Rest,2.0,4.0
S087,12,4,0,-1,Rest,0.5,2.5
S087,12,4,1,-1,Rest,0.75,2.75
S087,12,4,2,-1,Rest,1.0,3.0
S087,12,4,3,-1,Rest,1.25,3.25
S087,12,4,4,-1,Rest,1.5,3.5
S087,12,4,5,-1,Rest,1.75,3.75
S087,12,4,6,-1,Rest,2.0,4.0
S087,12,6,0,-1,Rest,0.5,2.5
S087,12,6,1,-1,Rest,0.75,2.75
S087,12,6,2,-1,Rest,1.0,3.0
S087,12,6,3,-1,Rest,1.25,3.25
S087,12,6,4,-1,Rest,1.5,3.5
S087,12,6,5,-1,Rest,1.75,3.75
S087,12,10,0,-1,Rest,0.5,2.5
S087,12,10,1,-1,Rest,0.75,2.75
S087,12,10,2,-1,Rest,1.0,3.0
S087,12,10,3,-1,Rest,1.25,3.25
S087,12,10,4,-1,Rest,1.5,3.5
S087,12,12,1,-1,Rest,0.75,2.75
S087,12,12,2,-1,Rest,1.0,3.0
S087,12,12,3,-1,Rest,1.25,3.25
S087,12,12,4,-1,Rest,1.5,3.5
S087,12,12,5,-1,Rest,1.75,3.75
S087,12,12,6,-1,Rest,2.0,4.0
S087,12,14,4,-1,Rest,1.5,3.5
S087,12,14,5,-1,Rest,1.75,3.75
S087,12,14,6,-1,Rest,2.0,4.0
S087,12,16,0,-1,Rest,0.5,2.5
S087,12,16,1,-1,Rest,0.75,2.75
S087,12,16,2,-1,Rest,1.0,3.0
S087,12,16,3,-1,Rest,1.25,3.25
S087,12,16,4,-1,Rest,1.5,3.5
S087,12,16,5,-1,Rest,1.75,3.75
S087,12,16,6,-1,Rest,2.0,4.0
S087,12,18,6,-1,Rest,2.0,4.0
S087,12,20,0,-1,Rest,0.5,2.5
S087,12,20,1,-1,Rest,0.75,2.75
S087,12,20,2,-1,Rest,1.0,3.0
S087,12,20,3,-1,Rest,1.25,3.25
S087,12,20,4,-1,Rest,1.5,3.5
S087,12,20,5,-1,Rest,1.75,3.75
S087,12,20,6,-1,Rest,2.0,4.0
S087,12,22,0,-1,Rest,0.5,2.5
S087,12,22,1,-1,Rest,0.75,2.75
S087,12,22,2,-1,Rest,1.0,3.0
S087,12,22,3,-1,Rest,1.25,3.25
S087,12,22,4,-1,Rest,1.5,3.5
S087,12,22,5,-1,Rest,1.75,3.75
S087,12,22,6,-1,Rest,2.0,4.0
S087,12,26,0,-1,Rest,0.5,2.5
S087,12,26,1,-1,Rest,0.75,2.75
S087,12,26,2,-1,Rest,1.0,3.0
S091,04,0,0,-1,Rest,0.5,2.5
S091,04,0,1,-1,Rest,0.75,2.75
S091,04,0,2,-1,Rest,1.0,3.0
S091,04,0,3,-1,Rest,1.25,3.25
S091,04,0,4,-1,Rest,1.5,3.5
S091,04,0,5,-1,Rest,1.75,3.75
S091,04,0,6,-1,Rest,2.0,4.0
S091,04,2,1,-1,Rest,0.75,2.75
S091,04,2,2,-1,Rest,1.0,3.0
S091,04,2,3,-1,Rest,1.25,3.25
S091,04,2,4,-1,Rest,1.5,3.5
S091,04,2,5,-1,Rest,1.75,3.75
S091,04,2,6,-1,Rest,2.0,4.0
S091,04,4,0,-1,Rest,0.5,2.5
S091,04,4,1,-1,Rest,0.75,2.75
S091,04,4,2,-1,Rest,1.0,3.0
S091,04,4,3,-1,Rest,1.25,3.25
S091,04,4,4,-1,Rest,1.5,3.5
S091,04,4,5,-1,Rest,1.75,3.75
S091,04,4,6,-1,Rest,2.0,4.0
S091,04,6,0,-1,Rest,0.5,2.5
S091,04,6,1,-1,Rest,0.75,2.75
S091,04,6,2,-1,Rest,1.0,3.0
S091,04,6,3,-1,Rest,1.25,3.25
S091,04,6,4,-1,Rest,1.5,3.5
S091,04,6,5,-1,Rest,1.75,3.75
S091,04,6,6,-1,Rest,2.0,4.0
S091,04,8,0,-1,Rest,0.5,2.5
S091,04,8,1,-1,Rest,0.75,2.75
S091,04,8,2,-1,Rest,1.0,3.0
S091,04,8,3,-1,Rest,1.25,3.25
S091,04,8,4,-1,Rest,1.5,3.5
S091,04,8,5,-1,Rest,1.75,3.75
S091,04,8,6,-1,Rest,2.0,4.0
S091,04,10,5,-1,Rest,1.75,3.75
S091,04,10,6,-1,Rest,2.0,4.0
S091,04,12,3,-1,Rest,1.25,3.25
S091,04,12,4,-1,Rest,1.5,3.5
S091,04,12,5,-1,Rest,1.75,3.75
S091,04,14,1,-1,Rest,0.75,2.75
S091,04,14,2,-1,Rest,1.0,3.0
S091,04,14,3,-1,Rest,1.25,3.25
S091,04,14,4,-1,Rest,1.5,3.5
S091,04,14,5,-1,Rest,1.75,3.75
S091,04,14,6,-1,Rest,2.0,4.0
S091,04,16,0,-1,Rest,0.5,2.5
S091,04,16,1,-1,Rest,0.75,2.75
S091,04,16,2,-1,Rest,1.0,3.0
S091,04,18,4,-1,Rest,1.5,3.5
S091,04,18,5,-1,Rest,1.75,3.75
S091,04,18,6,-1,Rest,2.0,4.0
S091,04,20,2,-1,Rest,1.0,3.0
S091,04,22,2,-1,Rest,1.0,3.0
S091,04,22,3,-1,Rest,1.25,3.25
S091,04,22,4,-1,Rest,1.5,3.5
S091,04,22,5,-1,Rest,1.75,3.75
S091,04,22,6,-1,Rest,2.0,4.0
S091,04,24,0,-1,Rest,0.5,2.5
S091,04,24,1,-1,Rest,0.75,2.75
S091,04,24,2,-1,Rest,1.0,3.0
S091,04,24,3,-1,Rest,1.25,3.25
S091,04,24,4,-1,Rest,1.5,3.5
S091,04,24,5,-1,Rest,1.75,3.75
S091,04,24,6,-1,Rest,2.0,4.0
S091,08,0,4,-1,Rest,1.5,3.5
S091,08,0,5,-1,Rest,1.75,3.75
S091,08,0,6,-1,Rest,2.0,4.0
S091,08,2,0,-1,Rest,0.5,2.5
S091,08,2,1,-1,Rest,0.75,2.75
S091,08,2,2,-1,Rest,1.0,3.0
S091,08,2,3,-1,Rest,1.25,3.25
S091,08,2,4,-1,Rest,1.5,3.5
S091,08,2,5,-1,Rest,1.75,3.75
S091,08,2,6,-1,Rest,2.0,4.0
S091,08,4,0,-1,Rest,0.5,2.5
S091,08,4,1,-1,Rest,0.75,2.75
S091,08,4,2,-1,Rest,1.0,3.0
S091,08,4,3,-1,Rest,1.25,3.25
S091,08,4,4,-1,Rest,1.5,3.5
S091,08,4,5,-1,Rest,1.75,3.75
S091,08,4,6,-1,Rest,2.0,4.0
S091,08,8,0,-1,Rest,0.5,2.5
S091,08,8,1,-1,Rest,0.75,2.75
S091,08,8,2,-1,Rest,1.0,3.0
S091,08,8,3,-1,Rest,1.25,3.25
S091,08,10,0,-1,Rest,0.5,2.5
S091,08,10,1,-1,Rest,0.75,2.75
S091,08,10,2,-1,Rest,1.0,3.0
S091,08,10,3,-1,Rest,1.25,3.25
S091,08,10,4,-1,Rest,1.5,3.5
S091,08,10,5,-1,Rest,1.75,3.75
S091,08,10,6,-1,Rest,2.0,4.0
S091,08,20,0,-1,Rest,0.5,2.5
S091,08,20,1,-1,Rest,0.75,2.75
S091,08,20,2,-1,Rest,1.0,3.0
S091,08,20,3,-1,Rest,1.25,3.25
S091,08,20,4,-1,Rest,1.5,3.5
S091,08,20,5,-1,Rest,1.75,3.75
S091,08,20,6,-1,Rest,2.0,4.0
S091,08,22,2,-1,Rest,1.0,3.0
S091,08,22,3,-1,Rest,1.25,3.25
S091,08,22,4,-1,Rest,1.5,3.5
S091,08,24,3,-1,Rest,1.25,3.25
S091,08,24,4,-1,Rest,1.5,3.5
S091,08,24,5,-1,Rest,1.75,3.75
S091,08,24,6,-1,Rest,2.0,4.0
S091,08,28,0,-1,Rest,0.5,2.5
S091,12,2,0,-1,Rest,0.5,2.5
S091,12,2,1,-1,Rest,0.75,2.75
S091,12,2,2,-1,Rest,1.0,3.0
S091,12,2,3,-1,Rest,1.25,3.25
S091,12,2,4,-1,Rest,1.5,3.5
S091,12,2,5,-1,Rest,1.75,3.75
S091,12,2,6,-1,Rest,2.0,4.0
S091,12,4,0,-1,Rest,0.5,2.5
S091,12,4,1,-1,Rest,0.75,2.75
S091,12,4,2,-1,Rest,1.0,3.0
S091,12,4,3,-1,Rest,1.25,3.25
S091,12,4,4,-1,Rest,1.5,3.5
S091,12,4,5,-1,Rest,1.75,3.75
S091,12,4,6,-1,Rest,2.0,4.0
S091,12,6,0,-1,Rest,0.5,2.5
S091,12,6,1,-1,Rest,0.75,2.75
S091,12,6,2,-1,Rest,1.0,3.0
S091,12,6,3,-1,Rest,1.25,3.25
S091,12,6,4,-1,Rest,1.5,3.5
S091,12,6,5,-1,Rest,1.75,3.75
S091,12,6,6,-1,Rest,2.0,4.0
S091,12,10,0,-1,Rest,0.5,2.5
S091,12,10,1,-1,Rest,0.75,2.75
S091,12,10,2,-1,Rest,1.0,3.0
S091,12,10,3,-1,Rest,1.25,3.25
S091,12,10,4,-1,Rest,1.5,3.5
S091,12,10,5,-1,Rest,1.75,3.75
S091,12,10,6,-1,Rest,2.0,4.0
S091,12,12,3,-1,Rest,1.25,3.25
S091,12,12,4,-1,Rest,1.5,3.5
S091,12,12,5,-1,Rest,1.75,3.75
S091,12,16,1,-1,Rest,0.75,2.75
S091,12,16,2,-1,Rest,1.0,3.0
S091,12,16,3,-1,Rest,1.25,3.25
S091,12,16,4,-1,Rest,1.5,3.5
S091,12,16,5,-1,Rest,1.75,3.75
S091,12,16,6,-1,Rest,2.0,4.0
S091,12,22,0,-1,Rest,0.5,2.5
S091,12,22,1,-1,Rest,0.75,2.75
S091,12,22,2,-1,Rest,1.0,3.0
S091,12,22,3,-1,Rest,1.25,3.25
S091,12,28,0,-1,Rest,0.5,2.5
S091,12,28,1,-1,Rest,0.75,2.75
S091,12,28,2,-1,Rest,1.0,3.0
S091,12,28,3,-1,Rest,1.25,3.25
S093,04,0,0,-1,Rest,0.5,2.5
S093,04,0,1,-1,Rest,0.75,2.75
S093,04,0,2,-1,Rest,1.0,3.0
S093,04,0,3,-1,Rest,1.25,3.25
S093,04,0,4,-1,Rest,1.5,3.5
S093,04,0,5,-1,Rest,1.75,3.75
S093,04,0,6,-1,Rest,2.0,4.0
S093,04,2,0,-1,Rest,0.5,2.5
S093,04,2,1,-1,Rest,0.75,2.75
S093,04,2,2,-1,Rest,1.0,3.0
S093,04,2,3,-1,Rest,1.25,3.25
S093,04,2,4,-1,Rest,1.5,3.5
S093,04,2,5,-1,Rest,1.75,3.75
S093,04,2,6,-1,Rest,2.0,4.0
S093,04,4,0,-1,Rest,0.5,2.5
S093,04,4,1,-1,Rest,0.75,2.75
S093,04,4,2,-1,Rest,1.0,3.0
S093,04,4,3,-1,Rest,1.25,3.25
S093,04,4,4,-1,Rest,1.5,3.5
S093,04,4,5,-1,Rest,1.75,3.75
S093,04,4,6,-1,Rest,2.0,4.0
S093,04,6,0,-1,Rest,0.5,2.5
S093,04,6,1,-1,Rest,0.75,2.75
S093,04,6,2,-1,Rest,1.0,3.0
S093,04,6,3,-1,Rest,1.25,3.25
S093,04,6,4,-1,Rest,1.5,3.5
S093,04,6,5,-1,Rest,1.75,3.75
S093,04,6,6,-1,Rest,2.0,4.0
S093,04,8,0,-1,Rest,0.5,2.5
S093,04,8,1,-1,Rest,0.75,2.75
S093,04,8,2,-1,Rest,1.0,3.0
S093,04,8,3,-1,Rest,1.25,3.25
S093,04,8,4,-1,Rest,1.5,3.5
S093,04,8,5,-1,Rest,1.75,3.75
S093,04,8,6,-1,Rest,2.0,4.0
S093,04,10,0,-1,Rest,0.5,2.5
S093,04,10,1,-1,Rest,0.75,2.75
S093,04,10,2,-1,Rest,1.0,3.0
S093,04,10,3,-1,Rest,1.25,3.25
S093,04,10,4,-1,Rest,1.5,3.5
S093,04,10,5,-1,Rest,1.75,3.75
S093,04,10,6,-1,Rest,2.0,4.0
S093,04,12,0,-1,Rest,0.5,2.5
S093,04,12,1,-1,Rest,0.75,2.75
S093,04,12,2,-1,Rest,1.0,3.0
S093,04,12,3,-1,Rest,1.25,3.25
S093,04,12,4,-1,Rest,1.5,3.5
S093,04,12,5,-1,Rest,1.75,3.75
S093,04,12,6,-1,Rest,2.0,4.0
S093,04,14,0,-1,Rest,0.5,2.5
S093,04,14,1,-1,Rest,0.75,2.75
S093,04,14,2,-1,Rest,1.0,3.0
S093,04,14,3,-1,Rest,1.25,3.25
S093,04,14,4,-1,Rest,1.5,3.5
S093,04,14,5,-1,Rest,1.75,3.75
S093,04,14,6,-1,Rest,2.0,4.0
S093,04,16,0,-1,Rest,0.5,2.5
S093,04,16,1,-1,Rest,0.75,2.75
S093,04,16,2,-1,Rest,1.0,3.0
S093,04,16,3,-1,Rest,1.25,3.25
S093,04,16,4,-1,Rest,1.5,3.5
S093,04,16,5,-1,Rest,1.75,3.75
S093,04,16,6,-1,Rest,2.0,4.0
S093,04,18,0,-1,Rest,0.5,2.5
S093,04,18,1,-1,Rest,0.75,2.75
S093,04,18,2,-1,Rest,1.0,3.0
S093,04,18,3,-1,Rest,1.25,3.25
S093,04,18,4,-1,Rest,1.5,3.5
S093,04,18,5,-1,Rest,1.75,3.75
S093,04,18,6,-1,Rest,2.0,4.0
S093,04,20,0,-1,Rest,0.5,2.5
S093,04,20,1,-1,Rest,0.75,2.75
S093,04,20,2,-1,Rest,1.0,3.0
S093,04,20,3,-1,Rest,1.25,3.25
S093,04,20,4,-1,Rest,1.5,3.5
S093,04,20,5,-1,Rest,1.75,3.75
S093,04,20,6,-1,Rest,2.0,4.0
S093,04,22,0,-1,Rest,0.5,2.5
S093,04,22,1,-1,Rest,0.75,2.75
S093,04,22,2,-1,Rest,1.0,3.0
S093,04,22,3,-1,Rest,1.25,3.25
S093,04,22,4,-1,Rest,1.5,3.5
S093,04,22,5,-1,Rest,1.75,3.75
S093,04,22,6,-1,Rest,2.0,4.0
S093,04,24,0,-1,Rest,0.5,2.5
S093,04,24,1,-1,Rest,0.75,2.75
S093,04,24,2,-1,Rest,1.0,3.0
S093,04,24,3,-1,Rest,1.25,3.25
S093,04,24,4,-1,Rest,1.5,3.5
S093,04,24,5,-1,Rest,1.75,3.75
S093,04,24,6,-1,Rest,2.0,4.0
S093,04,26,0,-1,Rest,0.5,2.5
S093,04,26,1,-1,Rest,0.75,2.75
S093,04,26,2,-1,Rest,1.0,3.0
S093,04,26,3,-1,Rest,1.25,3.25
S093,04,26,4,-1,Rest,1.5,3.5
S093,04,26,5,-1,Rest,1.75,3.75
S093,04,26,6,-1,Rest,2.0,4.0
S093,04,28,0,-1,Rest,0.5,2.5
S093,04,28,1,-1,Rest,0.75,2.75
S093,04,28,2,-1,Rest,1.0,3.0
S093,04,28,3,-1,Rest,1.25,3.25
S093,04,28,4,-1,Rest,1.5,3.5
S093,04,28,5,-1,Rest,1.75,3.75
S093,04,28,6,-1,Rest,2.0,4.0
S093,08,0,0,-1,Rest,0.5,2.5
S093,08,0,1,-1,Rest,0.75,2.75
S093,08,0,2,-1,Rest,1.0,3.0
S093,08,0,3,-1,Rest,1.25,3.25
S093,08,0,4,-1,Rest,1.5,3.5
S093,08,0,5,-1,Rest,1.75,3.75
S093,08,0,6,-1,Rest,2.0,4.0
S093,08,2,0,-1,Rest,0.5,2.5
S093,08,2,1,-1,Rest,0.75,2.75
S093,08,2,2,-1,Rest,1.0,3.0
S093,08,2,3,-1,Rest,1.25,3.25
S093,08,2,4,-1,Rest,1.5,3.5
S093,08,2,5,-1,Rest,1.75,3.75
S093,08,2,6,-1,Rest,2.0,4.0
S093,08,4,0,-1,Rest,0.5,2.5
S093,08,4,1,-1,Rest,0.75,2.75
S093,08,4,2,-1,Rest,1.0,3.0
S093,08,4,3,-1,Rest,1.25,3.25
S093,08,4,4,-1,Rest,1.5,3.5
S093,08,4,5,-1,Rest,1.75,3.75
S093,08,4,6,-1,Rest,2.0,4.0
S093,08,6,0,-1,Rest,0.5,2.5
S093,08,6,1,-1,Rest,0.75,2.75
S093,08,6,2,-1,Rest,1.0,3.0
S093,08,6,3,-1,Rest,1.25,3.25
S093,08,6,4,-1,Rest,1.5,3.5
S093,08,6,5,-1,Rest,1.75,3.75
S093,08,6,6,-1,Rest,2.0,4.0
S093,08,8,0,-1,Rest,0.5,2.5
S093,08,8,1,-1,Rest,0.75,2.75
S093,08,8,2,-1,Rest,1.0,3.0
S093,08,8,3,-1,Rest,1.25,3.25
S093,08,8,4,-1,Rest,1.5,3.5
S093,08,8,5,-1,Rest,1.75,3.75
S093,08,8,6,-1,Rest,2.0,4.0
S093,08,10,0,-1,Rest,0.5,2.5
S093,08,10,1,-1,Rest,0.75,2.75
S093,08,10,2,-1,Rest,1.0,3.0
S093,08,10,3,-1,Rest,1.25,3.25
S093,08,10,4,-1,Rest,1.5,3.5
S093,08,10,5,-1,Rest,1.75,3.75
S093,08,10,6,-1,Rest,2.0,4.0
S093,08,12,0,-1,Rest,0.5,2.5
S093,08,12,1,-1,Rest,0.75,2.75
S093,08,12,2,-1,Rest,1.0,3.0
S093,08,12,3,-1,Rest,1.25,3.25
S093,08,12,4,-1,Rest,1.5,3.5
S093,08,12,5,-1,Rest,1.75,3.75
S093,08,12,6,-1,Rest,2.0,4.0
S093,08,14,0,-1,Rest,0.5,2.5
S093,08,14,1,-1,Rest,0.75,2.75
S093,08,14,2,-1,Rest,1.0,3.0
S093,08,14,3,-1,Rest,1.25,3.25
S093,08,14,4,-1,Rest,1.5,3.5
S093,08,14,5,-1,Rest,1.75,3.75
S093,08,14,6,-1,Rest,2.0,4.0
S093,08,16,0,-1,Rest,0.5,2.5
S093,08,16,1,-1,Rest,0.75,2.75
S093,08,16,2,-1,Rest,1.0,3.0
S093,08,16,3,-1,Rest,1.25,3.25
S093,08,16,4,-1,Rest,1.5,3.5
S093,08,16,5,-1,Rest,1.75,3.75
S093,08,16,6,-1,Rest,2.0,4.0
S093,08,18,0,-1,Rest,0.5,2.5
S093,08,18,1,-1,Rest,0.75,2.75
S093,08,18,2,-1,Rest,1.0,3.0
S093,08,18,3,-1,Rest,1.25,3.25
S093,08,18,4,-1,Rest,1.5,3.5
S093,08,18,5,-1,Rest,1.75,3.75
S093,08,18,6,-1,Rest,2.0,4.0
S093,08,20,0,-1,Rest,0.5,2.5
S093,08,20,1,-1,Rest,0.75,2.75
S093,08,20,2,-1,Rest,1.0,3.0
S093,08,20,3,-1,Rest,1.25,3.25
S093,08,20,4,-1,Rest,1.5,3.5
S093,08,20,5,-1,Rest,1.75,3.75
S093,08,20,6,-1,Rest,2.0,4.0
S093,08,22,0,-1,Rest,0.5,2.5
S093,08,22,1,-1,Rest,0.75,2.75
S093,08,22,2,-1,Rest,1.0,3.0
S093,08,22,3,-1,Rest,1.25,3.25
S093,08,22,4,-1,Rest,1.5,3.5
S093,08,22,5,-1,Rest,1.75,3.75
S093,08,22,6,-1,Rest,2.0,4.0
S093,08,24,0,-1,Rest,0.5,2.5
S093,08,24,1,-1,Rest,0.75,2.75
S093,08,24,2,-1,Rest,1.0,3.0
S093,08,24,3,-1,Rest,1.25,3.25
S093,08,24,4,-1,Rest,1.5,3.5
S093,08,24,5,-1,Rest,1.75,3.75
S093,08,24,6,-1,Rest,2.0,4.0
S093,08,26,0,-1,Rest,0.5,2.5
S093,08,26,1,-1,Rest,0.75,2.75
S093,08,26,2,-1,Rest,1.0,3.0
S093,08,26,3,-1,Rest,1.25,3.25
S093,08,26,4,-1,Rest,1.5,3.5
S093,08,26,5,-1,Rest,1.75,3.75
S093,08,26,6,-1,Rest,2.0,4.0
S093,08,28,0,-1,Rest,0.5,2.5
S093,08,28,1,-1,Rest,0.75,2.75
S093,08,28,2,-1,Rest,1.0,3.0
S093,08,28,3,-1,Rest,1.25,3.25
S093,08,28,4,-1,Rest,1.5,3.5
S093,08,28,5,-1,Rest,1.75,3.75
S093,08,28,6,-1,Rest,2.0,4.0
S093,12,0,0,-1,Rest,0.5,2.5
S093,12,0,1,-1,Rest,0.75,2.75
S093,12,0,2,-1,Rest,1.0,3.0
S093,12,0,3,-1,Rest,1.25,3.25
S093,12,0,4,-1,Rest,1.5,3.5
S093,12,0,5,-1,Rest,1.75,3.75
S093,12,0,6,-1,Rest,2.0,4.0
S093,12,2,0,-1,Rest,0.5,2.5
S093,12,2,1,-1,Rest,0.75,2.75
S093,12,2,2,-1,Rest,1.0,3.0
S093,12,2,3,-1,Rest,1.25,3.25
S093,12,2,4,-1,Rest,1.5,3.5
S093,12,2,5,-1,Rest,1.75,3.75
S093,12,2,6,-1,Rest,2.0,4.0
S093,12,4,0,-1,Rest,0.5,2.5
S093,12,4,1,-1,Rest,0.75,2.75
S093,12,4,2,-1,Rest,1.0,3.0
S093,12,4,3,-1,Rest,1.25,3.25
S093,12,4,4,-1,Rest,1.5,3.5
S093,12,4,5,-1,Rest,1.75,3.75
S093,12,4,6,-1,Rest,2.0,4.0
S093,12,6,0,-1,Rest,0.5,2.5
S093,12,6,1,-1,Rest,0.75,2.75
S093,12,6,2,-1,Rest,1.0,3.0
S093,12,6,3,-1,Rest,1.25,3.25
S093,12,6,4,-1,Rest,1.5,3.5
S093,12,6,5,-1,Rest,1.75,3.75
S093,12,6,6,-1,Rest,2.0,4.0
S093,12,8,0,-1,Rest,0.5,2.5
S093,12,8,1,-1,Rest,0.75,2.75
S093,12,8,2,-1,Rest,1.0,3.0
S093,12,8,3,-1,Rest,1.25,3.25
S093,12,8,4,-1,Rest,1.5,3.5
S093,12,8,5,-1,Rest,1.75,3.75
S093,12,8,6,-1,Rest,2.0,4.0
S093,12,10,0,-1,Rest,0.5,2.5
S093,12,10,1,-1,Rest,0.75,2.75
S093,12,10,2,-1,Rest,1.0,3.0
S093,12,10,3,-1,Rest,1.25,3.25
S093,12,10,4,-1,Rest,1.5,3.5
S093,12,10,5,-1,Rest,1.75,3.75
S093,12,10,6,-1,Rest,2.0,4.0
S093,12,12,0,-1,Rest,0.5,2.5
S093,12,12,1,-1,Rest,0.75,2.75
S093,12,12,2,-1,Rest,1.0,3.0
S093,12,12,3,-1,Rest,1.25,3.25
S093,12,12,4,-1,Rest,1.5,3.5
S093,12,12,5,-1,Rest,1.75,3.75
S093,12,12,6,-1,Rest,2.0,4.0
S093,12,14,0,-1,Rest,0.5,2.5
S093,12,14,1,-1,Rest,0.75,2.75
S093,12,14,2,-1,Rest,1.0,3.0
S093,12,14,3,-1,Rest,1.25,3.25
S093,12,14,4,-1,Rest,1.5,3.5
S093,12,14,5,-1,Rest,1.75,3.75
S093,12,14,6,-1,Rest,2.0,4.0
S093,12,16,0,-1,Rest,0.5,2.5
S093,12,16,1,-1,Rest,0.75,2.75
S093,12,16,2,-1,Rest,1.0,3.0
S093,12,16,3,-1,Rest,1.25,3.25
S093,12,16,4,-1,Rest,1.5,3.5
S093,12,16,5,-1,Rest,1.75,3.75
S093,12,16,6,-1,Rest,2.0,4.0
S093,12,18,0,-1,Rest,0.5,2.5
S093,12,18,1,-1,Rest,0.75,2.75
S093,12,18,2,-1,Rest,1.0,3.0
S093,12,18,3,-1,Rest,1.25,3.25
S093,12,18,4,-1,Rest,1.5,3.5
S093,12,18,5,-1,Rest,1.75,3.75
S093,12,18,6,-1,Rest,2.0,4.0
S093,12,20,0,-1,Rest,0.5,2.5
S093,12,20,1,-1,Rest,0.75,2.75
S093,12,20,2,-1,Rest,1.0,3.0
S093,12,20,3,-1,Rest,1.25,3.25
S093,12,20,4,-1,Rest,1.5,3.5
S093,12,20,5,-1,Rest,1.75,3.75
S093,12,20,6,-1,Rest,2.0,4.0
S093,12,22,0,-1,Rest,0.5,2.5
S093,12,22,1,-1,Rest,0.75,2.75
S093,12,22,2,-1,Rest,1.0,3.0
S093,12,22,3,-1,Rest,1.25,3.25
S093,12,22,4,-1,Rest,1.5,3.5
S093,12,22,5,-1,Rest,1.75,3.75
S093,12,22,6,-1,Rest,2.0,4.0
S093,12,24,0,-1,Rest,0.5,2.5
S093,12,24,1,-1,Rest,0.75,2.75
S093,12,24,2,-1,Rest,1.0,3.0
S093,12,24,3,-1,Rest,1.25,3.25
S093,12,24,4,-1,Rest,1.5,3.5
S093,12,24,5,-1,Rest,1.75,3.75
S093,12,24,6,-1,Rest,2.0,4.0
S093,12,26,0,-1,Rest,0.5,2.5
S093,12,26,1,-1,Rest,0.75,2.75
S093,12,26,2,-1,Rest,1.0,3.0
S093,12,26,3,-1,Rest,1.25,3.25
S093,12,26,4,-1,Rest,1.5,3.5
S093,12,26,5,-1,Rest,1.75,3.75
S093,12,26,6,-1,Rest,2.0,4.0
S093,12,28,0,-1,Rest,0.5,2.5
S093,12,28,1,-1,Rest,0.75,2.75
S093,12,28,2,-1,Rest,1.0,3.0
S093,12,28,3,-1,Rest,1.25,3.25
S093,12,28,4,-1,Rest,1.5,3.5
S093,12,28,5,-1,Rest,1.75,3.75
S093,12,28,6,-1,Rest,2.0,4.0
S095,04,0,0,-1,Rest,0.5,2.5
S095,04,0,1,-1,Rest,0.75,2.75
S095,04,2,0,-1,Rest,0.5,2.5
S095,04,2,1,-1,Rest,0.75,2.75
S095,04,2,2,-1,Rest,1.0,3.0
S095,04,2,3,-1,Rest,1.25,3.25
S095,04,2,4,-1,Rest,1.5,3.5
S095,04,2,5,-1,Rest,1.75,3.75
S095,04,2,6,-1,Rest,2.0,4.0
S095,04,6,5,-1,Rest,1.75,3.75
S095,04,6,6,-1,Rest,2.0,4.0
S095,04,8,0,-1,Rest,0.5,2.5
S095,04,8,1,-1,Rest,0.75,2.75
S095,04,12,0,-1,Rest,0.5,2.5
S095,04,12,1,-1,Rest,0.75,2.75
S095,04,14,4,-1,Rest,1.5,3.5
S095,04,14,5,-1,Rest,1.75,3.75
S095,04,16,0,-1,Rest,0.5,2.5
S095,04,16,1,-1,Rest,0.75,2.75
S095,04,16,2,-1,Rest,1.0,3.0
S095,04,16,3,-1,Rest,1.25,3.25
S095,04,16,4,-1,Rest,1.5,3.5
S095,04,16,5,-1,Rest,1.75,3.75
S095,04,16,6,-1,Rest,2.0,4.0
S095,04,18,0,-1,Rest,0.5,2.5
S095,04,18,1,-1,Rest,0.75,2.75
S095,04,22,0,-1,Rest,0.5,2.5
S095,04,24,0,-1,Rest,0.5,2.5
S095,04,24,1,-1,Rest,0.75,2.75
S095,04,24,2,-1,Rest,1.0,3.0
S095,04,24,3,-1,Rest,1.25,3.25
S095,04,24,4,-1,Rest,1.5,3.5
S095,04,24,5,-1,Rest,1.75,3.75
S095,04,24,6,-1,Rest,2.0,4.0
S095,04,26,2,-1,Rest,1.0,3.0
S095,04,26,3,-1,Rest,1.25,3.25
S095,04,28,6,-1,Rest,2.0,4.0
S095,08,0,0,-1,Rest,0.5,2.5
S095,08,0,1,-1,Rest,0.75,2.75
S095,08,2,3,-1,Rest,1.25,3.25
S095,08,2,4,-1,Rest,1.5,3.5
S095,08,4,0,-1,Rest,0.5,2.5
S095,08,6,0,-1,Rest,0.5,2.5
S095,08,6,1,-1,Rest,0.75,2.75
S095,08,6,2,-1,Rest,1.0,3.0
S095,08,6,3,-1,Rest,1.25,3.25
S095,08,6,4,-1,Rest,1.5,3.5
S095,08,6,5,-1,Rest,1.75,3.75
S095,08,6,6,-1,Rest,2.0,4.0
S095,08,8,5,-1,Rest,1.75,3.75
S095,08,8,6,-1,Rest,2.0,4.0
S095,08,14,0,-1,Rest,0.5,2.5
S095,08,14,1,-1,Rest,0.75,2.75
S095,08,14,2,-1,Rest,1.0,3.0
S095,08,14,3,-1,Rest,1.25,3.25
S095,08,14,4,-1,Rest,1.5,3.5
S095,08,14,5,-1,Rest,1.75,3.75
S095,08,22,0,-1,Rest,0.5,2.5
S095,08,22,1,-1,Rest,0.75,2.75
S095,08,22,2,-1,Rest,1.0,3.0
S095,08,22,3,-1,Rest,1.25,3.25
S095,08,24,0,-1,Rest,0.5,2.5
S095,08,24,1,-1,Rest,0.75,2.75
S095,08,24,2,-1,Rest,1.0,3.0
S095,08,24,3,-1,Rest,1.25,3.25
S095,08,24,4,-1,Rest,1.5,3.5
S095,08,26,0,-1,Rest,0.5,2.5
S095,08,26,1,-1,Rest,0.75,2.75
S095,08,26,2,-1,Rest,1.0,3.0
S095,08,26,3,-1,Rest,1.25,3.25
S095,08,26,4,-1,Rest,1.5,3.5
S095,08,26,5,-1,Rest,1.75,3.75
S095,08,26,6,-1,Rest,2.0,4.0
S095,12,8,6,-1,Rest,2.0,4.0
S095,12,12,0,-1,Rest,0.5,2.5
S095,12,12,1,-1,Rest,0.75,2.75
S095,12,12,2,-1,Rest,1.0,3.0
S095,12,12,3,-1,Rest,1.25,3.25
S095,12,12,4,-1,Rest,1.5,3.5
S095,12,12,5,-1,Rest,1.75,3.75
S095,12,12,6,-1,Rest,2.0,4.0
S095,12,14,6,-1,Rest,2.0,4.0
S095,12,18,5,-1,Rest,1.75,3.75
S095,12,18,6,-1,Rest,2.0,4.0
S095,12,22,0,-1,Rest,0.5,2.5
S095,12,24,0,-1,Rest,0.5,2.5
S095,12,24,1,-1,Rest,0.75,2.75
S095,12,24,2,-1,Rest,1.0,3.0
S095,12,24,3,-1,Rest,1.25,3.25
S095,12,24,4,-1,Rest,1.5,3.5
S095,12,24,5,-1,Rest,1.75,3.75
S095,12,24,6,-1,Rest,2.0,4.0
S095,12,26,0,-1,Rest,0.5,2.5
S095,12,26,1,-1,Rest,0.75,2.75
S095,12,26,2,-1,Rest,1.0,3.0
S095,12,26,3,-1,Rest,1.25,3.25
S095,12,26,4,-1,Rest,1.5,3.5
S095,12,26,5,-1,Rest,1.75,3.75
S095,12,26,6,-1,Rest,2.0,4.0
S097,04,0,0,-1,Rest,0.5,2.5
S097,04,0,1,-1,Rest,0.75,2.75
S097,04,0,2,-1,Rest,1.0,3.0
S097,04,0,3,-1,Rest,1.25,3.25
S097,04,0,4,-1,Rest,1.5,3.5
S097,04,0,5,-1,Rest,1.75,3.75
S097,04,0,6,-1,Rest,2.0,4.0
S097,04,2,0,-1,Rest,0.5,2.5
S097,04,2,1,-1,Rest,0.75,2.75
S097,04,2,2,-1,Rest,1.0,3.0
S097,04,2,3,-1,Rest,1.25,3.25
S097,04,2,4,-1,Rest,1.5,3.5
S097,04,2,5,-1,Rest,1.75,3.75
S097,04,2,6,-1,Rest,2.0,4.0
S097,04,4,0,-1,Rest,0.5,2.5
S097,04,4,1,-1,Rest,0.75,2.75
S097,04,4,2,-1,Rest,1.0,3.0
S097,04,4,3,-1,Rest,1.25,3.25
S097,04,4,4,-1,Rest,1.5,3.5
S097,04,4,5,-1,Rest,1.75,3.75
S097,04,4,6,-1,Rest,2.0,4.0
S097,04,6,0,-1,Rest,0.5,2.5
S097,04,6,1,-1,Rest,0.75,2.75
S097,04,6,2,-1,Rest,1.0,3.0
S097,04,6,3,-1,Rest,1.25,3.25
S097,04,6,4,-1,Rest,1.5,3.5
S097,04,6,5,-1,Rest,1.75,3.75
S097,04,6,6,-1,Rest,2.0,4.0
S097,04,8,0,-1,Rest,0.5,2.5
S097,04,8,1,-1,Rest,0.75,2.75
S097,04,8,2,-1,Rest,1.0,3.0
S097,04,8,3,-1,Rest,1.25,3.25
S097,04,8,4,-1,Rest,1.5,3.5
S097,04,8,5,-1,Rest,1.75,3.75
S097,04,8,6,-1,Rest,2.0,4.0
S097,04,10,0,-1,Rest,0.5,2.5
S097,04,10,1,-1,Rest,0.75,2.75
S097,04,10,2,-1,Rest,1.0,3.0
S097,04,10,3,-1,Rest,1.25,3.25
S097,04,10,4,-1,Rest,1.5,3.5
S097,04,10,5,-1,Rest,1.75,3.75
S097,04,10,6,-1,Rest,2.0,4.0
S097,04,12,0,-1,Rest,0.5,2.5
S097,04,12,1,-1,Rest,0.75,2.75
S097,04,12,2,-1,Rest,1.0,3.0
S097,04,12,3,-1,Rest,1.25,3.25
S097,04,12,4,-1,Rest,1.5,3.5
S097,04,12,5,-1,Rest,1.75,3.75
S097,04,12,6,-1,Rest,2.0,4.0
S097,04,14,0,-1,Rest,0.5,2.5
S097,04,14,1,-1,Rest,0.75,2.75
S097,04,14,2,-1,Rest,1.0,3.0
S097,04,14,3,-1,Rest,1.25,3.25
S097,04,14,4,-1,Rest,1.5,3.5
S097,04,14,5,-1,Rest,1.75,3.75
S097,04,14,6,-1,Rest,2.0,4.0
S097,04,16,0,-1,Rest,0.5,2.5
S097,04,16,1,-1,Rest,0.75,2.75
S097,04,16,2,-1,Rest,1.0,3.0
S097,04,16,3,-1,Rest,1.25,3.25
S097,04,16,4,-1,Rest,1.5,3.5
S097,04,16,5,-1,Rest,1.75,3.75
S097,04,16,6,-1,Rest,2.0,4.0
S097,04,18,0,-1,Rest,0.5,2.5
S097,04,18,1,-1,Rest,0.75,2.75
S097,04,18,2,-1,Rest,1.0,3.0
S097,04,18,3,-1,Rest,1.25,3.25
S097,04,18,4,-1,Rest,1.5,3.5
S097,04,18,5,-1,Rest,1.75,3.75
S097,04,18,6,-1,Rest,2.0,4.0
S097,04,20,0,-1,Rest,0.5,2.5
S097,04,20,1,-1,Rest,0.75,2.75
S097,04,20,2,-1,Rest,1.0,3.0
S097,04,20,3,-1,Rest,1.25,3.25
S097,04,20,4,-1,Rest,1.5,3.5
S097,04,20,5,-1,Rest,1.75,3.75
S097,04,20,6,-1,Rest,2.0,4.0
S097,04,22,0,-1,Rest,0.5,2.5
S097,04,22,1,-1,Rest,0.75,2.75
S097,04,22,2,-1,Rest,1.0,3.0
S097,04,22,3,-1,Rest,1.25,3.25
S097,04,22,4,-1,Rest,1.5,3.5
S097,04,22,5,-1,Rest,1.75,3.75
S097,04,22,6,-1,Rest,2.0,4.0
S097,04,24,0,-1,Rest,0.5,2.5
S097,04,24,1,-1,Rest,0.75,2.75
S097,04,24,2,-1,Rest,1.0,3.0
S097,04,24,3,-1,Rest,1.25,3.25
S097,04,24,4,-1,Rest,1.5,3.5
S097,04,24,5,-1,Rest,1.75,3.75
S097,04,24,6,-1,Rest,2.0,4.0
S097,04,26,0,-1,Rest,0.5,2.5
S097,04,26,1,-1,Rest,0.75,2.75
S097,04,26,2,-1,Rest,1.0,3.0
S097,04,26,3,-1,Rest,1.25,3.25
S097,04,26,4,-1,Rest,1.5,3.5
S097,04,26,5,-1,Rest,1.75,3.75
S097,04,26,6,-1,Rest,2.0,4.0
S097,04,28,0,-1,Rest,0.5,2.5
S097,04,28,1,-1,Rest,0.75,2.75
S097,04,28,2,-1,Rest,1.0,3.0
S097,04,28,3,-1,Rest,1.25,3.25
S097,04,28,4,-1,Rest,1.5,3.5
S097,04,28,5,-1,Rest,1.75,3.75
S097,04,28,6,-1,Rest,2.0,4.0
S097,08,0,0,-1,Rest,0.5,2.5
S097,08,0,1,-1,Rest,0.75,2.75
S097,08,0,2,-1,Rest,1.0,3.0
S097,08,0,3,-1,Rest,1.25,3.25
S097,08,0,4,-1,Rest,1.5,3.5
S097,08,0,5,-1,Rest,1.75,3.75
S097,08,2,0,-1,Rest,0.5,2.5
S097,08,2,1,-1,Rest,0.75,2.75
S097,08,2,2,-1,Rest,1.0,3.0
S097,08,2,3,-1,Rest,1.25,3.25
S097,08,2,4,-1,Rest,1.5,3.5
S097,08,2,5,-1,Rest,1.75,3.75
S097,08,2,6,-1,Rest,2.0,4.0
S097,08,4,0,-1,Rest,0.5,2.5
S097,08,4,1,-1,Rest,0.75,2.75
S097,08,4,2,-1,Rest,1.0,3.0
S097,08,4,3,-1,Rest,1.25,3.25
S097,08,4,4,-1,Rest,1.5,3.5
S097,08,4,5,-1,Rest,1.75,3.75
S097,08,4,6,-1,Rest,2.0,4.0
S097,08,6,0,-1,Rest,0.5,2.5
S097,08,6,1,-1,Rest,0.75,2.75
S097,08,6,2,-1,Rest,1.0,3.0
S097,08,6,3,-1,Rest,1.25,3.25
S097,08,6,4,-1,Rest,1.5,3.5
S097,08,6,5,-1,Rest,1.75,3.75
S097,08,6,6,-1,Rest,2.0,4.0
S097,08,8,0,-1,Rest,0.5,2.5
S097,08,8,1,-1,Rest,0.75,2.75
S097,08,8,2,-1,Rest,1.0,3.0
S097,08,8,3,-1,Rest,1.25,3.25
S097,08,8,4,-1,Rest,1.5,3.5
S097,08,8,5,-1,Rest,1.75,3.75
S097,08,8,6,-1,Rest,2.0,4.0
S097,08,10,0,-1,Rest,0.5,2.5
S097,08,10,1,-1,Rest,0.75,2.75
S097,08,10,2,-1,Rest,1.0,3.0
S097,08,10,3,-1,Rest,1.25,3.25
S097,08,10,4,-1,Rest,1.5,3.5
S097,08,10,5,-1,Rest,1.75,3.75
S097,08,10,6,-1,Rest,2.0,4.0
S097,08,12,0,-1,Rest,0.5,2.5
S097,08,12,1,-1,Rest,0.75,2.75
S097,08,12,2,-1,Rest,1.0,3.0
S097,08,12,3,-1,Rest,1.25,3.25
S097,08,12,4,-1,Rest,1.5,3.5
S097,08,12,5,-1,Rest,1.75,3.75
S097,08,12,6,-1,Rest,2.0,4.0
S097,08,14,0,-1,Rest,0.5,2.5
S097,08,14,1,-1,Rest,0.75,2.75
S097,08,14,2,-1,Rest,1.0,3.0
S097,08,14,3,-1,Rest,1.25,3.25
S097,08,14,4,-1,Rest,1.5,3.5
S097,08,14,5,-1,Rest,1.75,3.75
S097,08,14,6,-1,Rest,2.0,4.0
S097,08,16,0,-1,Rest,0.5,2.5
S097,08,16,1,-1,Rest,0.75,2.75
S097,08,16,2,-1,Rest,1.0,3.0
S097,08,16,3,-1,Rest,1.25,3.25
S097,08,16,4,-1,Rest,1.5,3.5
S097,08,16,5,-1,Rest,1.75,3.75
S097,08,16,6,-1,Rest,2.0,4.0
S097,08,18,0,-1,Rest,0.5,2.5
S097,08,18,1,-1,Rest,0.75,2.75
S097,08,18,2,-1,Rest,1.0,3.0
S097,08,18,3,-1,Rest,1.25,3.25
S097,08,18,4,-1,Rest,1.5,3.5
S097,08,20,0,-1,Rest,0.5,2.5
S097,08,20,1,-1,Rest,0.75,2.75
S097,08,20,2,-1,Rest,1.0,3.0
S097,08,20,3,-1,Rest,1.25,3.25
S097,08,20,4,-1,Rest,1.5,3.5
S097,08,20,5,-1,Rest,1.75,3.75
S097,08,20,6,-1,Rest,2.0,4.0
S097,08,22,0,-1,Rest,0.5,2.5
S097,08,24,0,-1,Rest,0.5,2.5
S097,08,24,1,-1,Rest,0.75,2.75
S097,08,24,2,-1,Rest,1.0,3.0
S097,08,24,3,-1,Rest,1.25,3.25
S097,08,24,4,-1,Rest,1.5,3.5
S097,08,24,5,-1,Rest,1.75,3.75
S097,08,24,6,-1,Rest,2.0,4.0
S097,08,26,0,-1,Rest,0.5,2.5
S097,08,26,1,-1,Rest,0.75,2.75
S097,08,26,2,-1,Rest,1.0,3.0
S097,08,26,3,-1,Rest,1.25,3.25
S097,08,26,4,-1,Rest,1.5,3.5
S097,08,26,5,-1,Rest,1.75,3.75
S097,08,26,6,-1,Rest,2.0,4.0
S097,08,28,0,-1,Rest,0.5,2.5
S097,08,28,1,-1,Rest,0.75,2.75
S097,08,28,2,-1,Rest,1.0,3.0
S097,08,28,3,-1,Rest,1.25,3.25
S097,08,28,4,-1,Rest,1.5,3.5
S097,08,28,5,-1,Rest,1.75,3.75
S097,08,28,6,-1,Rest,2.0,4.0
S097,12,0,0,-1,Rest,0.5,2.5
S097,12,0,1,-1,Rest,0.75,2.75
S097,12,0,2,-1,Rest,1.0,3.0
S097,12,0,3,-1,Rest,1.25,3.25
S097,12,0,4,-1,Rest,1.5,3.5
S097,12,0,5,-1,Rest,1.75,3.75
S097,12,0,6,-1,Rest,2.0,4.0
S097,12,2,0,-1,Rest,0.5,2.5
S097,12,2,1,-1,Rest,0.75,2.75
S097,12,2,2,-1,Rest,1.0,3.0
S097,12,2,3,-1,Rest,1.25,3.25
S097,12,2,4,-1,Rest,1.5,3.5
S097,12,2,5,-1,Rest,1.75,3.75
S097,12,2,6,-1,Rest,2.0,4.0
S097,12,4,0,-1,Rest,0.5,2.5
S097,12,4,1,-1,Rest,0.75,2.75
S097,12,4,2,-1,Rest,1.0,3.0
S097,12,4,3,-1,Rest,1.25,3.25
S097,12,4,4,-1,Rest,1.5,3.5
S097,12,4,5,-1,Rest,1.75,3.75
S097,12,4,6,-1,Rest,2.0,4.0
S097,12,6,0,-1,Rest,0.5,2.5
S097,12,6,1,-1,Rest,0.75,2.75
S097,12,6,2,-1,Rest,1.0,3.0
S097,12,6,3,-1,Rest,1.25,3.25
S097,12,6,4,-1,Rest,1.5,3.5
S097,12,6,5,-1,Rest,1.75,3.75
S097,12,6,6,-1,Rest,2.0,4.0
S097,12,8,0,-1,Rest,0.5,2.5
S097,12,8,1,-1,Rest,0.75,2.75
S097,12,8,2,-1,Rest,1.0,3.0
S097,12,8,3,-1,Rest,1.25,3.25
S097,12,8,4,-1,Rest,1.5,3.5
S097,12,8,5,-1,Rest,1.75,3.75
S097,12,8,6,-1,Rest,2.0,4.0
S097,12,10,0,-1,Rest,0.5,2.5
S097,12,10,1,-1,Rest,0.75,2.75
S097,12,10,2,-1,Rest,1.0,3.0
S097,12,10,3,-1,Rest,1.25,3.25
S097,12,10,4,-1,Rest,1.5,3.5
S097,12,10,5,-1,Rest,1.75,3.75
S097,12,10,6,-1,Rest,2.0,4.0
S097,12,12,0,-1,Rest,0.5,2.5
S097,12,12,1,-1,Rest,0.75,2.75
S097,12,12,2,-1,Rest,1.0,3.0
S097,12,12,3,-1,Rest,1.25,3.25
S097,12,12,4,-1,Rest,1.5,3.5
S097,12,12,5,-1,Rest,1.75,3.75
S097,12,12,6,-1,Rest,2.0,4.0
S097,12,14,0,-1,Rest,0.5,2.5
S097,12,14,1,-1,Rest,0.75,2.75
S097,12,14,2,-1,Rest,1.0,3.0
S097,12,14,3,-1,Rest,1.25,3.25
S097,12,14,4,-1,Rest,1.5,3.5
S097,12,14,5,-1,Rest,1.75,3.75
S097,12,14,6,-1,Rest,2.0,4.0
S097,12,16,0,-1,Rest,0.5,2.5
S097,12,16,1,-1,Rest,0.75,2.75
S097,12,16,2,-1,Rest,1.0,3.0
S097,12,16,3,-1,Rest,1.25,3.25
S097,12,16,4,-1,Rest,1.5,3.5
S097,12,16,5,-1,Rest,1.75,3.75
S097,12,16,6,-1,Rest,2.0,4.0
S097,12,18,0,-1,Rest,0.5,2.5
S097,12,18,1,-1,Rest,0.75,2.75
S097,12,18,2,-1,Rest,1.0,3.0
S097,12,18,3,-1,Rest,1.25,3.25
S097,12,18,4,-1,Rest,1.5,3.5
S097,12,18,5,-1,Rest,1.75,3.75
S097,12,18,6,-1,Rest,2.0,4.0
S097,12,20,0,-1,Rest,0.5,2.5
S097,12,20,1,-1,Rest,0.75,2.75
S097,12,20,2,-1,Rest,1.0,3.0
S097,12,20,3,-1,Rest,1.25,3.25
S097,12,20,4,-1,Rest,1.5,3.5
S097,12,20,5,-1,Rest,1.75,3.75
S097,12,20,6,-1,Rest,2.0,4.0
S097,12,22,0,-1,Rest,0.5,2.5
S097,12,22,1,-1,Rest,0.75,2.75
S097,12,22,2,-1,Rest,1.0,3.0
S097,12,22,3,-1,Rest,1.25,3.25
S097,12,22,4,-1,Rest,1.5,3.5
S097,12,22,5,-1,Rest,1.75,3.75
S097,12,22,6,-1,Rest,2.0,4.0
S097,12,24,2,-1,Rest,1.0,3.0
S097,12,24,3,-1,Rest,1.25,3.25
S097,12,24,4,-1,Rest,1.5,3.5
S097,12,24,5,-1,Rest,1.75,3.75
S097,12,24,6,-1,Rest,2.0,4.0
S097,12,26,0,-1,Rest,0.5,2.5
S097,12,26,1,-1,Rest,0.75,2.75
S097,12,26,2,-1,Rest,1.0,3.0
S097,12,26,3,-1,Rest,1.25,3.25
S097,12,26,4,-1,Rest,1.5,3.5
S097,12,26,5,-1,Rest,1.75,3.75
S097,12,26,6,-1,Rest,2.0,4.0
S097,12,28,0,-1,Rest,0.5,2.5
S097,12,28,1,-1,Rest,0.75,2.75
S097,12,28,2,-1,Rest,1.0,3.0
S097,12,28,3,-1,Rest,1.25,3.25
S097,12,28,4,-1,Rest,1.5,3.5
S097,12,28,5,-1,Rest,1.75,3.75
S097,12,28,6,-1,Rest,2.0,4.0
S098,04,0,0,-1,Rest,0.5,2.5
S098,04,0,1,-1,Rest,0.75,2.75
S098,04,0,2,-1,Rest,1.0,3.0
S098,04,0,3,-1,Rest,1.25,3.25
S098,04,0,4,-1,Rest,1.5,3.5
S098,04,0,5,-1,Rest,1.75,3.75
S098,04,0,6,-1,Rest,2.0,4.0
S098,04,2,0,-1,Rest,0.5,2.5
S098,04,2,1,-1,Rest,0.75,2.75
S098,04,2,2,-1,Rest,1.0,3.0
S098,04,2,3,-1,Rest,1.25,3.25
S098,04,2,4,-1,Rest,1.5,3.5
S098,04,2,5,-1,Rest,1.75,3.75
S098,04,2,6,-1,Rest,2.0,4.0
S098,04,4,0,-1,Rest,0.5,2.5
S098,04,4,1,-1,Rest,0.75,2.75
S098,04,4,2,-1,Rest,1.0,3.0
S098,04,4,3,-1,Rest,1.25,3.25
S098,04,4,4,-1,Rest,1.5,3.5
S098,04,4,5,-1,Rest,1.75,3.75
S098,04,4,6,-1,Rest,2.0,4.0
S098,04,6,0,-1,Rest,0.5,2.5
S098,04,6,1,-1,Rest,0.75,2.75
S098,04,6,2,-1,Rest,1.0,3.0
S098,04,6,3,-1,Rest,1.25,3.25
S098,04,6,4,-1,Rest,1.5,3.5
S098,04,6,5,-1,Rest,1.75,3.75
S098,04,6,6,-1,Rest,2.0,4.0
S098,04,8,0,-1,Rest,0.5,2.5
S098,04,8,1,-1,Rest,0.75,2.75
S098,04,8,2,-1,Rest,1.0,3.0
S098,04,8,3,-1,Rest,1.25,3.25
S098,04,8,4,-1,Rest,1.5,3.5
S098,04,8,5,-1,Rest,1.75,3.75
S098,04,8,6,-1,Rest,2.0,4.0
S098,04,10,0,-1,Rest,0.5,2.5
S098,04,10,1,-1,Rest,0.75,2.75
S098,04,10,2,-1,Rest,1.0,3.0
S098,04,10,3,-1,Rest,1.25,3.25
S098,04,10,4,-1,Rest,1.5,3.5
S098,04,10,5,-1,Rest,1.75,3.75
S098,04,10,6,-1,Rest,2.0,4.0
S098,04,12,0,-1,Rest,0.5,2.5
S098,04,12,1,-1,Rest,0.75,2.75
S098,04,12,2,-1,Rest,1.0,3.0
S098,04,12,3,-1,Rest,1.25,3.25
S098,04,12,4,-1,Rest,1.5,3.5
S098,04,12,5,-1,Rest,1.75,3.75
S098,04,12,6,-1,Rest,2.0,4.0
S098,04,14,0,-1,Rest,0.5,2.5
S098,04,14,1,-1,Rest,0.75,2.75
S098,04,14,2,-1,Rest,1.0,3.0
S098,04,14,3,-1,Rest,1.25,3.25
S098,04,14,4,-1,Rest,1.5,3.5
S098,04,14,5,-1,Rest,1.75,3.75
S098,04,14,6,-1,Rest,2.0,4.0
S098,04,16,0,-1,Rest,0.5,2.5
S098,04,16,1,-1,Rest,0.75,2.75
S098,04,16,2,-1,Rest,1.0,3.0
S098,04,16,3,-1,Rest,1.25,3.25
S098,04,16,4,-1,Rest,1.5,3.5
S098,04,16,5,-1,Rest,1.75,3.75
S098,04,16,6,-1,Rest,2.0,4.0
S098,04,18,0,-1,Rest,0.5,2.5
S098,04,18,1,-1,Rest,0.75,2.75
S098,04,18,2,-1,Rest,1.0,3.0
S098,04,18,3,-1,Rest,1.25,3.25
S098,04,18,4,-1,Rest,1.5,3.5
S098,04,18,5,-1,Rest,1.75,3.75
S098,04,18,6,-1,Rest,2.0,4.0
S098,04,20,0,-1,Rest,0.5,2.5
S098,04,20,1,-1,Rest,0.75,2.75
S098,04,20,2,-1,Rest,1.0,3.0
S098,04,20,3,-1,Rest,1.25,3.25
S098,04,20,4,-1,Rest,1.5,3.5
S098,04,20,5,-1,Rest,1.75,3.75
S098,04,20,6,-1,Rest,2.0,4.0
S098,04,22,0,-1,Rest,0.5,2.5
S098,04,22,1,-1,Rest,0.75,2.75
S098,04,22,2,-1,Rest,1.0,3.0
S098,04,22,3,-1,Rest,1.25,3.25
S098,04,22,4,-1,Rest,1.5,3.5
S098,04,22,5,-1,Rest,1.75,3.75
S098,04,22,6,-1,Rest,2.0,4.0
S098,04,24,0,-1,Rest,0.5,2.5
S098,04,24,1,-1,Rest,0.75,2.75
S098,04,24,2,-1,Rest,1.0,3.0
S098,04,24,3,-1,Rest,1.25,3.25
S098,04,24,4,-1,Rest,1.5,3.5
S098,04,24,5,-1,Rest,1.75,3.75
S098,04,24,6,-1,Rest,2.0,4.0
S098,04,26,0,-1,Rest,0.5,2.5
S098,04,26,1,-1,Rest,0.75,2.75
S098,04,26,2,-1,Rest,1.0,3.0
S098,04,26,3,-1,Rest,1.25,3.25
S098,04,26,4,-1,Rest,1.5,3.5
S098,04,26,5,-1,Rest,1.75,3.75
S098,04,26,6,-1,Rest,2.0,4.0
S098,04,28,0,-1,Rest,0.5,2.5
S098,04,28,1,-1,Rest,0.75,2.75
S098,04,28,2,-1,Rest,1.0,3.0
S098,04,28,3,-1,Rest,1.25,3.25
S098,04,28,4,-1,Rest,1.5,3.5
S098,04,28,5,-1,Rest,1.75,3.75
S098,04,28,6,-1,Rest,2.0,4.0
S098,08,0,0,-1,Rest,0.5,2.5
S098,08,0,1,-1,Rest,0.75,2.75
S098,08,0,2,-1,Rest,1.0,3.0
S098,08,0,3,-1,Rest,1.25,3.25
S098,08,0,4,-1,Rest,1.5,3.5
S098,08,0,5,-1,Rest,1.75,3.75
S098,08,0,6,-1,Rest,2.0,4.0
S098,08,2,0,-1,Rest,0.5,2.5
S098,08,2,1,-1,Rest,0.75,2.75
S098,08,2,2,-1,Rest,1.0,3.0
S098,08,2,3,-1,Rest,1.25,3.25
S098,08,2,4,-1,Rest,1.5,3.5
S098,08,2,5,-1,Rest,1.75,3.75
S098,08,2,6,-1,Rest,2.0,4.0
S098,08,4,0,-1,Rest,0.5,2.5
S098,08,4,1,-1,Rest,0.75,2.75
S098,08,4,2,-1,Rest,1.0,3.0
S098,08,4,3,-1,Rest,1.25,3.25
S098,08,4,4,-1,Rest,1.5,3.5
S098,08,4,5,-1,Rest,1.75,3.75
S098,08,4,6,-1,Rest,2.0,4.0
S098,08,6,0,-1,Rest,0.5,2.5
S098,08,6,1,-1,Rest,0.75,2.75
S098,08,6,2,-1,Rest,1.0,3.0
S098,08,6,3,-1,Rest,1.25,3.25
S098,08,6,4,-1,Rest,1.5,3.5
S098,08,6,5,-1,Rest,1.75,3.75
S098,08,6,6,-1,Rest,2.0,4.0
S098,08,8,0,-1,Rest,0.5,2.5
S098,08,8,1,-1,Rest,0.75,2.75
S098,08,8,2,-1,Rest,1.0,3.0
S098,08,8,3,-1,Rest,1.25,3.25
S098,08,8,4,-1,Rest,1.5,3.5
S098,08,8,5,-1,Rest,1.75,3.75
S098,08,8,6,-1,Rest,2.0,4.0
S098,08,10,0,-1,Rest,0.5,2.5
S098,08,10,1,-1,Rest,0.75,2.75
S098,08,10,2,-1,Rest,1.0,3.0
S098,08,10,3,-1,Rest,1.25,3.25
S098,08,10,4,-1,Rest,1.5,3.5
S098,08,10,5,-1,Rest,1.75,3.75
S098,08,10,6,-1,Rest,2.0,4.0
S098,08,12,0,-1,Rest,0.5,2.5
S098,08,12,1,-1,Rest,0.75,2.75
S098,08,12,2,-1,Rest,1.0,3.0
S098,08,12,3,-1,Rest,1.25,3.25
S098,08,12,4,-1,Rest,1.5,3.5
S098,08,12,5,-1,Rest,1.75,3.75
S098,08,12,6,-1,Rest,2.0,4.0
S098,08,14,0,-1,Rest,0.5,2.5
S098,08,14,1,-1,Rest,0.75,2.75
S098,08,14,2,-1,Rest,1.0,3.0
S098,08,14,3,-1,Rest,1.25,3.25
S098,08,14,4,-1,Rest,1.5,3.5
S098,08,14,5,-1,Rest,1.75,3.75
S098,08,14,6,-1,Rest,2.0,4.0
S098,08,16,0,-1,Rest,0.5,2.5
S098,08,16,1,-1,Rest,0.75,2.75
S098,08,16,2,-1,Rest,1.0,3.0
S098,08,16,3,-1,Rest,1.25,3.25
S098,08,16,4,-1,Rest,1.5,3.5
S098,08,16,5,-1,Rest,1.75,3.75
S098,08,16,6,-1,Rest,2.0,4.0
S098,08,18,0,-1,Rest,0.5,2.5
S098,08,18,1,-1,Rest,0.75,2.75
S098,08,18,2,-1,Rest,1.0,3.0
S098,08,18,3,-1,Rest,1.25,3.25
S098,08,18,4,-1,Rest,1.5,3.5
S098,08,18,5,-1,Rest,1.75,3.75
S098,08,18,6,-1,Rest,2.0,4.0
S098,08,20,0,-1,Rest,0.5,2.5
S098,08,20,1,-1,Rest,0.75,2.75
S098,08,20,2,-1,Rest,1.0,3.0
S098,08,20,3,-1,Rest,1.25,3.25
S098,08,20,4,-1,Rest,1.5,3.5
S098,08,20,5,-1,Rest,1.75,3.75
S098,08,20,6,-1,Rest,2.0,4.0
S098,08,22,0,-1,Rest,0.5,2.5
S098,08,22,1,-1,Rest,0.75,2.75
S098,08,22,2,-1,Rest,1.0,3.0
S098,08,22,3,-1,Rest,1.25,3.25
S098,08,22,4,-1,Rest,1.5,3.5
S098,08,22,5,-1,Rest,1.75,3.75
S098,08,22,6,-1,Rest,2.0,4.0
S098,08,24,0,-1,Rest,0.5,2.5
S098,08,24,1,-1,Rest,0.75,2.75
S098,08,24,2,-1,Rest,1.0,3.0
S098,08,24,3,-1,Rest,1.25,3.25
S098,08,24,4,-1,Rest,1.5,3.5
S098,08,24,5,-1,Rest,1.75,3.75
S098,08,24,6,-1,Rest,2.0,4.0
S098,08,26,0,-1,Rest,0.5,2.5
S098,08,26,1,-1,Rest,0.75,2.75
S098,08,26,2,-1,Rest,1.0,3.0
S098,08,26,3,-1,Rest,1.25,3.25
S098,08,26,4,-1,Rest,1.5,3.5
S098,08,26,5,-1,Rest,1.75,3.75
S098,08,26,6,-1,Rest,2.0,4.0
S098,08,28,0,-1,Rest,0.5,2.5
S098,08,28,1,-1,Rest,0.75,2.75
S098,08,28,2,-1,Rest,1.0,3.0
S098,08,28,3,-1,Rest,1.25,3.25
S098,08,28,4,-1,Rest,1.5,3.5
S098,08,28,5,-1,Rest,1.75,3.75
S098,08,28,6,-1,Rest,2.0,4.0
S098,12,0,0,-1,Rest,0.5,2.5
S098,12,0,1,-1,Rest,0.75,2.75
S098,12,0,2,-1,Rest,1.0,3.0
S098,12,0,3,-1,Rest,1.25,3.25
S098,12,0,4,-1,Rest,1.5,3.5
S098,12,0,5,-1,Rest,1.75,3.75
S098,12,0,6,-1,Rest,2.0,4.0
S098,12,2,0,-1,Rest,0.5,2.5
S098,12,2,1,-1,Rest,0.75,2.75
S098,12,2,2,-1,Rest,1.0,3.0
S098,12,2,3,-1,Rest,1.25,3.25
S098,12,2,4,-1,Rest,1.5,3.5
S098,12,2,5,-1,Rest,1.75,3.75
S098,12,2,6,-1,Rest,2.0,4.0
S098,12,4,0,-1,Rest,0.5,2.5
S098,12,4,1,-1,Rest,0.75,2.75
S098,12,4,2,-1,Rest,1.0,3.0
S098,12,4,3,-1,Rest,1.25,3.25
S098,12,4,4,-1,Rest,1.5,3.5
S098,12,4,5,-1,Rest,1.75,3.75
S098,12,4,6,-1,Rest,2.0,4.0
S098,12,6,0,-1,Rest,0.5,2.5
S098,12,6,1,-1,Rest,0.75,2.75
S098,12,6,2,-1,Rest,1.0,3.0
S098,12,6,3,-1,Rest,1.25,3.25
S098,12,6,4,-1,Rest,1.5,3.5
S098,12,6,5,-1,Rest,1.75,3.75
S098,12,6,6,-1,Rest,2.0,4.0
S098,12,8,0,-1,Rest,0.5,2.5
S098,12,8,1,-1,Rest,0.75,2.75
S098,12,8,2,-1,Rest,1.0,3.0
S098,12,8,3,-1,Rest,1.25,3.25
S098,12,8,4,-1,Rest,1.5,3.5
S098,12,8,5,-1,Rest,1.75,3.75
S098,12,8,6,-1,Rest,2.0,4.0
S098,12,10,0,-1,Rest,0.5,2.5
S098,12,10,1,-1,Rest,0.75,2.75
S098,12,10,2,-1,Rest,1.0,3.0
S098,12,10,3,-1,Rest,1.25,3.25
S098,12,10,4,-1,Rest,1.5,3.5
S098,12,10,5,-1,Rest,1.75,3.75
S098,12,10,6,-1,Rest,2.0,4.0
S098,12,12,0,-1,Rest,0.5,2.5
S098,12,12,1,-1,Rest,0.75,2.75
S098,12,12,2,-1,Rest,1.0,3.0
S098,12,12,3,-1,Rest,1.25,3.25
S098,12,12,4,-1,Rest,1.5,3.5
S098,12,12,5,-1,Rest,1.75,3.75
S098,12,12,6,-1,Rest,2.0,4.0
S098,12,14,0,-1,Rest,0.5,2.5
S098,12,14,1,-1,Rest,0.75,2.75
S098,12,14,2,-1,Rest,1.0,3.0
S098,12,14,3,-1,Rest,1.25,3.25
S098,12,14,4,-1,Rest,1.5,3.5
S098,12,14,5,-1,Rest,1.75,3.75
S098,12,14,6,-1,Rest,2.0,4.0
S098,12,16,0,-1,Rest,0.5,2.5
S098,12,16,1,-1,Rest,0.75,2.75
S098,12,16,2,-1,Rest,1.0,3.0
S098,12,16,3,-1,Rest,1.25,3.25
S098,12,16,4,-1,Rest,1.5,3.5
S098,12,16,5,-1,Rest,1.75,3.75
S098,12,16,6,-1,Rest,2.0,4.0
S098,12,18,0,-1,Rest,0.5,2.5
S098,12,18,1,-1,Rest,0.75,2.75
S098,12,18,2,-1,Rest,1.0,3.0
S098,12,18,3,-1,Rest,1.25,3.25
S098,12,18,4,-1,Rest,1.5,3.5
S098,12,18,5,-1,Rest,1.75,3.75
S098,12,18,6,-1,Rest,2.0,4.0
S098,12,20,0,-1,Rest,0.5,2.5
S098,12,20,1,-1,Rest,0.75,2.75
S098,12,20,2,-1,Rest,1.0,3.0
S098,12,20,3,-1,Rest,1.25,3.25
S098,12,20,4,-1,Rest,1.5,3.5
S098,12,20,5,-1,Rest,1.75,3.75
S098,12,20,6,-1,Rest,2.0,4.0
S098,12,22,0,-1,Rest,0.5,2.5
S098,12,22,1,-1,Rest,0.75,2.75
S098,12,22,2,-1,Rest,1.0,3.0
S098,12,22,3,-1,Rest,1.25,3.25
S098,12,22,4,-1,Rest,1.5,3.5
S098,12,22,5,-1,Rest,1.75,3.75
S098,12,22,6,-1,Rest,2.0,4.0
S098,12,24,0,-1,Rest,0.5,2.5
S098,12,24,1,-1,Rest,0.75,2.75
S098,12,24,2,-1,Rest,1.0,3.0
S098,12,24,3,-1,Rest,1.25,3.25
S098,12,24,4,-1,Rest,1.5,3.5
S098,12,24,5,-1,Rest,1.75,3.75
S098,12,24,6,-1,Rest,2.0,4.0
S098,12,26,0,-1,Rest,0.5,2.5
S098,12,26,1,-1,Rest,0.75,2.75
S098,12,26,2,-1,Rest,1.0,3.0
S098,12,26,3,-1,Rest,1.25,3.25
S098,12,26,4,-1,Rest,1.5,3.5
S098,12,26,5,-1,Rest,1.75,3.75
S098,12,26,6,-1,Rest,2.0,4.0
S098,12,28,0,-1,Rest,0.5,2.5
S098,12,28,1,-1,Rest,0.75,2.75
S098,12,28,2,-1,Rest,1.0,3.0
S098,12,28,3,-1,Rest,1.25,3.25
S098,12,28,4,-1,Rest,1.5,3.5
S098,12,28,5,-1,Rest,1.75,3.75
S098,12,28,6,-1,Rest,2.0,4.0
S099,08,8,0,-1,Rest,0.5,2.5
S099,08,20,6,-1,Rest,2.0,4.0
S099,12,28,4,-1,Rest,1.5,3.5
S101,04,0,0,-1,Rest,0.5,2.5
S101,04,0,1,-1,Rest,0.75,2.75
S101,04,0,2,-1,Rest,1.0,3.0
S101,04,0,3,-1,Rest,1.25,3.25
S101,04,0,4,-1,Rest,1.5,3.5
S101,04,0,5,-1,Rest,1.75,3.75
S101,04,0,6,-1,Rest,2.0,4.0
S101,04,2,0,-1,Rest,0.5,2.5
S101,04,2,1,-1,Rest,0.75,2.75
S101,04,2,2,-1,Rest,1.0,3.0
S101,04,2,3,-1,Rest,1.25,3.25
S101,04,2,4,-1,Rest,1.5,3.5
S101,04,2,5,-1,Rest,1.75,3.75
S101,04,2,6,-1,Rest,2.0,4.0
S101,04,4,0,-1,Rest,0.5,2.5
S101,04,4,1,-1,Rest,0.75,2.75
S101,04,4,2,-1,Rest,1.0,3.0
S101,04,4,3,-1,Rest,1.25,3.25
S101,04,4,4,-1,Rest,1.5,3.5
S101,04,4,5,-1,Rest,1.75,3.75
S101,04,4,6,-1,Rest,2.0,4.0
S101,04,6,0,-1,Rest,0.5,2.5
S101,04,6,1,-1,Rest,0.75,2.75
S101,04,6,2,-1,Rest,1.0,3.0
S101,04,6,3,-1,Rest,1.25,3.25
S101,04,6,4,-1,Rest,1.5,3.5
S101,04,6,5,-1,Rest,1.75,3.75
S101,04,6,6,-1,Rest,2.0,4.0
S101,04,8,0,-1,Rest,0.5,2.5
S101,04,8,1,-1,Rest,0.75,2.75
S101,04,8,2,-1,Rest,1.0,3.0
S101,04,8,3,-1,Rest,1.25,3.25
S101,04,8,4,-1,Rest,1.5,3.5
S101,04,8,5,-1,Rest,1.75,3.75
S101,04,8,6,-1,Rest,2.0,4.0
S101,04,10,0,-1,Rest,0.5,2.5
S101,04,10,1,-1,Rest,0.75,2.75
S101,04,10,2,-1,Rest,1.0,3.0
S101,04,10,3,-1,Rest,1.25,3.25
S101,04,10,4,-1,Rest,1.5,3.5
S101,04,10,5,-1,Rest,1.75,3.75
S101,04,10,6,-1,Rest,2.0,4.0
S101,04,12,0,-1,Rest,0.5,2.5
S101,04,12,1,-1,Rest,0.75,2.75
S101,04,12,2,-1,Rest,1.0,3.0
S101,04,12,3,-1,Rest,1.25,3.25
S101,04,12,4,-1,Rest,1.5,3.5
S101,04,12,5,-1,Rest,1.75,3.75
S101,04,12,6,-1,Rest,2.0,4.0
S101,04,14,0,-1,Rest,0.5,2.5
S101,04,14,1,-1,Rest,0.75,2.75
S101,04,14,2,-1,Rest,1.0,3.0
S101,04,14,3,-1,Rest,1.25,3.25
S101,04,14,4,-1,Rest,1.5,3.5
S101,04,14,5,-1,Rest,1.75,3.75
S101,04,14,6,-1,Rest,2.0,4.0
S101,04,16,0,-1,Rest,0.5,2.5
S101,04,16,1,-1,Rest,0.75,2.75
S101,04,16,2,-1,Rest,1.0,3.0
S101,04,16,3,-1,Rest,1.25,3.25
S101,04,16,4,-1,Rest,1.5,3.5
S101,04,16,5,-1,Rest,1.75,3.75
S101,04,16,6,-1,Rest,2.0,4.0
S101,04,18,0,-1,Rest,0.5,2.5
S101,04,18,1,-1,Rest,0.75,2.75
S101,04,18,2,-1,Rest,1.0,3.0
S101,04,18,3,-1,Rest,1.25,3.25
S101,04,18,4,-1,Rest,1.5,3.5
S101,04,18,5,-1,Rest,1.75,3.75
S101,04,18,6,-1,Rest,2.0,4.0
S101,04,20,0,-1,Rest,0.5,2.5
S101,04,20,1,-1,Rest,0.75,2.75
S101,04,20,2,-1,Rest,1.0,3.0
S101,04,20,3,-1,Rest,1.25,3.25
S101,04,20,4,-1,Rest,1.5,3.5
S101,04,20,5,-1,Rest,1.75,3.75
S101,04,20,6,-1,Rest,2.0,4.0
S101,04,22,0,-1,Rest,0.5,2.5
S101,04,22,1,-1,Rest,0.75,2.75
S101,04,22,2,-1,Rest,1.0,3.0
S101,04,22,3,-1,Rest,1.25,3.25
S101,04,22,4,-1,Rest,1.5,3.5
S101,04,22,5,-1,Rest,1.75,3.75
S101,04,22,6,-1,Rest,2.0,4.0
S101,04,24,0,-1,Rest,0.5,2.5
S101,04,24,1,-1,Rest,0.75,2.75
S101,04,24,2,-1,Rest,1.0,3.0
S101,04,24,3,-1,Rest,1.25,3.25
S101,04,24,4,-1,Rest,1.5,3.5
S101,04,24,5,-1,Rest,1.75,3.75
S101,04,24,6,-1,Rest,2.0,4.0
S101,04,26,0,-1,Rest,0.5,2.5
S101,04,26,1,-1,Rest,0.75,2.75
S101,04,26,2,-1,Rest,1.0,3.0
S101,04,26,3,-1,Rest,1.25,3.25
S101,04,26,4,-1,Rest,1.5,3.5
S101,04,26,5,-1,Rest,1.75,3.75
S101,04,26,6,-1,Rest,2.0,4.0
S101,04,28,0,-1,Rest,0.5,2.5
S101,04,28,1,-1,Rest,0.75,2.75
S101,04,28,2,-1,Rest,1.0,3.0
S101,04,28,3,-1,Rest,1.25,3.25
S101,04,28,4,-1,Rest,1.5,3.5
S101,04,28,5,-1,Rest,1.75,3.75
S101,04,28,6,-1,Rest,2.0,4.0
S101,08,0,0,-1,Rest,0.5,2.5
S101,08,0,1,-1,Rest,0.75,2.75
S101,08,0,2,-1,Rest,1.0,3.0
S101,08,0,3,-1,Rest,1.25,3.25
S101,08,0,4,-1,Rest,1.5,3.5
S101,08,0,5,-1,Rest,1.75,3.75
S101,08,0,6,-1,Rest,2.0,4.0
S101,08,2,0,-1,Rest,0.5,2.5
S101,08,2,1,-1,Rest,0.75,2.75
S101,08,2,2,-1,Rest,1.0,3.0
S101,08,2,3,-1,Rest,1.25,3.25
S101,08,2,4,-1,Rest,1.5,3.5
S101,08,2,5,-1,Rest,1.75,3.75
S101,08,2,6,-1,Rest,2.0,4.0
S101,08,4,0,-1,Rest,0.5,2.5
S101,08,4,1,-1,Rest,0.75,2.75
S101,08,4,2,-1,Rest,1.0,3.0
S101,08,4,3,-1,Rest,1.25,3.25
S101,08,4,4,-1,Rest,1.5,3.5
S101,08,4,5,-1,Rest,1.75,3.75
S101,08,4,6,-1,Rest,2.0,4.0
S101,08,6,0,-1,Rest,0.5,2.5
S101,08,6,1,-1,Rest,0.75,2.75
S101,08,6,2,-1,Rest,1.0,3.0
S101,08,6,3,-1,Rest,1.25,3.25
S101,08,6,4,-1,Rest,1.5,3.5
S101,08,6,5,-1,Rest,1.75,3.75
S101,08,6,6,-1,Rest,2.0,4.0
S101,08,8,0,-1,Rest,0.5,2.5
S101,08,8,1,-1,Rest,0.75,2.75
S101,08,8,2,-1,Rest,1.0,3.0
S101,08,8,3,-1,Rest,1.25,3.25
S101,08,8,4,-1,Rest,1.5,3.5
S101,08,8,5,-1,Rest,1.75,3.75
S101,08,8,6,-1,Rest,2.0,4.0
S101,08,10,0,-1,Rest,0.5,2.5
S101,08,10,1,-1,Rest,0.75,2.75
S101,08,10,2,-1,Rest,1.0,3.0
S101,08,10,3,-1,Rest,1.25,3.25
S101,08,10,4,-1,Rest,1.5,3.5
S101,08,10,5,-1,Rest,1.75,3.75
S101,08,10,6,-1,Rest,2.0,4.0
S101,08,12,0,-1,Rest,0.5,2.5
S101,08,12,1,-1,Rest,0.75,2.75
S101,08,12,2,-1,Rest,1.0,3.0
S101,08,12,3,-1,Rest,1.25,3.25
S101,08,12,4,-1,Rest,1.5,3.5
S101,08,12,5,-1,Rest,1.75,3.75
S101,08,12,6,-1,Rest,2.0,4.0
S101,08,14,0,-1,Rest,0.5,2.5
S101,08,14,1,-1,Rest,0.75,2.75
S101,08,14,2,-1,Rest,1.0,3.0
S101,08,14,3,-1,Rest,1.25,3.25
S101,08,14,4,-1,Rest,1.5,3.5
S101,08,14,5,-1,Rest,1.75,3.75
S101,08,14,6,-1,Rest,2.0,4.0
S101,08,16,0,-1,Rest,0.5,2.5
S101,08,16,1,-1,Rest,0.75,2.75
S101,08,16,2,-1,Rest,1.0,3.0
S101,08,16,3,-1,Rest,1.25,3.25
S101,08,16,4,-1,Rest,1.5,3.5
S101,08,16,5,-1,Rest,1.75,3.75
S101,08,16,6,-1,Rest,2.0,4.0
S101,08,18,0,-1,Rest,0.5,2.5
S101,08,18,1,-1,Rest,0.75,2.75
S101,08,18,2,-1,Rest,1.0,3.0
S101,08,18,3,-1,Rest,1.25,3.25
S101,08,18,4,-1,Rest,1.5,3.5
S101,08,18,5,-1,Rest,1.75,3.75
S101,08,18,6,-1,Rest,2.0,4.0
S101,08,20,0,-1,Rest,0.5,2.5
S101,08,20,1,-1,Rest,0.75,2.75
S101,08,20,2,-1,Rest,1.0,3.0
S101,08,20,3,-1,Rest,1.25,3.25
S101,08,20,4,-1,Rest,1.5,3.5
S101,08,20,5,-1,Rest,1.75,3.75
S101,08,20,6,-1,Rest,2.0,4.0
S101,08,22,0,-1,Rest,0.5,2.5
S101,08,22,1,-1,Rest,0.75,2.75
S101,08,22,2,-1,Rest,1.0,3.0
S101,08,22,3,-1,Rest,1.25,3.25
S101,08,22,4,-1,Rest,1.5,3.5
S101,08,22,5,-1,Rest,1.75,3.75
S101,08,22,6,-1,Rest,2.0,4.0
S101,08,24,0,-1,Rest,0.5,2.5
S101,08,24,1,-1,Rest,0.75,2.75
S101,08,24,2,-1,Rest,1.0,3.0
S101,08,24,3,-1,Rest,1.25,3.25
S101,08,24,4,-1,Rest,1.5,3.5
S101,08,24,5,-1,Rest,1.75,3.75
S101,08,24,6,-1,Rest,2.0,4.0
S101,08,26,1,-1,Rest,0.75,2.75
S101,08,26,2,-1,Rest,1.0,3.0
S101,08,26,3,-1,Rest,1.25,3.25
S101,08,26,4,-1,Rest,1.5,3.5
S101,08,26,5,-1,Rest,1.75,3.75
S101,08,26,6,-1,Rest,2.0,4.0
S101,08,28,0,-1,Rest,0.5,2.5
S101,08,28,1,-1,Rest,0.75,2.75
S101,08,28,2,-1,Rest,1.0,3.0
S101,08,28,3,-1,Rest,1.25,3.25
S101,08,28,4,-1,Rest,1.5,3.5
S101,08,28,5,-1,Rest,1.75,3.75
S101,08,28,6,-1,Rest,2.0,4.0
S101,12,0,0,-1,Rest,0.5,2.5
S101,12,0,1,-1,Rest,0.75,2.75
S101,12,0,2,-1,Rest,1.0,3.0
S101,12,0,3,-1,Rest,1.25,3.25
S101,12,0,4,-1,Rest,1.5,3.5
S101,12,0,5,-1,Rest,1.75,3.75
S101,12,0,6,-1,Rest,2.0,4.0
S101,12,2,0,-1,Rest,0.5,2.5
S101,12,2,1,-1,Rest,0.75,2.75
S101,12,2,2,-1,Rest,1.0,3.0
S101,12,2,3,-1,Rest,1.25,3.25
S101,12,2,4,-1,Rest,1.5,3.5
S101,12,2,5,-1,Rest,1.75,3.75
S101,12,2,6,-1,Rest,2.0,4.0
S101,12,4,0,-1,Rest,0.5,2.5
S101,12,4,1,-1,Rest,0.75,2.75
S101,12,4,2,-1,Rest,1.0,3.0
S101,12,4,3,-1,Rest,1.25,3.25
S101,12,4,4,-1,Rest,1.5,3.5
S101,12,4,5,-1,Rest,1.75,3.75
S101,12,4,6,-1,Rest,2.0,4.0
S101,12,6,0,-1,Rest,0.5,2.5
S101,12,6,1,-1,Rest,0.75,2.75
S101,12,6,2,-1,Rest,1.0,3.0
S101,12,6,3,-1,Rest,1.25,3.25
S101,12,6,4,-1,Rest,1.5,3.5
S101,12,6,5,-1,Rest,1.75,3.75
S101,12,6,6,-1,Rest,2.0,4.0
S101,12,8,0,-1,Rest,0.5,2.5
S101,12,8,1,-1,Rest,0.75,2.75
S101,12,8,2,-1,Rest,1.0,3.0
S101,12,8,3,-1,Rest,1.25,3.25
S101,12,8,4,-1,Rest,1.5,3.5
S101,12,8,5,-1,Rest,1.75,3.75
S101,12,8,6,-1,Rest,2.0,4.0
S101,12,10,0,-1,Rest,0.5,2.5
S101,12,10,1,-1,Rest,0.75,2.75
S101,12,10,2,-1,Rest,1.0,3.0
S101,12,10,3,-1,Rest,1.25,3.25
S101,12,10,4,-1,Rest,1.5,3.5
S101,12,10,5,-1,Rest,1.75,3.75
S101,12,10,6,-1,Rest,2.0,4.0
S101,12,12,0,-1,Rest,0.5,2.5
S101,12,12,1,-1,Rest,0.75,2.75
S101,12,12,2,-1,Rest,1.0,3.0
S101,12,12,3,-1,Rest,1.25,3.25
S101,12,12,4,-1,Rest,1.5,3.5
S101,12,12,5,-1,Rest,1.75,3.75
S101,12,12,6,-1,Rest,2.0,4.0
S101,12,14,0,-1,Rest,0.5,2.5
S101,12,14,1,-1,Rest,0.75,2.75
S101,12,14,2,-1,Rest,1.0,3.0
S101,12,14,3,-1,Rest,1.25,3.25
S101,12,14,4,-1,Rest,1.5,3.5
S101,12,14,5,-1,Rest,1.75,3.75
S101,12,14,6,-1,Rest,2.0,4.0
S101,12,16,0,-1,Rest,0.5,2.5
S101,12,16,1,-1,Rest,0.75,2.75
S101,12,16,2,-1,Rest,1.0,3.0
S101,12,16,3,-1,Rest,1.25,3.25
S101,12,16,4,-1,Rest,1.5,3.5
S101,12,16,5,-1,Rest,1.75,3.75
S101,12,16,6,-1,Rest,2.0,4.0
S101,12,18,0,-1,Rest,0.5,2.5
S101,12,18,1,-1,Rest,0.75,2.75
S101,12,18,2,-1,Rest,1.0,3.0
S101,12,18,3,-1,Rest,1.25,3.25
S101,12,18,4,-1,Rest,1.5,3.5
S101,12,18,5,-1,Rest,1.75,3.75
S101,12,18,6,-1,Rest,2.0,4.0
S101,12,20,0,-1,Rest,0.5,2.5
S101,12,20,1,-1,Rest,0.75,2.75
S101,12,20,2,-1,Rest,1.0,3.0
S101,12,20,3,-1,Rest,1.25,3.25
S101,12,20,4,-1,Rest,1.5,3.5
S101,12,20,5,-1,Rest,1.75,3.75
S101,12,20,6,-1,Rest,2.0,4.0
S101,12,22,0,-1,Rest,0.5,2.5
S101,12,22,1,-1,Rest,0.75,2.75
S101,12,22,2,-1,Rest,1.0,3.0
S101,12,22,3,-1,Rest,1.25,3.25
S101,12,22,4,-1,Rest,1.5,3.5
S101,12,22,5,-1,Rest,1.75,3.75
S101,12,22,6,-1,Rest,2.0,4.0
S101,12,24,0,-1,Rest,0.5,2.5
S101,12,24,1,-1,Rest,0.75,2.75
S101,12,24,2,-1,Rest,1.0,3.0
S101,12,26,0,-1,Rest,0.5,2.5
S101,12,26,1,-1,Rest,0.75,2.75
S101,12,26,2,-1,Rest,1.0,3.0
S101,12,26,3,-1,Rest,1.25,3.25
S101,12,26,4,-1,Rest,1.5,3.5
S101,12,26,5,-1,Rest,1.75,3.75
S101,12,26,6,-1,Rest,2.0,4.0
S101,12,28,0,-1,Rest,0.5,2.5
S101,12,28,1,-1,Rest,0.75,2.75
S101,12,28,2,-1,Rest,1.0,3.0
S101,12,28,3,-1,Rest,1.25,3.25
S101,12,28,4,-1,Rest,1.5,3.5
S101,12,28,5,-1,Rest,1.75,3.75
S101,12,28,6,-1,Rest,2.0,4.0
S103,04,0,0,-1,Rest,0.5,2.5
S103,04,0,1,-1,Rest,0.75,2.75
S103,04,2,0,-1,Rest,0.5,2.5
S103,04,6,3,-1,Rest,1.25,3.25
S103,04,10,6,-1,Rest,2.0,4.0
S103,04,28,3,-1,Rest,1.25,3.25
S103,04,28,4,-1,Rest,1.5,3.5
S103,04,28,5,-1,Rest,1.75,3.75
S103,04,28,6,-1,Rest,2.0,4.0
S103,08,0,2,-1,Rest,1.0,3.0
S103,08,2,0,-1,Rest,0.5,2.5
S103,08,18,0,-1,Rest,0.5,2.5
S103,08,18,1,-1,Rest,0.75,2.75
S103,08,18,2,-1,Rest,1.0,3.0
S103,08,22,6,-1,Rest,2.0,4.0
S103,08,24,2,-1,Rest,1.0,3.0
S103,08,24,3,-1,Rest,1.25,3.25
S103,08,24,4,-1,Rest,1.5,3.5
S103,08,24,5,-1,Rest,1.75,3.75
S103,12,4,6,-1,Rest,2.0,4.0
S103,12,14,3,-1,Rest,1.25,3.25
S103,12,28,2,-1,Rest,1.0,3.0
S103,12,28,3,-1,Rest,1.25,3.25
S105,04,0,0,-1,Rest,0.5,2.5
S105,04,0,1,-1,Rest,0.75,2.75
S105,04,0,2,-1,Rest,1.0,3.0
S105,04,0,3,-1,Rest,1.25,3.25
S105,04,0,4,-1,Rest,1.5,3.5
S105,04,0,5,-1,Rest,1.75,3.75
S105,04,0,6,-1,Rest,2.0,4.0
S105,04,2,0,-1,Rest,0.5,2.5
S105,04,2,1,-1,Rest,0.75,2.75
S105,04,2,2,-1,Rest,1.0,3.0
S105,04,2,3,-1,Rest,1.25,3.25
S105,04,2,4,-1,Rest,1.5,3.5
S105,04,2,5,-1,Rest,1.75,3.75
S105,04,2,6,-1,Rest,2.0,4.0
S105,04,4,0,-1,Rest,0.5,2.5
S105,04,4,1,-1,Rest,0.75,2.75
S105,04,4,2,-1,Rest,1.0,3.0
S105,04,4,3,-1,Rest,1.25,3.25
S105,04,4,4,-1,Rest,1.5,3.5
S105,04,4,5,-1,Rest,1.75,3.75
S105,04,4,6,-1,Rest,2.0,4.0
S105,04,6,0,-1,Rest,0.5,2.5
S105,04,6,1,-1,Rest,0.75,2.75
S105,04,6,2,-1,Rest,1.0,3.0
S105,04,6,3,-1,Rest,1.25,3.25
S105,04,6,4,-1,Rest,1.5,3.5
S105,04,6,5,-1,Rest,1.75,3.75
S105,04,6,6,-1,Rest,2.0,4.0
S105,04,8,0,-1,Rest,0.5,2.5
S105,04,8,1,-1,Rest,0.75,2.75
S105,04,8,2,-1,Rest,1.0,3.0
S105,04,8,3,-1,Rest,1.25,3.25
S105,04,8,4,-1,Rest,1.5,3.5
S105,04,8,5,-1,Rest,1.75,3.75
S105,04,8,6,-1,Rest,2.0,4.0
S105,04,10,0,-1,Rest,0.5,2.5
S105,04,10,1,-1,Rest,0.75,2.75
S105,04,10,2,-1,Rest,1.0,3.0
S105,04,10,3,-1,Rest,1.25,3.25
S105,04,10,4,-1,Rest,1.5,3.5
S105,04,10,5,-1,Rest,1.75,3.75
S105,04,10,6,-1,Rest,2.0,4.0
S105,04,12,0,-1,Rest,0.5,2.5
S105,04,12,1,-1,Rest,0.75,2.75
S105,04,12,2,-1,Rest,1.0,3.0
S105,04,12,3,-1,Rest,1.25,3.25
S105,04,12,4,-1,Rest,1.5,3.5
S105,04,12,5,-1,Rest,1.75,3.75
S105,04,12,6,-1,Rest,2.0,4.0
S105,04,14,0,-1,Rest,0.5,2.5
S105,04,14,1,-1,Rest,0.75,2.75
S105,04,14,2,-1,Rest,1.0,3.0
S105,04,14,3,-1,Rest,1.25,3.25
S105,04,14,4,-1,Rest,1.5,3.5
S105,04,14,5,-1,Rest,1.75,3.75
S105,04,14,6,-1,Rest,2.0,4.0
S105,04,16,0,-1,Rest,0.5,2.5
S105,04,16,1,-1,Rest,0.75,2.75
S105,04,16,2,-1,Rest,1.0,3.0
S105,04,16,3,-1,Rest,1.25,3.25
S105,04,16,4,-1,Rest,1.5,3.5
S105,04,16,5,-1,Rest,1.75,3.75
S105,04,16,6,-1,Rest,2.0,4.0
S105,04,18,0,-1,Rest,0.5,2.5
S105,04,18,1,-1,Rest,0.75,2.75
S105,04,18,2,-1,Rest,1.0,3.0
S105,04,18,3,-1,Rest,1.25,3.25
S105,04,18,4,-1,Rest,1.5,3.5
S105,04,18,5,-1,Rest,1.75,3.75
S105,04,18,6,-1,Rest,2.0,4.0
S105,04,20,0,-1,Rest,0.5,2.5
S105,04,20,1,-1,Rest,0.75,2.75
S105,04,20,2,-1,Rest,1.0,3.0
S105,04,20,3,-1,Rest,1.25,3.25
S105,04,20,4,-1,Rest,1.5,3.5
S105,04,20,5,-1,Rest,1.75,3.75
S105,04,20,6,-1,Rest,2.0,4.0
S105,04,22,0,-1,Rest,0.5,2.5
S105,04,22,1,-1,Rest,0.75,2.75
S105,04,22,2,-1,Rest,1.0,3.0
S105,04,22,3,-1,Rest,1.25,3.25
S105,04,22,4,-1,Rest,1.5,3.5
S105,04,22,5,-1,Rest,1.75,3.75
S105,04,22,6,-1,Rest,2.0,4.0
S105,04,26,0,-1,Rest,0.5,2.5
S105,04,26,1,-1,Rest,0.75,2.75
S105,04,26,2,-1,Rest,1.0,3.0
S105,04,26,3,-1,Rest,1.25,3.25
S105,04,26,4,-1,Rest,1.5,3.5
S105,04,26,5,-1,Rest,1.75,3.75
S105,04,26,6,-1,Rest,2.0,4.0
S105,04,28,0,-1,Rest,0.5,2.5
S105,04,28,1,-1,Rest,0.75,2.75
S105,04,28,2,-1,Rest,1.0,3.0
S105,04,28,3,-1,Rest,1.25,3.25
S105,04,28,4,-1,Rest,1.5,3.5
S105,04,28,5,-1,Rest,1.75,3.75
S105,04,28,6,-1,Rest,2.0,4.0
S105,08,0,0,-1,Rest,0.5,2.5
S105,08,0,1,-1,Rest,0.75,2.75
S105,08,0,2,-1,Rest,1.0,3.0
S105,08,0,3,-1,Rest,1.25,3.25
S105,08,0,4,-1,Rest,1.5,3.5
S105,08,0,5,-1,Rest,1.75,3.75
S105,08,0,6,-1,Rest,2.0,4.0
S105,08,2,0,-1,Rest,0.5,2.5
S105,08,2,1,-1,Rest,0.75,2.75
S105,08,2,2,-1,Rest,1.0,3.0
S105,08,2,3,-1,Rest,1.25,3.25
S105,08,2,4,-1,Rest,1.5,3.5
S105,08,2,5,-1,Rest,1.75,3.75
S105,08,2,6,-1,Rest,2.0,4.0
S105,08,4,0,-1,Rest,0.5,2.5
S105,08,4,1,-1,Rest,0.75,2.75
S105,08,4,2,-1,Rest,1.0,3.0
S105,08,4,3,-1,Rest,1.25,3.25
S105,08,4,4,-1,Rest,1.5,3.5
S105,08,4,5,-1,Rest,1.75,3.75
S105,08,4,6,-1,Rest,2.0,4.0
S105,08,6,0,-1,Rest,0.5,2.5
S105,08,6,1,-1,Rest,0.75,2.75
S105,08,6,2,-1,Rest,1.0,3.0
S105,08,6,3,-1,Rest,1.25,3.25
S105,08,6,4,-1,Rest,1.5,3.5
S105,08,6,5,-1,Rest,1.75,3.75
S105,08,6,6,-1,Rest,2.0,4.0
S105,08,8,0,-1,Rest,0.5,2.5
S105,08,8,1,-1,Rest,0.75,2.75
S105,08,8,2,-1,Rest,1.0,3.0
S105,08,8,3,-1,Rest,1.25,3.25
S105,08,8,4,-1,Rest,1.5,3.5
S105,08,8,5,-1,Rest,1.75,3.75
S105,08,8,6,-1,Rest,2.0,4.0
S105,08,10,0,-1,Rest,0.5,2.5
S105,08,10,1,-1,Rest,0.75,2.75
S105,08,10,2,-1,Rest,1.0,3.0
S105,08,10,3,-1,Rest,1.25,3.25
S105,08,10,4,-1,Rest,1.5,3.5
S105,08,10,5,-1,Rest,1.75,3.75
S105,08,10,6,-1,Rest,2.0,4.0
S105,08,12,0,-1,Rest,0.5,2.5
S105,08,12,1,-1,Rest,0.75,2.75
S105,08,12,2,-1,Rest,1.0,3.0
S105,08,12,3,-1,Rest,1.25,3.25
S105,08,12,4,-1,Rest,1.5,3.5
S105,08,12,5,-1,Rest,1.75,3.75
S105,08,12,6,-1,Rest,2.0,4.0
S105,08,14,0,-1,Rest,0.5,2.5
S105,08,14,1,-1,Rest,0.75,2.75
S105,08,14,2,-1,Rest,1.0,3.0
S105,08,14,3,-1,Rest,1.25,3.25
S105,08,14,4,-1,Rest,1.5,3.5
S105,08,14,5,-1,Rest,1.75,3.75
S105,08,14,6,-1,Rest,2.0,4.0
S105,08,16,0,-1,Rest,0.5,2.5
S105,08,16,1,-1,Rest,0.75,2.75
S105,08,16,2,-1,Rest,1.0,3.0
S105,08,16,3,-1,Rest,1.25,3.25
S105,08,16,4,-1,Rest,1.5,3.5
S105,08,16,5,-1,Rest,1.75,3.75
S105,08,16,6,-1,Rest,2.0,4.0
S105,08,18,0,-1,Rest,0.5,2.5
S105,08,18,1,-1,Rest,0.75,2.75
S105,08,18,2,-1,Rest,1.0,3.0
S105,08,18,3,-1,Rest,1.25,3.25
S105,08,18,4,-1,Rest,1.5,3.5
S105,08,18,5,-1,Rest,1.75,3.75
S105,08,18,6,-1,Rest,2.0,4.0
S105,08,20,0,-1,Rest,0.5,2.5
S105,08,20,1,-1,Rest,0.75,2.75
S105,08,20,2,-1,Rest,1.0,3.0
S105,08,20,3,-1,Rest,1.25,3.25
S105,08,20,4,-1,Rest,1.5,3.5
S105,08,20,5,-1,Rest,1.75,3.75
S105,08,20,6,-1,Rest,2.0,4.0
S105,08,22,0,-1,Rest,0.5,2.5
S105,08,22,1,-1,Rest,0.75,2.75
S105,08,22,2,-1,Rest,1.0,3.0
S105,08,22,3,-1,Rest,1.25,3.25
S105,08,22,4,-1,Rest,1.5,3.5
S105,08,22,5,-1,Rest,1.75,3.75
S105,08,22,6,-1,Rest,2.0,4.0
S105,08,24,0,-1,Rest,0.5,2.5
S105,08,24,1,-1,Rest,0.75,2.75
S105,08,24,2,-1,Rest,1.0,3.0
S105,08,24,3,-1,Rest,1.25,3.25
S105,08,24,4,-1,Rest,1.5,3.5
S105,08,24,5,-1,Rest,1.75,3.75
S105,08,24,6,-1,Rest,2.0,4.0
S105,08,26,0,-1,Rest,0.5,2.5
S105,08,26,1,-1,Rest,0.75,2.75
S105,08,26,2,-1,Rest,1.0,3.0
S105,08,26,3,-1,Rest,1.25,3.25
S105,08,26,4,-1,Rest,1.5,3.5
S105,08,26,5,-1,Rest,1.75,3.75
S105,08,26,6,-1,Rest,2.0,4.0
S105,08,28,0,-1,Rest,0.5,2.5
S105,08,28,1,-1,Rest,0.75,2.75
S105,08,28,2,-1,Rest,1.0,3.0
S105,08,28,3,-1,Rest,1.25,3.25
S105,08,28,4,-1,Rest,1.5,3.5
S105,08,28,5,-1,Rest,1.75,3.75
S105,08,28,6,-1,Rest,2.0,4.0
S105,12,0,0,-1,Rest,0.5,2.5
S105,12,0,1,-1,Rest,0.75,2.75
S105,12,0,2,-1,Rest,1.0,3.0
S105,12,0,3,-1,Rest,1.25,3.25
S105,12,0,4,-1,Rest,1.5,3.5
S105,12,0,5,-1,Rest,1.75,3.75
S105,12,0,6,-1,Rest,2.0,4.0
S105,12,2,0,-1,Rest,0.5,2.5
S105,12,2,1,-1,Rest,0.75,2.75
S105,12,2,2,-1,Rest,1.0,3.0
S105,12,2,3,-1,Rest,1.25,3.25
S105,12,2,4,-1,Rest,1.5,3.5
S105,12,2,5,-1,Rest,1.75,3.75
S105,12,2,6,-1,Rest,2.0,4.0
S105,12,4,0,-1,Rest,0.5,2.5
S105,12,4,1,-1,Rest,0.75,2.75
S105,12,4,2,-1,Rest,1.0,3.0
S105,12,4,3,-1,Rest,1.25,3.25
S105,12,4,4,-1,Rest,1.5,3.5
S105,12,4,5,-1,Rest,1.75,3.75
S105,12,4,6,-1,Rest,2.0,4.0
S105,12,6,0,-1,Rest,0.5,2.5
S105,12,6,1,-1,Rest,0.75,2.75
S105,12,6,2,-1,Rest,1.0,3.0
S105,12,6,3,-1,Rest,1.25,3.25
S105,12,6,4,-1,Rest,1.5,3.5
S105,12,6,5,-1,Rest,1.75,3.75
S105,12,6,6,-1,Rest,2.0,4.0
S105,12,8,0,-1,Rest,0.5,2.5
S105,12,8,1,-1,Rest,0.75,2.75
S105,12,8,2,-1,Rest,1.0,3.0
S105,12,8,3,-1,Rest,1.25,3.25
S105,12,8,4,-1,Rest,1.5,3.5
S105,12,8,5,-1,Rest,1.75,3.75
S105,12,8,6,-1,Rest,2.0,4.0
S105,12,10,0,-1,Rest,0.5,2.5
S105,12,10,1,-1,Rest,0.75,2.75
S105,12,10,2,-1,Rest,1.0,3.0
S105,12,10,3,-1,Rest,1.25,3.25
S105,12,10,4,-1,Rest,1.5,3.5
S105,12,10,5,-1,Rest,1.75,3.75
S105,12,10,6,-1,Rest,2.0,4.0
S105,12,12,0,-1,Rest,0.5,2.5
S105,12,12,1,-1,Rest,0.75,2.75
S105,12,12,2,-1,Rest,1.0,3.0
S105,12,12,3,-1,Rest,1.25,3.25
S105,12,12,4,-1,Rest,1.5,3.5
S105,12,12,5,-1,Rest,1.75,3.75
S105,12,12,6,-1,Rest,2.0,4.0
S105,12,14,0,-1,Rest,0.5,2.5
S105,12,14,1,-1,Rest,0.75,2.75
S105,12,14,2,-1,Rest,1.0,3.0
S105,12,14,3,-1,Rest,1.25,3.25
S105,12,14,4,-1,Rest,1.5,3.5
S105,12,14,5,-1,Rest,1.75,3.75
S105,12,14,6,-1,Rest,2.0,4.0
S105,12,16,0,-1,Rest,0.5,2.5
S105,12,16,1,-1,Rest,0.75,2.75
S105,12,16,2,-1,Rest,1.0,3.0
S105,12,16,3,-1,Rest,1.25,3.25
S105,12,16,4,-1,Rest,1.5,3.5
S105,12,16,5,-1,Rest,1.75,3.75
S105,12,16,6,-1,Rest,2.0,4.0
S105,12,18,0,-1,Rest,0.5,2.5
S105,12,18,1,-1,Rest,0.75,2.75
S105,12,18,2,-1,Rest,1.0,3.0
S105,12,18,3,-1,Rest,1.25,3.25
S105,12,18,4,-1,Rest,1.5,3.5
S105,12,18,5,-1,Rest,1.75,3.75
S105,12,18,6,-1,Rest,2.0,4.0
S105,12,20,0,-1,Rest,0.5,2.5
S105,12,20,1,-1,Rest,0.75,2.75
S105,12,20,2,-1,Rest,1.0,3.0
S105,12,20,3,-1,Rest,1.25,3.25
S105,12,20,4,-1,Rest,1.5,3.5
S105,12,20,5,-1,Rest,1.75,3.75
S105,12,20,6,-1,Rest,2.0,4.0
S105,12,22,0,-1,Rest,0.5,2.5
S105,12,22,1,-1,Rest,0.75,2.75
S105,12,22,2,-1,Rest,1.0,3.0
S105,12,22,3,-1,Rest,1.25,3.25
S105,12,22,4,-1,Rest,1.5,3.5
S105,12,22,5,-1,Rest,1.75,3.75
S105,12,22,6,-1,Rest,2.0,4.0
S105,12,24,0,-1,Rest,0.5,2.5
S105,12,24,1,-1,Rest,0.75,2.75
S105,12,24,2,-1,Rest,1.0,3.0
S105,12,24,3,-1,Rest,1.25,3.25
S105,12,24,4,-1,Rest,1.5,3.5
S105,12,24,5,-1,Rest,1.75,3.75
S105,12,24,6,-1,Rest,2.0,4.0
S105,12,26,0,-1,Rest,0.5,2.5
S105,12,26,1,-1,Rest,0.75,2.75
S105,12,26,2,-1,Rest,1.0,3.0
S105,12,26,3,-1,Rest,1.25,3.25
S105,12,26,4,-1,Rest,1.5,3.5
S105,12,26,5,-1,Rest,1.75,3.75
S105,12,26,6,-1,Rest,2.0,4.0
S105,12,28,0,-1,Rest,0.5,2.5
S105,12,28,1,-1,Rest,0.75,2.75
S105,12,28,2,-1,Rest,1.0,3.0
S105,12,28,3,-1,Rest,1.25,3.25
S105,12,28,4,-1,Rest,1.5,3.5
S105,12,28,5,-1,Rest,1.75,3.75
S105,12,28,6,-1,Rest,2.0,4.0
S107,04,2,0,-1,Rest,0.5,2.5
S107,04,2,1,-1,Rest,0.75,2.75
S107,04,2,2,-1,Rest,1.0,3.0
S107,04,4,0,-1,Rest,0.5,2.5
S107,04,4,1,-1,Rest,0.75,2.75
S107,04,10,0,-1,Rest,0.5,2.5
S107,04,10,1,-1,Rest,0.75,2.75
S107,04,10,2,-1,Rest,1.0,3.0
S107,04,10,3,-1,Rest,1.25,3.25
S107,04,10,4,-1,Rest,1.5,3.5
S107,04,10,5,-1,Rest,1.75,3.75
S107,04,10,6,-1,Rest,2.0,4.0
S107,04,18,1,-1,Rest,0.75,2.75
S107,04,18,2,-1,Rest,1.0,3.0
S107,04,18,3,-1,Rest,1.25,3.25
S107,04,18,4,-1,Rest,1.5,3.5
S107,04,18,5,-1,Rest,1.75,3.75
S107,04,18,6,-1,Rest,2.0,4.0
S107,04,26,0,-1,Rest,0.5,2.5
S107,08,0,0,-1,Rest,0.5,2.5
S107,08,0,1,-1,Rest,0.75,2.75
S107,08,0,2,-1,Rest,1.0,3.0
S107,08,0,3,-1,Rest,1.25,3.25
S107,08,0,4,-1,Rest,1.5,3.5
S107,08,14,3,-1,Rest,1.25,3.25
S107,08,14,4,-1,Rest,1.5,3.5
S107,08,14,5,-1,Rest,1.75,3.75
S107,08,14,6,-1,Rest,2.0,4.0
S107,08,22,2,-1,Rest,1.0,3.0
S107,12,4,0,-1,Rest,0.5,2.5
S107,12,4,1,-1,Rest,0.75,2.75
S107,12,4,2,-1,Rest,1.0,3.0
S107,12,4,3,-1,Rest,1.25,3.25
S107,12,4,4,-1,Rest,1.5,3.5
S107,12,4,5,-1,Rest,1.75,3.75
S107,12,4,6,-1,Rest,2.0,4.0
S107,12,12,1,-1,Rest,0.75,2.75
S107,12,14,0,-1,Rest,0.5,2.5
S107,12,14,1,-1,Rest,0.75,2.75
S107,12,14,2,-1,Rest,1.0,3.0
S107,12,14,3,-1,Rest,1.25,3.25
S107,12,14,4,-1,Rest,1.5,3.5
S107,12,14,5,-1,Rest,1.75,3.75
S107,12,14,6,-1,Rest,2.0,4.0
S107,12,16,3,-1,Rest,1.25,3.25
S107,12,16,4,-1,Rest,1.5,3.5
S107,12,16,5,-1,Rest,1.75,3.75
S107,12,16,6,-1,Rest,2.0,4.0
S107,12,18,0,-1,Rest,0.5,2.5
S107,12,18,1,-1,Rest,0.75,2.75
S107,12,18,2,-1,Rest,1.0,3.0
S107,12,18,3,-1,Rest,1.25,3.25
S107,12,18,4,-1,Rest,1.5,3.5
S107,12,18,5,-1,Rest,1.75,3.75
S107,12,18,6,-1,Rest,2.0,4.0
S107,12,22,6,-1,Rest,2.0,4.0
S107,12,28,0,-1,Rest,0.5,2.5
