Subject,Run,Band,Before_Power,After_Power,After_vs_Before_dB,Split
S001,04,1-8Hz,9.844706825158307e-10,4.4483685164722885e-11,-13.450020290509219,train
S001,04,8-30Hz,3.312774689021531e-10,2.9356516811357185e-10,-0.5248737461674995,train
S001,04,30-40Hz,2.930582700266071e-11,7.923114444153184e-12,-5.68058052496855,train
S001,04,40-50Hz,2.2139067844257913e-11,1.0348922406709992e-12,-13.302642004076041,train
S001,04,50-60Hz,1.5980342939516625e-11,1.2004215157900167e-13,-21.242523241620663,train
S001,08,1-8Hz,9.593964376753093e-10,4.094747396913185e-11,-13.697709860630624,train
S001,08,8-30Hz,3.1493102431550084e-10,2.8187599337374286e-10,-0.48157355983814926,train
S001,08,30-40Hz,2.500930745059e-11,6.948319926472833e-12,-5.562218587914738,train
S001,08,40-50Hz,1.5567644912600906e-11,7.235937750330371e-13,-13.327280950406974,train
S001,08,50-60Hz,1.155589538897817e-11,8.871576455744322e-14,-21.148028020175182,train
S001,12,1-8Hz,9.98402455473111e-10,4.581383694773966e-11,-13.383089746135768,train
S001,12,8-30Hz,3.3297455999808186e-10,2.9761299634747636e-10,-0.4875916137635763,train
S001,12,30-40Hz,2.1676469943168583e-11,6.120545234362124e-12,-5.491984459223848,train
S001,12,40-50Hz,1.2969659224545402e-11,6.251620196678728e-13,-13.169359796744416,train
S001,12,50-60Hz,9.186963236883209e-12,7.061606459836898e-14,-21.14268467614602,train
S002,04,1-8Hz,1.4272160436213742e-10,9.93681021997095e-12,-11.572427236058402,train
S002,04,8-30Hz,1.277605340224318e-10,1.1280212442480351e-10,-0.5407943955018425,train
S002,04,30-40Hz,1.232977811321625e-11,3.703000665393519e-12,-5.2240147101116765,train
S002,04,40-50Hz,7.934253004833076e-12,3.6777039491753194e-13,-13.339292788813943,train
S002,04,50-60Hz,6.4260486855255996e-12,4.995188396229291e-14,-21.09392139041379,train
S002,08,1-8Hz,1.5110870158701981e-10,8.951580931655537e-12,-12.273897313891442,train
S002,08,8-30Hz,1.4634943498378574e-10,1.306209431430292e-10,-0.49378234836540447,train
S002,08,30-40Hz,1.0640860943139651e-11,3.1001427603201575e-12,-5.355950744031284,train
S002,08,40-50Hz,6.444261658683554e-12,2.9886047003997233e-13,-13.337046907572589,train
S002,08,50-60Hz,5.180370516144854e-12,3.847507643331966e-14,-21.291813316831444,train
S002,12,1-8Hz,1.4391465395034715e-10,8.879547223611909e-12,-12.097141964802717,train
S002,12,8-30Hz,1.4823345890552173e-10,1.3076224646210283e-10,-0.5446386958985351,train
S002,12,30-40Hz,2.1415278893980397e-11,5.625929845896031e-12,-5.805294223367329,train
S002,12,40-50Hz,2.1315287844356905e-11,9.315730880825381e-13,-13.594742679413901,train
S002,12,50-60Hz,2.0056312155640046e-11,1.3599502300011564e-13,-21.68728065526969,train
S003,04,1-8Hz,8.036058733898287e-10,5.850018854657741e-11,-11.378858364376995,train
S003,04,8-30Hz,4.667322275805253e-10,4.0311239892473066e-10,-0.6364163331292458,train
S003,04,30-40Hz,1.6753858593254737e-10,4.3797825703856014e-11,-5.826622946132244,train
S003,04,40-50Hz,1.0167971092945879e-10,5.158169122772652e-12,-12.947387254623635,train
S003,04,50-60Hz,5.1010797711998105e-11,4.334714753122143e-13,-20.707015912186023,train
S003,08,1-8Hz,1.6700374493273555e-09,6.311443598830955e-11,-14.225975044146473,train
S003,08,8-30Hz,2.986873388851954e-10,2.574237541298894e-10,-0.6456819406604603,train
S003,08,30-40Hz,3.346071566640063e-11,9.087285025243618e-12,-5.661010754935106,train
S003,08,40-50Hz,3.330883186442454e-11,1.490046095866714e-12,-13.493596984219154,train
S003,08,50-60Hz,2.489587260267452e-11,1.9529640183962126e-13,-21.054331110639296,train
S003,12,1-8Hz,1.321099289919547e-09,6.151747625741517e-11,-13.319369488197633,train
S003,12,8-30Hz,3.6602911187232165e-10,3.1855029013536433e-10,-0.6033762310609071,train
S003,12,30-40Hz,1.1221476287060169e-10,3.0512684285653646e-11,-5.655695806440425,train
S003,12,40-50Hz,6.28986548313774e-11,3.0844826683515226e-12,-13.094590233040202,train
S003,12,50-60Hz,3.3145273792330765e-11,2.760386680922157e-13,-20.794516875680877,train
S004,04,1-8Hz,3.5280915501057e-10,9.880049636839229e-12,-15.527807196061374,train
S004,04,8-30Hz,6.832445604721644e-11,6.044230531996988e-11,-0.5323516248470705,train
S004,04,30-40Hz,1.4946237731815134e-11,3.903432745820129e-12,-5.830851846847005,train
S004,04,40-50Hz,1.4266462805814614e-11,6.594452376928296e-13,-13.351375722142365,train
S004,04,50-60Hz,1.2235481272891615e-11,8.961875311866412e-14,-21.3522215944643,train
S004,08,1-8Hz,2.755981207082356e-10,7.829036584338884e-12,-15.465679293242243,train
S004,08,8-30Hz,6.194085132099532e-11,5.5502273765868663e-11,-0.4766639478457802,train
S004,08,30-40Hz,8.657058329598534e-12,2.3469967829770004e-12,-5.668578494074955,train
S004,08,40-50Hz,6.632187539260404e-12,3.086177967065592e-13,-13.322358319111434,train
S004,08,50-60Hz,5.149594106186273e-12,3.9009989622208364e-14,-21.205971642856078,train
S004,12,1-8Hz,2.281798575142431e-10,6.3991441685030154e-12,-15.52155409954401,train
S004,12,8-30Hz,5.659016748062051e-11,5.086836231429188e-11,-0.4629322332053503,train
S004,12,30-40Hz,6.441826723670719e-12,1.8017669783579326e-12,-5.533104155313132,train
S004,12,40-50Hz,4.484598547391609e-12,2.0793824978077936e-13,-13.337891877275386,train
S004,12,50-60Hz,3.222214971238325e-12,2.3611512390919235e-14,-21.350307052792527,train
S005,04,1-8Hz,3.136163389893393e-10,1.2592947554788719e-11,-13.962712860807212,train
S005,04,8-30Hz,6.513875293997683e-11,5.659813838804157e-11,-0.6103729316668616,train
S005,04,30-40Hz,7.640086279341446e-12,2.071075949642048e-12,-5.669022376288812,train
S005,04,40-50Hz,5.06808511219781e-12,2.5284221123468925e-13,-13.019943199092232,train
S005,04,50-60Hz,1.5612695143000856e-10,3.4821777211386565e-13,-26.516269470723653,train
S005,08,1-8Hz,1.9106540913105981e-10,9.309684338089706e-12,-13.122471129375414,train
S005,08,8-30Hz,7.397610427089471e-11,6.502379092352721e-11,-0.5601917125808356,train
S005,08,30-40Hz,8.070555919911428e-12,2.1998258406185912e-12,-5.6451515178067115,train
S005,08,40-50Hz,5.0707286121287164e-12,2.4830943033909967e-13,-13.100771539373426,train
S005,08,50-60Hz,1.7242943267991222e-10,3.8380956625520475e-13,-26.524956042046238,train
S005,12,1-8Hz,2.2810210578785785e-10,1.0389529647931073e-11,-13.415334078691092,train
S005,12,8-30Hz,7.87402925150397e-11,6.87197835745855e-11,-0.5911524077027484,train
S005,12,30-40Hz,8.09235547547832e-12,2.2055936188129537e-12,-5.645494553040122,train
S005,12,40-50Hz,5.096693974060851e-12,2.500203985175047e-13,-13.093131145089448,train
S005,12,50-60Hz,7.623202494814555e-11,1.7618211628719158e-13,-26.361756336734196,train
S006,04,1-8Hz,1.8057507706120377e-10,9.270412789708999e-12,-12.895587361810943,train
S006,04,8-30Hz,5.2103813084781e-11,4.56654215604064e-11,-0.5728203600488445,train
S006,04,30-40Hz,8.814638856826995e-12,2.4116971692275026e-12,-5.628817499679803,train
S006,04,40-50Hz,5.383529616020246e-12,2.6244759347548164e-13,-13.120245117077154,train
S006,04,50-60Hz,5.333126531086885e-12,2.5744587416820547e-14,-23.16295951449755,train
S006,08,1-8Hz,1.6369600080978178e-10,8.836903777875688e-12,-12.677379433400642,train
S006,08,8-30Hz,1.1782394073825796e-10,1.01323084481337e-10,-0.6552514192196269,train
S006,08,30-40Hz,2.21271146850143e-11,6.389033815187397e-12,-5.394896000863798,train
S006,08,40-50Hz,1.3162515107688648e-11,6.460434997855754e-13,-13.09077121514678,train
S006,08,50-60Hz,8.880423237988843e-12,5.516159693697974e-14,-22.06796834021057,train
S006,12,1-8Hz,1.6977904396240022e-10,7.755700061779881e-12,-13.402630785631914,train
S006,12,8-30Hz,9.981819990946891e-11,8.640730243572865e-11,-0.6265928663481268,train
S006,12,30-40Hz,1.9428233048385347e-11,5.739664430110473e-12,-5.2954680226260695,train
S006,12,40-50Hz,9.128886098302176e-12,4.452702888699125e-13,-13.117940710512881,train
S006,12,50-60Hz,6.954143066661345e-12,4.2097767060611304e-14,-22.179845604161564,train
S008,04,1-8Hz,3.195371273249912e-10,1.8314103210766683e-11,-12.417356691551259,train
S008,04,8-30Hz,8.79828270956299e-11,7.337574297821608e-11,-0.7884540097197479,train
S008,04,30-40Hz,9.756154875278369e-12,2.5798496502414e-12,-5.776842892861795,train
S008,04,40-50Hz,8.03928814625155e-12,3.740375784788365e-13,-13.323023583278797,train
S008,04,50-60Hz,5.524173552617199e-12,4.3439094693772496e-14,-21.04386548700436,train
S008,08,1-8Hz,3.039796202431805e-10,1.5733768473727595e-11,-12.860117129766998,train
S008,08,8-30Hz,1.0267099251829488e-10,8.595448905198076e-11,-0.7717919731507749,train
S008,08,30-40Hz,1.2228647139059482e-11,3.313697136530547e-12,-5.670656010037373,train
S008,08,40-50Hz,9.99967023193917e-12,4.654250231164849e-13,-13.321359491268318,train
S008,08,50-60Hz,6.647651689408626e-12,5.1632964615193745e-14,-21.0974119436958,train
S008,12,1-8Hz,4.936228985434428e-10,2.5730010605441948e-11,-12.829553326468712,train
S008,12,8-30Hz,1.112136430938091e-10,9.27902465918241e-11,-0.7865573856396961,train
S008,12,30-40Hz,1.1571118509696091e-11,3.143529773267102e-12,-5.65957763556176,train
S008,12,40-50Hz,8.622582099989902e-12,4.0134193608118733e-13,-13.321227968115437,train
S008,12,50-60Hz,5.880250507245781e-12,4.466439088866676e-14,-21.194344123810524,train
S010,04,1-8Hz,1.104203185846854e-09,5.083660148091085e-11,-13.368724863543619,train
S010,04,8-30Hz,3.234592089336657e-10,2.8788214923669924e-10,-0.5060478375129955,train
S010,04,30-40Hz,1.9538528393185015e-11,5.469137684827052e-12,-5.529729935161778,train
S010,04,40-50Hz,1.0889260832154603e-11,5.224269163366377e-13,-13.18972856209702,train
S010,04,50-60Hz,1.1512367521222613e-11,6.882425167300484e-14,-22.234231475806425,train
S010,08,1-8Hz,1.015247359116415e-09,5.751142202233324e-11,-12.468177624098356,train
S010,08,8-30Hz,3.72375965498283e-10,3.257988955034872e-10,-0.5803203459978927,train
S010,08,30-40Hz,1.884859365668184e-11,5.4983289002089e-12,-5.350482368888575,train
S010,08,40-50Hz,8.841944339372063e-12,4.2925865914873633e-13,-13.138287120114512,train
S010,08,50-60Hz,1.0218793878708602e-11,5.664998842883186e-14,-22.56199813679567,train
S010,12,1-8Hz,8.998635618634344e-10,4.753282744606594e-11,-12.771830176373232,train
S010,12,8-30Hz,3.313131285111282e-10,2.9246697262983606e-10,-0.541618157562253,train
S010,12,30-40Hz,1.814165513121698e-11,5.217886017448523e-12,-5.411823189601799,train
S010,12,40-50Hz,9.271167229747778e-12,4.425734610981616e-13,-13.21149046864971,train
S010,12,50-60Hz,7.9432871423374e-12,5.405859380570802e-14,-21.671355177053876,train
S011,04,1-8Hz,1.998761392448973e-10,6.259835771476365e-12,-15.041980126092348,train
S011,04,8-30Hz,4.184804265360012e-11,3.703900205450684e-11,-0.5301587274569808,train
S011,04,30-40Hz,4.1486885902261015e-12,1.1192702125436304e-12,-5.689758910328603,train
S011,04,40-50Hz,2.9182257788708973e-12,1.3903239591481442e-13,-13.220028826591157,train
S011,04,50-60Hz,2.104640869495189e-12,1.6589720147954616e-14,-21.033389396292254,train
S011,08,1-8Hz,1.3563087114435413e-10,5.7611836503831215e-12,-13.718468316578942,train
S011,08,8-30Hz,4.571764290286987e-11,4.08245438843901e-11,-0.49162489825401723,train
S011,08,30-40Hz,7.338187892106196e-12,1.9511573957352143e-12,-5.752965231188068,train
S011,08,40-50Hz,5.104018546134205e-12,2.5691328996891253e-13,-12.981256731450802,train
S011,08,50-60Hz,2.9343320494720124e-12,2.2954874477955972e-14,-21.06634334823672,train
S011,12,1-8Hz,1.682256576143608e-10,6.74745680576417e-12,-13.967521216112779,train
S011,12,8-30Hz,6.662553437053463e-11,5.890674453665586e-11,-0.5347568306378316,train
S011,12,30-40Hz,1.5969068768993367e-11,4.1580243044567604e-12,-5.843925675984778,train
S011,12,40-50Hz,1.1761035963595113e-11,5.668207003772182e-13,-13.16999875621635,train
S011,12,50-60Hz,6.533844011619761e-12,5.2240625556880504e-14,-20.97160393187401,train
S016,04,1-8Hz,3.4511886582494847e-10,2.3356226622116732e-11,-11.695660200283575,train
S016,04,8-30Hz,1.2748914816777977e-10,1.1023379380051862e-10,-0.631584650198737,train
S016,04,30-40Hz,1.4158741220195046e-11,3.992710216846254e-12,-5.497568531256329,train
S016,04,40-50Hz,8.501408023580989e-12,4.0085186550220626e-13,-13.265069514878352,train
S016,04,50-60Hz,5.612575231186522e-12,4.3728113071701555e-14,-21.084014380070744,train
S016,08,1-8Hz,3.22739960424181e-10,2.5071087586523733e-11,-11.09679567301333,train
S016,08,8-30Hz,1.606157273640422e-10,1.36598416227272e-10,-0.7034240479113852,train
S016,08,30-40Hz,1.1529897291940482e-11,3.37385861480573e-12,-5.336985595722336,train
S016,08,40-50Hz,4.82992480837406e-12,2.328173658363309e-13,-13.169249985745495,train
S016,08,50-60Hz,3.401672257027061e-12,2.6408071283943242e-14,-21.099557844338314,train
S016,12,1-8Hz,2.781303357231397e-10,1.7820921719049687e-11,-11.93318197517179,train
S016,12,8-30Hz,1.4431420171402011e-10,1.231277521320667e-10,-0.6895312047865341,train
S016,12,30-40Hz,1.65263160521531e-11,4.532718307887694e-12,-5.6181732396338475,train
S016,12,40-50Hz,1.0835971385994298e-11,4.958677469604385e-13,-13.395019884239874,train
S016,12,50-60Hz,9.901221707150663e-12,7.171881687847255e-14,-21.400556687611626,train
S017,04,1-8Hz,1.20645674026444e-09,3.75522711073257e-11,-15.068755464530401,train
S017,04,8-30Hz,4.010251221896301e-10,3.5715044672556955e-10,-0.5032038214002236,train
S017,04,30-40Hz,1.3250747194532748e-10,3.2910910259184664e-11,-6.04900474035143,train
S017,04,40-50Hz,1.501584148879555e-10,6.63090955375551e-12,-13.54976570975898,train
S017,04,50-60Hz,2.7697107719746646e-10,1.4437939802123632e-12,-22.829291933538265,train
S017,08,1-8Hz,1.6605553048739436e-09,4.3892266774049076e-11,-15.778653342273735,train
S017,08,8-30Hz,6.158545133517496e-10,5.457640807685335e-10,-0.5247317917520035,train
S017,08,30-40Hz,1.7640573799147732e-10,4.448007561329391e-11,-5.98347190578087,train
S017,08,40-50Hz,1.8383200443002995e-10,8.216931699681457e-12,-13.497114455258084,train
S017,08,50-60Hz,3.008795872021587e-10,1.7378860490734274e-12,-22.383714276534587,train
S017,12,1-8Hz,2.106909941721812e-09,5.774381477897079e-11,-15.621405007545077,train
S017,12,8-30Hz,9.812221868471664e-10,8.591351787002075e-10,-0.5770585736915169,train
S017,12,30-40Hz,3.255041942140822e-10,8.148485058742848e-11,-6.014797153964764,train
S017,12,40-50Hz,3.520362725799558e-10,1.53780824611444e-11,-13.59685228589975,train
S017,12,50-60Hz,5.567736506749354e-10,3.3670665972883737e-12,-22.184269676993967,train
S018,04,1-8Hz,8.282854453709619e-11,2.4814256537270595e-12,-15.234787622223362,train
S018,04,8-30Hz,1.9055691845566883e-11,1.7116855789364605e-11,-0.46600729385811346,train
S018,04,30-40Hz,1.9435771043527217e-12,5.365323015812705e-13,-5.590059008547382,train
S018,04,40-50Hz,1.271273006165398e-12,5.96218266796419e-14,-13.28833547694259,train
S018,04,50-60Hz,9.883324955236448e-13,6.86310220871224e-15,-21.583826081622036,train
S018,08,1-8Hz,1.1979884261252836e-10,2.5628678719329035e-12,-16.69726405506553,train
S018,08,8-30Hz,2.0649482933047555e-11,1.865182793468749e-11,-0.44187780929607295,train
S018,08,30-40Hz,2.2920471182096546e-12,6.085565260000958e-13,-5.7592261724715605,train
S018,08,40-50Hz,1.7991618914422744e-12,8.465340079997308e-14,-13.274258338059274,train
S018,08,50-60Hz,1.3864419262849794e-12,1.0233518638201844e-14,-21.318766981809006,train
S018,12,1-8Hz,1.2484916500025096e-10,2.5807663484238567e-12,-16.846369549520205,train
S018,12,8-30Hz,2.4230119907984643e-11,2.2128583072585385e-11,-0.39401957073067617,train
S018,12,30-40Hz,2.2853803658110395e-12,6.153117348522279e-13,-5.69863294176348,train
S018,12,40-50Hz,1.6132490220387391e-12,7.738153300098401e-14,-13.1906408125451,train
S018,12,50-60Hz,1.0925587443747134e-12,8.198259860666457e-15,-21.247231172339262,train
S019,04,1-8Hz,5.32233213782955e-10,2.356416760816816e-11,-13.538498698775353,train
S019,04,8-30Hz,2.6615035667702275e-10,2.344130605282388e-10,-0.5514524740554441,train
S019,04,30-40Hz,3.114452612313967e-11,8.373298490218155e-12,-5.70485154134558,train
S019,04,40-50Hz,2.498144308485309e-11,1.204459412034083e-12,-13.168253526441337,train
S019,04,50-60Hz,1.5889101055988183e-11,1.238417721016749e-13,-21.082321693193222,train
S019,08,1-8Hz,5.644889672606602e-10,2.5095631988982647e-11,-13.52057321118189,train
S019,08,8-30Hz,3.5441500362640164e-10,3.082449838252152e-10,-0.6061608090380235,train
S019,08,30-40Hz,5.325192322469776e-11,1.4253188702288385e-11,-5.7242326226274685,train
S019,08,40-50Hz,4.3882432339725265e-11,2.048907812058111e-12,-13.307682735590618,train
S019,08,50-60Hz,2.8582899584114998e-11,2.2953008902844805e-13,-20.952666584352947,train
S019,12,1-8Hz,5.977878431077408e-10,2.46542727106638e-11,-13.846548832028622,train
S019,12,8-30Hz,3.8571680310249216e-10,3.32354018289608e-10,-0.6466762465390681,train
S019,12,30-40Hz,4.309083715772346e-11,1.137276864734614e-11,-5.785187270120717,train
S019,12,40-50Hz,3.7817730308372286e-11,1.743429552648608e-12,-13.362910570309783,train
S019,12,50-60Hz,2.5632047904378363e-11,2.0539168949747097e-13,-20.962004387569113,train
S021,04,1-8Hz,2.6993748547871125e-10,1.2904745681010574e-11,-13.205137478796978,train
S021,04,8-30Hz,1.0765774486182486e-10,9.802461247744724e-11,-0.40710144210738297,train
S021,04,30-40Hz,5.7643850326629e-12,1.550710531673839e-12,-5.702222454384169,train
S021,04,40-50Hz,3.793047449614396e-12,1.8280087652878854e-13,-13.170100017579056,train
S021,04,50-60Hz,1.9901230002348572e-12,1.5999014065686086e-14,-20.947866987418355,train
S021,08,1-8Hz,2.2092754609899142e-10,1.4055293633666886e-11,-11.964099457352626,train
S021,08,8-30Hz,1.3150785559819769e-10,1.1887875635215624e-10,-0.43847443026905775,train
S021,08,30-40Hz,1.2042540801189894e-11,3.238775766770987e-12,-5.703372452870061,train
S021,08,40-50Hz,8.208823099984982e-12,3.8430723114334987e-13,-13.29602340480108,train
S021,08,50-60Hz,4.713503991559232e-12,3.5648451968829934e-14,-21.213032037990025,train
S021,12,1-8Hz,2.3635825534769796e-10,1.19081725970806e-11,-12.977256549372992,train
S021,12,8-30Hz,1.1504492992311368e-10,1.0468820908437955e-10,-0.4096971355920504,train
S021,12,30-40Hz,9.84445318369424e-12,2.5955275318666534e-12,-5.789659579996579,train
S021,12,40-50Hz,6.840426664044033e-12,3.339612649069917e-13,-13.113870938902554,train
S021,12,50-60Hz,3.113263859937005e-12,2.4955690056189475e-14,-20.96046347053462,train
S022,04,1-8Hz,2.3554666978515656e-09,9.003039007183754e-11,-14.176878366563486,train
S022,04,8-30Hz,3.3767757328114905e-10,2.970506420989154e-10,-0.5567172262533403,train
S022,04,30-40Hz,2.993184153321573e-11,8.341602019474308e-12,-5.548839716174775,train
S022,04,40-50Hz,2.114803721836838e-11,1.003966483402286e-12,-13.235508515614402,train
S022,04,50-60Hz,1.4240508776438564e-11,1.1074742634226661e-13,-21.09191863343689,train
S022,08,1-8Hz,1.4390513859735901e-09,5.900518814912216e-11,-13.871861025679081,train
S022,08,8-30Hz,3.268990106878806e-10,2.878771931913587e-10,-0.552063465976914,train
S022,08,30-40Hz,2.9067598515983006e-11,8.217025044400071e-12,-5.48694542404716,train
S022,08,40-50Hz,1.7093260045754417e-11,8.077813636118913e-13,-13.25531070444741,train
S022,08,50-60Hz,1.0788454406751597e-11,8.455620508431568e-14,-21.058137471011268,train
S022,12,1-8Hz,1.1186646489730643e-09,5.3950305447855695e-11,-13.167060062668675,train
S022,12,8-30Hz,3.2979201280028717e-10,2.9070155817672535e-10,-0.5479277368177513,train
S022,12,30-40Hz,2.382531338450821e-11,6.782928076130683e-12,-5.4562140983046135,train
S022,12,40-50Hz,1.2613619634008181e-11,6.102495483019888e-13,-13.15332263994984,train
S022,12,50-60Hz,7.676661100284687e-12,6.043148127974766e-14,-21.039091286506768,train
S024,04,1-8Hz,1.4516216515103736e-10,1.8620695264969134e-11,-8.918575444880592,train
S024,04,8-30Hz,3.1410380748010934e-10,2.7270134463955346e-10,-0.6138592145674115,train
S024,04,30-40Hz,1.595578668994429e-10,4.130321028985704e-11,-5.86934413187277,train
S024,04,40-50Hz,1.0806362182584159e-10,5.316927449693475e-12,-13.080187847837907,train
S024,04,50-60Hz,1.338782294234204e-10,5.718064529164706e-13,-23.69460907935078,train
S024,08,1-8Hz,1.9048015150564536e-10,2.3803671259893932e-11,-9.032057840103452,train
S024,08,8-30Hz,5.618424503987343e-10,4.850787011640468e-10,-0.6380234348586243,train
S024,08,30-40Hz,2.818660857019462e-10,7.444912566279556e-11,-5.781832227152225,train
S024,08,40-50Hz,2.1162037829241177e-10,1.01058701561453e-11,-13.209837724299355,train
S024,08,50-60Hz,1.5247065348193122e-10,8.927900396269966e-13,-22.32436925234439,train
S024,12,1-8Hz,1.7093118450268594e-10,2.3541243473084885e-11,-8.609919031686978,train
S024,12,8-30Hz,4.941207351214535e-10,4.2768276663767433e-10,-0.6271132803412087,train
S024,12,30-40Hz,2.3813838755030377e-10,6.114164772819188e-11,-5.904922701605404,train
S024,12,40-50Hz,1.6705271462507838e-10,8.240146147937617e-12,-13.069186229152885,train
S024,12,50-60Hz,1.2219356000022058e-10,6.964338064503422e-13,-22.441684731919533,train
S025,04,1-8Hz,4.338699097986836e-11,3.171106050266278e-12,-11.361487652881317,train
S025,04,8-30Hz,6.922916147139117e-11,5.861160622301343e-11,-0.7230544813456691,train
S025,04,30-40Hz,3.823662910433139e-12,1.2180302809215531e-12,-4.968215131700285,train
S025,04,40-50Hz,1.675494917710337e-12,8.163902144683919e-14,-13.122453243515848,train
S025,04,50-60Hz,9.003689365830848e-13,7.072058236295353e-15,-21.048746747895926,train
S025,08,1-8Hz,5.3402666464874333e-11,3.841312740708018e-12,-11.43083275744589,train
S025,08,8-30Hz,9.096386111384492e-11,7.762949741634866e-11,-0.6884211193704058,train
S025,08,30-40Hz,3.7959672672361806e-12,1.1363815034736702e-12,-5.237983026013171,train
S025,08,40-50Hz,1.8668466762577713e-12,9.081083265058329e-14,-13.129709931256585,train
S025,08,50-60Hz,1.0488689147531183e-12,8.46551446508558e-15,-20.930678583185518,train
S025,12,1-8Hz,4.610871173054527e-11,4.390737196413152e-12,-10.21245544695444,train
S025,12,8-30Hz,1.0881209545854125e-10,9.261517713131044e-11,-0.6999501217084446,train
S025,12,30-40Hz,3.8900122201968824e-12,1.209120036424068e-12,-5.074815476765153,train
S025,12,40-50Hz,1.849929497875921e-12,9.014890754897415e-14,-13.121947092661328,train
S025,12,50-60Hz,9.950466738545542e-13,8.134239059947542e-15,-20.875265204397717,train
S026,04,1-8Hz,5.588672221432198e-11,2.664297094167244e-12,-13.21725987647715,train
S026,04,8-30Hz,3.7491139323135905e-11,3.289339547514561e-11,-0.568199318911058,train
S026,04,30-40Hz,1.458666272702042e-11,3.758323714716312e-12,-5.889617569601576,train
S026,04,40-50Hz,1.4039177004616224e-11,6.383860251115395e-13,-13.422582782951748,train
S026,04,50-60Hz,1.0354477108151726e-11,7.905538140163798e-14,-21.17196734040428,train
S026,08,1-8Hz,6.250744278229926e-11,3.020553661479897e-12,-13.158451764447037,train
S026,08,8-30Hz,3.2816448642475564e-11,2.910711089838245e-11,-0.5209247986595937,train
S026,08,30-40Hz,7.886190607210976e-12,2.0703315746902562e-12,-5.8082736403605075,train
S026,08,40-50Hz,6.19798751879348e-12,2.9044084373631835e-13,-13.291930076220556,train
S026,08,50-60Hz,3.900982105432586e-12,2.9517958841385516e-14,-21.210876352755964,train
S026,12,1-8Hz,6.313529748766085e-11,3.2292671990879203e-12,-12.911682498541568,train
S026,12,8-30Hz,3.6537848364854417e-11,3.2171662304807345e-11,-0.552694676931155,train
S026,12,30-40Hz,4.373132364733193e-12,1.1801099578643733e-12,-5.6887014765467026,train
S026,12,40-50Hz,3.658161307609026e-12,1.684327889560419e-13,-13.36836212020307,train
S026,12,50-60Hz,2.5897233316558586e-12,1.981584195656252e-14,-21.162408396767518,train
S027,04,1-8Hz,6.883731644222316e-10,3.373952937973975e-11,-13.096849109435713,train
S027,04,8-30Hz,3.751485047681497e-10,3.2963350387688325e-10,-0.5617187295508747,train
S027,04,30-40Hz,5.1637959873869465e-11,1.3733933082861e-11,-5.751741487031191,train
S027,04,40-50Hz,3.40855710242259e-11,1.677755120324546e-12,-13.07842001076857,train
S027,04,50-60Hz,1.7859520934120585e-11,1.312681393359398e-13,-21.337104757757842,train
S027,08,1-8Hz,6.60103024683272e-10,3.534120414682921e-11,-12.713303800328061,train
S027,08,8-30Hz,3.924830486760754e-10,3.3978633244625877e-10,-0.626149984905505,train
S027,08,30-40Hz,4.996385993920763e-11,1.3053886078989185e-11,-5.829161639580467,train
S027,08,40-50Hz,3.316031518544458e-11,1.603908598828995e-12,-13.15439034101319,train
S027,08,50-60Hz,2.009842594207353e-11,1.5085601717653556e-13,-21.24599408395723,train
S027,12,1-8Hz,8.899356163019614e-10,3.8710932188525463e-11,-13.615249585253665,train
S027,12,8-30Hz,3.4660948173268444e-10,2.959915132429236e-10,-0.6856117993817867,train
S027,12,30-40Hz,4.107120980623925e-11,1.0679176865280304e-11,-5.849997165303872,train
S027,12,40-50Hz,3.27949503652972e-11,1.5777248064982948e-12,-13.177757239598808,train
S027,12,50-60Hz,2.1594494207912447e-11,1.5351425705108275e-13,-21.481943212100227,train
S028,04,1-8Hz,2.0959076653049673e-09,1.0299464580717358e-10,-13.085574975716996,train
S028,04,8-30Hz,4.857420664443095e-10,4.1200136089041173e-10,-0.7150706549729967,train
S028,04,30-40Hz,3.3006500704289265e-11,8.873745443521573e-12,-5.704925173923954,train
S028,04,40-50Hz,2.4396224339625518e-11,1.1423763679975324e-12,-13.29513407929348,train
S028,04,50-60Hz,2.619449947909489e-11,1.3576117006375046e-13,-22.854345321115478,train
S028,08,1-8Hz,1.4658649558337577e-09,1.0157706390846234e-10,-11.592983070025344,train
S028,08,8-30Hz,4.898834300286867e-10,4.1756447016727387e-10,-0.6936921178551296,train
S028,08,30-40Hz,2.47183994281468e-11,6.713179812094896e-12,-5.6609206589373,train
S028,08,40-50Hz,1.607607854619472e-11,7.483712010645481e-13,-13.32063052884215,train
S028,08,50-60Hz,4.344936230825117e-11,1.4716887275546904e-13,-24.701674434388394,train
S028,12,1-8Hz,1.4846770998982646e-09,1.3263308602685325e-10,-10.48980135249227,train
S028,12,8-30Hz,6.776316405678005e-10,5.715160640247884e-10,-0.7396523431383896,train
S028,12,30-40Hz,3.5375012635680676e-11,9.27931434279926e-12,-5.811807166793638,train
S028,12,40-50Hz,2.8019330177260147e-11,1.3328356739006716e-12,-13.226811406536026,train
S028,12,50-60Hz,5.415651653522556e-11,2.0928110043346763e-13,-24.129207115711147,train
S029,04,1-8Hz,1.0799705248300458e-10,2.733163253288956e-12,-15.967463295297497,train
S029,04,8-30Hz,6.480353265467187e-11,5.771461250054543e-11,-0.5031289721825738,train
S029,04,30-40Hz,2.8476636666893238e-12,7.99314224039804e-13,-5.5177115267876475,train
S029,04,40-50Hz,1.5219723574686256e-12,7.199737209502698e-14,-13.250901197492661,train
S029,04,50-60Hz,1.0054059458571355e-12,7.865147290889517e-15,-21.0663458918466,train
S029,08,1-8Hz,1.2225966177910534e-10,3.4812895637904286e-12,-15.455430418471748,train
S029,08,8-30Hz,9.234103757173862e-11,8.102675067248649e-11,-0.5676632688846007,train
S029,08,30-40Hz,2.626852039917729e-12,7.783812307140145e-13,-5.282432562579901,train
S029,08,40-50Hz,9.844830959262906e-13,4.8302271610652476e-14,-13.092407077867463,train
S029,08,50-60Hz,5.210190430833077e-13,4.091888004351062e-15,-21.04929858426037,train
S029,12,1-8Hz,1.278794431413349e-10,3.6367007147185566e-12,-15.460931745394364,train
S029,12,8-30Hz,9.296202598361012e-11,8.123312069537724e-11,-0.5857244237364072,train
S029,12,30-40Hz,3.3311537850285226e-12,9.98183920212513e-13,-5.233841131423783,train
S029,12,40-50Hz,1.30511540889897e-12,6.370803658317345e-14,-13.114546964414377,train
S029,12,50-60Hz,7.456648098945163e-13,5.959401070296967e-15,-20.973410333293284,train
S030,04,1-8Hz,7.60599497562379e-11,3.408391847918273e-12,-13.48606516285015,train
S030,04,8-30Hz,2.575716312359352e-11,2.2581867274125034e-11,-0.571381779326169,train
S030,04,30-40Hz,1.9039470550243662e-12,5.004188205898399e-13,-5.803212323483725,train
S030,04,40-50Hz,1.6317732465531298e-12,7.446190359278814e-14,-13.407256738417907,train
S030,04,50-60Hz,1.4243848631562067e-12,1.0231877903915545e-14,-21.436720007037007,train
S030,08,1-8Hz,8.132773423199126e-11,4.008065668477734e-12,-13.073038447114538,train
S030,08,8-30Hz,2.5137229144491266e-11,2.1917007279404322e-11,-0.5953615219917445,train
S030,08,30-40Hz,2.034184142466608e-12,5.488933157376641e-13,-5.689023223333752,train
S030,08,40-50Hz,1.3768234824833483e-12,6.302353419772844e-14,-13.393755108758356,train
S030,08,50-60Hz,1.0647295655960272e-12,7.476261080111991e-15,-21.53554854737424,train
S030,12,1-8Hz,7.296685861021415e-11,5.2777717553142225e-12,-11.406750446740201,train
S030,12,8-30Hz,2.9544931116700074e-11,2.568135827584663e-11,-0.6086499211953738,train
S030,12,30-40Hz,2.079277357196602e-12,5.250809596707657e-13,-5.976861539201382,train
S030,12,40-50Hz,1.6705033006852045e-12,7.337688243098464e-14,-13.572880821710564,train
S030,12,50-60Hz,1.0915303282758875e-12,8.244187667464298e-15,-21.218879377975824,train
S032,04,1-8Hz,1.185176263583081e-09,3.158749848939436e-11,-15.742677107939489,train
S032,04,8-30Hz,3.02572360618219e-10,2.687881186640695e-10,-0.5141918603010351,train
S032,04,30-40Hz,7.148903494317672e-11,1.8397828373280075e-11,-5.894728712406265,train
S032,04,40-50Hz,7.708999074889397e-11,3.3458207250327176e-12,-13.624953265674929,train
S032,04,50-60Hz,3.4590187824467664e-10,1.2924163120229565e-12,-24.275504894790405,train
S032,08,1-8Hz,1.096668654369226e-09,2.6011753820822395e-11,-16.249057952594995,train
S032,08,8-30Hz,2.979017581850651e-10,2.6892663271387113e-10,-0.44439252378942273,train
S032,08,30-40Hz,4.292911347413077e-11,1.1546540534389883e-11,-5.703000354907783,train
S032,08,40-50Hz,4.431679334957281e-11,1.9334069668939566e-12,-13.602450492044815,train
S032,08,50-60Hz,2.8006813948637025e-10,8.855733678076655e-13,-25.000391589918827,train
S032,12,1-8Hz,1.1303651755452154e-09,3.049742058688477e-11,-15.689556601300808,train
S032,12,8-30Hz,3.4415811581214656e-10,3.0931697514541736e-10,-0.46354260886396637,train
S032,12,30-40Hz,4.498522137682663e-11,1.1744758826927647e-11,-5.83225758854327,train
S032,12,40-50Hz,4.3043202706959695e-11,1.938711363753331e-12,-13.463914223955339,train
S032,12,50-60Hz,3.403045464038195e-10,1.0367501673931385e-12,-25.161936370689737,train
S033,04,1-8Hz,2.0320395268124392e-10,8.141426682173355e-12,-13.97231635320881,train
S033,04,8-30Hz,1.0586580814087064e-10,9.706597828555913e-11,-0.37688681145596253,train
S033,04,30-40Hz,6.7232373384005335e-12,1.9161355776333745e-12,-5.451522079784182,train
S033,04,40-50Hz,4.587798868512733e-12,2.1306300609546944e-13,-13.330963197827659,train
S033,04,50-60Hz,4.609754659463102e-12,3.269664735095109e-14,-21.491745887146866,train
S033,08,1-8Hz,2.9551087332940196e-10,8.145121926655146e-12,-15.596758756154967,train
S033,08,8-30Hz,1.25713931801812e-10,1.1333110260179564e-10,-0.4503429545017541,train
S033,08,30-40Hz,5.5676211313361864e-12,1.6900197406268699e-12,-5.177778969786745,train
S033,08,40-50Hz,2.905706320167191e-12,1.3787346979771033e-13,-13.23771012607661,train
S033,08,50-60Hz,2.3166053015007204e-12,1.683235407844875e-14,-21.38707187673188,train
S033,12,1-8Hz,2.975197384518947e-10,8.138597973892712e-12,-15.62966187600287,train
S033,12,8-30Hz,1.3863962800393052e-10,1.2380265202344662e-10,-0.491574364439018,train
S033,12,30-40Hz,5.651165771912423e-12,1.724047753179465e-12,-5.155887562553899,train
S033,12,40-50Hz,2.813932670436965e-12,1.3109979621635792e-13,-13.31711685150739,train
S033,12,50-60Hz,2.3344576463962067e-12,1.720402994402e-14,-21.325558092368272,train
S034,04,1-8Hz,1.3180997506905896e-10,6.730324922423874e-12,-12.919122465592425,train
S034,04,8-30Hz,6.511319550230692e-11,5.379790609372116e-11,-0.8290363684017845,train
S034,04,30-40Hz,1.7992335915615294e-12,5.049452091167823e-13,-5.5184329474851115,train
S034,04,40-50Hz,9.99441465090152e-13,4.806742306731945e-14,-13.17906523722896,train
S034,04,50-60Hz,6.261008471848676e-13,4.924080352272903e-15,-21.043191602006992,train
S034,08,1-8Hz,1.0458974449968068e-10,5.761773820011465e-12,-12.58932896137243,train
S034,08,8-30Hz,5.7197036577364134e-11,4.7483984613519414e-11,-0.8082637265641723,train
S034,08,30-40Hz,1.57794312878718e-12,4.4298788115878996e-13,-5.516995012225502,train
S034,08,40-50Hz,8.118811022788565e-13,4.021339735636239e-14,-13.051216674441996,train
S034,08,50-60Hz,4.726446292055344e-13,3.731417228313644e-15,-21.026609148654597,train
S034,12,1-8Hz,9.341984413640781e-11,5.888759417409919e-12,-12.004153265881214,train
S034,12,8-30Hz,5.485845138199023e-11,4.4888986214274497e-11,-0.8710374631250075,train
S034,12,30-40Hz,1.4895061060500335e-12,4.270866111626319e-13,-5.42526331050741,train
S034,12,40-50Hz,7.306735054438427e-13,3.5582252142531884e-14,-13.124899270675119,train
S034,12,50-60Hz,3.99673775308351e-13,3.301200427976224e-15,-20.830337601168765,train
S038,04,1-8Hz,4.843838950184701e-10,2.824880612516829e-11,-12.34189597097339,train
S038,04,8-30Hz,2.158306806358282e-10,1.9173320466439584e-10,-0.5141584910115751,train
S038,04,30-40Hz,2.0284105292866296e-11,5.509898630781965e-12,-5.660122473382167,train
S038,04,40-50Hz,1.6878376536088013e-11,7.946720180829392e-13,-13.271427502902286,train
S038,04,50-60Hz,1.1336367303498216e-11,9.000792998878432e-14,-21.0019313493888,train
S038,08,1-8Hz,4.706383622836153e-10,2.65937618807504e-11,-12.47907548348644,train
S038,08,8-30Hz,1.9242449809196565e-10,1.7072792367129084e-10,-0.519558038122345,train
S038,08,30-40Hz,1.8207039183373532e-11,5.083252207322552e-12,-5.5409766894767465,train
S038,08,40-50Hz,1.379211574618635e-11,6.473531487538812e-13,-13.28489628411777,train
S038,08,50-60Hz,8.510942855985117e-12,6.643446807670963e-14,-21.075842125205217,train
S038,12,1-8Hz,4.7725339716592e-10,2.741028894964287e-11,-12.408354147106206,train
S038,12,8-30Hz,2.506405994821645e-10,2.2388318520381273e-10,-0.49029943599750037,train
S038,12,30-40Hz,2.5769455219060853e-11,6.758363324965544e-12,-5.812637019763973,train
S038,12,40-50Hz,2.4370087930531942e-11,1.1544689011401057e-12,-13.244748577100058,train
S038,12,50-60Hz,1.5933026233351463e-11,1.2280524112084057e-13,-21.130813690373458,train
S039,04,1-8Hz,1.783962147128452e-09,8.999990341940753e-11,-12.971435917018914,train
S039,04,8-30Hz,4.6499265267968466e-10,3.952080994269529e-10,-0.7062025421051056,train
S039,04,30-40Hz,3.3262449849933245e-11,9.28637518909795e-12,-5.541080066750803,train
S039,04,40-50Hz,2.261406385953419e-11,1.0295298670586363e-12,-13.417396640457316,train
S039,04,50-60Hz,4.0474097003856326e-11,2.0366390441171498e-13,-22.982631029102535,train
S039,08,1-8Hz,1.9645375372248596e-09,1.1425136576838146e-10,-12.353989311121072,train
S039,08,8-30Hz,5.589522440402309e-10,4.852123868832184e-10,-0.6144282471873075,train
S039,08,30-40Hz,4.413048008449085e-11,1.2102195368486423e-11,-5.618744924869045,train
S039,08,40-50Hz,2.8808533544327254e-11,1.324058819162937e-12,-13.376138733672416,train
S039,08,50-60Hz,3.6116650548575033e-11,2.0087483745383878e-13,-22.54781928775596,train
S039,12,1-8Hz,1.9167921288134087e-09,1.1615189548324121e-10,-12.175487158623937,train
S039,12,8-30Hz,5.997660220889205e-10,5.191519408796745e-10,-0.6268737650576662,train
S039,12,30-40Hz,4.9248473974365216e-11,1.3558633548647929e-11,-5.601768547380428,train
S039,12,40-50Hz,3.266049060770936e-11,1.503255396585776e-12,-13.36989932571286,train
S039,12,50-60Hz,4.88280724699779e-11,2.499970849320724e-13,-22.907346358246492,train
S040,04,1-8Hz,5.547152502906099e-10,2.090823610177345e-11,-14.237527100822833,train
S040,04,8-30Hz,1.224823572995119e-10,1.0789753124141794e-10,-0.5506202833165099,train
S040,04,30-40Hz,1.7787392804996272e-11,4.845366291571537e-12,-5.647856821755779,train
S040,04,40-50Hz,1.402357151856507e-11,6.506811623070368e-13,-13.334903999181758,train
S040,04,50-60Hz,1.3267588023934476e-11,9.412197871193022e-14,-21.49100928935432,train
S040,08,1-8Hz,5.150788746799333e-10,2.0097369898938166e-11,-14.087345122750838,train
S040,08,8-30Hz,1.270005615247095e-10,1.1195576162058721e-10,-0.5475919241793545,train
S040,08,30-40Hz,1.5952421485307734e-11,4.314893931139736e-12,-5.678564914457257,train
S040,08,40-50Hz,1.1111570699422964e-11,5.18996561830437e-13,-13.306109730793768,train
S040,08,50-60Hz,1.0232804458477113e-11,7.188620971825498e-14,-21.533490896043702,train
S040,12,1-8Hz,5.452462469007597e-10,2.086997278589519e-11,-14.170708021243518,train
S040,12,8-30Hz,1.3209862118707717e-10,1.1654419571088707e-10,-0.5440763549567519,train
S040,12,30-40Hz,1.721275864520041e-11,4.632884916323195e-12,-5.699989669832871,train
S040,12,40-50Hz,1.3387947341024615e-11,6.200428617597399e-13,-13.342922834229435,train
S040,12,50-60Hz,1.2793244325834678e-11,9.331428297817772e-14,-21.37032570821082,train
S041,04,1-8Hz,6.596353547472727e-11,2.771912225015365e-12,-13.765244508069635,train
S041,04,8-30Hz,2.1235968263407444e-11,1.906640788092896e-11,-0.4680318813403516,train
S041,04,30-40Hz,9.256970643462676e-13,2.63486002654997e-13,-5.457113376157039,train
S041,04,40-50Hz,5.361779827963198e-13,2.521304326598145e-14,-13.27683707401573,train
S041,04,50-60Hz,3.209960390471198e-13,2.5961904860465845e-15,-20.921631193536037,train
S041,08,1-8Hz,8.5788173234146e-11,3.5063272442931797e-12,-13.885749738948771,train
S041,08,8-30Hz,2.5593993705497162e-11,2.299282341944284e-11,-0.46545754772443876,train
S041,08,30-40Hz,1.0151336570042332e-12,2.7990003210369337e-13,-5.595202788751367,train
S041,08,40-50Hz,6.466697045814737e-13,3.111583858186996e-14,-13.177010055828159,train
S041,08,50-60Hz,3.700514154423862e-13,2.948328954641776e-15,-20.986861321830315,train
S041,12,1-8Hz,7.399872418876907e-11,3.44422495206966e-12,-13.321327234204222,train
S041,12,8-30Hz,2.5307946459959813e-11,2.2826633269944016e-11,-0.4481504546835102,train
S041,12,30-40Hz,1.1067745752623228e-12,3.104453803220259e-13,-5.520739724276828,train
S041,12,40-50Hz,6.534181730655525e-13,3.155164708378674e-14,-13.16169173485466,train
S041,12,50-60Hz,4.0803865752930724e-13,3.2862885106077225e-15,-20.939956215864413,train
S043,04,1-8Hz,1.4007870703631427e-09,3.614029410219519e-11,-15.88380442002986,train
S043,04,8-30Hz,2.684060320573586e-10,2.418120218143356e-10,-0.45314383534788083,train
S043,04,30-40Hz,2.0006204333814843e-11,5.378312322564481e-12,-5.705186817477051,train
S043,04,40-50Hz,1.3227635516438893e-11,6.233170703794207e-13,-13.2677319875577,train
S043,04,50-60Hz,1.0987022053495934e-11,7.971965468919271e-14,-21.393145873881267,train
S043,08,1-8Hz,1.0562313270731404e-09,3.5142164330908734e-11,-14.779305389569338,train
S043,08,8-30Hz,3.526747718590472e-10,3.1828564618871725e-10,-0.4455734050512644,train
S043,08,30-40Hz,2.943021726262314e-11,8.018908734639783e-12,-5.646781975207189,train
S043,08,40-50Hz,2.002156774255544e-11,9.19585904628205e-13,-13.37905775097939,train
S043,08,50-60Hz,1.6948184176015377e-11,1.2480574594461747e-13,-21.32888594500084,train
S043,12,1-8Hz,9.389088920231329e-10,2.9764635947296165e-11,-14.989228770615735,train
S043,12,8-30Hz,3.883867228380203e-10,3.5094260045794516e-10,-0.44028285103945386,train
S043,12,30-40Hz,4.458583219232516e-11,1.1666057689361413e-11,-5.822727574264825,train
S043,12,40-50Hz,3.2452742294639176e-11,1.4966571583028082e-12,-13.361290738878273,train
S043,12,50-60Hz,3.0397662330892105e-11,2.2261681039963208e-13,-21.352822303853355,train
S044,04,1-8Hz,1.6875466484740883e-09,4.632123712715308e-11,-15.61475636954519,train
S044,04,8-30Hz,9.156547608441466e-10,7.737345412326563e-10,-0.7313977265040729,train
S044,04,30-40Hz,3.349433166771894e-11,9.060974679212497e-12,-5.677963997022878,train
S044,04,40-50Hz,2.3851237972186725e-11,1.116857211049818e-12,-13.29513272938011,train
S044,04,50-60Hz,1.833820668060102e-11,1.32193431413657e-13,-21.421469871946186,train
S044,08,1-8Hz,1.7890792909174826e-09,5.902628236098293e-11,-14.815841576527514,train
S044,08,8-30Hz,1.1700984002819669e-09,9.75133590329459e-10,-0.7915826879990921,train
S044,08,30-40Hz,2.4117140437954e-11,6.8237201005027885e-12,-5.483046079854821,train
S044,08,40-50Hz,1.2902814104505315e-11,6.126741202337887e-13,-13.234549044527737,train
S044,08,50-60Hz,9.105234547382001e-12,6.580003028034006e-14,-21.41065044065037,train
S044,12,1-8Hz,2.1973682772582507e-09,6.770598972801822e-11,-15.112757594462067,train
S044,12,8-30Hz,1.1868140258978311e-09,9.752965568330912e-10,-0.8524597922058452,train
S044,12,30-40Hz,3.332777740557603e-11,8.979439682232958e-12,-5.6955711448221455,train
S044,12,40-50Hz,2.390163047640531e-11,1.1411813085078759e-12,-13.210728781393613,train
S044,12,50-60Hz,2.1070916500124152e-11,1.5293640580322016e-13,-21.391725465727966,train
S046,04,1-8Hz,8.656781464487091e-10,8.081883713930392e-11,-10.298438568274943,train
S046,04,8-30Hz,2.639029653619157e-10,2.3002700601358029e-10,-0.5966544344933241,train
S046,04,30-40Hz,2.937390949009857e-11,8.442088015807685e-12,-5.415118766203753,train
S046,04,40-50Hz,1.827224572361294e-11,8.401101249859047e-13,-13.37455708114142,train
S046,04,50-60Hz,1.2155063409567315e-11,9.311867906926873e-14,-21.157204220930026,train
S046,08,1-8Hz,8.139874703351597e-10,6.545160562958374e-11,-10.946974149334267,train
S046,08,8-30Hz,2.889821750020006e-10,2.503522793270529e-10,-0.623195056533457,train
S046,08,30-40Hz,2.434337619945648e-11,7.584408687976074e-12,-5.064590836295806,train
S046,08,40-50Hz,1.0592851339145785e-11,5.120050577685055e-13,-13.157386262920985,train
S046,08,50-60Hz,6.8328785503726415e-12,5.3072403874469224e-14,-21.097349423956505,train
S046,12,1-8Hz,7.789279456615649e-10,5.959255261710818e-11,-11.163052967280809,train
S046,12,8-30Hz,2.9337780276328513e-10,2.540488408898224e-10,-0.6251003386573007,train
S046,12,30-40Hz,4.4551262600159164e-11,1.2297033717989139e-11,-5.590596527659082,train
S046,12,40-50Hz,3.171920059950891e-11,1.4553171728395875e-12,-13.383645794334756,train
S046,12,50-60Hz,2.5749103368943702e-11,1.9430826110312508e-13,-21.22270845491701,train
S047,04,1-8Hz,4.402194876667189e-11,3.3938627412760664e-12,-11.129749899497469,train
S047,04,8-30Hz,3.827637086487519e-11,3.323966287887341e-11,-0.6127414340630365,train
S047,04,30-40Hz,2.1323368117885984e-12,6.288530461397609e-13,-5.303066354943711,train
S047,04,40-50Hz,9.611683831806427e-13,4.711256486515515e-14,-13.096627282178822,train
S047,04,50-60Hz,4.939214997732897e-13,3.7971551914994e-15,-21.141995835381366,train
S047,08,1-8Hz,6.74160245903417e-11,3.684480448632937e-12,-12.623868830043891,train
S047,08,8-30Hz,4.720804607300627e-11,4.0289995341949086e-11,-0.688188083054821,train
S047,08,30-40Hz,2.273810038654748e-12,6.516714979574989e-13,-5.427254527715036,train
S047,08,40-50Hz,1.0343951771353516e-12,5.126973403395456e-14,-13.048254224730467,train
S047,08,50-60Hz,5.268350530509658e-13,4.128593804583112e-15,-21.058725065779026,train
S047,12,1-8Hz,7.011082238764174e-11,4.01564271584658e-12,-12.420299960073674,train
S047,12,8-30Hz,5.2247685259647977e-11,4.464466042659002e-11,-0.6829753055831129,train
S047,12,30-40Hz,2.3860592881518418e-12,6.901478849111591e-13,-5.387390693546266,train
S047,12,40-50Hz,1.2061591294450908e-12,5.72570251056167e-14,-13.235758286680978,train
S047,12,50-60Hz,7.118771307687874e-13,5.545298184948412e-15,-21.084801370974663,train
S049,04,1-8Hz,1.0558343772988549e-09,5.1481310130862654e-11,-13.119462076586636,train
S049,04,8-30Hz,5.350879839740598e-10,4.825599519551287e-10,-0.44873921879461354,train
S049,04,30-40Hz,2.8022183047521717e-11,8.083199355371964e-12,-5.399186757546861,train
S049,04,40-50Hz,1.7081471007072785e-11,8.739265827435794e-13,-12.91050318411818,train
S049,04,50-60Hz,8.125257881016016e-12,6.445866711820499e-14,-21.005558327014747,train
S049,08,1-8Hz,1.2465263260097777e-09,4.9444567770678586e-11,-14.015828702436778,train
S049,08,8-30Hz,5.892614201437055e-10,5.373832369077965e-10,-0.4002389313558192,train
S049,08,30-40Hz,4.0892354201542494e-11,1.1223904383010314e-11,-5.614981556521633,train
S049,08,40-50Hz,4.2119444599992576e-11,1.9997978159716318e-12,-13.234965460692615,train
S049,08,50-60Hz,2.160965037767198e-11,1.8078453267317795e-13,-20.774864695648333,train
S049,12,1-8Hz,1.278170513099262e-09,5.186778696498748e-11,-13.916910759099315,train
S049,12,8-30Hz,6.255097343523312e-10,5.714910690461473e-10,-0.3922462482601716,train
S049,12,30-40Hz,4.1609836667780984e-11,1.1416284468345687e-11,-5.616712291571565,train
S049,12,40-50Hz,2.7605138651208885e-11,1.3327837633608382e-12,-13.162302394927936,train
S049,12,50-60Hz,1.756284639660882e-11,1.4249777288608444e-13,-20.907868262775104,train
S051,04,1-8Hz,4.774857801309028e-11,1.035248838898559e-12,-16.63915690426981,train
S051,04,8-30Hz,6.568840880883967e-12,5.698679724186599e-12,-0.61714492395464,train
S051,04,30-40Hz,1.2182305813174212e-12,3.362416328326334e-13,-5.590780114310224,train
S051,04,40-50Hz,7.825739311207786e-13,3.6859486639648955e-14,-13.269760944213733,train
S051,04,50-60Hz,5.642922837012677e-13,4.54741638179379e-15,-20.937393896680643,train
S051,08,1-8Hz,7.705154265095496e-11,1.315788226417213e-12,-17.67595342121365,train
S051,08,8-30Hz,5.931522513851237e-12,5.1165544249400486e-12,-0.6418858507029934,train
S051,08,30-40Hz,9.386620855410218e-13,2.65426926163803e-13,-5.485642985369115,train
S051,08,40-50Hz,5.76435031480151e-13,2.7023790116324215e-14,-13.290041069301706,train
S051,08,50-60Hz,3.9123015845638683e-13,3.0815310027868567e-15,-21.036657840730612,train
S051,12,1-8Hz,6.988755024457696e-11,1.146171646094164e-12,-17.851501567849684,train
S051,12,8-30Hz,5.747039232094756e-12,4.9940214935851726e-12,-0.6099375468654002,train
S051,12,30-40Hz,8.828410150626992e-13,2.458021090825291e-13,-5.552968964379544,train
S051,12,40-50Hz,5.17266164308253e-13,2.4512432623006228e-14,-13.2432765809653,train
S051,12,50-60Hz,3.473884506553455e-13,2.740944306519156e-15,-21.029151645488746,train
S052,04,1-8Hz,1.1057192434121584e-09,5.5689937959531565e-11,-12.978681338417484,train
S052,04,8-30Hz,5.739574876979472e-10,5.0580306569914e-10,-0.5489826865041063,train
S052,04,30-40Hz,2.704341097677981e-11,7.336543858869645e-12,-5.665699499916102,train
S052,04,40-50Hz,1.817610711948696e-11,8.449586982775798e-13,-13.326653924379121,train
S052,04,50-60Hz,1.9792924534414493e-11,1.3023996375970597e-13,-21.81765702106413,train
S052,08,1-8Hz,1.154684216561459e-09,6.641043492677566e-11,-12.402269049866375,train
S052,08,8-30Hz,8.511561944709018e-10,7.354550606653927e-10,-0.6345312347294008,train
S052,08,30-40Hz,3.0150095887832924e-11,8.473645384256247e-12,-5.512184125415846,train
S052,08,40-50Hz,1.776880021473001e-11,8.350983181051535e-13,-13.279204953420773,train
S052,08,50-60Hz,1.6331998035435448e-11,1.1128667991676463e-13,-21.665961329756556,train
S052,12,1-8Hz,1.1684179146949928e-09,8.51875700712604e-11,-11.37221976736721,train
S052,12,8-30Hz,7.700336455544739e-10,6.590955706957807e-10,-0.6756130841226538,train
S052,12,30-40Hz,2.937419850380664e-11,8.20049834152364e-12,-5.541257802881391,train
S052,12,40-50Hz,2.183655285736194e-11,9.983954936156143e-13,-13.398814691315199,train
S052,12,50-60Hz,1.80985057295283e-11,1.3139053287547552e-13,-21.390786456185758,train
S053,04,1-8Hz,1.5590781843806107e-09,6.995589062974765e-11,-13.480436045617367,train
S053,04,8-30Hz,4.6359679957041124e-10,4.1054347406441125e-10,-0.5278127611744293,train
S053,04,30-40Hz,6.168832167174372e-11,1.6498167873203284e-11,-5.727672363860851,train
S053,04,40-50Hz,3.664503367732478e-11,1.7809646808027982e-12,-13.133598183137476,train
S053,04,50-60Hz,2.0238681265444847e-11,1.6559692528470022e-13,-20.871299420700367,train
S053,08,1-8Hz,1.383796158433244e-09,6.76239348411203e-11,-13.109716831166303,train
S053,08,8-30Hz,4.871204305593505e-10,4.2929760891666876e-10,-0.5487787534234816,train
S053,08,30-40Hz,6.42008496517167e-11,1.7564891528096784e-11,-5.62895303526767,train
S053,08,40-50Hz,3.958115727632384e-11,1.9143676551998665e-12,-13.154631400764153,train
S053,08,50-60Hz,2.2048810955935914e-11,1.815233877630419e-13,-20.84452585714086,train
S053,12,1-8Hz,1.3766926174807578e-09,6.204001288237892e-11,-13.461651041935864,train
S053,12,8-30Hz,4.965415291134553e-10,4.409733169492704e-10,-0.5154326597922793,train
S053,12,30-40Hz,7.384706431928504e-11,2.024316634176695e-11,-5.620547914564668,train
S053,12,40-50Hz,4.590012730741382e-11,2.2250989633038076e-12,-13.14464558697652,train
S053,12,50-60Hz,2.45578595710011e-11,1.9626376077647391e-13,-20.97350395140105,train
S056,04,1-8Hz,1.3460764530570255e-09,1.2982084386509764e-10,-10.157252993794373,train
S056,04,8-30Hz,1.0280072463260014e-09,8.56055709617937e-10,-0.7949414775117034,train
S056,04,30-40Hz,9.033758339334111e-11,2.3801780359152967e-11,-5.7925902539357725,train
S056,04,40-50Hz,7.208350584662207e-11,3.3329490139643295e-12,-13.350072307311418,train
S056,04,50-60Hz,5.213041618499186e-11,4.0711793343511694e-13,-21.07370958790466,train
S056,08,1-8Hz,1.8422920194339059e-09,1.39812927604135e-10,-11.198111411096374,train
S056,08,8-30Hz,1.0750042581221193e-09,8.960710646045767e-10,-0.7906773093734403,train
S056,08,30-40Hz,1.0204743483901698e-10,2.7295752720597973e-11,-5.727070172344978,train
S056,08,40-50Hz,8.13857845723717e-11,3.891902234719962e-12,-13.203866323311093,train
S056,08,50-60Hz,5.290221235662507e-11,4.227219400128648e-13,-20.974190454339706,train
S056,12,1-8Hz,1.656110475485928e-09,1.4615772438934078e-10,-10.542675316190131,train
S056,12,8-30Hz,1.1655102119347872e-09,9.6531216915746e-10,-0.8184830192718691,train
S056,12,30-40Hz,1.5551990673451695e-10,3.9637727926513725e-11,-5.9367723479479215,train
S056,12,40-50Hz,1.1985376100830856e-10,5.833102104067085e-12,-13.127520882395594,train
S056,12,50-60Hz,7.23567008891648e-11,5.608461829557889e-13,-21.10634988470204,train
S057,04,1-8Hz,4.875837493232528e-10,2.9494417717941025e-11,-12.183093958885053,train
S057,04,8-30Hz,3.237863370270642e-10,2.838538841619754e-10,-0.5716367732089005,train
S057,04,30-40Hz,5.3577790012859635e-11,1.356042292071383e-11,-5.96711561315757,train
S057,04,40-50Hz,5.1303043241721186e-11,2.3732851063091415e-12,-13.347932139600275,train
S057,04,50-60Hz,4.201214124055395e-11,3.216395306028581e-13,-21.160053972290825,train
S057,08,1-8Hz,5.047044595153519e-10,3.669655341667243e-11,-11.3841186541039,train
S057,08,8-30Hz,3.462795775604462e-10,3.0799474099208885e-10,-0.5088357804460426,train
S057,08,30-40Hz,5.717548079571148e-11,1.4799660137222857e-11,-5.869580830585706,train
S057,08,40-50Hz,5.584225153528376e-11,2.503825319210015e-12,-13.483588937376545,train
S057,08,50-60Hz,4.9274744594596566e-11,3.3976103584852997e-13,-21.614508098394865,train
S057,12,1-8Hz,5.155756623220952e-10,4.332403911054798e-11,-10.755634691347709,train
S057,12,8-30Hz,3.7479657485816503e-10,3.3309155406509807e-10,-0.512319925858044,train
S057,12,30-40Hz,5.128118277002527e-11,1.3629252074109543e-11,-5.754860094507588,train
S057,12,40-50Hz,4.414795188831672e-11,2.002240182638925e-12,-13.433943876797123,train
S057,12,50-60Hz,4.486437632762666e-11,2.945048949976293e-13,-21.828091172401002,train
S058,04,1-8Hz,9.486880853572747e-11,5.561202829901305e-12,-12.3195471119114,train
S058,04,8-30Hz,2.142621999147006e-10,1.8884321136730416e-10,-0.5484418246923606,train
S058,04,30-40Hz,6.847587335774669e-11,1.7795952426023314e-11,-5.852163439807983,train
S058,04,40-50Hz,5.322110051710209e-11,2.5106580969373656e-12,-13.26296276507956,train
S058,04,50-60Hz,3.376029081416499e-11,2.750681071784098e-13,-20.889659400651105,train
S058,08,1-8Hz,9.164470696184299e-11,7.421560815301453e-12,-10.916121362923759,train
S058,08,8-30Hz,2.5450785861236266e-10,2.2145802478629848e-10,-0.6040977482002001,train
S058,08,30-40Hz,6.488648992053923e-11,1.741175912777632e-11,-5.71311630786165,train
S058,08,40-50Hz,4.914486280406022e-11,2.361364712972855e-12,-13.183150579237711,train
S058,08,50-60Hz,3.036000932354784e-11,2.43829171701071e-13,-20.952162372499924,train
S058,12,1-8Hz,1.007627349197816e-10,6.635025398829053e-12,-11.814573570031065,train
S058,12,8-30Hz,2.7142945675146697e-10,2.393897999846962e-10,-0.5455133560798424,train
S058,12,30-40Hz,8.1803413435275e-11,2.0904145761976206e-11,-5.925390009734092,train
S058,12,40-50Hz,7.163890633973626e-11,3.4507573914054907e-12,-13.172345202608657,train
S058,12,50-60Hz,4.0293877680589796e-11,3.2577728755146266e-13,-20.92318260712773,train
S060,04,1-8Hz,1.1003987532048458e-09,4.678421271197223e-11,-13.714507641089845,train
S060,04,8-30Hz,4.253120842652509e-10,3.764313792241571e-10,-0.5302190342683326,train
S060,04,30-40Hz,3.495241031071808e-11,1.0050687111555572e-11,-5.412813768135366,train
S060,04,40-50Hz,2.0498639793977237e-11,9.333466745727882e-13,-13.416820595397073,train
S060,04,50-60Hz,7.927894938533598e-11,2.746017599995792e-13,-24.60454569765342,train
S060,08,1-8Hz,1.4291901964426283e-09,5.961763098441463e-11,-13.797153139352677,train
S060,08,8-30Hz,5.082517569623013e-10,4.4717468772831355e-10,-0.556016762290032,train
S060,08,30-40Hz,3.858861810019096e-11,1.1598615851803997e-11,-5.220530615363933,train
S060,08,40-50Hz,1.982037526753535e-11,8.917318228952363e-13,-13.468776074871167,train
S060,08,50-60Hz,5.450724919329988e-11,2.069546130431529e-13,-24.205791538051535,train
S060,12,1-8Hz,1.0628498049279567e-09,5.3823808669073397e-11,-12.954974711968536,train
S060,12,8-30Hz,4.936493339245677e-10,4.3216744593887187e-10,-0.5776650586781406,train
S060,12,30-40Hz,3.590660396834412e-11,1.054434463615052e-11,-5.321547395170255,train
S060,12,40-50Hz,1.846713525500398e-11,8.448510644725989e-13,-13.396193744109352,train
S060,12,50-60Hz,7.480224090058442e-11,2.5208485780263553e-13,-24.72367849187808,train
S061,04,1-8Hz,1.7304049918312505e-09,5.3043711589338846e-11,-15.135138542410452,train
S061,04,8-30Hz,7.021362110740943e-10,6.108089340563423e-10,-0.6051599067852655,train
S061,04,30-40Hz,8.176588965543417e-11,2.6139710259050402e-11,-4.952713970474868,train
S061,04,40-50Hz,2.6237311441010704e-11,1.2748625119146541e-12,-13.134559798452909,train
S061,04,50-60Hz,1.6161593461488798e-11,1.255435648865692e-13,-21.09689721512664,train
S061,08,1-8Hz,2.3670150647313e-09,6.422519296407837e-11,-15.664956042055012,train
S061,08,8-30Hz,1.186229231944927e-09,1.01490841308457e-09,-0.6774176943030223,train
S061,08,30-40Hz,7.878124855393125e-11,2.5692313158439943e-11,-4.866196524823959,train
S061,08,40-50Hz,2.9253309443237306e-11,1.407598134585523e-12,-13.176963225585933,train
S061,08,50-60Hz,1.617841853104728e-11,1.3213074705325196e-13,-20.87932175847685,train
S061,12,1-8Hz,2.1134927608399273e-09,6.562553811719267e-11,-15.079278870545599,train
S061,12,8-30Hz,1.085487152794339e-09,9.211733631207236e-10,-0.7128331645359881,train
S061,12,30-40Hz,8.653912032505719e-11,2.9232356030219546e-11,-4.7134865680556315,train
S061,12,40-50Hz,2.985411339619312e-11,1.427940287091867e-12,-13.202941313791667,train
S061,12,50-60Hz,1.7156921865716313e-11,1.363923052143965e-13,-20.996495038437995,train
S062,04,1-8Hz,2.956030304124017e-10,1.0933260350718816e-11,-14.319591920084047,train
S062,04,8-30Hz,8.507011675292855e-11,7.580666799004541e-11,-0.5006962078644062,train
S062,04,30-40Hz,5.195030438023168e-12,1.464229363810969e-12,-5.499789844680826,train
S062,04,40-50Hz,3.1211151851827282e-12,1.4534917808720802e-13,-13.318972163702563,train
S062,04,50-60Hz,2.2476424721885643e-12,1.7279580669964465e-14,-21.141940309868076,train
S062,08,1-8Hz,4.256734574533882e-10,1.1963345214207611e-11,-15.51223936002902,train
S062,08,8-30Hz,1.0491452035590203e-10,9.326195867245035e-11,-0.5113106728467732,train
S062,08,30-40Hz,5.220466170933142e-12,1.5056726299436684e-12,-5.399787299562687,train
S062,08,40-50Hz,2.6134438745388586e-12,1.2423445044168412e-13,-13.229711345681018,train
S062,08,50-60Hz,1.901920736170371e-12,1.4256240048505655e-14,-21.251874139992296,train
S062,12,1-8Hz,4.95399541542855e-10,1.4662203656960852e-11,-15.287563528099831,train
S062,12,8-30Hz,1.0073864140793392e-10,8.901024032086553e-11,-0.5375611593315457,train
S062,12,30-40Hz,5.541460071889326e-12,1.6095931801804715e-12,-5.369080850609902,train
S062,12,40-50Hz,2.9692438298247573e-12,1.374872820453963e-13,-13.34383336087127,train
S062,12,50-60Hz,2.369853737433166e-12,1.7819360180901802e-14,-21.23829436789935,train
S063,04,1-8Hz,1.5670632066742357e-10,9.108400706301493e-12,-12.35644385561497,train
S063,04,8-30Hz,1.2059521032315149e-10,1.0600080330966657e-10,-0.5602090277736173,train
S063,04,30-40Hz,5.6204337269854614e-11,1.4413292213855342e-11,-5.9100663965098965,train
S063,04,40-50Hz,3.696954419968836e-11,1.7698266726716292e-12,-13.199133601835323,train
S063,04,50-60Hz,4.744821108111244e-10,1.132700223289807e-12,-26.221048569361724,train
S063,08,1-8Hz,1.696286674326695e-10,8.618992648771034e-12,-12.940427400744026,train
S063,08,8-30Hz,1.1197185232698415e-10,9.905693738442626e-11,-0.5322396625617423,train
S063,08,30-40Hz,4.348479147577762e-11,1.1189600901315175e-11,-5.895227949725901,train
S063,08,40-50Hz,2.538880493002632e-11,1.2458140294700273e-12,-13.091890415091253,train
S063,08,50-60Hz,2.723890521898193e-10,6.59087426709255e-13,-26.162466217458814,train
S063,12,1-8Hz,2.106688193446698e-10,1.033713563444804e-11,-13.092000466120961,train
S063,12,8-30Hz,1.2057394386776172e-10,1.0726553418322144e-10,-0.5079326664299295,train
S063,12,30-40Hz,3.668997299698741e-11,9.621414352387572e-12,-5.8130847390328935,train
S063,12,40-50Hz,1.8352417770998715e-11,8.732777811365421e-13,-13.225408763516587,train
S063,12,50-60Hz,2.441476546102642e-10,5.791896016287541e-13,-26.248318003813726,train
S064,04,1-8Hz,1.5006312482434105e-10,5.640089551197719e-12,-14.24987986094872,train
S064,04,8-30Hz,2.538543024959969e-11,2.208480276163526e-11,-0.6049100357477734,train
S064,04,30-40Hz,2.6741810867324374e-12,7.183551602611432e-13,-5.70851597075356,train
S064,04,40-50Hz,1.867884578464517e-12,8.767939331185543e-14,-13.284525004201784,train
S064,04,50-60Hz,1.3426089881051568e-12,1.080616072098862e-14,-20.94278127694414,train
S064,08,1-8Hz,1.2699075241284953e-10,5.282602643692748e-12,-13.809241519989222,train
S064,08,8-30Hz,2.557525591188876e-11,2.2362752311005874e-11,-0.5829473446260459,train
S064,08,30-40Hz,1.6742924859548573e-12,4.696710760352451e-13,-5.520375125189551,train
S064,08,40-50Hz,1.0785939614354638e-12,5.001379076595914e-14,-13.337682116477243,train
S064,08,50-60Hz,6.585580416307737e-13,5.255106432140698e-15,-20.980125410184023,train
S064,12,1-8Hz,8.234351446996759e-11,3.964106465310608e-12,-13.174840890431959,train
S064,12,8-30Hz,2.7483036549870797e-11,2.3883581724676583e-11,-0.6096525869465313,train
S064,12,30-40Hz,1.3464660605883034e-12,3.8070655628155235e-13,-5.486050549167371,train
S064,12,40-50Hz,7.775627353825554e-13,3.6392161684856814e-14,-13.297275855659876,train
S064,12,50-60Hz,4.949100678239046e-13,3.927549986842928e-15,-21.00404567524027,train
S069,04,1-8Hz,1.8567552255300834e-09,2.992980489466019e-11,-17.926507690531402,train
S069,04,8-30Hz,1.4622805453158738e-10,1.299761331921693e-10,-0.5116708952690211,train
S069,04,30-40Hz,2.706692355053686e-11,6.944008972730715e-12,-5.908286229525459,train
S069,04,40-50Hz,1.8450374030517036e-11,8.425000353592821e-13,-13.4043524693831,train
S069,04,50-60Hz,1.8729029587706178e-11,1.3253118746540838e-13,-21.501971865214813,train
S069,08,1-8Hz,1.7391010016429898e-09,2.6397204487625707e-11,-18.187668685015822,train
S069,08,8-30Hz,1.5800563980820998e-10,1.413840076227202e-10,-0.4827230095177487,train
S069,08,30-40Hz,2.8142413382824774e-11,7.298630857815204e-12,-5.861199391508732,train
S069,08,40-50Hz,1.6111519536782616e-11,7.496174830249791e-13,-13.322967953917932,train
S069,08,50-60Hz,1.5475742638230565e-11,1.1239489613440203e-13,-21.389049084705334,train
S069,12,1-8Hz,2.428779168556648e-09,2.7841765413075026e-11,-19.406912594167878,train
S069,12,8-30Hz,1.9352667356246965e-10,1.7245001768611226e-10,-0.5007758855376725,train
S069,12,30-40Hz,2.7818042756998982e-11,7.298917338896047e-12,-5.810681250677519,train
S069,12,40-50Hz,1.7825553989531597e-11,8.17895915956563e-13,-13.383449962968346,train
S069,12,50-60Hz,1.9242497855724402e-11,1.3986915003692495e-13,-21.38539511087535,train
S070,04,1-8Hz,1.0215832958156636e-09,7.44218228771685e-11,-11.375734796861956,train
S070,04,8-30Hz,4.969697646685969e-10,4.369320357246585e-10,-0.5591607911390442,train
S070,04,30-40Hz,2.116767381211659e-11,6.121039807125886e-12,-5.388479306719346,train
S070,04,40-50Hz,9.407935760503902e-12,4.538319462889799e-13,-13.165992796557761,train
S070,04,50-60Hz,7.755095390193073e-12,5.510549771657597e-14,-21.48392214824517,train
S070,08,1-8Hz,1.0729820779263206e-09,7.494941569812713e-11,-11.558242165243605,train
S070,08,8-30Hz,5.353769127486034e-10,4.701713935038678e-10,-0.5640343707268407,train
S070,08,30-40Hz,1.8808728838826343e-11,5.564897247836893e-12,-5.289022955844665,train
S070,08,40-50Hz,8.373963108572578e-12,4.114207715116142e-13,-13.086448290235303,train
S070,08,50-60Hz,6.3318970212072674e-12,4.6591143849908745e-14,-21.3323047024386,train
S070,12,1-8Hz,9.88291885699744e-10,9.155408321037935e-11,-10.332075115146186,train
S070,12,8-30Hz,5.478193109508559e-10,4.835288975257222e-10,-0.542149030376146,train
S070,12,30-40Hz,2.2138891182460372e-11,6.35703241429033e-12,-5.4190143973261335,train
S070,12,40-50Hz,1.2183681699536182e-11,5.869018964761285e-13,-13.172130316030014,train
S070,12,50-60Hz,1.0367457004536292e-11,7.180834068754089e-14,-21.594973515767762,train
S071,04,1-8Hz,4.2528846802797246e-10,3.122986230723445e-11,-11.341135372719176,train
S071,04,8-30Hz,2.6416290905884024e-10,2.353321487306041e-10,-0.5019057834650043,train
S071,04,30-40Hz,2.076446302883524e-11,5.623778121313348e-12,-5.672925268522654,train
S071,04,40-50Hz,1.4281820896257643e-11,6.713776294053769e-13,-13.27816716152832,train
S071,04,50-60Hz,8.267627416900272e-12,6.57209335101541e-14,-20.996771731938185,train
S071,08,1-8Hz,4.5003269099054773e-10,4.6045583033898516e-11,-9.900560862447772,train
S071,08,8-30Hz,2.917567348059375e-10,2.5756881690689126e-10,-0.5412760680354269,train
S071,08,30-40Hz,1.893280368449602e-11,5.1046458388421055e-12,-5.692493156429332,train
S071,08,40-50Hz,1.3924269810413105e-11,6.600690648032279e-13,-13.241830506927032,train
S071,08,50-60Hz,7.793330270356811e-12,6.320376442782489e-14,-20.90980135705559,train
S071,12,1-8Hz,5.184144928453025e-10,5.876228139482895e-11,-9.455784856567092,train
S071,12,8-30Hz,3.6228625069725483e-10,3.145404627367741e-10,-0.6137533086027634,train
S071,12,30-40Hz,2.888365021568012e-11,7.595881503720126e-12,-5.800738959047736,train
S071,12,40-50Hz,2.2269237011211325e-11,1.0615643601331506e-12,-13.217590079415316,train
S071,12,50-60Hz,1.3358900391295082e-11,1.0737632376309439e-13,-20.94862180642074,train
S072,04,1-8Hz,6.694618515924879e-11,1.5208391376170763e-12,-16.43642554117146,train
S072,04,8-30Hz,1.3916143740403413e-11,1.2450655600179694e-11,-0.4832668575341975,train
S072,04,30-40Hz,1.915701943345097e-12,5.392496677922953e-13,-5.505380535748284,train
S072,04,40-50Hz,1.3710543533724182e-12,6.359486679510637e-14,-13.336326100851988,train
S072,04,50-60Hz,9.840647695504613e-13,7.702603411537841e-15,-21.06386146270011,train
S072,08,1-8Hz,6.152066361555139e-11,1.531686649047158e-12,-16.038510846535875,train
S072,08,8-30Hz,1.680233043064352e-11,1.498812425244837e-11,-0.49622236424907346,train
S072,08,30-40Hz,1.3000598246885034e-12,3.9540916772065744e-13,-5.16916603254211,train
S072,08,40-50Hz,6.884586168725657e-13,3.244910302221085e-14,-13.26675143741112,train
S072,08,50-60Hz,4.247475315687762e-13,3.4344570811770577e-15,-20.92272770065918,train
S072,12,1-8Hz,7.1367771960036e-11,1.8347785963225715e-12,-15.899184734601874,train
S072,12,8-30Hz,1.503220337039532e-11,1.349214727345515e-11,-0.4694156961212325,train
S072,12,30-40Hz,1.197360179707064e-12,3.541570371064376e-13,-5.2902893517334615,train
S072,12,40-50Hz,6.732551574136719e-13,3.213695338414299e-14,-13.211749861518138,train
S072,12,50-60Hz,3.649785653266314e-13,2.9080154289569128e-15,-20.986706532922522,train
S073,04,1-8Hz,7.858710588269137e-11,3.1059328567921184e-12,-14.031592323258842,train
S073,04,8-30Hz,3.918341051252363e-11,3.4387308123090395e-11,-0.5670405407262448,train
S073,04,30-40Hz,4.323238464892798e-12,1.153435893686057e-12,-5.738157293186752,train
S073,04,40-50Hz,3.2490657028916295e-12,1.5429369386895276e-13,-13.234103173804526,train
S073,04,50-60Hz,2.1345961664780505e-12,1.698011160785278e-14,-20.993751846683296,train
S073,08,1-8Hz,6.301454391997072e-11,3.266801358445871e-12,-12.853180698034334,train
S073,08,8-30Hz,4.2637858946601704e-11,3.798349082133483e-11,-0.5020051305477525,train
S073,08,30-40Hz,2.3936192104676213e-12,6.514900446919854e-13,-5.651472779956379,train
S073,08,40-50Hz,1.9037055083205706e-12,8.937167294166285e-14,-13.283998789890356,train
S073,08,50-60Hz,1.1960782535790852e-12,9.338523790297257e-15,-21.074813648497013,train
S073,12,1-8Hz,7.52947126961057e-11,3.3226161998282745e-12,-13.552843022870285,train
S073,12,8-30Hz,3.766367052340463e-11,3.3705711690392945e-11,-0.4821914040568159,train
S073,12,30-40Hz,2.7317523072401973e-12,7.500257904242982e-13,-5.613651212341243,train
S073,12,40-50Hz,2.2474905369607797e-12,1.0549106335137722e-13,-13.28482201770669,train
S073,12,50-60Hz,1.3759814227408851e-12,1.0903835361788723e-14,-21.010332850711038,train
S074,04,1-8Hz,4.5366255266322415e-11,3.207662171147086e-12,-11.505443097221955,train
S074,04,8-30Hz,5.812964073777779e-11,5.325269874004767e-11,-0.3805601702512143,train
S074,04,30-40Hz,7.511872049708257e-12,1.9775804400215236e-12,-5.7961402406742994,train
S074,04,40-50Hz,2.155898819866334e-12,1.0762867024415599e-13,-13.017004002012255,train
S074,04,50-60Hz,1.1155405638329246e-12,8.566070678962297e-15,-21.147037134808855,train
S074,08,1-8Hz,8.162437720953185e-11,5.651454344331432e-12,-11.596596571748956,train
S074,08,8-30Hz,8.056156013958625e-11,7.356148370581891e-11,-0.39477387888854437,train
S074,08,30-40Hz,1.2838869576243602e-11,3.3302695859594297e-12,-5.860473959457506,train
S074,08,40-50Hz,2.910483586288837e-12,1.4516362364301276e-13,-13.021073536902179,train
S074,08,50-60Hz,1.7245304309752308e-12,1.3483525972396778e-14,-21.06867386273209,train
S074,12,1-8Hz,8.645011359227863e-11,6.061377573521285e-12,-11.541942304625618,train
S074,12,8-30Hz,9.372753420544524e-11,8.508021613656026e-11,-0.420386072007157,train
S074,12,30-40Hz,1.343019178769434e-11,3.5775423106862993e-12,-5.744974358325484,train
S074,12,40-50Hz,2.958501181141245e-12,1.52620175344888e-13,-12.87459798820792,train
S074,12,50-60Hz,1.6308178649787268e-12,1.2637656873063607e-14,-21.107389007414238,train
S076,04,1-8Hz,4.3224094213351146e-11,2.4677515290680924e-12,-12.434244714640288,train
S076,04,8-30Hz,6.498661347001548e-11,5.629818421145133e-11,-0.623295182004631,train
S076,04,30-40Hz,1.629722684711811e-11,4.456491525302758e-12,-5.631206257119431,train
S076,04,40-50Hz,9.631184560845366e-12,4.763812687253627e-13,-13.057250285344361,train
S076,04,50-60Hz,4.809225021794072e-12,3.903333153341792e-14,-20.906394776950417,train
S076,08,1-8Hz,4.380030635821492e-11,2.930311658632712e-12,-11.745633351663528,train
S076,08,8-30Hz,3.9281577296875624e-11,3.4512993527155556e-11,-0.5620628795947167,train
S076,08,30-40Hz,2.5688290358352327e-12,7.021179739070132e-13,-5.633251105556499,train
S076,08,40-50Hz,1.594648969509576e-12,7.747836905605956e-14,-13.134846264489187,train
S076,08,50-60Hz,8.317793367577835e-13,6.353757209050375e-15,-21.169775118586024,train
S076,12,1-8Hz,4.2407074656181425e-11,2.695241360279411e-12,-11.96840652233313,train
S076,12,8-30Hz,4.3817452157606354e-11,3.885828394709275e-11,-0.5216350369818084,train
S076,12,30-40Hz,6.605418310045737e-12,1.7295542214181434e-12,-5.819661442924373,train
S076,12,40-50Hz,5.164908024139646e-12,2.4335918941345886e-13,-13.268148419244577,train
S076,12,50-60Hz,3.5818967453790315e-12,2.8223422827678817e-14,-21.035033802040726,train
S077,04,1-8Hz,1.7018906914698116e-09,9.744522507230088e-11,-12.42171099859516,train
S077,04,8-30Hz,4.859364153599146e-10,4.2282187464562546e-10,-0.6042199827556147,train
S077,04,30-40Hz,2.461783665041814e-11,6.861774312272066e-12,-5.548134558774294,train
S077,04,40-50Hz,1.1954921219116799e-11,6.064579326857132e-13,-12.947460373819933,train
S077,04,50-60Hz,4.452758088091207e-12,3.705232531648327e-14,-20.79813632713611,train
S077,08,1-8Hz,2.1855159638770587e-09,1.3797918942645815e-10,-11.997403937881561,train
S077,08,8-30Hz,5.846926973976595e-10,4.949425369205988e-10,-0.7237288963778453,train
S077,08,30-40Hz,2.258950873433295e-11,6.324029482051926e-12,-5.529129002911727,train
S077,08,40-50Hz,1.1487136881463476e-11,5.777199590639587e-13,-12.984944243767629,train
S077,08,50-60Hz,4.897909205128258e-12,4.033876225992075e-14,-20.842881617945785,train
S077,12,1-8Hz,1.747980682679108e-09,1.0544083350212366e-10,-12.19527798510778,train
S077,12,8-30Hz,4.807546540551601e-10,4.1362675391566084e-10,-0.653148754921789,train
S077,12,30-40Hz,1.9846128092658532e-11,5.570032638269394e-12,-5.518180501094587,train
S077,12,40-50Hz,9.168630893801427e-12,4.669277878585206e-13,-12.930547689879946,train
S077,12,50-60Hz,3.641431303771679e-12,2.985501003661644e-14,-20.862548998090684,train
S079,04,1-8Hz,8.080652792606564e-10,4.716978537123772e-11,-12.337825463612223,train
S079,04,8-30Hz,6.362149809090116e-10,5.603200105677282e-10,-0.5516775859887654,train
S079,04,30-40Hz,4.249886435895561e-11,1.1784654295312415e-11,-5.5706047817702675,train
S079,04,40-50Hz,2.414652310429365e-11,1.1301481169144189e-12,-13.297192391122483,train
S079,04,50-60Hz,1.556009163256175e-11,1.2054273964711401e-13,-21.108710924834497,train
S079,08,1-8Hz,1.5747810685745619e-09,7.217431331245889e-11,-13.388375246571284,train
S079,08,8-30Hz,7.807290631084212e-10,6.84474304931967e-10,-0.5714319711566398,train
S079,08,30-40Hz,5.011089977052687e-11,1.4288861398737461e-11,-5.449345772077551,train
S079,08,40-50Hz,2.9435346299516263e-11,1.412164688844589e-12,-13.189838017766611,train
S079,08,50-60Hz,1.6392756682945235e-11,1.313726766693717e-13,-20.961469441212294,train
S079,12,1-8Hz,1.8102842761061839e-09,8.089487166173559e-11,-13.49825788862266,train
S079,12,8-30Hz,9.870727920348422e-10,8.620399775454749e-10,-0.5882177413119763,train
S079,12,30-40Hz,6.319546327491655e-11,1.8058611258323826e-11,-5.440015527443149,train
S079,12,40-50Hz,3.4734991842117864e-11,1.6787171149097392e-12,-13.157896830274902,train
S079,12,50-60Hz,2.0454280842018827e-11,1.6274965470298156e-13,-20.992641387949927,train
S080,04,1-8Hz,5.75041361052708e-10,2.4744201913758442e-11,-13.662256324807734,train
S080,04,8-30Hz,1.7049593637980992e-10,1.503426693369495e-10,-0.5463177554082839,train
S080,04,30-40Hz,1.9113157213488174e-11,5.206697792215756e-12,-5.647700610308045,train
S080,04,40-50Hz,1.2366512971306583e-11,5.742273619665759e-13,-13.331633745544035,train
S080,04,50-60Hz,8.623501688958178e-12,6.434808847252574e-14,-21.271480025016945,train
S080,08,1-8Hz,4.995429410051059e-10,2.0056208238968732e-11,-13.963239962231459,train
S080,08,8-30Hz,1.7243732914872292e-10,1.5342696871391367e-10,-0.5072958283757454,train
S080,08,30-40Hz,1.6410380088182482e-11,4.560032168260294e-12,-5.561507336997874,train
S080,08,40-50Hz,1.040417645773441e-11,5.072520178611454e-13,-13.119839259987621,train
S080,08,50-60Hz,7.059605087984601e-12,5.546539228877425e-14,-21.047583184788433,train
S080,12,1-8Hz,5.478311067586569e-10,2.2113835642773315e-11,-13.939826111283642,train
S080,12,8-30Hz,1.8797970808789577e-10,1.6715340467570204e-10,-0.5099574387771508,train
S080,12,30-40Hz,1.853014067239974e-11,5.177903642203999e-12,-5.537247520929895,train
S080,12,40-50Hz,1.1511301998377393e-11,5.418419541601168e-13,-13.272518188695058,train
S080,12,50-60Hz,7.628612326514049e-12,5.924483933469611e-14,-21.0979501927107,train
S081,04,1-8Hz,4.170310240583538e-10,7.284910953646887e-12,-17.577441169240164,train
S081,04,8-30Hz,6.498986790690358e-11,5.804492727748716e-11,-0.49081382837507287,train
S081,04,30-40Hz,2.5517236378150722e-12,7.111898464369745e-13,-5.548480890722791,train
S081,04,40-50Hz,1.5749968266485815e-12,7.763845009133616e-14,-13.07202826183392,train
S081,04,50-60Hz,9.11368179282621e-13,7.409230629541268e-15,-20.899207475586216,train
S081,08,1-8Hz,3.4259090397912125e-10,6.676406999666243e-12,-17.10233024180162,train
S081,08,8-30Hz,6.903985176498011e-11,6.108588457300447e-11,-0.5315898304339056,train
S081,08,30-40Hz,2.6864986072997594e-12,7.390801624930991e-13,-5.604950741421332,train
S081,08,40-50Hz,1.673564650303316e-12,7.857589872658083e-14,-13.283531369010413,train
S081,08,50-60Hz,1.0019002195658153e-12,8.203609647588436e-15,-20.86819484630194,train
S081,12,1-8Hz,2.7009210934077716e-10,1.0598707295334796e-11,-14.062589981883244,train
S081,12,8-30Hz,7.304367538133609e-11,6.31860060305718e-11,-0.6296171312434071,train
S081,12,30-40Hz,2.5843372984157633e-12,7.229991859462362e-13,-5.532113872719994,train
S081,12,40-50Hz,1.6780963704322212e-12,7.900789611172991e-14,-13.2714640086305,train
S081,12,50-60Hz,9.860713605273764e-13,7.787344414390974e-15,-21.02518962469775,train
S082,04,1-8Hz,2.7033565942680666e-10,1.9435866848188607e-11,-11.432994212551641,train
S082,04,8-30Hz,2.2110365948625028e-10,1.9330843168114194e-10,-0.583451332503622,train
S082,04,30-40Hz,8.450615222045971e-12,2.360986731725336e-12,-5.5379478118866245,train
S082,04,40-50Hz,5.70349764950652e-12,2.658928295976433e-13,-13.314346411491485,train
S082,04,50-60Hz,5.3544268648711314e-12,3.470771455170062e-14,-21.882869739893533,train
S082,08,1-8Hz,3.9114823017630064e-10,2.6608654879533656e-11,-11.673184488836574,train
S082,08,8-30Hz,2.983844526631659e-10,2.5615862035265556e-10,-0.6626721494403177,train
S082,08,30-40Hz,1.7141263714227776e-11,4.479232525341659e-12,-5.828392284145365,train
S082,08,40-50Hz,1.77455536797539e-11,8.234552538374576e-13,-13.334495495414734,train
S082,08,50-60Hz,1.53479990359773e-11,1.0473838930498967e-13,-21.65945872327893,train
S082,12,1-8Hz,3.7628061215736013e-10,2.974581112961288e-11,-11.020860258229238,train
S082,12,8-30Hz,2.8508479464004204e-10,2.4214624173566454e-10,-0.7089632137173254,train
S082,12,30-40Hz,1.0737003870840312e-11,2.9147770547383387e-12,-5.662777675992556,train
S082,12,40-50Hz,7.591177665170052e-12,3.611519328068665e-13,-13.226192123916839,train
S082,12,50-60Hz,6.3395204478580056e-12,4.310773423753727e-14,-21.675012102437876,train
S083,04,1-8Hz,1.1875672354473985e-09,3.85539988850003e-11,-14.885887765903467,train
S083,04,8-30Hz,7.193748688470856e-10,6.386700309520749e-10,-0.5167872405845874,train
S083,04,30-40Hz,3.779296734990418e-11,1.0226812533976423e-11,-5.676706972494388,train
S083,04,40-50Hz,2.7547992092484087e-11,1.3042713579469275e-12,-13.24721992458783,train
S083,04,50-60Hz,1.8794178290018565e-11,1.4864270066300496e-13,-21.018797551103617,train
S083,08,1-8Hz,9.72462528290765e-10,3.139620375208349e-11,-14.909957368722068,train
S083,08,8-30Hz,6.17585682128446e-10,5.480667684124296e-10,-0.5186374915230624,train
S083,08,30-40Hz,3.359256604296373e-11,9.333377372470027e-12,-5.562043538328205,train
S083,08,40-50Hz,2.2659273786957675e-11,1.0474431944825147e-12,-13.351155075531008,train
S083,08,50-60Hz,1.4699486348090703e-11,1.156443023158573e-13,-21.041779188719506,train
S083,12,1-8Hz,8.311186321492988e-10,5.543308783253146e-11,-11.758939473914998,train
S083,12,8-30Hz,7.802257239185579e-10,6.78961697516408e-10,-0.6037498985420658,train
S083,12,30-40Hz,4.5313043499448644e-11,1.3082486312941673e-11,-5.395329439685157,train
S083,12,40-50Hz,2.8353350291903772e-11,1.3524301564062586e-12,-13.214895373426343,train
S083,12,50-60Hz,1.673095666665122e-11,1.3296580979848375e-13,-20.99780791499211,train
S084,04,1-8Hz,5.675276016266114e-10,2.568475608383247e-11,-13.443115424435314,train
S084,04,8-30Hz,3.277910895684028e-10,2.8934373026242246e-10,-0.5418306770153254,train
S084,04,30-40Hz,2.023322513992313e-11,5.504797206923062e-12,-5.653237895709131,train
S084,04,40-50Hz,1.580538581046037e-11,7.376028403251377e-13,-13.309825210517115,train
S084,04,50-60Hz,3.808271671971716e-11,1.6372775458778419e-13,-23.666056164130858,train
S084,08,1-8Hz,5.143629156484771e-10,2.5094869476807953e-11,-13.116847082626247,train
S084,08,8-30Hz,4.2263676934127553e-10,3.6290696764675055e-10,-0.6617197138587928,train
S084,08,30-40Hz,1.2869432808528368e-11,3.7015441216890225e-12,-5.411764763128842,train
S084,08,40-50Hz,7.174754939090893e-12,3.3978772338081587e-13,-13.245993882548454,train
S084,08,50-60Hz,1.2446059694608469e-11,5.570866434103653e-14,-23.491091336120434,train
S084,12,1-8Hz,4.628207754017763e-10,2.6700478588358196e-11,-12.388937997374263,train
S084,12,8-30Hz,4.994050263343383e-10,4.2825559135374526e-10,-0.6674986718439209,train
S084,12,30-40Hz,1.4272492424782498e-11,4.1082551196481335e-12,-5.408424160407788,train
S084,12,40-50Hz,8.329295117071284e-12,3.874964343978483e-13,-13.323405393000481,train
S084,12,50-60Hz,1.9341523447650012e-11,7.948160958509751e-14,-23.862240251401367,train
S086,04,1-8Hz,2.8182840672408667e-09,7.888513501599075e-11,-15.529895922424156,train
S086,04,8-30Hz,2.7397528523825454e-10,2.359709243652513e-10,-0.6485289395831904,train
S086,04,30-40Hz,4.1182485506814266e-11,1.0706536034936652e-11,-5.8506357122134585,train
S086,04,40-50Hz,4.1300415594125715e-11,2.0865918107324533e-12,-12.965169232884932,train
S086,04,50-60Hz,3.778890936691405e-11,2.4968294641246814e-13,-21.79975477210368,train
S086,08,1-8Hz,3.922017945927169e-09,9.495228315419515e-11,-16.160041646011727,train
S086,08,8-30Hz,2.2915770321562043e-10,1.9601718688938212e-10,-0.6784030859261919,train
S086,08,30-40Hz,2.2289253613023445e-11,6.003749478930505e-12,-5.696729638084537,train
S086,08,40-50Hz,1.5927480537512366e-11,7.615086405901899e-13,-13.204722475730456,train
S086,08,50-60Hz,1.0183652717750646e-11,8.163966309932597e-14,-20.96002376762652,train
S086,12,1-8Hz,1.1151286836805504e-09,3.8564885358573047e-11,-14.611329423365099,train
S086,12,8-30Hz,1.8934234820751876e-10,1.6640954681665844e-10,-0.5606952101220751,train
S086,12,30-40Hz,2.289215274999541e-11,6.1638718466597295e-12,-5.698330344120125,train
S086,12,40-50Hz,1.6689371367598297e-11,7.885411573740299e-13,-13.256156126129364,train
S086,12,50-60Hz,1.136732242637609e-11,8.88819997141224e-14,-21.068443616081105,train
S087,04,1-8Hz,6.792895814824971e-10,5.891359733778394e-11,-10.618394115966979,train
S087,04,8-30Hz,4.788173106077418e-10,4.234253477984155e-10,-0.533929900726804,train
S087,04,30-40Hz,5.6926207877661925e-11,1.4835364128608907e-11,-5.840140439943279,train
S087,04,40-50Hz,4.649660995853424e-11,2.1224087049282206e-12,-13.405922716698804,train
S087,04,50-60Hz,3.576481147445479e-11,2.8156873683806357e-13,-21.03871507580135,train
S087,08,1-8Hz,6.74903700529733e-10,5.690201237271877e-11,-10.741141836623525,train
S087,08,8-30Hz,5.178665192500587e-10,4.4663238202757787e-10,-0.6426762684324673,train
S087,08,30-40Hz,4.187442650850741e-11,1.1433165327759538e-11,-5.637823886080432,train
S087,08,40-50Hz,2.5524635050902022e-11,1.2050981791956674e-12,-13.259371110285949,train
S087,08,50-60Hz,1.836232286313631e-11,1.418964750015594e-13,-21.119560124562987,train
S087,12,1-8Hz,7.173629476147466e-10,6.426047892022974e-11,-10.477949833169887,train
S087,12,8-30Hz,5.431212003438657e-10,4.725930064066921e-10,-0.6040946498970439,train
S087,12,30-40Hz,6.83581129911091e-11,1.827868036409827e-11,-5.728452271385671,train
S087,12,40-50Hz,5.6862180710638835e-11,2.5592724592665567e-12,-13.467069880288502,train
S087,12,50-60Hz,4.406412503580764e-11,3.353228651643783e-13,-21.18621982597798,train
S091,04,1-8Hz,2.8348141936183563e-09,8.965861376773101e-11,-14.999325787063178,train
S091,04,8-30Hz,5.753850329332703e-10,5.046415527436851e-10,-0.5697555277704534,train
S091,04,30-40Hz,5.104133860764876e-11,1.4220788072783748e-11,-5.549983913095562,train
S091,04,40-50Hz,3.551847417681334e-11,1.6621153899072003e-12,-13.297931300854028,train
S091,04,50-60Hz,2.4807641866219516e-11,1.9648284234767932e-13,-21.012608515428116,train
S091,08,1-8Hz,3.2098812370346777e-09,8.133558400941127e-11,-15.962083748066442,train
S091,08,8-30Hz,6.814731342465374e-10,5.995651415551304e-10,-0.5561236406613919,train
S091,08,30-40Hz,5.577945957353662e-11,1.530354799627768e-11,-5.616821722925515,train
S091,08,40-50Hz,4.0436712011517896e-11,1.928036239594743e-12,-13.216606423237657,train
S091,08,50-60Hz,2.946307871037945e-11,2.2554133193545513e-13,-21.16051985144821,train
S091,12,1-8Hz,3.4234748393921153e-09,8.502362351394798e-11,-16.04927530724654,train
S091,12,8-30Hz,7.314679523306103e-10,6.429330158512335e-10,-0.5602957502078771,train
S091,12,30-40Hz,1.1584725805102196e-10,2.9648759526887235e-11,-5.918792314275057,train
S091,12,40-50Hz,1.0248350633500149e-10,4.667066669366627e-12,-13.416099709351567,train
S091,12,50-60Hz,7.650090683475492e-11,5.900693866879853e-13,-21.1276349962248,train
S093,04,1-8Hz,4.344655120950802e-10,1.3072185035970397e-11,-15.216071211809998,train
S093,04,8-30Hz,7.452265425855558e-11,6.681714367480383e-11,-0.47400408370047836,train
S093,04,30-40Hz,6.027317358806784e-12,1.6659099957373666e-12,-5.584725251157287,train
S093,04,40-50Hz,3.9505787305787496e-12,1.9229226101871254e-13,-13.12698915213976,train
S093,04,50-60Hz,2.6220300787127722e-12,2.039013668856536e-14,-21.09217532256574,train
S093,08,1-8Hz,2.853529238291042e-10,1.2137195499884643e-11,-13.71263979450194,train
S093,08,8-30Hz,8.476428564878661e-11,7.509819167023346e-11,-0.5258342683169506,train
S093,08,30-40Hz,9.887706884164018e-12,2.622672375326741e-12,-5.763515416664637,train
S093,08,40-50Hz,6.359619032846983e-12,2.963630411086168e-13,-13.316070577987862,train
S093,08,50-60Hz,4.236662881651047e-12,3.1501522354320986e-14,-21.28692365663879,train
S093,12,1-8Hz,2.700153415919542e-10,1.3363772024032493e-11,-13.054593820892944,train
S093,12,8-30Hz,9.060191797309342e-11,8.076322717984332e-11,-0.49923727067666956,train
S093,12,30-40Hz,5.169366541735762e-12,1.4964265717858907e-12,-5.383819162790591,train
S093,12,40-50Hz,2.489935095536095e-12,1.2339436551740388e-13,-13.048926973840118,train
S093,12,50-60Hz,1.4442363227985527e-12,1.0917026162840887e-14,-21.21533912277602,train
S095,04,1-8Hz,2.014668357622964e-09,7.479904694140695e-11,-14.303075011619468,train
S095,04,8-30Hz,6.297066401335048e-10,5.772403761581055e-10,-0.37781571852680507,train
S095,04,30-40Hz,4.345418022947271e-11,1.1992144667316583e-11,-5.591347023110103,train
S095,04,40-50Hz,2.7259391639859406e-11,1.2991785439300328e-12,-13.218473197235443,train
S095,04,50-60Hz,1.6515201664336028e-11,1.288684143625841e-13,-21.07737396300785,train
S095,08,1-8Hz,3.162726267136168e-09,1.0425325778454146e-10,-14.819719704853087,train
S095,08,8-30Hz,8.005172326919469e-10,7.134580825908932e-10,-0.5000222305408737,train
S095,08,30-40Hz,6.237349710289313e-11,1.708148256030366e-11,-5.624745324858109,train
S095,08,40-50Hz,4.428871062077201e-11,2.0826287207060255e-12,-13.276811835548134,train
S095,08,50-60Hz,2.986375563905789e-11,2.303387958644845e-13,-21.12777331148935,train
S095,12,1-8Hz,2.6569329361684768e-09,9.38006621914043e-11,-14.521746881731456,train
S095,12,8-30Hz,7.78248856033158e-10,7.039488088338983e-10,-0.43577412584776065,train
S095,12,30-40Hz,8.778381044225843e-11,2.4095429957385375e-11,-5.6147974815946435,train
S095,12,40-50Hz,6.097133315471147e-11,2.8904025318909365e-12,-13.241673621053778,train
S095,12,50-60Hz,4.036821046053013e-11,3.1324751471971396e-13,-21.10151863360203,train
S097,04,1-8Hz,8.828423296499834e-10,3.360512560836353e-11,-14.194776250762526,train
S097,04,8-30Hz,2.719183206181038e-10,2.4125308280869155e-10,-0.5196559775322116,train
S097,04,30-40Hz,3.028313870080754e-11,8.219674628812539e-12,-5.663462591046616,train
S097,04,40-50Hz,2.163516471339807e-11,1.0549111683909984e-12,-13.119443156813276,train
S097,04,50-60Hz,1.7283125902454628e-11,1.2163506440776892e-13,-21.5256350422421,train
S097,08,1-8Hz,1.6213351140292282e-09,5.279863791401432e-11,-14.87250069668021,train
S097,08,8-30Hz,3.5700545846227365e-10,3.176256212149576e-10,-0.5075932888547952,train
S097,08,30-40Hz,3.166463129497863e-11,8.754603932906754e-12,-5.5833793249522445,train
S097,08,40-50Hz,1.7282870990356435e-11,8.521921629460279e-13,-13.070783521651032,train
S097,08,50-60Hz,1.0781031219628488e-11,7.906427261593437e-14,-21.346800238488477,train
S097,12,1-8Hz,1.60178132003e-09,4.043421237113014e-11,-15.978542368250281,train
S097,12,8-30Hz,3.3367870042344454e-10,2.9661383880414625e-10,-0.5113707580466592,train
S097,12,30-40Hz,3.913547584990799e-11,1.07157515090487e-11,-5.625479847321766,train
S097,12,40-50Hz,2.6123159491377292e-11,1.2242800236309902e-12,-13.291449387141006,train
S097,12,50-60Hz,1.7345592764474776e-11,1.2700763419708223e-13,-21.353593195266612,train
S098,04,1-8Hz,5.0831350985796487e-11,4.970659855965999e-12,-10.097176072218097,train
S098,04,8-30Hz,1.0563601654163219e-10,8.993657456461626e-11,-0.6987567343919648,train
S098,04,30-40Hz,5.932220660984338e-12,1.5120646030405668e-12,-5.936469503048479,train
S098,04,40-50Hz,5.60295613758685e-12,2.699064186244695e-13,-13.172040100279238,train
S098,04,50-60Hz,5.255149751991858e-12,3.661051076079899e-14,-21.569793084431677,train
S098,08,1-8Hz,4.984619407882861e-11,3.5938914840815753e-12,-11.420670444521425,train
S098,08,8-30Hz,1.0198807458509261e-10,8.688467900856696e-11,-0.6960619191754456,train
S098,08,30-40Hz,2.0735859976410396e-12,5.957417193565003e-13,-5.41664037040124,train
S098,08,40-50Hz,1.096707294666139e-12,5.308909558709083e-14,-13.150854052874905,train
S098,08,50-60Hz,9.539390830224325e-13,5.4502036250458354e-15,-22.43107914004794,train
S098,12,1-8Hz,6.563272227596934e-11,6.0794758833375414e-12,-10.332542780462617,train
S098,12,8-30Hz,1.236416126179392e-10,1.041816867128219e-10,-0.7437327636356506,train
S098,12,30-40Hz,2.0941388829390973e-12,6.024295288861171e-13,-5.410992293979452,train
S098,12,40-50Hz,1.0217243422541554e-12,5.0472134177856005e-14,-13.062820714793142,train
S098,12,50-60Hz,8.320620872878431e-13,4.9675902666512845e-15,-22.240099664672268,train
S099,04,1-8Hz,6.546241299164583e-10,6.76611010925336e-11,-9.856529486117573,train
S099,04,8-30Hz,8.783229644369832e-10,7.522960867741109e-10,-0.6726543511633469,train
S099,04,30-40Hz,6.081343772055093e-11,1.683392676219699e-11,-5.578141209238641,train
S099,04,40-50Hz,4.260431336286663e-11,2.0022832059925585e-12,-13.279280655813512,train
S099,04,50-60Hz,2.8345067953551366e-11,2.2301389025611705e-13,-21.04145588888873,train
S099,08,1-8Hz,6.872142853131182e-10,6.672110421250312e-11,-10.128289535952216,train
S099,08,8-30Hz,9.151611966816362e-10,7.750239711542373e-10,-0.7218246227036493,train
S099,08,30-40Hz,8.241045732322443e-11,2.174962328612687e-11,-5.785305850246734,train
S099,08,40-50Hz,6.594401613186147e-11,3.0831963755706326e-12,-13.301742062970485,train
S099,08,50-60Hz,4.5261593041070186e-11,3.5225134380219473e-13,-21.08877176878253,train
S099,12,1-8Hz,8.966648555539636e-10,7.480314107795525e-11,-10.787103132628173,train
S099,12,8-30Hz,1.1439344554239626e-09,9.922451432024707e-10,-0.6178215936596299,train
S099,12,30-40Hz,2.2264150529828694e-10,5.94257950591324e-11,-5.736311287627625,train
S099,12,40-50Hz,1.7148705069029924e-10,8.05160179403514e-12,-13.283490432647474,train
S099,12,50-60Hz,1.1495716807318392e-10,8.81692917115132e-13,-21.152187045781986,train
S101,04,1-8Hz,7.598553829510666e-10,3.629093827474446e-11,-13.209327477342985,train
S101,04,8-30Hz,3.3016528010188536e-10,2.899989718488445e-10,-0.5633494312131242,train
S101,04,30-40Hz,4.7874043183408753e-11,1.2770301505488356e-11,-5.738989561678549,train
S101,04,40-50Hz,4.075256016524168e-11,1.919502250829307e-12,-13.269662715530606,train
S101,04,50-60Hz,2.922527689836312e-11,2.2246689083403876e-13,-21.184932494146587,train
S101,08,1-8Hz,7.618855468187718e-10,3.4737596640414077e-11,-13.410899669641461,train
S101,08,8-30Hz,2.9411425370025577e-10,2.601136185787493e-10,-0.5335298146124876,train
S101,08,30-40Hz,3.979359279805524e-11,1.0771954654002305e-11,-5.675186350377515,train
S101,08,40-50Hz,2.968941999962804e-11,1.4167742341049612e-12,-13.213010634395829,train
S101,08,50-60Hz,2.204949310026484e-11,1.719186396529669e-13,-21.08075643806369,train
S101,12,1-8Hz,7.213232884068398e-10,3.542620957499678e-11,-13.08805266396589,train
S101,12,8-30Hz,2.862753636919738e-10,2.543650897742688e-10,-0.5132646857104193,train
S101,12,30-40Hz,3.1464571744346387e-11,8.851594978864238e-12,-5.508002912998792,train
S101,12,40-50Hz,1.905211316624127e-11,9.17539625242471e-13,-13.173183235322634,train
S101,12,50-60Hz,1.2711677316721554e-11,9.768023445298776e-14,-21.143961665287247,train
S103,04,1-8Hz,1.079434467491991e-09,1.1364901260537997e-10,-9.776306145547995,train
S103,04,8-30Hz,7.747607567455404e-10,6.578530571868866e-10,-0.7103871738701956,train
S103,04,30-40Hz,4.041745856215451e-11,1.1900360274347761e-11,-5.3100889220281475,train
S103,04,40-50Hz,2.0341353200962053e-11,9.757631068223319e-13,-13.190354472251242,train
S103,04,50-60Hz,1.384183217595976e-11,1.0429606023581383e-13,-21.229256760290774,train
S103,08,1-8Hz,1.5216234184944741e-09,1.5639427871930669e-10,-9.880863221668513,train
S103,08,8-30Hz,7.942890023777839e-10,6.766336417992728e-10,-0.6962496256873882,train
S103,08,30-40Hz,3.768171218382482e-11,1.1040287684843613e-11,-5.33150237797758,train
S103,08,40-50Hz,1.9529337783638718e-11,9.340760616169648e-13,-13.203052749556349,train
S103,08,50-60Hz,1.3740931954186855e-11,1.0405390513851713e-13,-21.207578050641665,train
S103,12,1-8Hz,1.8320580449905801e-09,1.8492910479767979e-10,-9.959339619345547,train
S103,12,8-30Hz,8.804579491775502e-10,7.388654244506285e-10,-0.7614327479670518,train
S103,12,30-40Hz,5.048793020141228e-11,1.4850956475450506e-11,-5.314331414850383,train
S103,12,40-50Hz,2.4493480072945048e-11,1.1907391686296363e-12,-13.132338550548866,train
S103,12,50-60Hz,1.4469481199753134e-11,1.1028148192882623e-13,-21.17950366470257,train
S105,04,1-8Hz,5.564237052762736e-10,3.400872998005222e-11,-12.138152099597434,train
S105,04,8-30Hz,1.2125955913586125e-10,1.0580261523300083e-10,-0.592195821955592,train
S105,04,30-40Hz,8.330237360357145e-12,2.3003900474174384e-12,-5.588558963306496,train
S105,04,40-50Hz,3.602244289311874e-12,1.7688315910961546e-13,-13.08886675456697,train
S105,04,50-60Hz,4.001503254844113e-12,2.1129964679956414e-14,-22.77324403384754,train
S105,08,1-8Hz,5.864341567305357e-10,5.696136572015709e-11,-10.126388642495442,train
S105,08,8-30Hz,1.470522209347278e-10,1.238824388328986e-10,-0.7446184147526969,train
S105,08,30-40Hz,4.85541197034107e-12,1.4176854035863443e-12,-5.346462167676739,train
S105,08,40-50Hz,2.1017264487199163e-12,1.0558479317944945e-13,-12.989748159908455,train
S105,08,50-60Hz,3.790592107415551e-12,1.3623235537784854e-14,-24.444267886211136,train
S105,12,1-8Hz,6.399115890031786e-10,4.587059844865871e-11,-11.445855692800535,train
S105,12,8-30Hz,1.5411199799770915e-10,1.3130127514044205e-10,-0.6956750713948877,train
S105,12,30-40Hz,4.238987764405743e-12,1.2233142956507544e-12,-5.397241120749724,train
S105,12,40-50Hz,1.764731105836414e-12,8.892021461199794e-14,-12.9767803858862,train
S105,12,50-60Hz,3.2169314183109314e-12,1.1079867558004463e-14,-24.62907233154864,train
S107,04,1-8Hz,7.047078443229675e-10,4.9458621476870756e-11,-11.537670983625945,train
S107,04,8-30Hz,5.647752815988302e-10,4.853403717847242e-10,-0.6582926230212836,train
S107,04,30-40Hz,2.8984277459693673e-11,7.778162570649904e-12,-5.712854623909147,train
S107,04,40-50Hz,2.2521880298254843e-11,1.0749087841580865e-12,-13.21233033950792,train
S107,04,50-60Hz,1.5010747534196752e-11,1.1559698604035235e-13,-21.134558097429693,train
S107,08,1-8Hz,1.07366695649242e-09,7.389034229432109e-11,-11.622819089167308,train
S107,08,8-30Hz,5.226621881857291e-10,4.497179698079175e-10,-0.6528084091928023,train
S107,08,30-40Hz,2.4928136857010702e-11,6.49094348304962e-12,-5.843819925774457,train
S107,08,40-50Hz,2.2003754417558447e-11,9.915930515476753e-13,-13.461633143254888,train
S107,08,50-60Hz,1.459009789532856e-11,1.0917390857905991e-13,-21.25939346957493,train
S107,12,1-8Hz,9.830909310816825e-10,6.665662385444425e-11,-11.687503768489975,train
S107,12,8-30Hz,5.164368745915868e-10,4.4462331566303183e-10,-0.6502501117937686,train
S107,12,30-40Hz,2.238751425643814e-11,6.1892304094861445e-12,-5.583692247318939,train
S107,12,40-50Hz,1.533342494250828e-11,7.08778720538727e-13,-13.351285012760808,train
S107,12,50-60Hz,1.0798746511349129e-11,8.26421785175565e-14,-21.161715896778883,train
S109,04,1-8Hz,2.7737120727388556e-09,2.7072434526775556e-10,-10.105340647435973,train
S109,04,8-30Hz,2.4118679328988916e-09,2.140545025717554e-09,-0.5182915585587821,train
S109,04,30-40Hz,2.167111933882897e-10,5.982647244587352e-11,-5.589879474713811,train
S109,04,40-50Hz,8.85093539173769e-11,4.593835494346145e-12,-12.848137315714068,train
S109,04,50-60Hz,2.6353160703961078e-11,2.2446572865931908e-13,-20.696826679141317,train
S109,08,1-8Hz,3.1843347035792404e-09,2.555096855754372e-10,-10.956113423743517,train
S109,08,8-30Hz,1.860365068560755e-09,1.6395337476529635e-09,-0.5487781583694844,train
S109,08,30-40Hz,1.4883994746023668e-10,4.259921371601677e-11,-5.433179249511415,train
S109,08,40-50Hz,5.829759106077644e-11,3.0640474653170543e-12,-12.793551207743876,train
S109,08,50-60Hz,1.7627075394178606e-11,1.4874730607202632e-13,-20.73731153005474,train
S109,12,1-8Hz,3.4535535313035772e-09,2.871092954038792e-10,-10.802189387410333,train
S109,12,8-30Hz,2.0280821138380833e-09,1.784739819437409e-09,-0.5551062159115001,train
S109,12,30-40Hz,1.3921849936835023e-10,3.879590900063338e-11,-5.549110162211942,train
S109,12,40-50Hz,5.826306083495607e-11,3.0342457326450664e-12,-12.833425466176134,train
S109,12,50-60Hz,1.769041587533267e-11,1.5079397026830438e-13,-20.69354066706381,train
S007,04,1-8Hz,2.981212981198217e-10,2.175538659552824e-11,-11.36826198469397,val
S007,04,8-30Hz,2.3971095442111973e-10,2.096635237583213e-10,-0.581650004833886,val
S007,04,30-40Hz,1.2095266080285006e-11,3.2469739497300557e-12,-5.7113662240019885,val
S007,04,40-50Hz,7.20172523522513e-12,3.631848493961902e-13,-12.973088246569716,val
S007,04,50-60Hz,9.378413084924911e-11,2.2031736091252815e-13,-26.2908063719756,val
S007,08,1-8Hz,2.8854099712933764e-10,2.3616871735934317e-11,-10.869851573467123,val
S007,08,8-30Hz,3.076666282191261e-10,2.6775774957354566e-10,-0.6033834278914117,val
S007,08,30-40Hz,8.169173039365928e-12,2.3082041592134464e-12,-5.4890387612197165,val
S007,08,40-50Hz,3.624271225130935e-12,1.7911848546030825e-13,-13.060802825818651,val
S007,08,50-60Hz,9.836933741455204e-11,2.1984090232042881e-13,-26.507512482133908,val
S007,12,1-8Hz,2.860401818664678e-10,2.4387347090945645e-11,-10.69262486118772,val
S007,12,8-30Hz,3.3220020590986645e-10,2.903281971735027e-10,-0.5851068000051156,val
S007,12,30-40Hz,1.0203805880663247e-11,2.885532648552196e-12,-5.485361953808532,val
S007,12,40-50Hz,4.855440194753532e-12,2.460136912438952e-13,-12.952693319241922,val
S007,12,50-60Hz,6.878326425971423e-11,1.604596191268721e-13,-26.3211702535662,val
S012,04,1-8Hz,5.493983986693895e-10,1.6361899740132335e-11,-15.260536621167514,val
S012,04,8-30Hz,6.103874273507122e-11,5.259023862248136e-11,-0.6470043813829808,val
S012,04,30-40Hz,1.0864508939058154e-11,2.9657125320516878e-12,-5.638810492251319,val
S012,04,40-50Hz,7.83812384257088e-12,3.6654591821160665e-13,-13.300837334159652,val
S012,04,50-60Hz,5.5617827620402065e-12,4.2642301938130924e-14,-21.153733807749667,val
S012,08,1-8Hz,7.994621437496977e-10,1.4493529845385029e-11,-17.416237346302374,val
S012,08,8-30Hz,6.480394885269937e-11,5.651858929922339e-11,-0.5941015722630754,val
S012,08,30-40Hz,9.068153277843277e-12,2.5219081010139686e-12,-5.557895956192809,val
S012,08,40-50Hz,5.905113508632774e-12,2.800713476140377e-13,-13.23959568993206,val
S012,08,50-60Hz,4.1092872477938824e-12,3.2225437323501047e-14,-21.05567680648506,val
S012,12,1-8Hz,7.13206739595565e-10,1.4941284074249936e-11,-16.788275155377942,val
S012,12,8-30Hz,8.230273768738281e-11,7.215826828116587e-11,-0.5712817959072702,val
S012,12,30-40Hz,8.570293657283376e-12,2.491996681553211e-12,-5.364482434216896,val
S012,12,40-50Hz,4.088536285345888e-12,1.944308209009675e-13,-13.22802746625465,val
S012,12,50-60Hz,2.295097009205828e-12,1.831639076391021e-14,-20.979611467879074,val
S031,04,1-8Hz,5.221202878486053e-10,1.0591360024704629e-10,-6.928188378126427,val
S031,04,8-30Hz,3.308740232808308e-10,2.69446570549788e-10,-0.8919001192846956,val
S031,04,30-40Hz,5.692519045344305e-12,1.6701737474983868e-12,-5.3254283932298545,val
S031,04,40-50Hz,2.27896965896578e-12,1.1671127634280617e-13,-12.906257247582708,val
S031,04,50-60Hz,4.6381728558234e-11,1.054142335643086e-13,-26.434476744486794,val
S031,08,1-8Hz,7.914040826037413e-10,1.4129024285967884e-10,-7.482861146983265,val
S031,08,8-30Hz,4.1070829787952534e-10,3.3389326467941694e-10,-0.8992581883192592,val
S031,08,30-40Hz,9.650762650708142e-12,2.8014276881016673e-12,-5.371822180701008,val
S031,08,40-50Hz,4.454138979442861e-12,2.2301809896039735e-13,-13.004236543981264,val
S031,08,50-60Hz,3.843633658521521e-11,9.402582740087578e-14,-26.11494824043987,val
S031,12,1-8Hz,1.0104809697539202e-09,1.7803238657959266e-10,-7.540291251889753,val
S031,12,8-30Hz,4.913558919978117e-10,4.0268871358156454e-10,-0.864267106522194,val
S031,12,30-40Hz,1.1362035463444212e-11,3.18193016675029e-12,-5.527654964410136,val
S031,12,40-50Hz,7.0890544938116915e-12,3.478327883844602e-13,-13.092177965277255,val
S031,12,50-60Hz,3.139685418329881e-11,8.628996416296305e-14,-25.609258473717553,val
S035,04,1-8Hz,1.623801653793138e-10,1.0326366159858347e-11,-11.965854588692675,val
S035,04,8-30Hz,8.976094272074927e-11,7.869917186036463e-11,-0.5711724277791596,val
S035,04,30-40Hz,3.130808163105173e-12,8.900868533188141e-13,-5.462240709996152,val
S035,04,40-50Hz,1.7497025506623382e-12,8.441059082271987e-14,-13.165672848458689,val
S035,04,50-60Hz,4.4331037017174734e-10,9.542533424153554e-13,-26.67044200879738,val
S035,08,1-8Hz,1.9080192908053771e-10,1.1175791843275423e-11,-12.323044571223889,val
S035,08,8-30Hz,9.80530536605092e-11,8.459659971241e-11,-0.641082161255037,val
S035,08,30-40Hz,2.8545478938841676e-12,8.144897974331249e-13,-5.4465168547599285,val
S035,08,40-50Hz,1.5619740111150851e-12,7.530499924757803e-14,-13.168499950791313,val
S035,08,50-60Hz,4.875441987217071e-10,1.05087830094363e-12,-26.664615685418912,val
S035,12,1-8Hz,2.0203411658439444e-10,1.4119227692345266e-11,-11.556137710866265,val
S035,12,8-30Hz,9.342738434495016e-11,8.095667618462795e-11,-0.6222152106538298,val
S035,12,30-40Hz,3.1374665085880843e-12,8.973232859697999e-13,-5.43630160517234,val
S035,12,40-50Hz,1.7040250683691511e-12,8.162032376984444e-14,-13.196776663089036,val
S035,12,50-60Hz,3.9016334431315465e-10,8.409582769778316e-13,-26.664720157943343,val
S045,04,1-8Hz,9.182066677239442e-10,3.5661914882981185e-11,-14.107357830413411,val
S045,04,8-30Hz,4.19345910753043e-10,3.57310096715512e-10,-0.695271238732515,val
S045,04,30-40Hz,7.551712493671253e-11,1.9817106211903212e-11,-5.810052102538553,val
S045,04,40-50Hz,6.955654938571336e-11,3.1007267790660992e-12,-13.508745290437865,val
S045,04,50-60Hz,6.16769029674035e-11,4.840671413382301e-13,-21.05216954440928,val
S045,08,1-8Hz,1.1853432440144952e-09,5.368817231691048e-11,-13.439655090226877,val
S045,08,8-30Hz,5.517441066081746e-10,4.702999089742222e-10,-0.693628083023281,val
S045,08,30-40Hz,7.118704572830536e-11,1.838072029860505e-11,-5.880384436371358,val
S045,08,40-50Hz,6.84140971850695e-11,3.0968007833533245e-12,-13.442323320734292,val
S045,08,50-60Hz,5.22498431405815e-11,4.0641975793408243e-13,-21.091101781464907,val
S045,12,1-8Hz,1.1380493804195633e-09,5.2844672567322144e-11,-13.331598953814295,val
S045,12,8-30Hz,5.105234376498864e-10,4.3451704988329795e-10,-0.700088626619302,val
S045,12,30-40Hz,4.558188200943122e-11,1.2143123482579676e-11,-5.744618412506089,val
S045,12,40-50Hz,3.3500549682601605e-11,1.5479601731358127e-12,-13.352921503744394,val
S045,12,50-60Hz,2.7742189105049656e-11,2.145310265150704e-13,-21.11650616947822,val
S050,04,1-8Hz,1.4768051121368176e-10,8.527217387533126e-12,-12.385158522908942,val
S050,04,8-30Hz,9.133272146187934e-11,8.326768111530768e-11,-0.4014992825974998,val
S050,04,30-40Hz,1.2646600074881682e-11,3.218759309855065e-12,-5.94285282494151,val
S050,04,40-50Hz,1.2133670645963567e-11,5.741128146212373e-13,-13.249949616128355,val
S050,04,50-60Hz,8.987542945485405e-12,6.867098869537176e-14,-21.168676783756947,val
S050,08,1-8Hz,1.3226882552836067e-10,7.334042216723391e-12,-12.561140917282565,val
S050,08,8-30Hz,8.628518928905323e-11,7.821556004085542e-11,-0.4264309688225862,val
S050,08,30-40Hz,1.0819051196580932e-11,2.7907505746671676e-12,-5.88468153070637,val
S050,08,40-50Hz,1.0319389189182984e-11,4.829580485574571e-13,-13.297445838652022,val
S050,08,50-60Hz,6.8845606563724054e-12,5.2591155905707576e-14,-21.169635143193723,val
S050,12,1-8Hz,1.470105504845589e-10,7.468603682829898e-12,-12.941090893522585,val
S050,12,8-30Hz,8.333396273332534e-11,7.570200288639874e-11,-0.4171466407720467,val
S050,12,30-40Hz,9.803473875237196e-12,2.5732695669642317e-12,-5.808947120411204,val
S050,12,40-50Hz,8.322092815470176e-12,3.9502808069222767e-13,-13.236045864467496,val
S050,12,50-60Hz,5.906736305153267e-12,4.523605986597085e-14,-21.158628129027946,val
S055,04,1-8Hz,1.110577290554144e-10,3.3651441943334456e-12,-15.185451104255996,val
S055,04,8-30Hz,1.542131639889088e-11,1.3210462031442908e-11,-0.6720344048624437,val
S055,04,30-40Hz,1.3628447078226185e-12,3.752428770543084e-13,-5.601339149481811,val
S055,04,40-50Hz,9.815606207417187e-13,4.593653679353871e-14,-13.297588764453883,val
S055,04,50-60Hz,6.508035132149521e-13,5.031407091817996e-15,-21.117604311395223,val
S055,08,1-8Hz,1.1532386048157434e-10,3.1842078859037517e-12,-15.589177584513894,val
S055,08,8-30Hz,1.7883227603097833e-11,1.5572542867057337e-11,-0.6008636888465059,val
S055,08,30-40Hz,9.913374550537694e-13,2.6725868044313293e-13,-5.69289695350668,val
S055,08,40-50Hz,6.684191917699529e-13,3.1767291762557785e-14,-13.23068719176123,val
S055,08,50-60Hz,4.08930192053553e-13,3.2042631606482606e-15,-21.05920999743593,val
S055,12,1-8Hz,1.3467637109487033e-10,3.3941184339144406e-12,-15.985644131870629,val
S055,12,8-30Hz,1.84432167155939e-11,1.565269661845752e-11,-0.712475016276809,val
S055,12,30-40Hz,1.0506002691796122e-12,2.8957848248457125e-13,-5.5967121984668955,val
S055,12,40-50Hz,7.323906425027058e-13,3.541978250094941e-14,-13.154968968080167,val
S055,12,50-60Hz,4.567362334203917e-13,3.561468080244926e-15,-21.08036409741773,val
S059,04,1-8Hz,8.439024057112207e-10,3.561536361250782e-11,-13.746548423275268,val
S059,04,8-30Hz,4.024489345547415e-10,3.6119520336425013e-10,-0.4696880768283606,val
S059,04,30-40Hz,2.2993521459308087e-11,6.4297913259695895e-12,-5.534086101382312,val
S059,04,40-50Hz,1.2910997133587421e-11,6.184308297614246e-13,-13.196686529844847,val
S059,04,50-60Hz,8.371228331005814e-12,5.702894806938891e-14,-21.666938269146748,val
S059,08,1-8Hz,8.39906385792988e-10,3.641653914511601e-11,-13.629322130701873,val
S059,08,8-30Hz,4.82135506998247e-10,4.328364476472479e-10,-0.468452923324007,val
S059,08,30-40Hz,1.7579118700428154e-11,5.097770718852505e-12,-5.376168002403841,val
S059,08,40-50Hz,7.79113126298201e-12,3.8350891983754165e-13,-13.078250518573004,val
S059,08,50-60Hz,4.81356035241751e-12,2.976214430332264e-14,-22.08802203314312,val
S059,12,1-8Hz,9.952387370633408e-10,4.4835044328797216e-11,-13.463096679660014,val
S059,12,8-30Hz,4.4888257372466125e-10,3.985203669833794e-10,-0.5168222421184556,val
S059,12,30-40Hz,2.5866967938230903e-11,7.281668246801796e-12,-5.505146362102132,val
S059,12,40-50Hz,1.147810527779049e-11,5.720440310003699e-13,-13.024407454897913,val
S059,12,50-60Hz,7.187068205439139e-12,5.1848753917243384e-14,-21.418134429033753,val
S068,04,1-8Hz,6.622795793890621e-10,3.371599170152618e-11,-12.93205426022024,val
S068,04,8-30Hz,2.5600786453878816e-10,2.2374682247139417e-10,-0.5849643058282227,val
S068,04,30-40Hz,2.5628993952855756e-11,6.963943766881893e-12,-5.658763030342398,val
S068,04,40-50Hz,1.7863485996759035e-11,8.405663664402199e-13,-13.27394205267427,val
S068,04,50-60Hz,1.752823877727676e-11,1.1762539571331873e-13,-21.732371832571395,val
S068,08,1-8Hz,9.602628369125618e-10,4.116631799848272e-11,-13.678480970500333,val
S068,08,8-30Hz,3.3627667710554133e-10,2.918558400828802e-10,-0.6152835927936655,val
S068,08,30-40Hz,3.848809382583592e-11,1.0537434085028894e-11,-5.625915316214884,val
S068,08,40-50Hz,2.8384435837128378e-11,1.3047899522050522e-12,-13.375396630306483,val
S068,08,50-60Hz,2.965789042433408e-11,1.958419737923584e-13,-21.802344787569123,val
S068,12,1-8Hz,9.777289990776893e-10,4.385403605341191e-11,-13.482089270770466,val
S068,12,8-30Hz,3.5747340005976556e-10,3.094082253414951e-10,-0.6271187622044117,val
S068,12,30-40Hz,3.408871852446318e-11,9.626957532221877e-12,-5.491216193802436,val
S068,12,40-50Hz,2.137328919304812e-11,1.0061908422208174e-12,-13.271910017496772,val
S068,12,50-60Hz,2.1644327229339288e-11,1.4713821145932593e-13,-21.676186185171762,val
S075,04,1-8Hz,2.950626789201183e-09,3.0467129293708183e-10,-9.860827455295581,val
S075,04,8-30Hz,1.0964312981951462e-09,9.029322227576928e-10,-0.843262723254671,val
S075,04,30-40Hz,1.1400399010677216e-10,2.9843041237745526e-11,-5.820769727465494,val
S075,04,40-50Hz,1.0384951746633215e-10,4.910366728159402e-12,-13.252905545500749,val
S075,04,50-60Hz,7.355839381687407e-11,5.628210125707295e-13,-21.162619344609656,val
S075,08,1-8Hz,2.927973818686395e-09,2.4581090784951127e-10,-10.759660382568022,val
S075,08,8-30Hz,8.826039539641372e-10,7.275800487420139e-10,-0.838850871094916,val
S075,08,30-40Hz,7.615863502121309e-11,2.0464662081877125e-11,-5.7071457380635735,val
S075,08,40-50Hz,5.5142765284860055e-11,2.5642254113080195e-12,-13.325323414992504,val
S075,08,50-60Hz,3.924703505826308e-11,2.9794357911959056e-13,-21.196728227435845,val
S075,12,1-8Hz,2.652478395254008e-09,1.9775382962929644e-10,-11.275269525672067,val
S075,12,8-30Hz,9.059554049211676e-10,7.452558272004684e-10,-0.8480143984037686,val
S075,12,30-40Hz,1.0006754665720119e-10,2.6396622105552307e-11,-5.787448972770887,val
S075,12,40-50Hz,7.9924120009157e-11,3.741907663040732e-12,-13.295847967904258,val
S075,12,50-60Hz,5.5140187030389434e-11,4.3326835394723165e-13,-21.047112656674635,val
S085,04,1-8Hz,2.916400252096051e-10,1.3967333920468691e-11,-13.197336110491724,val
S085,04,8-30Hz,1.485542139641612e-10,1.3445318680319734e-10,-0.43313875422930126,val
S085,04,30-40Hz,1.3652392765160748e-11,3.696849974766234e-12,-5.673769475564797,val
S085,04,40-50Hz,8.902852569664904e-12,4.045037921740978e-13,-13.426065841375575,val
S085,04,50-60Hz,9.186496941610406e-12,6.324047897339857e-14,-21.62154784235126,val
S085,08,1-8Hz,2.620402363952174e-10,1.3493676346076441e-11,-12.882376934211141,val
S085,08,8-30Hz,1.6213299808264398e-10,1.4669950120912e-10,-0.4344277632571603,val
S085,08,30-40Hz,1.207236989724777e-11,3.3520255443056423e-12,-5.5648521421114445,val
S085,08,40-50Hz,7.44137602916195e-12,3.4150117888812807e-13,-13.38261043713359,val
S085,08,50-60Hz,6.949390207438491e-12,4.912735825598635e-14,-21.50623286666623,val
S085,12,1-8Hz,2.521207092095939e-10,1.346088925205102e-11,-12.725347689568647,val
S085,12,8-30Hz,1.6838106409396651e-10,1.5174670171811976e-10,-0.45173989474772913,val
S085,12,30-40Hz,1.2898110920644714e-11,3.659040085824476e-12,-5.4715894011303945,val
S085,12,40-50Hz,8.306195772972963e-12,3.811883591409799e-13,-13.38262533466039,val
S085,12,50-60Hz,8.012813348234495e-12,5.637293875188384e-14,-21.52714350915901,val
S090,04,1-8Hz,1.1490116689883308e-09,4.943630876318572e-11,-13.6627840322748,val
S090,04,8-30Hz,3.5996100820386867e-10,3.159069145699241e-10,-0.5669632770182148,val
S090,04,30-40Hz,3.723685339827208e-11,9.554926177228305e-12,-5.9074563897355805,val
S090,04,40-50Hz,2.8262413521611633e-11,1.361836266425071e-12,-13.170843509952974,val
S090,04,50-60Hz,1.9101166757663315e-11,1.4760380464206383e-13,-21.119623440680037,val
S090,08,1-8Hz,1.0725223153703294e-09,4.237346535155827e-11,-14.033123545084102,val
S090,08,8-30Hz,4.3510691701998247e-10,3.868842389167581e-10,-0.5101494987583096,val
S090,08,30-40Hz,2.8720004896303836e-11,7.556308292368237e-12,-5.79874841072392,val
S090,08,40-50Hz,2.1097633040649863e-11,9.808183686754743e-13,-13.326451435281637,val
S090,08,50-60Hz,1.5063429335829567e-11,1.1589571378051478e-13,-21.13856479906343,val
S090,12,1-8Hz,1.1491429201417428e-09,4.68812608141884e-11,-13.893747627333786,val
S090,12,8-30Hz,5.286397653741381e-10,4.659961929153296e-10,-0.547774599359476,val
S090,12,30-40Hz,4.3172269953446323e-11,1.1100729709845463e-11,-5.8985335580778635,val
S090,12,40-50Hz,3.2526812480869634e-11,1.5571787860728381e-12,-13.199030273977435,val
S090,12,50-60Hz,2.26902404715858e-11,1.7498655155895194e-13,-21.128344259306125,val
S094,04,1-8Hz,1.0673239574756675e-09,7.31117005816241e-11,-11.64309372108572,val
S094,04,8-30Hz,5.131446279559914e-10,4.710144262982089e-10,-0.37205577725376776,val
S094,04,30-40Hz,2.1451082450569298e-11,5.959966466379578e-12,-5.562053959605967,val
S094,04,40-50Hz,1.1976790832768943e-11,5.736068367187047e-13,-13.19726145967637,val
S094,04,50-60Hz,3.01468206701003e-11,1.0743502329047624e-13,-24.480956352139533,val
S094,08,1-8Hz,1.3876586318539475e-09,8.044834556418258e-11,-12.367655243483828,val
S094,08,8-30Hz,7.359032434982331e-10,6.820500869806718e-10,-0.33004448440342204,val
S094,08,30-40Hz,2.8526767680095736e-11,7.967866591788409e-12,-5.539105113070029,val
S094,08,40-50Hz,1.5536846290982927e-11,7.085900341243588e-13,-13.40967829239881,val
S094,08,50-60Hz,1.9968119654921646e-11,1.149460804549565e-13,-22.398430035766875,val
S094,12,1-8Hz,1.462861061185257e-09,7.821859006912135e-11,-12.718930965990044,val
S094,12,8-30Hz,8.231492940918272e-10,7.675803825297276e-10,-0.30354743380397076,val
S094,12,30-40Hz,3.1416607191234134e-11,8.607746782047657e-12,-5.622697993125943,val
S094,12,40-50Hz,2.0009320588585608e-11,9.69455104922734e-13,-13.14704640650341,val
S094,12,50-60Hz,2.3478418131194235e-11,1.2860766024390616e-13,-22.614019955854403,val
S096,04,1-8Hz,2.1942074585601832e-09,9.802049003133252e-11,-13.499608176406667,val
S096,04,8-30Hz,5.79343171693715e-10,5.067023158585891e-10,-0.5818300339322636,val
S096,04,30-40Hz,6.2428605975997e-11,1.7449896623935198e-11,-5.535907788201666,val
S096,04,40-50Hz,3.495489450078766e-11,1.6480598741154372e-12,-13.26535010107257,val
S096,04,50-60Hz,1.9179592709503096e-11,1.5563161800212108e-13,-20.907415478643067,val
S096,08,1-8Hz,2.1979740452623248e-09,8.60044483460132e-11,-14.075016452344752,val
S096,08,8-30Hz,6.741459666994608e-10,5.912902781756341e-10,-0.5695320204110628,val
S096,08,30-40Hz,1.1515701460741664e-10,3.2464383985210096e-11,-5.4988323095985265,val
S096,08,40-50Hz,6.160145330773678e-11,2.8384239371303494e-12,-13.365136975250284,val
S096,08,50-60Hz,5.1872788884683124e-11,3.9553357175809276e-13,-21.177562469254298,val
S096,12,1-8Hz,2.292795101144403e-09,8.987061689168739e-11,-14.067475223337421,val
S096,12,8-30Hz,9.937258205291454e-10,8.712141401709257e-10,-0.5714165889458027,val
S096,12,30-40Hz,2.772147882422271e-10,7.116315784876811e-11,-5.905611827832459,val
S096,12,40-50Hz,3.0484418711480354e-10,1.3700952935706726e-11,-13.47327143664616,val
S096,12,50-60Hz,1.7683310978927977e-10,1.429854773316151e-12,-20.92271654975712,val
S108,04,1-8Hz,6.775039122708531e-10,2.9672044468517273e-11,-13.58564336218983,val
S108,04,8-30Hz,3.479145260591376e-10,3.065551129860431e-10,-0.5496399764908209,val
S108,04,30-40Hz,4.746065467412745e-11,1.2507535544689986e-11,-5.791619788355275,val
S108,04,40-50Hz,3.691007232421196e-11,1.7286389738773384e-12,-13.29440595810317,val
S108,04,50-60Hz,3.2978151535156166e-11,2.423850376579399e-13,-21.337205017875046,val
S108,08,1-8Hz,1.256528145957046e-09,3.924930918068785e-11,-15.053402039220051,val
S108,08,8-30Hz,3.4858962460320975e-10,3.10448326994091e-10,-0.5032513288075263,val
S108,08,30-40Hz,2.4928350903934403e-11,6.74593492558037e-12,-5.676514019145981,val
S108,08,40-50Hz,1.9322363457511786e-11,8.862171844170817e-13,-13.385200799426418,val
S108,08,50-60Hz,1.797040576275033e-11,1.2765896931223898e-13,-21.48506549652366,val
S108,12,1-8Hz,1.6172475240658962e-09,4.225481976794021e-11,-15.829002413048144,val
S108,12,8-30Hz,3.733132805608868e-10,3.2847891768068455e-10,-0.5556593910529699,val
S108,12,30-40Hz,2.3416795050487165e-11,6.375835045183616e-12,-5.649903823862723,val
S108,12,40-50Hz,1.7557090730604328e-11,8.053325665847153e-13,-13.384772917228222,val
S108,12,50-60Hz,1.8325387827147247e-11,1.3175958839315178e-13,-21.432709450884353,val
S009,04,1-8Hz,1.1262213236523438e-09,4.9716788037166444e-11,-13.551206827330748,test
S009,04,8-30Hz,4.779715420561977e-10,4.068863156843087e-10,-0.6992895592870872,test
S009,04,30-40Hz,1.438511429257793e-10,3.6913214620897806e-11,-5.907314490227117,test
S009,04,40-50Hz,1.366353406073798e-10,6.113266578682126e-12,-13.492897094481414,test
S009,04,50-60Hz,2.0250294098377204e-10,1.2168082617439712e-12,-22.21209185149839,test
S009,08,1-8Hz,7.542538451468212e-10,3.503155502306864e-11,-13.330581171285893,test
S009,08,8-30Hz,4.555117538127351e-10,3.9048090886102275e-10,-0.6689978229712273,test
S009,08,30-40Hz,1.6818524993729925e-10,4.433138370642385e-11,-5.7907661789159395,test
S009,08,40-50Hz,1.9680232844962287e-10,8.550349863000629e-12,-13.620463469006543,test
S009,08,50-60Hz,2.9292837486138075e-10,1.783325651174925e-12,-22.155307857151346,test
S009,12,1-8Hz,1.0451715575716152e-09,4.4139957710252025e-11,-13.743556699521024,test
S009,12,8-30Hz,3.9335855719672737e-10,3.407388085329527e-10,-0.6236700186748495,test
S009,12,30-40Hz,1.1018197408440025e-10,2.7496135618061635e-11,-6.028388879925038,test
S009,12,40-50Hz,1.1292529257137902e-10,5.023845870631498e-12,-13.51754917451487,test
S009,12,50-60Hz,1.6904486943582888e-10,1.0313903081963486e-12,-22.14578948233043,test
S013,04,1-8Hz,8.133639957114136e-10,4.876230554699531e-11,-12.22200712602824,test
S013,04,8-30Hz,4.437651635318369e-10,4.0105821643973455e-10,-0.4394578811868417,test
S013,04,30-40Hz,4.627821884275462e-11,1.2464599558508521e-11,-5.696983046763168,test
S013,04,40-50Hz,3.448716423914518e-11,1.6559209788826265e-12,-13.18617877032898,test
S013,04,50-60Hz,2.05872546802625e-11,1.644097634254506e-13,-20.97670832693251,test
S013,08,1-8Hz,1.0999200287769738e-09,6.521782480313957e-11,-12.269948005428775,test
S013,08,8-30Hz,7.374442981133634e-10,6.383784109556527e-10,-0.6265103065255762,test
S013,08,30-40Hz,9.16859196853819e-11,2.6008840918929762e-11,-5.471816473335048,test
S013,08,40-50Hz,4.920981031142776e-11,2.370726373537632e-12,-13.171702598565673,test
S013,08,50-60Hz,2.437949425267966e-11,2.0195300155235707e-13,-20.817743797196336,test
S013,12,1-8Hz,1.2666108863727713e-09,8.988252870648411e-11,-11.489679342925399,test
S013,12,8-30Hz,1.0250069700435758e-09,8.881371111352944e-10,-0.6224680100784508,test
S013,12,30-40Hz,1.8951993537212238e-10,5.2877876516327086e-11,-5.54380893300962,test
S013,12,40-50Hz,1.0500737380478537e-10,5.240951361469182e-12,-13.018096678115134,test
S013,12,50-60Hz,4.9902325255813994e-11,4.125575614787723e-13,-20.826362311383587,test
S014,04,1-8Hz,2.769692049156411e-10,2.6688011947434026e-11,-10.161152609253552,test
S014,04,8-30Hz,1.991359750810828e-10,1.709076998500525e-10,-0.6638809566667715,test
S014,04,30-40Hz,1.1441512746632196e-11,3.0396647826630532e-12,-5.75657756954409,test
S014,04,40-50Hz,1.0217188188358582e-11,4.627129491258546e-13,-13.440197391398009,test
S014,04,50-60Hz,1.0389465373463039e-11,7.578602951614859e-14,-21.370040453139772,test
S014,08,1-8Hz,3.316277612660535e-10,3.56110136433157e-11,-9.690665433682414,test
S014,08,8-30Hz,2.7097711951377147e-10,2.2806813244530209e-10,-0.748680155935032,test
S014,08,30-40Hz,9.476809461916672e-12,2.49417346424111e-12,-5.797354944967083,test
S014,08,40-50Hz,7.583412397480744e-12,3.495658100713341e-13,-13.363357251552777,test
S014,08,50-60Hz,7.35573997821982e-12,5.246138560770082e-14,-21.467866117699742,test
S014,12,1-8Hz,3.541727450169311e-10,3.4952866140459617e-11,-10.057323437177237,test
S014,12,8-30Hz,2.7700452243474094e-10,2.3097058911703443e-10,-0.7893017743839152,test
S014,12,30-40Hz,1.0975709728793718e-11,2.899162953656628e-12,-5.781599863709035,test
S014,12,40-50Hz,9.213720455198625e-12,4.245813548109029e-13,-13.364741130827797,test
S014,12,50-60Hz,9.022297791936252e-12,6.578685338580808e-14,-21.37178043019542,test
S015,04,1-8Hz,6.822471465819299e-10,6.702487367875989e-11,-10.077057238160092,test
S015,04,8-30Hz,7.508234630805362e-10,6.833350438731757e-10,-0.409041423023218,test
S015,04,30-40Hz,7.492854134087469e-11,2.0031794264470327e-11,-5.7292742696985535,test
S015,04,40-50Hz,4.872922464931449e-11,2.287148861186064e-12,-13.284950692163534,test
S015,04,50-60Hz,3.517766012717403e-11,2.729260421193549e-13,-21.102219713478586,test
S015,08,1-8Hz,7.477845671654839e-10,4.900386001397754e-11,-11.835462073339631,test
S015,08,8-30Hz,8.03618129890417e-10,7.344627756450562e-10,-0.3907993642737836,test
S015,08,30-40Hz,4.879986256373926e-11,1.3364570774920622e-11,-5.624635836521891,test
S015,08,40-50Hz,3.226354267505247e-11,1.525016846925197e-12,-13.254374116851844,test
S015,08,50-60Hz,2.246415711096104e-11,1.7635118078891792e-13,-21.05111755946291,test
S015,12,1-8Hz,7.820974599178051e-10,4.192030186941365e-11,-12.70836474041233,test
S015,12,8-30Hz,6.550249942985082e-10,6.003309161007448e-10,-0.37867162603966875,test
S015,12,30-40Hz,3.3880744984118437e-11,9.734724063046965e-12,-5.416293055371469,test
S015,12,40-50Hz,1.858403837184032e-11,8.936938877339783e-13,-13.179513058508219,test
S015,12,50-60Hz,1.195223860226876e-11,9.300763293836283e-14,-21.089306627290053,test
S020,04,1-8Hz,7.813082482631284e-11,2.6606931002612693e-12,-14.678276257745749,test
S020,04,8-30Hz,1.543605629976194e-11,1.3578856453347075e-11,-0.5567315662933903,test
S020,04,30-40Hz,1.0648004804165226e-12,2.910638455108143e-13,-5.632799755021497,test
S020,04,40-50Hz,7.851031575608332e-13,3.803113351655923e-14,-13.147874542910177,test
S020,04,50-60Hz,1.0474246574624097e-12,5.505611412571926e-15,-22.793172379021563,test
S020,08,1-8Hz,6.624598918413367e-11,2.6123724234763013e-12,-14.041244987100027,test
S020,08,8-30Hz,1.6578292735636468e-11,1.4589990359564813e-11,-0.5548479910827293,test
S020,08,30-40Hz,9.27426217134879e-13,2.568959128295857e-13,-5.575221739046382,test
S020,08,40-50Hz,6.711488997439154e-13,3.162652143908869e-14,-13.267674555141332,test
S020,08,50-60Hz,9.56840454664728e-13,4.2368966590689356e-15,-23.537916573756664,test
S020,12,1-8Hz,5.7179249048541035e-11,2.6423821360748796e-12,-13.352428227166842,test
S020,12,8-30Hz,1.9214459200842748e-11,1.6975454927794263e-11,-0.5380674373651606,test
S020,12,30-40Hz,2.4056043702472814e-12,6.185966381720078e-13,-5.898166486185184,test
S020,12,40-50Hz,2.25160010718497e-12,1.0587921581951111e-13,-13.276805445660294,test
S020,12,50-60Hz,2.0401245501254085e-12,1.4490130520422153e-14,-21.485843846109628,test
S023,04,1-8Hz,1.2208104410792237e-09,4.283290942447163e-11,-14.548706601230453,test
S023,04,8-30Hz,5.671799254279242e-10,5.079692528024635e-10,-0.47883425787313305,test
S023,04,30-40Hz,6.819102966940716e-11,1.8587454157983165e-11,-5.645073378083692,test
S023,04,40-50Hz,5.4235352870966446e-11,2.4662956887287684e-12,-13.422373264022145,test
S023,04,50-60Hz,4.797288090303284e-11,3.5147017422014525e-13,-21.35107323159485,test
S023,08,1-8Hz,1.4793148767077003e-09,4.7492943009980375e-11,-14.934315422714455,test
S023,08,8-30Hz,6.70079313031807e-10,5.988978163279921e-10,-0.4877348083864997,test
S023,08,30-40Hz,3.925345119311226e-11,1.09745887818031e-11,-5.534895900684603,test
S023,08,40-50Hz,2.4496763170452755e-11,1.1527811047730402e-12,-13.273618541984902,test
S023,08,50-60Hz,1.6749869362609917e-11,1.2983239818356558e-13,-21.106283450022396,test
S023,12,1-8Hz,1.4212617232869059e-09,4.715396368423171e-11,-14.791558553076067,test
S023,12,8-30Hz,8.617659511631607e-10,7.677788110824104e-10,-0.5015320845788596,test
S023,12,30-40Hz,5.701110158128113e-11,1.5080113235853845e-11,-5.7755482997788015,test
S023,12,40-50Hz,4.0820591289094467e-11,1.90207861917439e-12,-13.316508274174854,test
S023,12,50-60Hz,3.088502064462958e-11,2.436095333397097e-13,-21.030536161328776,test
S036,04,1-8Hz,8.847871865467977e-10,5.7589817486521014e-11,-11.864931224032736,test
S036,04,8-30Hz,6.525086009438139e-10,5.745911909591206e-10,-0.552272770844654,test
S036,04,30-40Hz,4.1530438642068395e-11,1.1804803201837143e-11,-5.463077667858988,test
S036,04,40-50Hz,2.6138603441701216e-11,1.2289950917437658e-12,-13.27732231522031,test
S036,04,50-60Hz,1.587896142491096e-11,1.2522253887146906e-13,-21.03139588866452,test
S036,08,1-8Hz,1.5260071324288486e-09,8.269160163481833e-11,-12.660951597173087,test
S036,08,8-30Hz,8.554605977643226e-10,7.607449121315258e-10,-0.5096095440110626,test
S036,08,30-40Hz,6.440718413245751e-11,1.7812598584265802e-11,-5.5820703134155565,test
S036,08,40-50Hz,4.150105851678274e-11,1.995314740841675e-12,-13.180477628570024,test
S036,08,50-60Hz,2.651097538781778e-11,2.0668627800277018e-13,-21.081140619506723,test
S036,12,1-8Hz,1.2309239247541122e-09,7.080824944565784e-11,-12.401473552083988,test
S036,12,8-30Hz,9.387740795392652e-10,8.32090860262984e-10,-0.523903380821999,test
S036,12,30-40Hz,1.1319096388696112e-10,3.13602892724714e-11,-5.574316981720987,test
S036,12,40-50Hz,8.179472314742773e-11,3.9276072562847185e-12,-13.185972330592051,test
S036,12,50-60Hz,4.544024659810897e-11,3.601233520980368e-13,-21.009893955785248,test
S037,04,1-8Hz,3.151177822987898e-11,2.2796269165603516e-12,-11.406091351434393,test
S037,04,8-30Hz,2.2869693131333997e-11,1.9954401527128562e-11,-0.5922163027793443,test
S037,04,30-40Hz,5.880208568450958e-12,1.5708780294992718e-12,-5.732502649429812,test
S037,04,40-50Hz,4.9962449270213064e-12,2.302625003952013e-13,-13.364205039961472,test
S037,04,50-60Hz,3.860679933568259e-12,2.962960222596545e-14,-21.149379771314436,test
S037,08,1-8Hz,2.9380536765011274e-11,1.9073072243735943e-12,-11.876390720582092,test
S037,08,8-30Hz,2.373940994239064e-11,2.0786808154261125e-11,-0.576821122184946,test
S037,08,30-40Hz,4.698007140974816e-12,1.4107309985322481e-12,-5.224694632031564,test
S037,08,40-50Hz,2.612152245516043e-12,1.2506558685058776e-13,-13.198606602608447,test
S037,08,50-60Hz,1.576096706311058e-12,1.2337346616685368e-14,-21.06361095087163,test
S037,12,1-8Hz,3.292370884262739e-11,2.141238234398865e-12,-11.868437627616776,test
S037,12,8-30Hz,2.1939361353739165e-11,1.93300093960792e-11,-0.5499191614574092,test
S037,12,30-40Hz,3.361103710599206e-12,1.0133252332424642e-12,-5.2073305597864685,test
S037,12,40-50Hz,1.8901891674813636e-12,8.898094774958686e-14,-13.27208242757898,test
S037,12,50-60Hz,1.2606977023474414e-12,9.883728244139398e-15,-21.056901654756675,test
S042,04,1-8Hz,6.90940129625855e-11,4.453673996847572e-12,-11.90721993059343,test
S042,04,8-30Hz,8.745903109005332e-11,8.294120901514142e-11,-0.2303430004251286,test
S042,04,30-40Hz,2.1349463101072147e-12,5.810630183925009e-13,-5.6516372205037415,test
S042,04,40-50Hz,1.2529121377212518e-12,6.082327494918877e-14,-13.138508160797944,test
S042,04,50-60Hz,7.412890825651671e-13,6.045866562943792e-15,-20.88529046313438,test
S042,08,1-8Hz,7.132898255855984e-11,3.766055523239644e-12,-12.773793106949142,test
S042,08,8-30Hz,1.0811230876422873e-10,1.020828624384268e-10,-0.2492230259568788,test
S042,08,30-40Hz,1.948691876420682e-12,5.37192932988163e-13,-5.596128840031539,test
S042,08,40-50Hz,9.714536996410298e-13,4.744515250901753e-14,-13.11230259580672,test
S042,08,50-60Hz,6.067453396432146e-13,4.9810745590185035e-15,-20.85683406738743,test
S042,12,1-8Hz,6.931581244685698e-11,4.1419239765606374e-12,-12.236301946256123,test
S042,12,8-30Hz,1.0570395415529315e-10,9.930369643126166e-11,-0.2712581886697564,test
S042,12,30-40Hz,1.921990542566364e-12,5.305302701352928e-13,-5.590410781145662,test
S042,12,40-50Hz,8.880568390166864e-13,4.236808512736461e-14,-13.214019271441103,test
S042,12,50-60Hz,5.608032214676085e-13,4.418553392536421e-15,-21.035303924673187,test
S048,04,1-8Hz,1.1632881873731796e-09,1.5410559349328304e-10,-8.77868915692964,test
S048,04,8-30Hz,2.0263486364465895e-09,1.6176790552603065e-09,-0.9782180595171599,test
S048,04,30-40Hz,1.0093218734125265e-10,2.8699707469522958e-11,-5.461522150440228,test
S048,04,40-50Hz,4.924233282203703e-11,2.439225334186555e-12,-13.050866971193685,test
S048,04,50-60Hz,2.995722569389325e-11,1.7828203536774632e-13,-22.25394007757864,test
S048,08,1-8Hz,1.5977643780730273e-09,2.690524062764873e-10,-7.736758538747807,test
S048,08,8-30Hz,2.2178720415949935e-09,1.75060830500609e-09,-1.027475017938382,test
S048,08,30-40Hz,6.964686322846175e-11,2.0024113059593835e-11,-5.4134827263650145,test
S048,08,40-50Hz,3.268415465549266e-11,1.6318668982730474e-12,-13.016525238031075,test
S048,08,50-60Hz,2.2985804006652465e-11,1.3438670909687162e-13,-22.331033803469765,test
S048,12,1-8Hz,1.7995713235008092e-09,3.035086866544799e-10,-7.729979385516897,test
S048,12,8-30Hz,2.2216270046764344e-09,1.7371456356138822e-09,-1.0683491622645522,test
S048,12,30-40Hz,8.884209749427267e-11,2.5076546810028482e-11,-5.493510720223406,test
S048,12,40-50Hz,4.2611290314618395e-11,2.091483834870235e-12,-13.090701730356116,test
S048,12,50-60Hz,2.5598111283164664e-11,1.6893627883076937e-13,-21.804849990287387,test
S054,04,1-8Hz,1.3592629268301638e-09,7.98626871144696e-11,-12.309595532378456,test
S054,04,8-30Hz,7.394929147543479e-10,6.327055270308357e-10,-0.677323890041498,test
S054,04,30-40Hz,2.575452719384242e-11,7.448089454618656e-12,-5.388086973749845,test
S054,04,40-50Hz,1.4440509310680263e-11,6.705144139311178e-13,-13.331743926466665,test
S054,04,50-60Hz,1.7609128630455264e-11,1.0740482663197447e-13,-22.14714067458833,test
S054,08,1-8Hz,1.535361516419362e-09,1.0920321145410098e-10,-11.47975240575671,test
S054,08,8-30Hz,1.334716472929797e-09,1.096136918893446e-09,-0.8552421508627148,test
S054,08,30-40Hz,2.5086975159800893e-11,7.220863311508328e-12,-5.408591757666763,test
S054,08,40-50Hz,1.3847619765338281e-11,6.523819619293797e-13,-13.268731854771826,test
S054,08,50-60Hz,1.518029675655083e-11,9.824981508451699e-14,-21.889485199126575,test
S054,12,1-8Hz,1.9207934846109803e-09,9.012883218155379e-11,-13.2861693005461,test
S054,12,8-30Hz,8.856794932529881e-10,7.438476200988397e-10,-0.7579261142833406,test
S054,12,30-40Hz,2.447301605403082e-11,6.957804686398206e-12,-5.462152616580535,test
S054,12,40-50Hz,1.3609540417026101e-11,6.288023564222676e-13,-13.353292991409816,test
S054,12,50-60Hz,1.4694413462060623e-11,9.602347852460225e-14,-21.84774821011377,test
S065,04,1-8Hz,4.790438196583019e-10,3.6307362604075317e-11,-11.203805389666515,test
S065,04,8-30Hz,2.890470160620787e-10,2.466819140546541e-10,-0.6883118080801821,test
S065,04,30-40Hz,1.954375643840551e-11,5.386589439097388e-12,-5.596941663784048,test
S065,04,40-50Hz,1.1894929640803245e-11,5.842649062220973e-13,-13.087520762386628,test
S065,04,50-60Hz,7.348818039581966e-12,5.6779947460066446e-14,-21.120225078374617,test
S065,08,1-8Hz,5.087065054344693e-10,4.7306303200891534e-11,-10.315482805151756,test
S065,08,8-30Hz,3.349175291821919e-10,2.802215184624722e-10,-0.7743639649332412,test
S065,08,30-40Hz,2.1480975506986895e-11,5.759366193635549e-12,-5.7167930707644645,test
S065,08,40-50Hz,1.428341767578745e-11,6.794796583687532e-13,-13.22655676263685,test
S065,08,50-60Hz,9.21707891473104e-12,7.223956919141999e-14,-21.058181584952344,test
S065,12,1-8Hz,5.56980249088648e-10,6.177886529225053e-11,-9.54999867814847,test
S065,12,8-30Hz,3.863042588756089e-10,3.242377643767606e-10,-0.7606589984467972,test
S065,12,30-40Hz,1.8315546615366485e-11,5.2775153246058045e-12,-5.403903813595207,test
S065,12,40-50Hz,1.0024118733492508e-11,4.764042839387945e-13,-13.230705440337474,test
S065,12,50-60Hz,6.364762731785024e-12,4.94686473875162e-14,-21.094521827957678,test
S066,04,1-8Hz,3.1624016687982543e-10,1.8393681748232908e-11,-12.35348362562501,test
S066,04,8-30Hz,2.004681679616954e-10,1.7123396742728618e-10,-0.6845550222730765,test
S066,04,30-40Hz,6.862135243950899e-12,1.802321732504555e-12,-5.806269537119711,test
S066,04,40-50Hz,4.186822530681539e-12,1.989235020129674e-13,-13.231984562799564,test
S066,04,50-60Hz,4.280023680937857e-11,9.904435428510082e-14,-26.356164469512784,test
S066,08,1-8Hz,4.180704765888342e-10,1.9162006898246652e-11,-13.388085073368199,test
S066,08,8-30Hz,1.8364341420464148e-10,1.576004745924018e-10,-0.6641783737613054,test
S066,08,30-40Hz,1.3453643056404099e-11,3.620009651384379e-12,-5.701301726551664,test
S066,08,40-50Hz,8.382913993219053e-12,3.9485204572611757e-13,-13.26960617987427,test
S066,08,50-60Hz,3.800103673775617e-11,1.0347551956785051e-13,-25.649578293825485,test
S066,12,1-8Hz,4.917071531845167e-10,2.1671438059132228e-11,-13.558187953954775,test
S066,12,8-30Hz,2.364381598501303e-10,2.0372060578426548e-10,-0.6468261173925589,test
S066,12,30-40Hz,3.391973563436141e-11,9.009071808041737e-12,-5.757724102317512,test
S066,12,40-50Hz,2.464802033765274e-11,1.1902822947777206e-12,-13.161320700571395,test
S066,12,50-60Hz,3.129509480682138e-11,1.2690194286635028e-13,-23.920080003773634,test
S067,04,1-8Hz,4.903232962509478e-11,1.7904155502072954e-12,-14.375286867881425,test
S067,04,8-30Hz,4.1206401944367363e-11,3.5498904986263646e-11,-0.6474973767038438,test
S067,04,30-40Hz,2.2790090469763786e-11,5.9206087685131025e-12,-5.853796851790349,test
S067,04,40-50Hz,2.149483859965139e-11,9.811959517000013e-13,-13.40578440747101,test
S067,04,50-60Hz,1.583937705751507e-11,1.2063863870323952e-13,-21.18251669404512,test
S067,08,1-8Hz,3.9169662051717856e-11,1.295211324863659e-12,-14.806091914778543,test
S067,08,8-30Hz,2.4941000657612447e-11,2.1678142903295236e-11,-0.6089179896629064,test
S067,08,30-40Hz,8.340756946641376e-12,2.227073493844563e-12,-5.734709167752385,test
S067,08,40-50Hz,7.0696179088473505e-12,3.203309272239499e-13,-13.437970713126333,test
S067,08,50-60Hz,4.928477865659582e-12,3.84407957679894e-14,-21.079204409532167,test
S067,12,1-8Hz,6.748365710312535e-11,1.5090709431697036e-12,-16.504889530854076,test
S067,12,8-30Hz,2.0685415609451904e-11,1.808688935579685e-11,-0.5830036927074701,test
S067,12,30-40Hz,4.593221591360931e-12,1.2711368377894379e-12,-5.579250928056375,test
S067,12,40-50Hz,3.4630652409369255e-12,1.6357439860632274e-13,-13.257453410749847,test
S067,12,50-60Hz,2.256059342690224e-12,1.796011358160569e-14,-20.990414401469188,test
S078,04,1-8Hz,3.1960075036268767e-10,1.3969589813110378e-11,-13.594241361050575,test
S078,04,8-30Hz,1.462509534725779e-10,1.2516399339429682e-10,-0.6761929512576631,test
S078,04,30-40Hz,1.446287721176144e-11,3.6729564493918786e-12,-5.952389202027137,test
S078,04,40-50Hz,1.324606537963385e-11,6.004149403929746e-13,-13.436354038480271,test
S078,04,50-60Hz,1.8234382408829508e-11,1.2822802312890766e-13,-21.529081116501434,test
S078,08,1-8Hz,3.746100770583761e-10,1.9450467355000925e-11,-12.846494147763504,test
S078,08,8-30Hz,1.530299624519252e-10,1.278308203273865e-10,-0.781408957680476,test
S078,08,30-40Hz,9.771164956216412e-12,2.7277724482036687e-12,-5.541382065920207,test
S078,08,40-50Hz,7.254899806726854e-12,3.328267852405629e-13,-13.384131488373836,test
S078,08,50-60Hz,7.0615464456303355e-12,5.0655249765476934e-14,-21.442753588578725,test
S078,12,1-8Hz,3.646795294231132e-10,1.8637673600195684e-11,-12.91519684014802,test
S078,12,8-30Hz,1.6222966128345913e-10,1.3261354289053976e-10,-0.8754238364764634,test
S078,12,30-40Hz,7.609630830033817e-12,2.0221662029641653e-12,-5.755467405014276,test
S078,12,40-50Hz,5.467452664160397e-12,2.607092951357518e-13,-13.216285162552406,test
S078,12,50-60Hz,4.6992306266485054e-12,3.398562318175612e-14,-21.407315218199866,test
S102,04,1-8Hz,7.315215683538306e-11,4.0428906348495565e-12,-12.57535142196511,test
S102,04,8-30Hz,2.8473834109457084e-11,2.4962534486617384e-11,-0.5715727260688855,test
S102,04,30-40Hz,2.2524994252008102e-12,6.426545366756145e-13,-5.446871111338694,test
S102,04,40-50Hz,1.3124565746608467e-12,6.215476860995467e-14,-13.246104887848348,test
S102,04,50-60Hz,8.19254534706689e-13,6.446909294750219e-15,-21.040672940345175,test
S102,08,1-8Hz,7.568340561017872e-11,4.034476748262175e-12,-12.732134494062908,test
S102,08,8-30Hz,3.327940054943482e-11,2.90342944862442e-11,-0.5926421745497439,test
S102,08,30-40Hz,2.4317346357897952e-12,6.802594714583388e-13,-5.532415832851313,test
S102,08,40-50Hz,1.4607395713465448e-12,6.778669600261378e-14,-13.33428327996851,test
S102,08,50-60Hz,9.877216785319402e-13,7.56086054141168e-15,-21.16063358116133,test
S102,12,1-8Hz,7.371258710588241e-11,4.3032474141212086e-12,-12.337453375385545,test
S102,12,8-30Hz,3.39607063487071e-11,2.972961080956593e-11,-0.5778749066483029,test
S102,12,30-40Hz,2.534478866131393e-12,7.120293332251216e-13,-5.513907887056826,test
S102,12,40-50Hz,1.7300142611442211e-12,8.263952236668645e-14,-13.208618847745463,test
S102,12,50-60Hz,1.0543511563505902e-12,8.194830008596311e-15,-21.094453295721515,test
